consistency,g_O,g_S,g_C,g_tied,classification,gameId,pos,#,label,majority,rating_1,rating_2,rating_3,rating_4,rating_5,rating_6,rating_7
3,3,2,3,0,neither,XR6T3T,0,1,why,Can't tell / Neither,Can't tell / Neither,,,,,,
3,3,2,3,0,neither,XR6T3T,0,2,dinosaur,One-off label,One-off label,,,,,,
3,3,2,3,0,neither,XR6T3T,0,3,ta,Can't tell / Neither,Can't tell / Neither,,,,,,
3,3,2,3,0,neither,XR6T3T,0,4,ice skating,Systematic label,Systematic label,,,,,,
3,3,2,3,0,neither,XR6T3T,0,5,man,One-off label,One-off label,,,,,,
3,3,2,3,0,neither,XR6T3T,0,6,sit,Can't tell / Neither,Can't tell / Neither,,,,,,
3,3,2,3,0,neither,XR6T3T,0,7,tango,Systematic label,Systematic label,,,,,,
3,3,2,3,0,neither,XR6T3T,0,8,right angle,One-off label,One-off label,,,,,,
4,0,0,4,4,neither,GM9Y3M,0,1,bpsyr,Can't tell / Neither,Can't tell / Neither,Can't tell / Neither,Systematic label,,,,
4,0,0,4,4,neither,GM9Y3M,0,2,bpsyp,Can't tell / Neither,Can't tell / Neither,Can't tell / Neither,Systematic label,,,,
4,0,0,4,4,neither,GM9Y3M,0,3,rosby,,Can't tell / Neither,One-off label,Systematic label,,,,
4,0,0,4,4,neither,GM9Y3M,0,4,rosbb,,Can't tell / Neither,One-off label,Systematic label,,,,
4,0,0,4,4,neither,GM9Y3M,0,5,rosbb,,Can't tell / Neither,One-off label,Systematic label,,,,
4,0,0,4,4,neither,GM9Y3M,0,6,rosbb,,Can't tell / Neither,One-off label,Systematic label,,,,
4,0,0,4,4,neither,GM9Y3M,0,7,bpsyw,Can't tell / Neither,Can't tell / Neither,Can't tell / Neither,Systematic label,,,,
4,0,0,4,4,neither,GM9Y3M,0,8,bpsyw,Can't tell / Neither,Can't tell / Neither,Can't tell / Neither,Systematic label,,,,
4,1,2,1,4,neither,DJB2VW,1,1,praying,One-off label,One-off label,One-off label,Systematic label,,,,
4,1,2,1,4,neither,DJB2VW,1,2,sld,Can't tell / Neither,Can't tell / Neither,Can't tell / Neither,Systematic label,,,,
4,1,2,1,4,neither,DJB2VW,1,3,flu,,Can't tell / Neither,One-off label,Systematic label,,,,
4,1,2,1,4,neither,DJB2VW,1,4,skating,Systematic label,Systematic label,Systematic label,One-off label,,,,
4,1,2,1,4,neither,DJB2VW,1,5,slu,,Can't tell / Neither,One-off label,Systematic label,,,,
4,1,2,1,4,neither,DJB2VW,1,6,sru,,Can't tell / Neither,One-off label,Systematic label,,,,
4,1,2,1,4,neither,DJB2VW,1,7,frd,Systematic label,Systematic label,Systematic label,Can't tell / Neither,,,,
4,1,2,1,4,neither,DJB2VW,1,8,fru,,Can't tell / Neither,One-off label,Systematic label,,,,
4,4,4,0,0,neither,6HY7NX,0,1,cheer,Systematic label,Systematic label,Systematic label,One-off label,,,,
4,4,4,0,0,neither,6HY7NX,0,2,zombie,One-off label,One-off label,One-off label,Systematic label,,,,
4,4,4,0,0,neither,6HY7NX,0,3,kung fu,Systematic label,Systematic label,Systematic label,One-off label,,,,
4,4,4,0,0,neither,6HY7NX,0,4,balance,Systematic label,Systematic label,Systematic label,One-off label,,,,
4,4,4,0,0,neither,6HY7NX,0,5,graduate,One-off label,One-off label,One-off label,Systematic label,,,,
4,4,4,0,0,neither,6HY7NX,0,6,pray,One-off label,One-off label,One-off label,Systematic label,,,,
4,4,4,0,0,neither,6HY7NX,0,7,dance,Systematic label,Systematic label,Systematic label,One-off label,,,,
4,4,4,0,0,neither,6HY7NX,0,8,dead,One-off label,One-off label,One-off label,Can't tell / Neither,,,,
4,2,4,1,1,neither,97MN2X,1,1,fly,One-off label,One-off label,One-off label,Can't tell / Neither,,,,
4,2,4,1,1,neither,97MN2X,1,2,dance,,Can't tell / Neither,One-off label,Systematic label,,,,
4,2,4,1,1,neither,97MN2X,1,3,girl,One-off label,One-off label,One-off label,Systematic label,,,,
4,2,4,1,1,neither,97MN2X,1,4,kick,Systematic label,Systematic label,Systematic label,One-off label,,,,
4,2,4,1,1,neither,97MN2X,1,5,left,Systematic label,Systematic label,Systematic label,One-off label,,,,
4,2,4,1,1,neither,97MN2X,1,6,right,Systematic label,Systematic label,Systematic label,One-off label,,,,
4,2,4,1,1,neither,97MN2X,1,7,kneeing,Can't tell / Neither,Can't tell / Neither,Can't tell / Neither,One-off label,,,,
4,2,4,1,1,neither,97MN2X,1,8,pointy right,Systematic label,Systematic label,Systematic label,Systematic label,,,,
4,4,4,0,0,neither,9DTMJQ,0,1,purple,Systematic label,Systematic label,Systematic label,Systematic label,,,,
4,4,4,0,0,neither,9DTMJQ,0,2,baby,One-off label,One-off label,One-off label,One-off label,,,,
4,4,4,0,0,neither,9DTMJQ,0,3,yellow,Systematic label,Systematic label,Systematic label,Systematic label,,,,
4,4,4,0,0,neither,9DTMJQ,0,4,brown,Systematic label,Systematic label,Systematic label,Systematic label,,,,
4,4,4,0,0,neither,9DTMJQ,0,5,blue,Systematic label,Systematic label,Systematic label,Systematic label,,,,
4,4,4,0,0,neither,9DTMJQ,0,6,minion,One-off label,One-off label,One-off label,One-off label,,,,
4,4,4,0,0,neither,9DTMJQ,0,7,ninja,One-off label,One-off label,One-off label,One-off label,,,,
4,4,4,0,0,neither,9DTMJQ,0,8,robot,One-off label,One-off label,One-off label,One-off label,,,,
4,4,3,1,0,neither,9NQWJN,1,1,purple man,Systematic label,Systematic label,Systematic label,Systematic label,,,,
4,4,3,1,0,neither,9NQWJN,1,2,puppy,One-off label,One-off label,One-off label,One-off label,,,,
4,4,3,1,0,neither,9NQWJN,1,3,yellow man,Systematic label,Systematic label,Systematic label,Systematic label,,,,
4,4,3,1,0,neither,9NQWJN,1,4,brown man,Systematic label,Systematic label,Systematic label,Systematic label,,,,
4,4,3,1,0,neither,9NQWJN,1,5,chicken,One-off label,One-off label,One-off label,One-off label,,,,
4,4,3,1,0,neither,9NQWJN,1,6,spider,One-off label,One-off label,One-off label,One-off label,,,,
4,4,3,1,0,neither,9NQWJN,1,7,chicken,One-off label,One-off label,One-off label,One-off label,,,,
4,4,3,1,0,neither,9NQWJN,1,8,i dont rememebr,Can't tell / Neither,Can't tell / Neither,Can't tell / Neither,Can't tell / Neither,,,,
4,4,0,0,4,neither,A99BAG,1,1,girl,,Can't tell / Neither,One-off label,Systematic label,,,,
4,4,0,0,4,neither,A99BAG,1,2,baby,,Can't tell / Neither,One-off label,Systematic label,,,,
4,4,0,0,4,neither,A99BAG,1,3,yellow,One-off label,One-off label,One-off label,One-off label,,,,
4,4,0,0,4,neither,A99BAG,1,4,legs,One-off label,One-off label,One-off label,Systematic label,,,,
4,4,0,0,4,neither,A99BAG,1,5,clock,One-off label,One-off label,One-off label,One-off label,,,,
4,4,0,0,4,neither,A99BAG,1,6,glasses,One-off label,One-off label,One-off label,Systematic label,,,,
4,4,0,0,4,neither,A99BAG,1,7,owl,,Can't tell / Neither,One-off label,Systematic label,,,,
4,4,0,0,4,neither,A99BAG,1,8,owl,,Can't tell / Neither,One-off label,Systematic label,,,,
4,4,0,3,1,neither,C6CY8X,0,1,cute,Can't tell / Neither,Can't tell / Neither,Can't tell / Neither,One-off label,,,,
4,4,0,3,1,neither,C6CY8X,0,2,post,,Can't tell / Neither,One-off label,Systematic label,,,,
4,4,0,3,1,neither,C6CY8X,0,3,cheese,One-off label,One-off label,One-off label,Can't tell / Neither,,,,
4,4,0,3,1,neither,C6CY8X,0,4,chicken,One-off label,One-off label,One-off label,Systematic label,,,,
4,4,0,3,1,neither,C6CY8X,0,5,float,Can't tell / Neither,Can't tell / Neither,Can't tell / Neither,Can't tell / Neither,,,,
4,4,0,3,1,neither,C6CY8X,0,6,rock,One-off label,One-off label,One-off label,Can't tell / Neither,,,,
4,4,0,3,1,neither,C6CY8X,0,7,inverted,Can't tell / Neither,Can't tell / Neither,Can't tell / Neither,One-off label,,,,
4,4,0,3,1,neither,C6CY8X,0,8,tower,One-off label,One-off label,One-off label,One-off label,,,,
4,4,4,0,0,neither,C85FMG,1,1,pink,Systematic label,Systematic label,Systematic label,One-off label,,,,
4,4,4,0,0,neither,C85FMG,1,2,yellow pink,Systematic label,Systematic label,Systematic label,Systematic label,,,,
4,4,4,0,0,neither,C85FMG,1,3,yellow,Systematic label,Systematic label,Systematic label,One-off label,,,,
4,4,4,0,0,neither,C85FMG,1,4,legs,One-off label,One-off label,One-off label,Systematic label,,,,
4,4,4,0,0,neither,C85FMG,1,5,blue,Systematic label,Systematic label,Systematic label,One-off label,,,,
4,4,4,0,0,neither,C85FMG,1,6,crab,One-off label,One-off label,One-off label,Systematic label,,,,
4,4,4,0,0,neither,C85FMG,1,7,robot,One-off label,One-off label,One-off label,Systematic label,,,,
4,4,4,0,0,neither,C85FMG,1,8,snowman,One-off label,One-off label,One-off label,Systematic label,,,,
4,4,0,2,2,neither,DSCVVJ,1,1,fly,One-off label,One-off label,One-off label,Can't tell / Neither,,,,
4,4,0,2,2,neither,DSCVVJ,1,2,two,,Can't tell / Neither,One-off label,Systematic label,,,,
4,4,0,2,2,neither,DSCVVJ,1,3,three,,Can't tell / Neither,One-off label,Systematic label,,,,
4,4,0,2,2,neither,DSCVVJ,1,4,leg,One-off label,One-off label,One-off label,Can't tell / Neither,,,,
4,4,0,2,2,neither,DSCVVJ,1,5,pray,One-off label,One-off label,One-off label,Can't tell / Neither,,,,
4,4,0,2,2,neither,DSCVVJ,1,6,beg,Can't tell / Neither,Can't tell / Neither,Can't tell / Neither,One-off label,,,,
4,4,0,2,2,neither,DSCVVJ,1,7,lay,One-off label,One-off label,One-off label,Can't tell / Neither,,,,
4,4,0,2,2,neither,DSCVVJ,1,8,beg,Can't tell / Neither,Can't tell / Neither,Can't tell / Neither,One-off label,,,,
4,4,4,0,0,neither,FNZD3K,0,1,why,Systematic label,Systematic label,Systematic label,One-off label,,,,
4,4,4,0,0,neither,FNZD3K,0,2,zoom,One-off label,One-off label,One-off label,Systematic label,,,,
4,4,4,0,0,neither,FNZD3K,0,3,kneeling,One-off label,One-off label,One-off label,Systematic label,,,,
4,4,4,0,0,neither,FNZD3K,0,4,skating,One-off label,One-off label,One-off label,Systematic label,,,,
4,4,4,0,0,neither,FNZD3K,0,5,priest,One-off label,One-off label,One-off label,Systematic label,,,,
4,4,4,0,0,neither,FNZD3K,0,6,hands in the air,Systematic label,Systematic label,Systematic label,One-off label,,,,
4,4,4,0,0,neither,FNZD3K,0,7,pointing,Systematic label,Systematic label,Systematic label,One-off label,,,,
4,4,4,0,0,neither,FNZD3K,0,8,pointing,Systematic label,Systematic label,Systematic label,One-off label,,,,
4,2,4,0,2,neither,HMN4B3,0,1,pray,One-off label,One-off label,One-off label,Systematic label,,,,
4,2,4,0,2,neither,HMN4B3,0,2,fu,,Can't tell / Neither,One-off label,Systematic label,,,,
4,2,4,0,2,neither,HMN4B3,0,3,frb,Systematic label,Systematic label,Systematic label,Systematic label,,,,
4,2,4,0,2,neither,HMN4B3,0,4,skate,One-off label,One-off label,One-off label,One-off label,,,,
4,2,4,0,2,neither,HMN4B3,0,5,fl,Systematic label,Systematic label,Systematic label,Can't tell / Neither,,,,
4,2,4,0,2,neither,HMN4B3,0,6,frs,Systematic label,Systematic label,Systematic label,Systematic label,,,,
4,2,4,0,2,neither,HMN4B3,0,7,fu,,Can't tell / Neither,One-off label,Systematic label,,,,
4,2,4,0,2,neither,HMN4B3,0,8,frb,Systematic label,Systematic label,Systematic label,One-off label,,,,
4,4,0,0,4,neither,JVNR7F,0,1,penguin,One-off label,One-off label,One-off label,,,,,
4,4,0,0,4,neither,JVNR7F,0,2,robot,,One-off label,Systematic label,,,,,
4,4,0,0,4,neither,JVNR7F,0,3,cheese,,Can't tell / Neither,One-off label,,,,,
4,4,0,0,4,neither,JVNR7F,0,4,tree,One-off label,One-off label,One-off label,,,,,
4,4,0,0,4,neither,JVNR7F,0,5,blue,,One-off label,Systematic label,,,,,
4,4,0,0,4,neither,JVNR7F,0,6,chocolate,One-off label,One-off label,One-off label,,,,,
4,4,0,0,4,neither,JVNR7F,0,7,vanilla,One-off label,One-off label,One-off label,,,,,
4,4,0,0,4,neither,JVNR7F,0,8,french,,Can't tell / Neither,One-off label,,,,,
4,4,0,0,4,neither,M77Z8N,1,1,fall,,Can't tell / Neither,One-off label,Systematic label,,,,
4,4,0,0,4,neither,M77Z8N,1,2,hop,,Can't tell / Neither,One-off label,Systematic label,,,,
4,4,0,0,4,neither,M77Z8N,1,3,kneel,One-off label,One-off label,One-off label,Systematic label,,,,
4,4,0,0,4,neither,M77Z8N,1,4,kick,One-off label,One-off label,One-off label,Systematic label,,,,
4,4,0,0,4,neither,M77Z8N,1,5,give,,Can't tell / Neither,One-off label,Systematic label,,,,
4,4,0,0,4,neither,M77Z8N,1,6,pray,One-off label,One-off label,One-off label,Systematic label,,,,
4,4,0,0,4,neither,M77Z8N,1,7,slide,,Can't tell / Neither,One-off label,Systematic label,,,,
4,4,0,0,4,neither,M77Z8N,1,8,pray,One-off label,One-off label,One-off label,Systematic label,,,,
4,4,2,0,2,neither,MFB0SJ,1,1,purple,,Can't tell / Neither,One-off label,Systematic label,,,,
4,4,2,0,2,neither,MFB0SJ,1,2,cube,One-off label,One-off label,One-off label,Systematic label,,,,
4,4,2,0,2,neither,MFB0SJ,1,3,orange,One-off label,One-off label,One-off label,One-off label,,,,
4,4,2,0,2,neither,MFB0SJ,1,4,man,Systematic label,Systematic label,Systematic label,Can't tell / Neither,,,,
4,4,2,0,2,neither,MFB0SJ,1,5,cercle,One-off label,One-off label,One-off label,Can't tell / Neither,,,,
4,4,2,0,2,neither,MFB0SJ,1,6,minion,,Can't tell / Neither,One-off label,Systematic label,,,,
4,4,2,0,2,neither,MFB0SJ,1,7,robot,One-off label,One-off label,One-off label,One-off label,,,,
4,4,2,0,2,neither,MFB0SJ,1,8,bird,Systematic label,Systematic label,Systematic label,One-off label,,,,
4,4,4,0,0,neither,NACQ3S,0,1,purple,One-off label,One-off label,,,,,,
4,4,4,0,0,neither,NACQ3S,0,2,worm,One-off label,One-off label,,,,,,
4,4,4,0,0,neither,NACQ3S,0,3,yellow man,Systematic label,Systematic label,,,,,,
4,4,4,0,0,neither,NACQ3S,0,4,brown man,Systematic label,Systematic label,,,,,,
4,4,4,0,0,neither,NACQ3S,0,5,circle,One-off label,One-off label,,,,,,
4,4,4,0,0,neither,NACQ3S,0,6,small,One-off label,One-off label,,,,,,
4,4,4,0,0,neither,NACQ3S,0,7,white man,Systematic label,Systematic label,,,,,,
4,4,4,0,0,neither,NACQ3S,0,8,tall man,Systematic label,Systematic label,,,,,,
4,4,4,0,0,neither,NACQ3S,1,1,purple man,Systematic label,Systematic label,Systematic label,One-off label,,,,
4,4,4,0,0,neither,NACQ3S,1,2,worm,One-off label,One-off label,One-off label,One-off label,,,,
4,4,4,0,0,neither,NACQ3S,1,3,yellow man,Systematic label,Systematic label,Systematic label,One-off label,,,,
4,4,4,0,0,neither,NACQ3S,1,4,brown,One-off label,One-off label,One-off label,One-off label,,,,
4,4,4,0,0,neither,NACQ3S,1,5,circle,One-off label,One-off label,One-off label,One-off label,,,,
4,4,4,0,0,neither,NACQ3S,1,6,small,One-off label,One-off label,One-off label,One-off label,,,,
4,4,4,0,0,neither,NACQ3S,1,7,white man,Systematic label,Systematic label,Systematic label,One-off label,,,,
4,4,4,0,0,neither,NACQ3S,1,8,tall man,Systematic label,Systematic label,Systematic label,One-off label,,,,
4,4,3,0,1,neither,P22NYY,1,1,purple,One-off label,One-off label,One-off label,Systematic label,,,,
4,4,3,0,1,neither,P22NYY,1,2,caterpillar,One-off label,One-off label,One-off label,One-off label,,,,
4,4,3,0,1,neither,P22NYY,1,3,cheese,One-off label,One-off label,One-off label,One-off label,,,,
4,4,3,0,1,neither,P22NYY,1,4,legs,Systematic label,Systematic label,Systematic label,One-off label,,,,
4,4,3,0,1,neither,P22NYY,1,5,wheel,,Can't tell / Neither,One-off label,Systematic label,,,,
4,4,3,0,1,neither,P22NYY,1,6,spider,One-off label,One-off label,One-off label,Can't tell / Neither,,,,
4,4,3,0,1,neither,P22NYY,1,7,littlerobot,Systematic label,Systematic label,Systematic label,Can't tell / Neither,,,,
4,4,3,0,1,neither,P22NYY,1,8,bigrobot,Systematic label,Systematic label,Systematic label,Can't tell / Neither,,,,
4,4,4,0,0,neither,PE6KHG,1,1,ghost,One-off label,One-off label,One-off label,Systematic label,,,,
4,4,4,0,0,neither,PE6KHG,1,2,elephant,One-off label,One-off label,One-off label,One-off label,,,,
4,4,4,0,0,neither,PE6KHG,1,3,big praying,Systematic label,Systematic label,Systematic label,Can't tell / Neither,,,,
4,4,4,0,0,neither,PE6KHG,1,4,ice skating,Systematic label,Systematic label,Systematic label,One-off label,,,,
4,4,4,0,0,neither,PE6KHG,1,5,priest,One-off label,One-off label,One-off label,One-off label,,,,
4,4,4,0,0,neither,PE6KHG,1,6,crouching,Systematic label,Systematic label,Systematic label,One-off label,,,,
4,4,4,0,0,neither,PE6KHG,1,7,tango,One-off label,One-off label,One-off label,Systematic label,,,,
4,4,4,0,0,neither,PE6KHG,1,8,little praying,Systematic label,Systematic label,Systematic label,Can't tell / Neither,,,,
4,4,0,1,3,neither,RX5ED1,1,1,pinky,,Can't tell / Neither,One-off label,Systematic label,,,,
4,4,0,1,3,neither,RX5ED1,1,2,bug,One-off label,One-off label,One-off label,Can't tell / Neither,,,,
4,4,0,1,3,neither,RX5ED1,1,3,lego,One-off label,One-off label,One-off label,Can't tell / Neither,,,,
4,4,0,1,3,neither,RX5ED1,1,4,brown,,Can't tell / Neither,One-off label,Systematic label,,,,
4,4,0,1,3,neither,RX5ED1,1,5,wheel,One-off label,One-off label,One-off label,Can't tell / Neither,,,,
4,4,0,1,3,neither,RX5ED1,1,6,shortie,,Can't tell / Neither,One-off label,Systematic label,,,,
4,4,0,1,3,neither,RX5ED1,1,7,white,One-off label,One-off label,One-off label,Systematic label,,,,
4,4,0,1,3,neither,RX5ED1,1,8,oh,Can't tell / Neither,Can't tell / Neither,Can't tell / Neither,One-off label,,,,
4,4,0,1,3,neither,SVNJPX,0,1,arm sup,Can't tell / Neither,Can't tell / Neither,Can't tell / Neither,Systematic label,,,,
4,4,0,1,3,neither,SVNJPX,0,2,elephant,One-off label,One-off label,One-off label,One-off label,,,,
4,4,0,1,3,neither,SVNJPX,0,3,water fountain,,Can't tell / Neither,One-off label,Systematic label,,,,
4,4,0,1,3,neither,SVNJPX,0,4,dance,One-off label,One-off label,One-off label,Can't tell / Neither,,,,
4,4,0,1,3,neither,SVNJPX,0,5,pray,One-off label,One-off label,One-off label,One-off label,,,,
4,4,0,1,3,neither,SVNJPX,0,6,water fountain,,Can't tell / Neither,One-off label,Systematic label,,,,
4,4,0,1,3,neither,SVNJPX,0,7,dance,One-off label,One-off label,One-off label,One-off label,,,,
4,4,0,1,3,neither,SVNJPX,0,8,water fountain,,Can't tell / Neither,One-off label,Systematic label,,,,
4,2,4,0,2,neither,VDV067,1,1,hallelujah,One-off label,One-off label,One-off label,Can't tell / Neither,,,,
4,2,4,0,2,neither,VDV067,1,2,right leg up,Systematic label,Systematic label,Systematic label,One-off label,,,,
4,2,4,0,2,neither,VDV067,1,3,bow,Systematic label,Systematic label,Systematic label,One-off label,,,,
4,2,4,0,2,neither,VDV067,1,4,bend,Systematic label,Systematic label,Systematic label,One-off label,,,,
4,2,4,0,2,neither,VDV067,1,5,point,Systematic label,Systematic label,Systematic label,One-off label,,,,
4,2,4,0,2,neither,VDV067,1,6,pray,,Can't tell / Neither,One-off label,Systematic label,,,,
4,2,4,0,2,neither,VDV067,1,7,snap,One-off label,One-off label,One-off label,Can't tell / Neither,,,,
4,2,4,0,2,neither,VDV067,1,8,pray point,,Can't tell / Neither,One-off label,Systematic label,,,,
4,4,4,0,0,neither,VZN3ET,0,1,pink,One-off label,One-off label,One-off label,One-off label,,,,
4,4,4,0,0,neither,VZN3ET,0,2,baby,One-off label,One-off label,One-off label,One-off label,,,,
4,4,4,0,0,neither,VZN3ET,0,3,orange,One-off label,One-off label,One-off label,One-off label,,,,
4,4,4,0,0,neither,VZN3ET,0,4,cream,One-off label,One-off label,One-off label,One-off label,,,,
4,4,4,0,0,neither,VZN3ET,0,5,large white,Systematic label,Systematic label,Systematic label,One-off label,,,,
4,4,4,0,0,neither,VZN3ET,0,6,small cream,Systematic label,Systematic label,Systematic label,One-off label,,,,
4,4,4,0,0,neither,VZN3ET,0,7,large white,Systematic label,Systematic label,Systematic label,One-off label,,,,
4,4,4,0,0,neither,VZN3ET,0,8,large white,Systematic label,Systematic label,Systematic label,One-off label,,,,
4,4,2,2,0,neither,W7XKYE,0,1,why,Can't tell / Neither,Can't tell / Neither,Can't tell / Neither,Can't tell / Neither,,,,
4,4,2,2,0,neither,W7XKYE,0,2,dance,One-off label,One-off label,One-off label,Can't tell / Neither,,,,
4,4,2,2,0,neither,W7XKYE,0,3,hug,One-off label,One-off label,One-off label,Can't tell / Neither,,,,
4,4,2,2,0,neither,W7XKYE,0,4,balance,One-off label,One-off label,One-off label,Can't tell / Neither,,,,
4,4,2,2,0,neither,W7XKYE,0,5,woman,Systematic label,Systematic label,Systematic label,One-off label,,,,
4,4,2,2,0,neither,W7XKYE,0,6,toliet,One-off label,One-off label,One-off label,One-off label,,,,
4,4,2,2,0,neither,W7XKYE,0,7,woman,Systematic label,Systematic label,Systematic label,One-off label,,,,
4,4,2,2,0,neither,W7XKYE,0,8,beg,Can't tell / Neither,Can't tell / Neither,Can't tell / Neither,Can't tell / Neither,,,,
4,4,0,3,1,neither,WE63A7,1,1,pink,One-off label,One-off label,One-off label,Systematic label,,,,
4,4,0,3,1,neither,WE63A7,1,2,books,Can't tell / Neither,Can't tell / Neither,Can't tell / Neither,Systematic label,,,,
4,4,0,3,1,neither,WE63A7,1,3,fry,Can't tell / Neither,Can't tell / Neither,Can't tell / Neither,One-off label,,,,
4,4,0,3,1,neither,WE63A7,1,4,legs,Can't tell / Neither,Can't tell / Neither,Can't tell / Neither,One-off label,,,,
4,4,0,3,1,neither,WE63A7,1,5,toilet,,Can't tell / Neither,One-off label,Systematic label,,,,
4,4,0,3,1,neither,WE63A7,1,6,spider,One-off label,One-off label,One-off label,Systematic label,,,,
4,4,0,3,1,neither,WE63A7,1,7,chicken,One-off label,One-off label,One-off label,Systematic label,,,,
4,4,0,3,1,neither,WE63A7,1,8,rectangle,One-off label,One-off label,One-off label,Systematic label,,,,
4,4,0,0,4,neither,WFFYV5,1,1,gum,One-off label,One-off label,One-off label,,,,,
4,4,0,0,4,neither,WFFYV5,1,2,smallest,,One-off label,Systematic label,,,,,
4,4,0,0,4,neither,WFFYV5,1,3,orange,One-off label,One-off label,One-off label,,,,,
4,4,0,0,4,neither,WFFYV5,1,4,legs,,Can't tell / Neither,One-off label,,,,,
4,4,0,0,4,neither,WFFYV5,1,5,blue,One-off label,One-off label,One-off label,,,,,
4,4,0,0,4,neither,WFFYV5,1,6,bug,One-off label,One-off label,One-off label,,,,,
4,4,0,0,4,neither,WFFYV5,1,7,bubble,,Can't tell / Neither,One-off label,,,,,
4,4,0,0,4,neither,WFFYV5,1,8,tallest,,One-off label,Systematic label,,,,,
5,0,2,1,5,neither,BF7TZW,0,1,2 1 2,,Can't tell / Neither,One-off label,Systematic label,,,,
5,0,2,1,5,neither,BF7TZW,0,2,1 2 1,Systematic label,Systematic label,Systematic label,Can't tell / Neither,,,,
5,0,2,1,5,neither,BF7TZW,0,3,2 1 2,Systematic label,Systematic label,Systematic label,Can't tell / Neither,,,,
5,0,2,1,5,neither,BF7TZW,0,4,2 2 1,,Can't tell / Neither,One-off label,Systematic label,,,,
5,0,2,1,5,neither,BF7TZW,0,5,1 1 1,Can't tell / Neither,Can't tell / Neither,Can't tell / Neither,Systematic label,,,,
5,0,2,1,5,neither,BF7TZW,0,6,1 1 2,,Can't tell / Neither,One-off label,Systematic label,,,,
5,0,2,1,5,neither,BF7TZW,0,7,1 2 2,,Can't tell / Neither,One-off label,Systematic label,,,,
5,0,2,1,5,neither,BF7TZW,0,8,1 1 3,,Can't tell / Neither,One-off label,Systematic label,,,,
5,0,2,5,1,neither,YVBY96,0,1,prbt,Can't tell / Neither,Can't tell / Neither,Can't tell / Neither,Systematic label,,,,
5,0,2,5,1,neither,YVBY96,0,2,pry,,Can't tell / Neither,One-off label,Systematic label,,,,
5,0,2,5,1,neither,YVBY96,0,3,rlb,Systematic label,Systematic label,Systematic label,Can't tell / Neither,,,,
5,0,2,5,1,neither,YVBY96,0,4,rlba,Systematic label,Systematic label,Systematic label,Can't tell / Neither,,,,
5,0,2,5,1,neither,YVBY96,0,5,rlra,Can't tell / Neither,Can't tell / Neither,Can't tell / Neither,Systematic label,,,,
5,0,2,5,1,neither,YVBY96,0,6,rlra,Can't tell / Neither,Can't tell / Neither,Can't tell / Neither,Systematic label,,,,
5,0,2,5,1,neither,YVBY96,0,7,pryt,Can't tell / Neither,Can't tell / Neither,Can't tell / Neither,Systematic label,,,,
5,0,2,5,1,neither,YVBY96,0,8,pryt,Can't tell / Neither,Can't tell / Neither,Can't tell / Neither,Systematic label,,,,
5,1,2,0,5,neither,Z9NZDJ,1,1,ymca,One-off label,One-off label,One-off label,One-off label,,,,
5,1,2,0,5,neither,Z9NZDJ,1,2,standing on one foot,Systematic label,Systematic label,Systematic label,One-off label,,,,
5,1,2,0,5,neither,Z9NZDJ,1,3,kneeling,,Can't tell / Neither,One-off label,Systematic label,,,,
5,1,2,0,5,neither,Z9NZDJ,1,4,standing on one foot,Systematic label,Systematic label,Systematic label,One-off label,,,,
5,1,2,0,5,neither,Z9NZDJ,1,5,standing,,Can't tell / Neither,One-off label,Systematic label,,,,
5,1,2,0,5,neither,Z9NZDJ,1,6,kneeling,,Can't tell / Neither,One-off label,Systematic label,,,,
5,1,2,0,5,neither,Z9NZDJ,1,7,lunging,,Can't tell / Neither,One-off label,Systematic label,,,,
5,1,2,0,5,neither,Z9NZDJ,1,8,kneeling,,Can't tell / Neither,One-off label,Systematic label,,,,
5,3,0,5,0,neither,DJB2VW,0,1,praying,One-off label,One-off label,One-off label,One-off label,,,,
5,3,0,5,0,neither,DJB2VW,0,2,sld,Can't tell / Neither,Can't tell / Neither,Can't tell / Neither,Systematic label,,,,
5,3,0,5,0,neither,DJB2VW,0,3,flu,One-off label,One-off label,One-off label,Can't tell / Neither,,,,
5,3,0,5,0,neither,DJB2VW,0,4,skating,One-off label,One-off label,One-off label,Systematic label,,,,
5,3,0,5,0,neither,DJB2VW,0,5,slu,Can't tell / Neither,Can't tell / Neither,Can't tell / Neither,Systematic label,,,,
5,3,0,5,0,neither,DJB2VW,0,6,fru,Can't tell / Neither,Can't tell / Neither,Can't tell / Neither,Systematic label,,,,
5,3,0,5,0,neither,DJB2VW,0,7,srd,Can't tell / Neither,Can't tell / Neither,Can't tell / Neither,Systematic label,,,,
5,3,0,5,0,neither,DJB2VW,0,8,fru,Can't tell / Neither,Can't tell / Neither,Can't tell / Neither,Systematic label,,,,
5,3,0,0,5,neither,M77Z8N,0,1,fall,,Can't tell / Neither,One-off label,Systematic label,,,,
5,3,0,0,5,neither,M77Z8N,0,2,hop,,Can't tell / Neither,One-off label,Systematic label,,,,
5,3,0,0,5,neither,M77Z8N,0,3,kneel,One-off label,One-off label,One-off label,Systematic label,,,,
5,3,0,0,5,neither,M77Z8N,0,4,kick,,Can't tell / Neither,One-off label,Systematic label,,,,
5,3,0,0,5,neither,M77Z8N,0,5,give,,Can't tell / Neither,One-off label,Systematic label,,,,
5,3,0,0,5,neither,M77Z8N,0,6,squat,One-off label,One-off label,One-off label,Systematic label,,,,
5,3,0,0,5,neither,M77Z8N,0,7,slide,,Can't tell / Neither,One-off label,Systematic label,,,,
5,3,0,0,5,neither,M77Z8N,0,8,pray,One-off label,One-off label,One-off label,Systematic label,,,,
5,0,3,0,5,neither,TJKZD2,1,1,straight,,Can't tell / Neither,One-off label,Systematic label,,,,
5,0,3,0,5,neither,TJKZD2,1,2,leg square middle,Systematic label,Systematic label,Systematic label,Systematic label,,,,
5,0,3,0,5,neither,TJKZD2,1,3,straight,,Can't tell / Neither,One-off label,Systematic label,,,,
5,0,3,0,5,neither,TJKZD2,1,4,leg square right,Systematic label,Systematic label,Systematic label,Systematic label,,,,
5,0,3,0,5,neither,TJKZD2,1,5,straight,,Can't tell / Neither,One-off label,Systematic label,,,,
5,0,3,0,5,neither,TJKZD2,1,6,straight,,Can't tell / Neither,One-off label,Systematic label,,,,
5,0,3,0,5,neither,TJKZD2,1,7,leg square right,Systematic label,Systematic label,Systematic label,Systematic label,,,,
5,0,3,0,5,neither,TJKZD2,1,8,straight,,Can't tell / Neither,One-off label,Systematic label,,,,
5,3,0,0,5,neither,WE63A7,0,1,pink,,One-off label,Systematic label,,,,,
5,3,0,0,5,neither,WE63A7,0,2,books,,One-off label,Systematic label,,,,,
5,3,0,0,5,neither,WE63A7,0,3,fry,,One-off label,Systematic label,,,,,
5,3,0,0,5,neither,WE63A7,0,4,legs,,One-off label,Systematic label,,,,,
5,3,0,0,5,neither,WE63A7,0,5,toilet,One-off label,One-off label,One-off label,,,,,
5,3,0,0,5,neither,WE63A7,0,6,spider,One-off label,One-off label,One-off label,,,,,
5,3,0,0,5,neither,WE63A7,0,7,chicken,,One-off label,Systematic label,,,,,
5,3,0,0,5,neither,WE63A7,0,8,rectangle,One-off label,One-off label,One-off label,,,,,
5,5,0,3,0,O,1N783W,1,1,swim,Can't tell / Neither,Can't tell / Neither,Can't tell / Neither,One-off label,,,,
5,5,0,3,0,O,1N783W,1,2,chicken,One-off label,One-off label,One-off label,One-off label,,,,
5,5,0,3,0,O,1N783W,1,3,rest,Can't tell / Neither,Can't tell / Neither,Can't tell / Neither,One-off label,,,,
5,5,0,3,0,O,1N783W,1,4,ski,One-off label,One-off label,One-off label,Can't tell / Neither,,,,
5,5,0,3,0,O,1N783W,1,5,book,One-off label,One-off label,One-off label,Can't tell / Neither,,,,
5,5,0,3,0,O,1N783W,1,6,sit,One-off label,One-off label,One-off label,Can't tell / Neither,,,,
5,5,0,3,0,O,1N783W,1,7,dance,Can't tell / Neither,Can't tell / Neither,Can't tell / Neither,One-off label,,,,
5,5,0,3,0,O,1N783W,1,8,pray,One-off label,One-off label,One-off label,Can't tell / Neither,,,,
5,3,5,0,0,S,28XQGK,0,1,plum,One-off label,One-off label,One-off label,Systematic label,,,,
5,3,5,0,0,S,28XQGK,0,2,piyo,One-off label,One-off label,One-off label,One-off label,,,,
5,3,5,0,0,S,28XQGK,0,3,orange,Systematic label,Systematic label,Systematic label,One-off label,,,,
5,3,5,0,0,S,28XQGK,0,4,brown,Systematic label,Systematic label,Systematic label,One-off label,,,,
5,3,5,0,0,S,28XQGK,0,5,blue,Systematic label,Systematic label,Systematic label,One-off label,,,,
5,3,5,0,0,S,28XQGK,0,6,black,Systematic label,Systematic label,Systematic label,One-off label,,,,
5,3,5,0,0,S,28XQGK,0,7,white,Systematic label,Systematic label,Systematic label,One-off label,,,,
5,3,5,0,0,S,28XQGK,0,8,penguin,One-off label,One-off label,One-off label,Systematic label,,,,
5,5,0,0,3,O,3D2C9Y,0,1,resting,One-off label,One-off label,One-off label,Systematic label,,,,
5,5,0,0,3,O,3D2C9Y,0,2,climbing,,Can't tell / Neither,One-off label,Systematic label,,,,
5,5,0,0,3,O,3D2C9Y,0,3,running,One-off label,One-off label,One-off label,Systematic label,,,,
5,5,0,0,3,O,3D2C9Y,0,4,exercise,One-off label,One-off label,One-off label,One-off label,,,,
5,5,0,0,3,O,3D2C9Y,0,5,priest,One-off label,One-off label,One-off label,Systematic label,,,,
5,5,0,0,3,O,3D2C9Y,0,6,kneeling,,Can't tell / Neither,One-off label,Systematic label,,,,
5,5,0,0,3,O,3D2C9Y,0,7,falling,,Can't tell / Neither,One-off label,Systematic label,,,,
5,5,0,0,3,O,3D2C9Y,0,8,nun,One-off label,One-off label,One-off label,Systematic label,,,,
5,3,5,0,0,S,74XPR3,0,1,two hands,One-off label,One-off label,One-off label,Systematic label,,,,
5,3,5,0,0,S,74XPR3,0,2,pray up,One-off label,One-off label,One-off label,Systematic label,,,,
5,3,5,0,0,S,74XPR3,0,3,2 hands dance,Systematic label,Systematic label,Systematic label,Systematic label,,,,
5,3,5,0,0,S,74XPR3,0,4,dance left,Systematic label,Systematic label,Systematic label,One-off label,,,,
5,3,5,0,0,S,74XPR3,0,5,pray left,One-off label,One-off label,One-off label,Systematic label,,,,
5,3,5,0,0,S,74XPR3,0,6,pray right,Systematic label,Systematic label,Systematic label,One-off label,,,,
5,3,5,0,0,S,74XPR3,0,7,dance right,Systematic label,Systematic label,Systematic label,One-off label,,,,
5,3,5,0,0,S,74XPR3,0,8,pray right,Systematic label,Systematic label,Systematic label,One-off label,,,,
5,5,1,1,1,O,BHVX5Z,1,1,y,Can't tell / Neither,Can't tell / Neither,Can't tell / Neither,Can't tell / Neither,,,,
5,5,1,1,1,O,BHVX5Z,1,2,kick,,Can't tell / Neither,One-off label,Systematic label,,,,
5,5,1,1,1,O,BHVX5Z,1,3,dog,One-off label,One-off label,One-off label,One-off label,,,,
5,5,1,1,1,O,BHVX5Z,1,4,bird,One-off label,One-off label,One-off label,One-off label,,,,
5,5,1,1,1,O,BHVX5Z,1,5,priest,One-off label,One-off label,One-off label,One-off label,,,,
5,5,1,1,1,O,BHVX5Z,1,6,knees,One-off label,One-off label,One-off label,Systematic label,,,,
5,5,1,1,1,O,BHVX5Z,1,7,seal,One-off label,One-off label,One-off label,Can't tell / Neither,,,,
5,5,1,1,1,O,BHVX5Z,1,8,2 diamonds,Systematic label,Systematic label,Systematic label,One-off label,,,,
5,5,0,0,3,O,DY36DF,0,1,fly,One-off label,One-off label,One-off label,Systematic label,,,,
5,5,0,0,3,O,DY36DF,0,2,brucelee,,Can't tell / Neither,One-off label,Systematic label,,,,
5,5,0,0,3,O,DY36DF,0,3,twirl,One-off label,One-off label,One-off label,Systematic label,,,,
5,5,0,0,3,O,DY36DF,0,4,superman,,Can't tell / Neither,One-off label,Systematic label,,,,
5,5,0,0,3,O,DY36DF,0,5,box,One-off label,One-off label,One-off label,Systematic label,,,,
5,5,0,0,3,O,DY36DF,0,6,pray,One-off label,One-off label,One-off label,Systematic label,,,,
5,5,0,0,3,O,DY36DF,0,7,leep,,Can't tell / Neither,One-off label,Systematic label,,,,
5,5,0,0,3,O,DY36DF,0,8,pray,One-off label,One-off label,One-off label,Systematic label,,,,
5,5,0,0,3,O,JZRVR1,0,1,fly,One-off label,One-off label,One-off label,One-off label,,,,
5,5,0,0,3,O,JZRVR1,0,2,lookback,,Can't tell / Neither,One-off label,Systematic label,,,,
5,5,0,0,3,O,JZRVR1,0,3,runback,,Can't tell / Neither,One-off label,Systematic label,,,,
5,5,0,0,3,O,JZRVR1,0,4,yoga,One-off label,One-off label,One-off label,One-off label,,,,
5,5,0,0,3,O,JZRVR1,0,5,pastor,One-off label,One-off label,One-off label,One-off label,,,,
5,5,0,0,3,O,JZRVR1,0,6,beg,One-off label,One-off label,One-off label,One-off label,,,,
5,5,0,0,3,O,JZRVR1,0,7,happy,One-off label,One-off label,One-off label,Can't tell / Neither,,,,
5,5,0,0,3,O,JZRVR1,0,8,goback,,Can't tell / Neither,One-off label,Systematic label,,,,
5,2,5,0,1,S,K8WC5N,0,1,hand,Systematic label,Systematic label,Systematic label,One-off label,,,,
5,2,5,0,1,S,K8WC5N,0,2,kick,One-off label,One-off label,One-off label,Systematic label,,,,
5,2,5,0,1,S,K8WC5N,0,3,clueless,,Can't tell / Neither,One-off label,Systematic label,,,,
5,2,5,0,1,S,K8WC5N,0,4,one leg,Systematic label,Systematic label,Systematic label,One-off label,,,,
5,2,5,0,1,S,K8WC5N,0,5,straight,Systematic label,Systematic label,Systematic label,One-off label,,,,
5,2,5,0,1,S,K8WC5N,0,6,almostkneel,Systematic label,Systematic label,Systematic label,Can't tell / Neither,,,,
5,2,5,0,1,S,K8WC5N,0,7,dance,One-off label,One-off label,One-off label,Systematic label,,,,
5,2,5,0,1,S,K8WC5N,0,8,kneel,Systematic label,Systematic label,Systematic label,One-off label,,,,
5,5,0,2,1,O,RX5ED1,0,1,pinky,,Can't tell / Neither,One-off label,Systematic label,,,,
5,5,0,2,1,O,RX5ED1,0,2,bug,One-off label,One-off label,One-off label,Can't tell / Neither,,,,
5,5,0,2,1,O,RX5ED1,0,3,lego,One-off label,One-off label,One-off label,Can't tell / Neither,,,,
5,5,0,2,1,O,RX5ED1,0,4,brown,One-off label,One-off label,One-off label,Systematic label,,,,
5,5,0,2,1,O,RX5ED1,0,5,wheel,One-off label,One-off label,One-off label,Can't tell / Neither,,,,
5,5,0,2,1,O,RX5ED1,0,6,shortie,Can't tell / Neither,Can't tell / Neither,Can't tell / Neither,One-off label,,,,
5,5,0,2,1,O,RX5ED1,0,7,white,One-off label,One-off label,One-off label,Systematic label,,,,
5,5,0,2,1,O,RX5ED1,0,8,oh,Can't tell / Neither,Can't tell / Neither,Can't tell / Neither,Can't tell / Neither,,,,
5,5,3,0,0,O,S2SX39,1,1,shout,One-off label,One-off label,One-off label,Can't tell / Neither,,,,
5,5,3,0,0,O,S2SX39,1,2,down,Systematic label,Systematic label,Systematic label,One-off label,,,,
5,5,3,0,0,O,S2SX39,1,3,sick,One-off label,One-off label,One-off label,Can't tell / Neither,,,,
5,5,3,0,0,O,S2SX39,1,4,ice,One-off label,One-off label,One-off label,One-off label,,,,
5,5,3,0,0,O,S2SX39,1,5,nun,One-off label,One-off label,One-off label,One-off label,,,,
5,5,3,0,0,O,S2SX39,1,6,knee,One-off label,One-off label,One-off label,Systematic label,,,,
5,5,3,0,0,O,S2SX39,1,7,stretch,Systematic label,Systematic label,Systematic label,One-off label,,,,
5,5,3,0,0,O,S2SX39,1,8,clap,Systematic label,Systematic label,Systematic label,One-off label,,,,
5,3,5,0,0,S,SF65X6,1,1,pink,Systematic label,Systematic label,Systematic label,One-off label,,,,
5,3,5,0,0,S,SF65X6,1,2,girl,One-off label,One-off label,One-off label,Can't tell / Neither,,,,
5,3,5,0,0,S,SF65X6,1,3,orange,One-off label,One-off label,One-off label,Systematic label,,,,
5,3,5,0,0,S,SF65X6,1,4,brown,Systematic label,Systematic label,Systematic label,One-off label,,,,
5,3,5,0,0,S,SF65X6,1,5,blue,Systematic label,Systematic label,Systematic label,One-off label,,,,
5,3,5,0,0,S,SF65X6,1,6,black,Systematic label,Systematic label,Systematic label,One-off label,,,,
5,3,5,0,0,S,SF65X6,1,7,white,Systematic label,Systematic label,Systematic label,One-off label,,,,
5,3,5,0,0,S,SF65X6,1,8,man,One-off label,One-off label,One-off label,Systematic label,,,,
5,3,5,0,0,S,VZN3ET,1,1,pinks,One-off label,One-off label,One-off label,Systematic label,,,,
5,3,5,0,0,S,VZN3ET,1,2,baby,One-off label,One-off label,One-off label,Systematic label,,,,
5,3,5,0,0,S,VZN3ET,1,3,orange,Systematic label,Systematic label,Systematic label,One-off label,,,,
5,3,5,0,0,S,VZN3ET,1,4,brown,Systematic label,Systematic label,Systematic label,One-off label,,,,
5,3,5,0,0,S,VZN3ET,1,5,pizza,One-off label,One-off label,One-off label,One-off label,,,,
5,3,5,0,0,S,VZN3ET,1,6,black,Systematic label,Systematic label,Systematic label,One-off label,,,,
5,3,5,0,0,S,VZN3ET,1,7,cream,Systematic label,Systematic label,Systematic label,One-off label,,,,
5,3,5,0,0,S,VZN3ET,1,8,large white,Systematic label,Systematic label,Systematic label,One-off label,,,,
5,5,0,0,3,O,W9784W,0,1,falling,One-off label,One-off label,One-off label,One-off label,,,,
5,5,0,0,3,O,W9784W,0,2,walking,One-off label,One-off label,One-off label,One-off label,,,,
5,5,0,0,3,O,W9784W,0,3,praytriangle,,Can't tell / Neither,One-off label,Systematic label,,,,
5,5,0,0,3,O,W9784W,0,4,balancing,One-off label,One-off label,One-off label,Systematic label,,,,
5,5,0,0,3,O,W9784W,0,5,pray,One-off label,One-off label,One-off label,One-off label,,,,
5,5,0,0,3,O,W9784W,0,6,pray,One-off label,One-off label,One-off label,One-off label,,,,
5,5,0,0,3,O,W9784W,0,7,pray triangle,,Can't tell / Neither,One-off label,Systematic label,,,,
5,5,0,0,3,O,W9784W,0,8,praytriangle,,Can't tell / Neither,One-off label,Systematic label,,,,
6,2,0,6,0,neither,1KXBRG,0,1,v,Can't tell / Neither,Can't tell / Neither,Can't tell / Neither,One-off label,,,,
6,2,0,6,0,neither,1KXBRG,0,2,w,Can't tell / Neither,Can't tell / Neither,Can't tell / Neither,One-off label,,,,
6,2,0,6,0,neither,1KXBRG,0,3,flame,One-off label,One-off label,One-off label,One-off label,,,,
6,2,0,6,0,neither,1KXBRG,0,4,l,Can't tell / Neither,Can't tell / Neither,Can't tell / Neither,One-off label,,,,
6,2,0,6,0,neither,1KXBRG,0,5,blue,One-off label,One-off label,One-off label,One-off label,,,,
6,2,0,6,0,neither,1KXBRG,0,6,s,Can't tell / Neither,Can't tell / Neither,Can't tell / Neither,One-off label,,,,
6,2,0,6,0,neither,1KXBRG,0,7,w,Can't tell / Neither,Can't tell / Neither,Can't tell / Neither,One-off label,,,,
6,2,0,6,0,neither,1KXBRG,0,8,m,Can't tell / Neither,Can't tell / Neither,Can't tell / Neither,One-off label,,,,
6,2,0,0,6,neither,2TR5AF,0,1,purple,,One-off label,Systematic label,,,,,
6,2,0,0,6,neither,2TR5AF,0,2,pink,,One-off label,Systematic label,,,,,
6,2,0,0,6,neither,2TR5AF,0,3,yellow,,One-off label,Systematic label,,,,,
6,2,0,0,6,neither,2TR5AF,0,4,brown,,One-off label,Systematic label,,,,,
6,2,0,0,6,neither,2TR5AF,0,5,blue,,One-off label,Systematic label,,,,,
6,2,0,0,6,neither,2TR5AF,0,6,black,,One-off label,Systematic label,,,,,
6,2,0,0,6,neither,2TR5AF,0,7,small white,One-off label,One-off label,One-off label,,,,,
6,2,0,0,6,neither,2TR5AF,0,8,tall white,One-off label,One-off label,One-off label,,,,,
6,6,2,0,0,O,2TR5AF,1,1,purple,One-off label,One-off label,One-off label,One-off label,,,,
6,6,2,0,0,O,2TR5AF,1,2,pink,One-off label,One-off label,One-off label,One-off label,,,,
6,6,2,0,0,O,2TR5AF,1,3,yellow,One-off label,One-off label,One-off label,One-off label,,,,
6,6,2,0,0,O,2TR5AF,1,4,brown,One-off label,One-off label,One-off label,One-off label,,,,
6,6,2,0,0,O,2TR5AF,1,5,blue,One-off label,One-off label,One-off label,One-off label,,,,
6,6,2,0,0,O,2TR5AF,1,6,black,One-off label,One-off label,One-off label,One-off label,,,,
6,6,2,0,0,O,2TR5AF,1,7,short white,Systematic label,Systematic label,Systematic label,One-off label,,,,
6,6,2,0,0,O,2TR5AF,1,8,tall white,Systematic label,Systematic label,Systematic label,One-off label,,,,
6,6,1,0,1,O,36F73R,1,1,eraser,One-off label,One-off label,One-off label,One-off label,,,,
6,6,1,0,1,O,36F73R,1,2,cake,One-off label,One-off label,One-off label,One-off label,,,,
6,6,1,0,1,O,36F73R,1,3,soldier,One-off label,One-off label,One-off label,One-off label,,,,
6,6,1,0,1,O,36F73R,1,4,tall,Systematic label,Systematic label,Systematic label,One-off label,,,,
6,6,1,0,1,O,36F73R,1,5,phone,One-off label,One-off label,One-off label,One-off label,,,,
6,6,1,0,1,O,36F73R,1,6,spider,One-off label,One-off label,One-off label,One-off label,,,,
6,6,1,0,1,O,36F73R,1,7,drink,One-off label,One-off label,One-off label,One-off label,,,,
6,6,1,0,1,O,36F73R,1,8,cop,,Can't tell / Neither,One-off label,Systematic label,,,,
6,0,6,0,2,S,3BC0PA,0,1,deep pink,Systematic label,Systematic label,Systematic label,Systematic label,Systematic label,,,
6,0,6,0,2,S,3BC0PA,0,2,pink purple yellow,Systematic label,Systematic label,Systematic label,Systematic label,Systematic label,,,
6,0,6,0,2,S,3BC0PA,0,3,orange yellow brow,Systematic label,Systematic label,Systematic label,Systematic label,Can't tell / Neither,,,
6,0,6,0,2,S,3BC0PA,0,4,orange brown,Systematic label,Systematic label,Systematic label,Systematic label,Systematic label,,,
6,0,6,0,2,S,3BC0PA,0,5,blue,,One-off label,One-off label,Systematic label,Systematic label,,,
6,0,6,0,2,S,3BC0PA,0,6,black,,One-off label,One-off label,Systematic label,Systematic label,,,
6,0,6,0,2,S,3BC0PA,0,7,purple white yellow,Systematic label,Systematic label,Systematic label,Systematic label,Systematic label,,,
6,0,6,0,2,S,3BC0PA,0,8,purple white red,Systematic label,Systematic label,Systematic label,Systematic label,Systematic label,,,
6,0,6,0,2,S,3BC0PA,1,1,deep pink,Systematic label,Systematic label,Systematic label,One-off label,,,,
6,0,6,0,2,S,3BC0PA,1,2,pink purple yellow,Systematic label,Systematic label,Systematic label,Systematic label,,,,
6,0,6,0,2,S,3BC0PA,1,3,orange yellow brown,Systematic label,Systematic label,Systematic label,Can't tell / Neither,,,,
6,0,6,0,2,S,3BC0PA,1,4,orange red brown,Systematic label,Systematic label,Systematic label,Systematic label,,,,
6,0,6,0,2,S,3BC0PA,1,5,blue,,Can't tell / Neither,One-off label,Systematic label,,,,
6,0,6,0,2,S,3BC0PA,1,6,black,,Can't tell / Neither,One-off label,Systematic label,,,,
6,0,6,0,2,S,3BC0PA,1,7,purple white yellow,Systematic label,Systematic label,Systematic label,Can't tell / Neither,,,,
6,0,6,0,2,S,3BC0PA,1,8,purple white red,Systematic label,Systematic label,Systematic label,Can't tell / Neither,,,,
6,2,6,0,0,S,3DRJ3F,0,1,purple,Systematic label,Systematic label,Systematic label,One-off label,,,,
6,2,6,0,0,S,3DRJ3F,0,2,short,Systematic label,Systematic label,Systematic label,One-off label,,,,
6,2,6,0,0,S,3DRJ3F,0,3,yellow,Systematic label,Systematic label,Systematic label,One-off label,,,,
6,2,6,0,0,S,3DRJ3F,0,4,brown,Systematic label,Systematic label,Systematic label,One-off label,,,,
6,2,6,0,0,S,3DRJ3F,0,5,blue,Systematic label,Systematic label,Systematic label,One-off label,,,,
6,2,6,0,0,S,3DRJ3F,0,6,black,Systematic label,Systematic label,Systematic label,One-off label,,,,
6,2,6,0,0,S,3DRJ3F,0,7,tea,One-off label,One-off label,One-off label,Can't tell / Neither,,,,
6,2,6,0,0,S,3DRJ3F,0,8,glasses,One-off label,One-off label,One-off label,Can't tell / Neither,,,,
6,6,2,0,0,O,5XQ72P,1,1,mute,One-off label,One-off label,One-off label,Can't tell / Neither,,,,
6,6,2,0,0,O,5XQ72P,1,2,candy,One-off label,One-off label,One-off label,Systematic label,,,,
6,6,2,0,0,O,5XQ72P,1,3,cheese,One-off label,One-off label,One-off label,Can't tell / Neither,,,,
6,6,2,0,0,O,5XQ72P,1,4,legs,Systematic label,Systematic label,Systematic label,One-off label,,,,
6,6,2,0,0,O,5XQ72P,1,5,fat,One-off label,One-off label,One-off label,Systematic label,,,,
6,6,2,0,0,O,5XQ72P,1,6,midget,Systematic label,Systematic label,Systematic label,One-off label,,,,
6,6,2,0,0,O,5XQ72P,1,7,cow,One-off label,One-off label,One-off label,Systematic label,,,,
6,6,2,0,0,O,5XQ72P,1,8,tall,One-off label,One-off label,One-off label,Systematic label,,,,
6,6,0,2,0,O,6CNH70,1,1,jump,One-off label,One-off label,One-off label,Can't tell / Neither,,,,
6,6,0,2,0,O,6CNH70,1,2,sad,One-off label,One-off label,One-off label,One-off label,,,,
6,6,0,2,0,O,6CNH70,1,3,mess,Can't tell / Neither,Can't tell / Neither,Can't tell / Neither,One-off label,,,,
6,6,0,2,0,O,6CNH70,1,4,kick,Can't tell / Neither,Can't tell / Neither,Can't tell / Neither,Systematic label,,,,
6,6,0,2,0,O,6CNH70,1,5,pray,One-off label,One-off label,One-off label,One-off label,,,,
6,6,0,2,0,O,6CNH70,1,6,boy,One-off label,One-off label,One-off label,One-off label,,,,
6,6,0,2,0,O,6CNH70,1,7,sit,One-off label,One-off label,One-off label,One-off label,,,,
6,6,0,2,0,O,6CNH70,1,8,girl,One-off label,One-off label,One-off label,Can't tell / Neither,,,,
6,6,1,0,1,O,79E82M,0,1,cheering,,Can't tell / Neither,One-off label,Systematic label,,,,
6,6,1,0,1,O,79E82M,0,2,drunk,One-off label,One-off label,One-off label,Systematic label,,,,
6,6,1,0,1,O,79E82M,0,3,abstract,One-off label,One-off label,One-off label,Systematic label,,,,
6,6,1,0,1,O,79E82M,0,4,skating,One-off label,One-off label,One-off label,Systematic label,,,,
6,6,1,0,1,O,79E82M,0,5,priest,One-off label,One-off label,One-off label,One-off label,,,,
6,6,1,0,1,O,79E82M,0,6,praying,One-off label,One-off label,One-off label,Systematic label,,,,
6,6,1,0,1,O,79E82M,0,7,seal,One-off label,One-off label,One-off label,One-off label,,,,
6,6,1,0,1,O,79E82M,0,8,2 square head,Systematic label,Systematic label,Systematic label,Can't tell / Neither,,,,
6,6,0,2,0,O,7YDWES,1,1,cheer,One-off label,One-off label,One-off label,Can't tell / Neither,,,,
6,6,0,2,0,O,7YDWES,1,2,one,Can't tell / Neither,Can't tell / Neither,Can't tell / Neither,One-off label,,,,
6,6,0,2,0,O,7YDWES,1,3,idk,Can't tell / Neither,Can't tell / Neither,Can't tell / Neither,One-off label,,,,
6,6,0,2,0,O,7YDWES,1,4,rooster,One-off label,One-off label,One-off label,One-off label,,,,
6,6,0,2,0,O,7YDWES,1,5,stand,One-off label,One-off label,One-off label,One-off label,,,,
6,6,0,2,0,O,7YDWES,1,6,bow,One-off label,One-off label,One-off label,One-off label,,,,
6,6,0,2,0,O,7YDWES,1,7,split,One-off label,One-off label,One-off label,Can't tell / Neither,,,,
6,6,0,2,0,O,7YDWES,1,8,pray,One-off label,One-off label,One-off label,One-off label,,,,
6,0,6,2,0,S,8JTE0M,1,1,pby,Systematic label,Systematic label,Systematic label,Can't tell / Neither,,,,
6,0,6,2,0,S,8JTE0M,1,2,pby,Systematic label,Systematic label,Systematic label,Can't tell / Neither,,,,
6,0,6,2,0,S,8JTE0M,1,3,orb,Systematic label,Systematic label,Systematic label,Can't tell / Neither,,,,
6,0,6,2,0,S,8JTE0M,1,4,orb,Systematic label,Systematic label,Systematic label,Can't tell / Neither,,,,
6,0,6,2,0,S,8JTE0M,1,5,orbb,Can't tell / Neither,Can't tell / Neither,Can't tell / Neither,Systematic label,,,,
6,0,6,2,0,S,8JTE0M,1,6,orb,Systematic label,Systematic label,Systematic label,Can't tell / Neither,,,,
6,0,6,2,0,S,8JTE0M,1,7,pbyw,Can't tell / Neither,Can't tell / Neither,Can't tell / Neither,Systematic label,,,,
6,0,6,2,0,S,8JTE0M,1,8,pbr,Systematic label,Systematic label,Systematic label,Can't tell / Neither,,,,
6,6,0,1,1,O,8VMN7T,0,1,pray,One-off label,One-off label,One-off label,One-off label,Can't tell / Neither,,,
6,6,0,1,1,O,8VMN7T,0,2,step,One-off label,One-off label,One-off label,One-off label,Can't tell / Neither,,,
6,6,0,1,1,O,8VMN7T,0,3,tail,One-off label,One-off label,One-off label,One-off label,Systematic label,,,
6,6,0,1,1,O,8VMN7T,0,4,skate,One-off label,One-off label,One-off label,One-off label,Systematic label,,,
6,6,0,1,1,O,8VMN7T,0,5,priest,One-off label,One-off label,One-off label,One-off label,Can't tell / Neither,,,
6,6,0,1,1,O,8VMN7T,0,6,fin,,Can't tell / Neither,Can't tell / Neither,One-off label,One-off label,,,
6,6,0,1,1,O,8VMN7T,0,7,c,Can't tell / Neither,Can't tell / Neither,Can't tell / Neither,Can't tell / Neither,Systematic label,,,
6,6,0,1,1,O,8VMN7T,0,8,crouch,One-off label,One-off label,One-off label,One-off label,Can't tell / Neither,,,
6,6,0,2,0,O,92ZPH4,0,1,singer,One-off label,One-off label,One-off label,One-off label,,,,
6,6,0,2,0,O,92ZPH4,0,2,elephant,One-off label,One-off label,One-off label,One-off label,,,,
6,6,0,2,0,O,92ZPH4,0,3,angelr,Can't tell / Neither,Can't tell / Neither,Can't tell / Neither,Can't tell / Neither,,,,
6,6,0,2,0,O,92ZPH4,0,4,flamingo,One-off label,One-off label,One-off label,One-off label,,,,
6,6,0,2,0,O,92ZPH4,0,5,priest,One-off label,One-off label,One-off label,One-off label,,,,
6,6,0,2,0,O,92ZPH4,0,6,crouch,One-off label,One-off label,One-off label,Systematic label,,,,
6,6,0,2,0,O,92ZPH4,0,7,dancer,One-off label,One-off label,One-off label,Systematic label,,,,
6,6,0,2,0,O,92ZPH4,0,8,angell,Can't tell / Neither,Can't tell / Neither,Can't tell / Neither,Can't tell / Neither,,,,
6,6,0,2,0,O,92ZPH4,1,1,singer,One-off label,One-off label,One-off label,One-off label,One-off label,,,
6,6,0,2,0,O,92ZPH4,1,2,elephant,One-off label,One-off label,One-off label,One-off label,One-off label,,,
6,6,0,2,0,O,92ZPH4,1,3,angelr,Can't tell / Neither,Can't tell / Neither,Can't tell / Neither,Can't tell / Neither,Can't tell / Neither,,,
6,6,0,2,0,O,92ZPH4,1,4,flamingo,One-off label,One-off label,One-off label,One-off label,One-off label,,,
6,6,0,2,0,O,92ZPH4,1,5,priest,One-off label,One-off label,One-off label,One-off label,One-off label,,,
6,6,0,2,0,O,92ZPH4,1,6,crouch,One-off label,One-off label,One-off label,One-off label,Can't tell / Neither,,,
6,6,0,2,0,O,92ZPH4,1,7,dancer,One-off label,One-off label,One-off label,One-off label,One-off label,,,
6,6,0,2,0,O,92ZPH4,1,8,angell,Can't tell / Neither,Can't tell / Neither,Can't tell / Neither,Can't tell / Neither,Can't tell / Neither,,,
6,6,0,0,2,O,97MN2X,0,1,fly,One-off label,One-off label,One-off label,Systematic label,,,,
6,6,0,0,2,O,97MN2X,0,2,dance,One-off label,One-off label,One-off label,One-off label,,,,
6,6,0,0,2,O,97MN2X,0,3,girl,One-off label,One-off label,One-off label,Systematic label,,,,
6,6,0,0,2,O,97MN2X,0,4,kick,One-off label,One-off label,One-off label,One-off label,,,,
6,6,0,0,2,O,97MN2X,0,5,left,,Can't tell / Neither,One-off label,Systematic label,,,,
6,6,0,0,2,O,97MN2X,0,6,right,,Can't tell / Neither,One-off label,Systematic label,,,,
6,6,0,0,2,O,97MN2X,0,7,kneeing,One-off label,One-off label,One-off label,Systematic label,,,,
6,6,0,0,2,O,97MN2X,0,8,pointy right,One-off label,One-off label,One-off label,Systematic label,,,,
6,6,0,2,0,O,A5QAQ8,0,1,fall,One-off label,One-off label,One-off label,Can't tell / Neither,,,,
6,6,0,2,0,O,A5QAQ8,0,2,kick,One-off label,One-off label,One-off label,One-off label,,,,
6,6,0,2,0,O,A5QAQ8,0,3,kneel,One-off label,One-off label,One-off label,One-off label,,,,
6,6,0,2,0,O,A5QAQ8,0,4,kick,One-off label,One-off label,One-off label,One-off label,,,,
6,6,0,2,0,O,A5QAQ8,0,5,read,Can't tell / Neither,Can't tell / Neither,Can't tell / Neither,One-off label,,,,
6,6,0,2,0,O,A5QAQ8,0,6,read,Can't tell / Neither,Can't tell / Neither,Can't tell / Neither,One-off label,,,,
6,6,0,2,0,O,A5QAQ8,0,7,dance,One-off label,One-off label,One-off label,One-off label,,,,
6,6,0,2,0,O,A5QAQ8,0,8,kneel,One-off label,One-off label,One-off label,One-off label,,,,
6,6,2,0,0,O,A99BAG,0,1,girl,One-off label,One-off label,One-off label,One-off label,,,,
6,6,2,0,0,O,A99BAG,0,2,baby,One-off label,One-off label,One-off label,One-off label,,,,
6,6,2,0,0,O,A99BAG,0,3,yellow,Systematic label,Systematic label,Systematic label,Can't tell / Neither,,,,
6,6,2,0,0,O,A99BAG,0,4,legs,One-off label,One-off label,One-off label,Systematic label,,,,
6,6,2,0,0,O,A99BAG,0,5,clock,One-off label,One-off label,One-off label,Systematic label,,,,
6,6,2,0,0,O,A99BAG,0,6,glasses,One-off label,One-off label,One-off label,Systematic label,,,,
6,6,2,0,0,O,A99BAG,0,7,white,Systematic label,Systematic label,Systematic label,Can't tell / Neither,,,,
6,6,2,0,0,O,A99BAG,0,8,owl,One-off label,One-off label,One-off label,One-off label,,,,
6,6,0,2,0,O,ARZGAA,1,1,save,Can't tell / Neither,Can't tell / Neither,Can't tell / Neither,One-off label,,,,
6,6,0,2,0,O,ARZGAA,1,2,down,Can't tell / Neither,Can't tell / Neither,Can't tell / Neither,One-off label,,,,
6,6,0,2,0,O,ARZGAA,1,3,strike,One-off label,One-off label,One-off label,Can't tell / Neither,,,,
6,6,0,2,0,O,ARZGAA,1,4,kick,One-off label,One-off label,One-off label,Can't tell / Neither,,,,
6,6,0,2,0,O,ARZGAA,1,5,pray,One-off label,One-off label,One-off label,Can't tell / Neither,,,,
6,6,0,2,0,O,ARZGAA,1,6,squat,One-off label,One-off label,One-off label,Can't tell / Neither,,,,
6,6,0,2,0,O,ARZGAA,1,7,dance,One-off label,One-off label,One-off label,Systematic label,,,,
6,6,0,2,0,O,ARZGAA,1,8,kneel,One-off label,One-off label,One-off label,Can't tell / Neither,,,,
6,6,0,1,1,O,D390AY,0,1,yay,Can't tell / Neither,Can't tell / Neither,Can't tell / Neither,Systematic label,,,,
6,6,0,1,1,O,D390AY,0,2,kick,One-off label,One-off label,One-off label,Can't tell / Neither,,,,
6,6,0,1,1,O,D390AY,0,3,shoe,,Can't tell / Neither,One-off label,Systematic label,,,,
6,6,0,1,1,O,D390AY,0,4,skater,One-off label,One-off label,One-off label,Can't tell / Neither,,,,
6,6,0,1,1,O,D390AY,0,5,nun,One-off label,One-off label,One-off label,One-off label,,,,
6,6,0,1,1,O,D390AY,0,6,nun,One-off label,One-off label,One-off label,One-off label,,,,
6,6,0,1,1,O,D390AY,0,7,shoe,One-off label,One-off label,One-off label,Systematic label,,,,
6,6,0,1,1,O,D390AY,0,8,nun,One-off label,One-off label,One-off label,One-off label,,,,
6,6,0,1,1,O,FNZD3K,1,1,why,Can't tell / Neither,Can't tell / Neither,Can't tell / Neither,One-off label,,,,
6,6,0,1,1,O,FNZD3K,1,2,zoom,One-off label,One-off label,One-off label,One-off label,,,,
6,6,0,1,1,O,FNZD3K,1,3,kneeling,One-off label,One-off label,One-off label,Systematic label,,,,
6,6,0,1,1,O,FNZD3K,1,4,skating,,Can't tell / Neither,One-off label,Systematic label,,,,
6,6,0,1,1,O,FNZD3K,1,5,priest,One-off label,One-off label,One-off label,Can't tell / Neither,,,,
6,6,0,1,1,O,FNZD3K,1,6,pointing,One-off label,One-off label,One-off label,Systematic label,,,,
6,6,0,1,1,O,FNZD3K,1,7,dancing,One-off label,One-off label,One-off label,Systematic label,,,,
6,6,0,1,1,O,FNZD3K,1,8,pointing,One-off label,One-off label,One-off label,Systematic label,,,,
6,0,6,2,0,S,H82ZJ4,0,1,(no response),Can't tell / Neither,Can't tell / Neither,Can't tell / Neither,Can't tell / Neither,,,,
6,0,6,2,0,S,H82ZJ4,0,2,ll,Can't tell / Neither,Can't tell / Neither,Can't tell / Neither,Systematic label,,,,
6,0,6,2,0,S,H82ZJ4,0,3,ar,Systematic label,Systematic label,Systematic label,Can't tell / Neither,,,,
6,0,6,2,0,S,H82ZJ4,0,4,lr,Systematic label,Systematic label,Systematic label,Can't tell / Neither,,,,
6,0,6,2,0,S,H82ZJ4,0,5,al,Systematic label,Systematic label,Systematic label,Can't tell / Neither,,,,
6,0,6,2,0,S,H82ZJ4,0,6,ar,Systematic label,Systematic label,Systematic label,Can't tell / Neither,,,,
6,0,6,2,0,S,H82ZJ4,0,7,ar,Systematic label,Systematic label,Systematic label,Can't tell / Neither,,,,
6,0,6,2,0,S,H82ZJ4,0,8,ar,Systematic label,Systematic label,Systematic label,Can't tell / Neither,,,,
6,2,6,0,0,S,HMN4B3,1,1,pray,One-off label,One-off label,One-off label,One-off label,,,,
6,2,6,0,0,S,HMN4B3,1,2,fb,Systematic label,Systematic label,Systematic label,One-off label,,,,
6,2,6,0,0,S,HMN4B3,1,3,frb,Systematic label,Systematic label,Systematic label,Can't tell / Neither,,,,
6,2,6,0,0,S,HMN4B3,1,4,skate,One-off label,One-off label,One-off label,One-off label,,,,
6,2,6,0,0,S,HMN4B3,1,5,fl,Systematic label,Systematic label,Systematic label,Can't tell / Neither,,,,
6,2,6,0,0,S,HMN4B3,1,6,frs,Systematic label,Systematic label,Systematic label,Can't tell / Neither,,,,
6,2,6,0,0,S,HMN4B3,1,7,fu,Systematic label,Systematic label,Systematic label,Can't tell / Neither,,,,
6,2,6,0,0,S,HMN4B3,1,8,fr,Systematic label,Systematic label,Systematic label,Can't tell / Neither,,,,
6,6,2,0,0,O,K8WC5N,1,1,hand,One-off label,One-off label,One-off label,One-off label,,,,
6,6,2,0,0,O,K8WC5N,1,2,kick,One-off label,One-off label,One-off label,One-off label,,,,
6,6,2,0,0,O,K8WC5N,1,3,clueless,One-off label,One-off label,One-off label,One-off label,,,,
6,6,2,0,0,O,K8WC5N,1,4,oneleg,Systematic label,Systematic label,Systematic label,One-off label,,,,
6,6,2,0,0,O,K8WC5N,1,5,straight,One-off label,One-off label,One-off label,Systematic label,,,,
6,6,2,0,0,O,K8WC5N,1,6,almostkneel,Systematic label,Systematic label,Systematic label,One-off label,,,,
6,6,2,0,0,O,K8WC5N,1,7,dance,One-off label,One-off label,One-off label,One-off label,,,,
6,6,2,0,0,O,K8WC5N,1,8,kneel,One-off label,One-off label,One-off label,One-off label,,,,
6,6,0,0,2,O,KV94XV,0,1,falling,One-off label,One-off label,One-off label,Can't tell / Neither,,,,
6,6,0,0,2,O,KV94XV,0,2,posing,One-off label,One-off label,One-off label,Can't tell / Neither,,,,
6,6,0,0,2,O,KV94XV,0,3,dancing,One-off label,One-off label,One-off label,Can't tell / Neither,,,,
6,6,0,0,2,O,KV94XV,0,4,balancing,One-off label,One-off label,One-off label,Can't tell / Neither,,,,
6,6,0,0,2,O,KV94XV,0,5,giving,One-off label,One-off label,One-off label,Can't tell / Neither,,,,
6,6,0,0,2,O,KV94XV,0,6,kneeling,,Can't tell / Neither,One-off label,Systematic label,,,,
6,6,0,0,2,O,KV94XV,0,7,falling,One-off label,One-off label,One-off label,Can't tell / Neither,,,,
6,6,0,0,2,O,KV94XV,0,8,kneeling,,Can't tell / Neither,One-off label,Systematic label,,,,
6,0,6,2,0,S,MD4YG2,1,1,purple,Systematic label,Systematic label,Systematic label,One-off label,,,,
6,0,6,2,0,S,MD4YG2,1,2,pink,Systematic label,Systematic label,Systematic label,One-off label,,,,
6,0,6,2,0,S,MD4YG2,1,3,orange,Systematic label,Systematic label,Systematic label,One-off label,,,,
6,0,6,2,0,S,MD4YG2,1,4,brown,Systematic label,Systematic label,Systematic label,One-off label,,,,
6,0,6,2,0,S,MD4YG2,1,5,blue,Systematic label,Systematic label,Systematic label,One-off label,,,,
6,0,6,2,0,S,MD4YG2,1,6,black,Systematic label,Systematic label,Systematic label,One-off label,,,,
6,0,6,2,0,S,MD4YG2,1,7,short,Can't tell / Neither,Can't tell / Neither,Can't tell / Neither,One-off label,,,,
6,0,6,2,0,S,MD4YG2,1,8,tall,Can't tell / Neither,Can't tell / Neither,Can't tell / Neither,One-off label,,,,
6,6,2,0,0,O,MPX3JM,0,1,purple lighter,One-off label,One-off label,One-off label,Systematic label,,,,
6,6,2,0,0,O,MPX3JM,0,2,files,One-off label,One-off label,One-off label,Can't tell / Neither,,,,
6,6,2,0,0,O,MPX3JM,0,3,yellow lighter,One-off label,One-off label,One-off label,Systematic label,,,,
6,6,2,0,0,O,MPX3JM,0,4,big legs,One-off label,One-off label,One-off label,Systematic label,,,,
6,6,2,0,0,O,MPX3JM,0,5,toilet,One-off label,One-off label,One-off label,One-off label,,,,
6,6,2,0,0,O,MPX3JM,0,6,black short guy,Systematic label,Systematic label,Systematic label,Systematic label,,,,
6,6,2,0,0,O,MPX3JM,0,7,white lighter,One-off label,One-off label,One-off label,Systematic label,,,,
6,6,2,0,0,O,MPX3JM,0,8,white tall guy,Systematic label,Systematic label,Systematic label,Systematic label,,,,
6,2,6,0,0,S,MPX3JM,1,1,purple lighter,Systematic label,Systematic label,Systematic label,Systematic label,,,,
6,2,6,0,0,S,MPX3JM,1,2,files,One-off label,One-off label,One-off label,One-off label,,,,
6,2,6,0,0,S,MPX3JM,1,3,yellow lighter,Systematic label,Systematic label,Systematic label,Can't tell / Neither,,,,
6,2,6,0,0,S,MPX3JM,1,4,big legs,Systematic label,Systematic label,Systematic label,Systematic label,,,,
6,2,6,0,0,S,MPX3JM,1,5,toilet,One-off label,One-off label,One-off label,One-off label,,,,
6,2,6,0,0,S,MPX3JM,1,6,small black guy,Systematic label,Systematic label,Systematic label,Systematic label,,,,
6,2,6,0,0,S,MPX3JM,1,7,white lighter,Systematic label,Systematic label,Systematic label,Systematic label,,,,
6,2,6,0,0,S,MPX3JM,1,8,white tall guy,Systematic label,Systematic label,Systematic label,Systematic label,,,,
6,2,6,0,0,S,P0JRKR,0,1,fly,Systematic label,Systematic label,Systematic label,One-off label,,,,
6,2,6,0,0,S,P0JRKR,0,2,climb,Systematic label,Systematic label,Systematic label,One-off label,,,,
6,2,6,0,0,S,P0JRKR,0,3,angel,One-off label,One-off label,One-off label,Systematic label,,,,
6,2,6,0,0,S,P0JRKR,0,4,dance,Systematic label,Systematic label,Systematic label,One-off label,,,,
6,2,6,0,0,S,P0JRKR,0,5,priest,One-off label,One-off label,One-off label,Systematic label,,,,
6,2,6,0,0,S,P0JRKR,0,6,pray,Systematic label,Systematic label,Systematic label,Can't tell / Neither,,,,
6,2,6,0,0,S,P0JRKR,0,7,claw,Systematic label,Systematic label,Systematic label,One-off label,,,,
6,2,6,0,0,S,P0JRKR,0,8,kneel,Systematic label,Systematic label,Systematic label,One-off label,,,,
6,6,0,0,2,O,T1QFQN,1,1,flat,,Can't tell / Neither,One-off label,Systematic label,,,,
6,6,0,0,2,O,T1QFQN,1,2,lorry,One-off label,One-off label,One-off label,Systematic label,,,,
6,6,0,0,2,O,T1QFQN,1,3,bin,One-off label,One-off label,One-off label,Systematic label,,,,
6,6,0,0,2,O,T1QFQN,1,4,robot,One-off label,One-off label,One-off label,One-off label,,,,
6,6,0,0,2,O,T1QFQN,1,5,toy,,Can't tell / Neither,One-off label,Systematic label,,,,
6,6,0,0,2,O,T1QFQN,1,6,jet,One-off label,One-off label,One-off label,One-off label,,,,
6,6,0,0,2,O,T1QFQN,1,7,cart,One-off label,One-off label,One-off label,One-off label,,,,
6,6,0,0,2,O,T1QFQN,1,8,icecream,One-off label,One-off label,One-off label,One-off label,,,,
6,6,2,0,0,O,TVX9PZ,0,1,falling,One-off label,One-off label,One-off label,Systematic label,,,,
6,6,2,0,0,O,TVX9PZ,0,2,jumping,One-off label,One-off label,One-off label,Systematic label,,,,
6,6,2,0,0,O,TVX9PZ,0,3,dancing,One-off label,One-off label,One-off label,Systematic label,,,,
6,6,2,0,0,O,TVX9PZ,0,4,bird,One-off label,One-off label,One-off label,One-off label,,,,
6,6,2,0,0,O,TVX9PZ,0,5,gown,One-off label,One-off label,One-off label,One-off label,,,,
6,6,2,0,0,O,TVX9PZ,0,6,praying bending,Systematic label,Systematic label,Systematic label,One-off label,,,,
6,6,2,0,0,O,TVX9PZ,0,7,dancing,One-off label,One-off label,One-off label,Systematic label,,,,
6,6,2,0,0,O,TVX9PZ,0,8,praying standing,Systematic label,Systematic label,Systematic label,One-off label,,,,
6,6,0,0,2,O,TVX9PZ,1,1,falling,One-off label,One-off label,One-off label,Systematic label,,,,
6,6,0,0,2,O,TVX9PZ,1,2,jumping,One-off label,One-off label,One-off label,Systematic label,,,,
6,6,0,0,2,O,TVX9PZ,1,3,running,One-off label,One-off label,One-off label,Systematic label,,,,
6,6,0,0,2,O,TVX9PZ,1,4,bird,One-off label,One-off label,One-off label,One-off label,,,,
6,6,0,0,2,O,TVX9PZ,1,5,gown,One-off label,One-off label,One-off label,Can't tell / Neither,,,,
6,6,0,0,2,O,TVX9PZ,1,6,praying bending,,Can't tell / Neither,One-off label,Systematic label,,,,
6,6,0,0,2,O,TVX9PZ,1,7,dancing,One-off label,One-off label,One-off label,One-off label,,,,
6,6,0,0,2,O,TVX9PZ,1,8,praying standing,,Can't tell / Neither,One-off label,Systematic label,,,,
6,6,2,0,0,O,VDV067,0,1,hallelujah,One-off label,One-off label,One-off label,Can't tell / Neither,,,,
6,6,2,0,0,O,VDV067,0,2,right leg up,Systematic label,Systematic label,Systematic label,Systematic label,,,,
6,6,2,0,0,O,VDV067,0,3,bow,One-off label,One-off label,One-off label,Systematic label,,,,
6,6,2,0,0,O,VDV067,0,4,bend,One-off label,One-off label,One-off label,Systematic label,,,,
6,6,2,0,0,O,VDV067,0,5,point,One-off label,One-off label,One-off label,Systematic label,,,,
6,6,2,0,0,O,VDV067,0,6,pray,One-off label,One-off label,One-off label,Systematic label,,,,
6,6,2,0,0,O,VDV067,0,7,snap,One-off label,One-off label,One-off label,Systematic label,,,,
6,6,2,0,0,O,VDV067,0,8,pray point,Systematic label,Systematic label,Systematic label,Systematic label,,,,
6,6,0,1,1,O,WFFYV5,0,1,gum,One-off label,One-off label,One-off label,Can't tell / Neither,,,,
6,6,0,1,1,O,WFFYV5,0,2,smallest,,Can't tell / Neither,One-off label,Systematic label,,,,
6,6,0,1,1,O,WFFYV5,0,3,orange,One-off label,One-off label,One-off label,One-off label,,,,
6,6,0,1,1,O,WFFYV5,0,4,legs,Can't tell / Neither,Can't tell / Neither,Can't tell / Neither,Systematic label,,,,
6,6,0,1,1,O,WFFYV5,0,5,blue,One-off label,One-off label,One-off label,Systematic label,,,,
6,6,0,1,1,O,WFFYV5,0,6,bug,One-off label,One-off label,One-off label,One-off label,,,,
6,6,0,1,1,O,WFFYV5,0,7,bubble,One-off label,One-off label,One-off label,Can't tell / Neither,,,,
6,6,0,1,1,O,WFFYV5,0,8,tallest,One-off label,One-off label,One-off label,Systematic label,,,,
6,6,1,1,0,O,XR6T3T,1,1,why,Can't tell / Neither,Can't tell / Neither,Can't tell / Neither,One-off label,,,,
6,6,1,1,0,O,XR6T3T,1,2,dinosaur,One-off label,One-off label,One-off label,Can't tell / Neither,,,,
6,6,1,1,0,O,XR6T3T,1,3,mountain,One-off label,One-off label,One-off label,Can't tell / Neither,,,,
6,6,1,1,0,O,XR6T3T,1,4,iceskating,One-off label,One-off label,One-off label,Can't tell / Neither,,,,
6,6,1,1,0,O,XR6T3T,1,5,man,One-off label,One-off label,One-off label,Can't tell / Neither,,,,
6,6,1,1,0,O,XR6T3T,1,6,sit,One-off label,One-off label,One-off label,Can't tell / Neither,,,,
6,6,1,1,0,O,XR6T3T,1,7,tango,One-off label,One-off label,One-off label,Can't tell / Neither,,,,
6,6,1,1,0,O,XR6T3T,1,8,right angle,Systematic label,Systematic label,Systematic label,Systematic label,,,,
6,6,1,1,0,O,Z0KKA1,1,1,hide,One-off label,One-off label,One-off label,Systematic label,,,,
6,6,1,1,0,O,Z0KKA1,1,2,sweet,One-off label,One-off label,One-off label,Systematic label,,,,
6,6,1,1,0,O,Z0KKA1,1,3,(no response),Can't tell / Neither,Can't tell / Neither,Can't tell / Neither,Can't tell / Neither,,,,
6,6,1,1,0,O,Z0KKA1,1,4,brown,One-off label,One-off label,One-off label,Systematic label,,,,
6,6,1,1,0,O,Z0KKA1,1,5,blue,One-off label,One-off label,One-off label,Systematic label,,,,
6,6,1,1,0,O,Z0KKA1,1,6,black,One-off label,One-off label,One-off label,Systematic label,,,,
6,6,1,1,0,O,Z0KKA1,1,7,white,One-off label,One-off label,One-off label,Systematic label,,,,
6,6,1,1,0,O,Z0KKA1,1,8,long,Systematic label,Systematic label,Systematic label,One-off label,,,,
6,6,1,0,1,O,Z7SSB3,0,1,pinky,One-off label,One-off label,One-off label,One-off label,Can't tell / Neither,Systematic label,,
6,6,1,0,1,O,Z7SSB3,0,2,little,,One-off label,One-off label,Systematic label,Systematic label,Can't tell / Neither,,
6,6,1,0,1,O,Z7SSB3,0,3,yellow,One-off label,One-off label,One-off label,One-off label,One-off label,Systematic label,,
6,6,1,0,1,O,Z7SSB3,0,4,long legs brown,Systematic label,Systematic label,Systematic label,Systematic label,Systematic label,Systematic label,,
6,6,1,0,1,O,Z7SSB3,0,5,blue,One-off label,One-off label,One-off label,One-off label,One-off label,Systematic label,,
6,6,1,0,1,O,Z7SSB3,0,6,short,One-off label,One-off label,One-off label,One-off label,Systematic label,Systematic label,,
6,6,1,0,1,O,Z7SSB3,0,7,white,One-off label,One-off label,One-off label,One-off label,One-off label,Systematic label,,
6,6,1,0,1,O,Z7SSB3,0,8,tall,One-off label,One-off label,One-off label,One-off label,One-off label,Systematic label,,
6,0,6,2,0,S,ZR4NH1,1,1,"center head, right arms",Systematic label,Systematic label,Systematic label,Systematic label,,,,
6,0,6,2,0,S,ZR4NH1,1,2,"right head, left legs",Systematic label,Systematic label,Systematic label,Systematic label,,,,
6,0,6,2,0,S,ZR4NH1,1,3,"center head, center arms",Systematic label,Systematic label,Systematic label,Systematic label,,,,
6,0,6,2,0,S,ZR4NH1,1,4,(no response),Can't tell / Neither,Can't tell / Neither,Can't tell / Neither,Systematic label,,,,
6,0,6,2,0,S,ZR4NH1,1,5,"center head, left arms",Systematic label,Systematic label,Systematic label,Systematic label,,,,
6,0,6,2,0,S,ZR4NH1,1,6,"center head, right arms",Systematic label,Systematic label,Systematic label,Systematic label,,,,
6,0,6,2,0,S,ZR4NH1,1,7,(no response),Can't tell / Neither,Can't tell / Neither,Can't tell / Neither,One-off label,,,,
6,0,6,2,0,S,ZR4NH1,1,8,"center head, right arms",Systematic label,Systematic label,Systematic label,Systematic label,,,,
6,6,0,0,2,O,ZSRWVW,0,1,hug 2,One-off label,One-off label,One-off label,Can't tell / Neither,,,,
6,6,0,0,2,O,ZSRWVW,0,2,one step,One-off label,One-off label,One-off label,Can't tell / Neither,,,,
6,6,0,0,2,O,ZSRWVW,0,3,hug 1,,Can't tell / Neither,One-off label,Systematic label,,,,
6,6,0,0,2,O,ZSRWVW,0,4,kick,One-off label,One-off label,One-off label,Can't tell / Neither,,,,
6,6,0,0,2,O,ZSRWVW,0,5,back,One-off label,One-off label,One-off label,Can't tell / Neither,,,,
6,6,0,0,2,O,ZSRWVW,0,6,bend,One-off label,One-off label,One-off label,Can't tell / Neither,,,,
6,6,0,0,2,O,ZSRWVW,0,7,fall,,Can't tell / Neither,One-off label,Systematic label,,,,
6,6,0,0,2,O,ZSRWVW,0,8,one step,One-off label,One-off label,One-off label,Can't tell / Neither,,,,
6,6,0,0,2,O,ZSRWVW,1,1,hug 1,,One-off label,One-off label,Systematic label,Systematic label,Can't tell / Neither,,
6,6,0,0,2,O,ZSRWVW,1,2,one step,,One-off label,One-off label,Systematic label,Systematic label,Can't tell / Neither,,
6,6,0,0,2,O,ZSRWVW,1,3,bend,One-off label,One-off label,One-off label,One-off label,One-off label,One-off label,,
6,6,0,0,2,O,ZSRWVW,1,4,kick,One-off label,One-off label,One-off label,One-off label,One-off label,One-off label,,
6,6,0,0,2,O,ZSRWVW,1,5,back,One-off label,One-off label,One-off label,One-off label,One-off label,One-off label,,
6,6,0,0,2,O,ZSRWVW,1,6,fall,One-off label,One-off label,One-off label,One-off label,One-off label,One-off label,,
6,6,0,0,2,O,ZSRWVW,1,7,fall,One-off label,One-off label,One-off label,One-off label,One-off label,One-off label,,
6,6,0,0,2,O,ZSRWVW,1,8,bend,One-off label,One-off label,One-off label,One-off label,One-off label,One-off label,,
7,0,0,1,7,neither,JT5KTQ,1,1,l1r,,Can't tell / Neither,Systematic label,,,,,
7,0,0,1,7,neither,JT5KTQ,1,2,l2r,,Can't tell / Neither,Systematic label,,,,,
7,0,0,1,7,neither,JT5KTQ,1,3,l1s,,Can't tell / Neither,Systematic label,,,,,
7,0,0,1,7,neither,JT5KTQ,1,4,r2s,,Can't tell / Neither,Systematic label,,,,,
7,0,0,1,7,neither,JT5KTQ,1,5,l1s,,Can't tell / Neither,Systematic label,,,,,
7,0,0,1,7,neither,JT5KTQ,1,6,r1s,,Can't tell / Neither,Systematic label,,,,,
7,0,0,1,7,neither,JT5KTQ,1,7,r2,Can't tell / Neither,Can't tell / Neither,Can't tell / Neither,,,,,
7,0,0,1,7,neither,JT5KTQ,1,8,l1s,,Can't tell / Neither,Systematic label,,,,,
7,0,1,7,0,neither,7ZTEW8,0,1,lpy,Systematic label,Systematic label,Systematic label,Can't tell / Neither,,,,
7,0,1,7,0,neither,7ZTEW8,0,2,p,Can't tell / Neither,Can't tell / Neither,Can't tell / Neither,Systematic label,,,,
7,0,1,7,0,neither,7ZTEW8,0,3,o,Can't tell / Neither,Can't tell / Neither,Can't tell / Neither,Systematic label,,,,
7,0,1,7,0,neither,7ZTEW8,0,4,rob,Can't tell / Neither,Can't tell / Neither,Can't tell / Neither,Can't tell / Neither,,,,
7,0,1,7,0,neither,7ZTEW8,0,5,b,Can't tell / Neither,Can't tell / Neither,Can't tell / Neither,Systematic label,,,,
7,0,1,7,0,neither,7ZTEW8,0,6,bl,Can't tell / Neither,Can't tell / Neither,Can't tell / Neither,Systematic label,,,,
7,0,1,7,0,neither,7ZTEW8,0,7,w,Can't tell / Neither,Can't tell / Neither,Can't tell / Neither,Systematic label,,,,
7,0,1,7,0,neither,7ZTEW8,0,8,wh,Can't tell / Neither,Can't tell / Neither,Can't tell / Neither,Systematic label,,,,
7,7,0,1,0,O,0E3FH7,0,1,toilet,One-off label,One-off label,One-off label,One-off label,,,,
7,7,0,1,0,O,0E3FH7,0,2,snail,One-off label,One-off label,One-off label,One-off label,,,,
7,7,0,1,0,O,0E3FH7,0,3,orange,One-off label,One-off label,One-off label,One-off label,,,,
7,7,0,1,0,O,0E3FH7,0,4,brown,One-off label,One-off label,One-off label,One-off label,,,,
7,7,0,1,0,O,0E3FH7,0,5,white,One-off label,One-off label,One-off label,One-off label,,,,
7,7,0,1,0,O,0E3FH7,0,6,black,One-off label,One-off label,One-off label,One-off label,,,,
7,7,0,1,0,O,0E3FH7,0,7,white,One-off label,One-off label,One-off label,One-off label,,,,
7,7,0,1,0,O,0E3FH7,0,8,robber,Can't tell / Neither,Can't tell / Neither,Can't tell / Neither,Systematic label,,,,
7,7,0,1,0,O,1CAZ6R,0,1,player,One-off label,One-off label,One-off label,Can't tell / Neither,,,,
7,7,0,1,0,O,1CAZ6R,0,2,ghost,One-off label,One-off label,One-off label,Can't tell / Neither,,,,
7,7,0,1,0,O,1CAZ6R,0,3,singer,One-off label,One-off label,One-off label,Can't tell / Neither,,,,
7,7,0,1,0,O,1CAZ6R,0,4,gymnastyc,Can't tell / Neither,Can't tell / Neither,Can't tell / Neither,One-off label,,,,
7,7,0,1,0,O,1CAZ6R,0,5,priest,One-off label,One-off label,One-off label,Can't tell / Neither,,,,
7,7,0,1,0,O,1CAZ6R,0,6,begger,One-off label,One-off label,One-off label,Can't tell / Neither,,,,
7,7,0,1,0,O,1CAZ6R,0,7,dancer,One-off label,One-off label,One-off label,Can't tell / Neither,,,,
7,7,0,1,0,O,1CAZ6R,0,8,prayer,One-off label,One-off label,One-off label,Can't tell / Neither,,,,
7,7,0,1,0,O,1E5GA2,0,1,laying,One-off label,One-off label,One-off label,Can't tell / Neither,,,,
7,7,0,1,0,O,1E5GA2,0,2,leaning,One-off label,One-off label,One-off label,Can't tell / Neither,,,,
7,7,0,1,0,O,1E5GA2,0,3,dancing,One-off label,One-off label,One-off label,Can't tell / Neither,,,,
7,7,0,1,0,O,1E5GA2,0,4,yoga,One-off label,One-off label,One-off label,Can't tell / Neither,,,,
7,7,0,1,0,O,1E5GA2,0,5,reading,One-off label,One-off label,One-off label,One-off label,,,,
7,7,0,1,0,O,1E5GA2,0,6,bending,One-off label,One-off label,One-off label,One-off label,,,,
7,7,0,1,0,O,1E5GA2,0,7,snake,One-off label,One-off label,One-off label,Can't tell / Neither,,,,
7,7,0,1,0,O,1E5GA2,0,8,jumping,Can't tell / Neither,Can't tell / Neither,Can't tell / Neither,One-off label,,,,
7,7,1,0,0,O,1KXBRG,1,1,v,One-off label,One-off label,One-off label,Can't tell / Neither,,,,
7,7,1,0,0,O,1KXBRG,1,2,worm,One-off label,One-off label,One-off label,Systematic label,,,,
7,7,1,0,0,O,1KXBRG,1,3,flame,One-off label,One-off label,One-off label,Systematic label,,,,
7,7,1,0,0,O,1KXBRG,1,4,l,One-off label,One-off label,One-off label,Can't tell / Neither,,,,
7,7,1,0,0,O,1KXBRG,1,5,blue,Systematic label,Systematic label,Systematic label,One-off label,,,,
7,7,1,0,0,O,1KXBRG,1,6,s,One-off label,One-off label,One-off label,Can't tell / Neither,,,,
7,7,1,0,0,O,1KXBRG,1,7,w,One-off label,One-off label,One-off label,Can't tell / Neither,,,,
7,7,1,0,0,O,1KXBRG,1,8,m,One-off label,One-off label,One-off label,Can't tell / Neither,,,,
7,7,0,1,0,O,28XQGK,1,1,plum,One-off label,One-off label,One-off label,One-off label,,,,
7,7,0,1,0,O,28XQGK,1,2,piyo,Can't tell / Neither,Can't tell / Neither,Can't tell / Neither,Systematic label,,,,
7,7,0,1,0,O,28XQGK,1,3,orange,One-off label,One-off label,One-off label,One-off label,,,,
7,7,0,1,0,O,28XQGK,1,4,brown,One-off label,One-off label,One-off label,Systematic label,,,,
7,7,0,1,0,O,28XQGK,1,5,blue,One-off label,One-off label,One-off label,Systematic label,,,,
7,7,0,1,0,O,28XQGK,1,6,black,One-off label,One-off label,One-off label,Systematic label,,,,
7,7,0,1,0,O,28XQGK,1,7,white,One-off label,One-off label,One-off label,Systematic label,,,,
7,7,0,1,0,O,28XQGK,1,8,penguin,One-off label,One-off label,One-off label,Can't tell / Neither,,,,
7,1,7,0,0,S,2NM4F8,1,1,purple,Systematic label,Systematic label,Systematic label,One-off label,,,,
7,1,7,0,0,S,2NM4F8,1,2,pink,Systematic label,Systematic label,Systematic label,One-off label,,,,
7,1,7,0,0,S,2NM4F8,1,3,yellow,Systematic label,Systematic label,Systematic label,One-off label,,,,
7,1,7,0,0,S,2NM4F8,1,4,brown,Systematic label,Systematic label,Systematic label,One-off label,,,,
7,1,7,0,0,S,2NM4F8,1,5,blue,Systematic label,Systematic label,Systematic label,One-off label,,,,
7,1,7,0,0,S,2NM4F8,1,6,black,Systematic label,Systematic label,Systematic label,One-off label,,,,
7,1,7,0,0,S,2NM4F8,1,7,white,Systematic label,Systematic label,Systematic label,One-off label,,,,
7,1,7,0,0,S,2NM4F8,1,8,tall,One-off label,One-off label,One-off label,One-off label,,,,
7,7,0,1,0,O,34WHMR,0,1,ghost,One-off label,One-off label,One-off label,One-off label,,,,
7,7,0,1,0,O,34WHMR,0,2,zombie,One-off label,One-off label,One-off label,One-off label,,,,
7,7,0,1,0,O,34WHMR,0,3,square,One-off label,One-off label,One-off label,One-off label,,,,
7,7,0,1,0,O,34WHMR,0,4,chicken,One-off label,One-off label,One-off label,One-off label,,,,
7,7,0,1,0,O,34WHMR,0,5,box,One-off label,One-off label,One-off label,One-off label,,,,
7,7,0,1,0,O,34WHMR,0,6,knees,One-off label,One-off label,One-off label,One-off label,,,,
7,7,0,1,0,O,34WHMR,0,7,d,Can't tell / Neither,Can't tell / Neither,Can't tell / Neither,Can't tell / Neither,,,,
7,7,0,1,0,O,34WHMR,0,8,tail,One-off label,One-off label,One-off label,Systematic label,,,,
7,7,0,1,0,O,3D2C9Y,1,1,falling,One-off label,One-off label,One-off label,Systematic label,,,,
7,7,0,1,0,O,3D2C9Y,1,2,climbing,One-off label,One-off label,One-off label,One-off label,,,,
7,7,0,1,0,O,3D2C9Y,1,3,knelling,One-off label,One-off label,One-off label,Systematic label,,,,
7,7,0,1,0,O,3D2C9Y,1,4,no remember,Can't tell / Neither,Can't tell / Neither,Can't tell / Neither,Can't tell / Neither,,,,
7,7,0,1,0,O,3D2C9Y,1,5,nun,One-off label,One-off label,One-off label,One-off label,,,,
7,7,0,1,0,O,3D2C9Y,1,6,knelling,One-off label,One-off label,One-off label,Systematic label,,,,
7,7,0,1,0,O,3D2C9Y,1,7,falling,One-off label,One-off label,One-off label,Systematic label,,,,
7,7,0,1,0,O,3D2C9Y,1,8,priest,One-off label,One-off label,One-off label,One-off label,,,,
7,7,0,1,0,O,5XQ72P,0,1,mute,Can't tell / Neither,Can't tell / Neither,Can't tell / Neither,One-off label,,,,
7,7,0,1,0,O,5XQ72P,0,2,candy,One-off label,One-off label,One-off label,One-off label,,,,
7,7,0,1,0,O,5XQ72P,0,3,cheese,One-off label,One-off label,One-off label,One-off label,,,,
7,7,0,1,0,O,5XQ72P,0,4,legs,One-off label,One-off label,One-off label,One-off label,,,,
7,7,0,1,0,O,5XQ72P,0,5,fat,One-off label,One-off label,One-off label,One-off label,,,,
7,7,0,1,0,O,5XQ72P,0,6,midget,One-off label,One-off label,One-off label,One-off label,,,,
7,7,0,1,0,O,5XQ72P,0,7,cow,One-off label,One-off label,One-off label,One-off label,,,,
7,7,0,1,0,O,5XQ72P,0,8,tall,One-off label,One-off label,One-off label,One-off label,,,,
7,7,0,1,0,O,5ZXSPS,0,1,wave,One-off label,One-off label,One-off label,One-off label,,,,
7,7,0,1,0,O,5ZXSPS,0,2,zombie,One-off label,One-off label,One-off label,One-off label,,,,
7,7,0,1,0,O,5ZXSPS,0,3,punch,One-off label,One-off label,One-off label,Can't tell / Neither,,,,
7,7,0,1,0,O,5ZXSPS,0,4,kick,One-off label,One-off label,One-off label,One-off label,,,,
7,7,0,1,0,O,5ZXSPS,0,5,hold,One-off label,One-off label,One-off label,Can't tell / Neither,,,,
7,7,0,1,0,O,5ZXSPS,0,6,sit,One-off label,One-off label,One-off label,One-off label,,,,
7,7,0,1,0,O,5ZXSPS,0,7,split,One-off label,One-off label,One-off label,One-off label,,,,
7,7,0,1,0,O,5ZXSPS,0,8,lecture,Can't tell / Neither,Can't tell / Neither,Can't tell / Neither,Systematic label,,,,
7,1,7,0,0,S,6FYRF3,0,1,purple black yellow big,Systematic label,Systematic label,Systematic label,One-off label,,,,
7,1,7,0,0,S,6FYRF3,0,2,small yellow,Systematic label,Systematic label,Systematic label,Systematic label,,,,
7,1,7,0,0,S,6FYRF3,0,3,orange red brown,Systematic label,Systematic label,Systematic label,One-off label,,,,
7,1,7,0,0,S,6FYRF3,0,4,orange red brown og,Systematic label,Systematic label,Systematic label,Systematic label,,,,
7,1,7,0,0,S,6FYRF3,0,5,blue,Systematic label,Systematic label,Systematic label,One-off label,,,,
7,1,7,0,0,S,6FYRF3,0,6,small black,Systematic label,Systematic label,Systematic label,Systematic label,,,,
7,1,7,0,0,S,6FYRF3,0,7,purple black yellow,Systematic label,Systematic label,Systematic label,Systematic label,,,,
7,1,7,0,0,S,6FYRF3,0,8,penguin,One-off label,One-off label,One-off label,One-off label,,,,
7,1,7,0,0,S,6FYRF3,1,1,purple black yellow big,Systematic label,Systematic label,Systematic label,Systematic label,,,,
7,1,7,0,0,S,6FYRF3,1,2,small purple,Systematic label,Systematic label,Systematic label,Systematic label,,,,
7,1,7,0,0,S,6FYRF3,1,3,orange red brown,Systematic label,Systematic label,Systematic label,Systematic label,,,,
7,1,7,0,0,S,6FYRF3,1,4,orange red brown og,Systematic label,Systematic label,Systematic label,Systematic label,,,,
7,1,7,0,0,S,6FYRF3,1,5,orange blue brown,Systematic label,Systematic label,Systematic label,Systematic label,,,,
7,1,7,0,0,S,6FYRF3,1,6,small black,Systematic label,Systematic label,Systematic label,Systematic label,,,,
7,1,7,0,0,S,6FYRF3,1,7,purple black yellow small,Systematic label,Systematic label,Systematic label,Systematic label,,,,
7,1,7,0,0,S,6FYRF3,1,8,penguin,One-off label,One-off label,One-off label,One-off label,,,,
7,7,1,0,0,O,79E82M,1,1,cheering,One-off label,One-off label,One-off label,Systematic label,,,,
7,7,1,0,0,O,79E82M,1,2,drunk,One-off label,One-off label,One-off label,One-off label,,,,
7,7,1,0,0,O,79E82M,1,3,abstract,One-off label,One-off label,One-off label,One-off label,,,,
7,7,1,0,0,O,79E82M,1,4,skating,One-off label,One-off label,One-off label,Systematic label,,,,
7,7,1,0,0,O,79E82M,1,5,priest,One-off label,One-off label,One-off label,One-off label,,,,
7,7,1,0,0,O,79E82M,1,6,praying,One-off label,One-off label,One-off label,One-off label,,,,
7,7,1,0,0,O,79E82M,1,7,seal,One-off label,One-off label,One-off label,Can't tell / Neither,,,,
7,7,1,0,0,O,79E82M,1,8,2 square head,Systematic label,Systematic label,Systematic label,One-off label,,,,
7,7,0,1,0,O,7TP0DW,1,1,flying,One-off label,One-off label,One-off label,One-off label,,,,
7,7,0,1,0,O,7TP0DW,1,2,(no response),Can't tell / Neither,Can't tell / Neither,Can't tell / Neither,Systematic label,,,,
7,7,0,1,0,O,7TP0DW,1,3,kneeling,One-off label,One-off label,One-off label,One-off label,,,,
7,7,0,1,0,O,7TP0DW,1,4,yoga,One-off label,One-off label,One-off label,Systematic label,,,,
7,7,0,1,0,O,7TP0DW,1,5,standing,One-off label,One-off label,One-off label,Systematic label,,,,
7,7,0,1,0,O,7TP0DW,1,6,sitting,One-off label,One-off label,One-off label,Systematic label,,,,
7,7,0,1,0,O,7TP0DW,1,7,sliding,One-off label,One-off label,One-off label,One-off label,,,,
7,7,0,1,0,O,7TP0DW,1,8,half kneeling,One-off label,One-off label,One-off label,One-off label,,,,
7,7,0,1,0,O,7YDWES,0,1,cheer,One-off label,One-off label,One-off label,One-off label,,,,
7,7,0,1,0,O,7YDWES,0,2,one,One-off label,One-off label,One-off label,Systematic label,,,,
7,7,0,1,0,O,7YDWES,0,3,idk,Can't tell / Neither,Can't tell / Neither,Can't tell / Neither,Can't tell / Neither,,,,
7,7,0,1,0,O,7YDWES,0,4,rooster,One-off label,One-off label,One-off label,One-off label,,,,
7,7,0,1,0,O,7YDWES,0,5,strait,One-off label,One-off label,One-off label,Systematic label,,,,
7,7,0,1,0,O,7YDWES,0,6,bow,One-off label,One-off label,One-off label,One-off label,,,,
7,7,0,1,0,O,7YDWES,0,7,split,One-off label,One-off label,One-off label,Systematic label,,,,
7,7,0,1,0,O,7YDWES,0,8,pray,One-off label,One-off label,One-off label,One-off label,,,,
7,7,0,1,0,O,8VMN7T,1,1,pray,One-off label,One-off label,,,,,,
7,7,0,1,0,O,8VMN7T,1,2,step,One-off label,One-off label,,,,,,
7,7,0,1,0,O,8VMN7T,1,3,tail,One-off label,One-off label,,,,,,
7,7,0,1,0,O,8VMN7T,1,4,skate,One-off label,One-off label,,,,,,
7,7,0,1,0,O,8VMN7T,1,5,priest,One-off label,One-off label,,,,,,
7,7,0,1,0,O,8VMN7T,1,6,fin,One-off label,One-off label,,,,,,
7,7,0,1,0,O,8VMN7T,1,7,c,Can't tell / Neither,Can't tell / Neither,,,,,,
7,7,0,1,0,O,8VMN7T,1,8,fin,One-off label,One-off label,,,,,,
7,7,0,1,0,O,9YG10X,0,1,score,One-off label,One-off label,One-off label,One-off label,,,,
7,7,0,1,0,O,9YG10X,0,2,walk,One-off label,One-off label,One-off label,One-off label,,,,
7,7,0,1,0,O,9YG10X,0,3,pray,One-off label,One-off label,One-off label,One-off label,,,,
7,7,0,1,0,O,9YG10X,0,4,skate,One-off label,One-off label,One-off label,One-off label,,,,
7,7,0,1,0,O,9YG10X,0,5,speech,One-off label,One-off label,One-off label,One-off label,,,,
7,7,0,1,0,O,9YG10X,0,6,bend,One-off label,One-off label,One-off label,One-off label,,,,
7,7,0,1,0,O,9YG10X,0,7,(no response),Can't tell / Neither,Can't tell / Neither,Can't tell / Neither,Can't tell / Neither,,,,
7,7,0,1,0,O,9YG10X,0,8,kneel,One-off label,One-off label,One-off label,One-off label,,,,
7,7,0,1,0,O,A5QAQ8,1,1,fall,One-off label,One-off label,One-off label,Can't tell / Neither,,,,
7,7,0,1,0,O,A5QAQ8,1,2,kick,One-off label,One-off label,One-off label,Can't tell / Neither,,,,
7,7,0,1,0,O,A5QAQ8,1,3,kneel,One-off label,One-off label,One-off label,Can't tell / Neither,,,,
7,7,0,1,0,O,A5QAQ8,1,4,dance,One-off label,One-off label,One-off label,Systematic label,,,,
7,7,0,1,0,O,A5QAQ8,1,5,point,One-off label,One-off label,One-off label,Can't tell / Neither,,,,
7,7,0,1,0,O,A5QAQ8,1,6,read,Can't tell / Neither,Can't tell / Neither,Can't tell / Neither,One-off label,,,,
7,7,0,1,0,O,A5QAQ8,1,7,leap,One-off label,One-off label,One-off label,Can't tell / Neither,,,,
7,7,0,1,0,O,A5QAQ8,1,8,pray,One-off label,One-off label,One-off label,Can't tell / Neither,,,,
7,0,7,1,0,S,AAA1CK,1,1,ninja fall,Systematic label,Systematic label,Systematic label,Can't tell / Neither,,,,
7,0,7,1,0,S,AAA1CK,1,2,ninja dance,Systematic label,Systematic label,Systematic label,One-off label,,,,
7,0,7,1,0,S,AAA1CK,1,3,ninja kneel,Systematic label,Systematic label,Systematic label,Systematic label,,,,
7,0,7,1,0,S,AAA1CK,1,4,ninja two hand,Systematic label,Systematic label,Systematic label,One-off label,,,,
7,0,7,1,0,S,AAA1CK,1,5,ninja bowl,Systematic label,Systematic label,Systematic label,One-off label,,,,
7,0,7,1,0,S,AAA1CK,1,6,ninja bend le,Can't tell / Neither,Can't tell / Neither,Can't tell / Neither,Systematic label,,,,
7,0,7,1,0,S,AAA1CK,1,7,ninja fight,Systematic label,Systematic label,Systematic label,One-off label,,,,
7,0,7,1,0,S,AAA1CK,1,8,ninja kneel,Systematic label,Systematic label,Systematic label,Systematic label,,,,
7,7,0,1,0,O,BHVX5Z,0,1,y,Can't tell / Neither,Can't tell / Neither,,,,,,
7,7,0,1,0,O,BHVX5Z,0,2,kick,One-off label,One-off label,,,,,,
7,7,0,1,0,O,BHVX5Z,0,3,dog,One-off label,One-off label,,,,,,
7,7,0,1,0,O,BHVX5Z,0,4,bird,One-off label,One-off label,,,,,,
7,7,0,1,0,O,BHVX5Z,0,5,priest,One-off label,One-off label,,,,,,
7,7,0,1,0,O,BHVX5Z,0,6,knees,One-off label,One-off label,,,,,,
7,7,0,1,0,O,BHVX5Z,0,7,seal,One-off label,One-off label,,,,,,
7,7,0,1,0,O,BHVX5Z,0,8,2 diamonds,One-off label,One-off label,,,,,,
7,7,0,1,0,O,BK8QW3,1,1,fly,One-off label,One-off label,One-off label,Can't tell / Neither,,,,
7,7,0,1,0,O,BK8QW3,1,2,kick,One-off label,One-off label,One-off label,Can't tell / Neither,,,,
7,7,0,1,0,O,BK8QW3,1,3,dan,Can't tell / Neither,Can't tell / Neither,Can't tell / Neither,One-off label,,,,
7,7,0,1,0,O,BK8QW3,1,4,skate,One-off label,One-off label,One-off label,Can't tell / Neither,,,,
7,7,0,1,0,O,BK8QW3,1,5,reading,One-off label,One-off label,One-off label,Can't tell / Neither,,,,
7,7,0,1,0,O,BK8QW3,1,6,sit,One-off label,One-off label,One-off label,One-off label,,,,
7,7,0,1,0,O,BK8QW3,1,7,propose,One-off label,One-off label,One-off label,Can't tell / Neither,,,,
7,7,0,1,0,O,BK8QW3,1,8,kneel,One-off label,One-off label,One-off label,One-off label,,,,
7,7,0,1,0,O,DY36DF,1,1,fly,One-off label,One-off label,One-off label,One-off label,,,,
7,7,0,1,0,O,DY36DF,1,2,brucelee,Can't tell / Neither,Can't tell / Neither,Can't tell / Neither,One-off label,,,,
7,7,0,1,0,O,DY36DF,1,3,twirl,One-off label,One-off label,One-off label,Can't tell / Neither,,,,
7,7,0,1,0,O,DY36DF,1,4,superman,One-off label,One-off label,One-off label,One-off label,,,,
7,7,0,1,0,O,DY36DF,1,5,box,One-off label,One-off label,One-off label,One-off label,,,,
7,7,0,1,0,O,DY36DF,1,6,bend,One-off label,One-off label,One-off label,Can't tell / Neither,,,,
7,7,0,1,0,O,DY36DF,1,7,leap,One-off label,One-off label,One-off label,Can't tell / Neither,,,,
7,7,0,1,0,O,DY36DF,1,8,pray,One-off label,One-off label,One-off label,Can't tell / Neither,,,,
7,7,0,0,1,O,E6EPZX,1,1,falling,One-off label,One-off label,One-off label,One-off label,,,,
7,7,0,0,1,O,E6EPZX,1,2,monster,One-off label,One-off label,One-off label,One-off label,,,,
7,7,0,0,1,O,E6EPZX,1,3,ladygaga,,Can't tell / Neither,One-off label,Systematic label,,,,
7,7,0,0,1,O,E6EPZX,1,4,skating,One-off label,One-off label,One-off label,One-off label,,,,
7,7,0,0,1,O,E6EPZX,1,5,giving,One-off label,One-off label,One-off label,One-off label,,,,
7,7,0,0,1,O,E6EPZX,1,6,prayingman,One-off label,One-off label,One-off label,Systematic label,,,,
7,7,0,0,1,O,E6EPZX,1,7,confusing,One-off label,One-off label,One-off label,One-off label,,,,
7,7,0,0,1,O,E6EPZX,1,8,prayinggirl,One-off label,One-off label,One-off label,Systematic label,,,,
7,7,0,1,0,O,G1XHHG,1,1,owl,One-off label,One-off label,One-off label,One-off label,,,,
7,7,0,1,0,O,G1XHHG,1,2,sticky,One-off label,One-off label,One-off label,Can't tell / Neither,,,,
7,7,0,1,0,O,G1XHHG,1,3,stapler,One-off label,One-off label,One-off label,One-off label,,,,
7,7,0,1,0,O,G1XHHG,1,4,brownie,One-off label,One-off label,One-off label,One-off label,,,,
7,7,0,1,0,O,G1XHHG,1,5,blue,Can't tell / Neither,Can't tell / Neither,Can't tell / Neither,One-off label,,,,
7,7,0,1,0,O,G1XHHG,1,6,bean,One-off label,One-off label,One-off label,One-off label,,,,
7,7,0,1,0,O,G1XHHG,1,7,surprise,One-off label,One-off label,One-off label,Can't tell / Neither,,,,
7,7,0,1,0,O,G1XHHG,1,8,duck,One-off label,One-off label,One-off label,One-off label,,,,
7,7,0,0,1,O,HDK8KE,1,1,celebrating,One-off label,One-off label,One-off label,Can't tell / Neither,,,,
7,7,0,0,1,O,HDK8KE,1,2,kicking,One-off label,One-off label,One-off label,One-off label,,,,
7,7,0,0,1,O,HDK8KE,1,3,kneeling,One-off label,One-off label,One-off label,One-off label,,,,
7,7,0,0,1,O,HDK8KE,1,4,yoga,One-off label,One-off label,One-off label,Systematic label,,,,
7,7,0,0,1,O,HDK8KE,1,5,praying,One-off label,One-off label,One-off label,Can't tell / Neither,,,,
7,7,0,0,1,O,HDK8KE,1,6,praying,One-off label,One-off label,One-off label,One-off label,,,,
7,7,0,0,1,O,HDK8KE,1,7,yoga,,Can't tell / Neither,One-off label,Systematic label,,,,
7,7,0,0,1,O,HDK8KE,1,8,praying,One-off label,One-off label,One-off label,Can't tell / Neither,,,,
7,7,0,0,1,O,HWSWDK,0,1,falling,,Can't tell / Neither,One-off label,,,,,
7,7,0,0,1,O,HWSWDK,0,2,zombie,One-off label,One-off label,One-off label,,,,,
7,7,0,0,1,O,HWSWDK,0,3,tai chi,One-off label,One-off label,One-off label,,,,,
7,7,0,0,1,O,HWSWDK,0,4,ballerina,One-off label,One-off label,One-off label,,,,,
7,7,0,0,1,O,HWSWDK,0,5,priest,One-off label,One-off label,One-off label,,,,,
7,7,0,0,1,O,HWSWDK,0,6,sitting,One-off label,One-off label,One-off label,,,,,
7,7,0,0,1,O,HWSWDK,0,7,samurai,One-off label,One-off label,One-off label,,,,,
7,7,0,0,1,O,HWSWDK,0,8,kneeling,One-off label,One-off label,One-off label,,,,,
7,7,0,1,0,O,JCFKXA,0,1,sausage,One-off label,One-off label,One-off label,One-off label,,,,
7,7,0,1,0,O,JCFKXA,0,2,worm,One-off label,One-off label,One-off label,One-off label,,,,
7,7,0,1,0,O,JCFKXA,0,3,yellow,One-off label,One-off label,One-off label,Systematic label,,,,
7,7,0,1,0,O,JCFKXA,0,4,chocolate,One-off label,One-off label,One-off label,One-off label,,,,
7,7,0,1,0,O,JCFKXA,0,5,toilet,One-off label,One-off label,One-off label,One-off label,,,,
7,7,0,1,0,O,JCFKXA,0,6,crab,One-off label,One-off label,One-off label,One-off label,,,,
7,7,0,1,0,O,JCFKXA,0,7,bird,One-off label,One-off label,One-off label,One-off label,,,,
7,7,0,1,0,O,JCFKXA,0,8,ferb,Can't tell / Neither,Can't tell / Neither,Can't tell / Neither,One-off label,,,,
7,7,0,1,0,O,JCFKXA,1,1,sausage,One-off label,One-off label,One-off label,One-off label,,,,
7,7,0,1,0,O,JCFKXA,1,2,worm,One-off label,One-off label,One-off label,One-off label,,,,
7,7,0,1,0,O,JCFKXA,1,3,yellow,One-off label,One-off label,One-off label,One-off label,,,,
7,7,0,1,0,O,JCFKXA,1,4,chocolate,One-off label,One-off label,One-off label,One-off label,,,,
7,7,0,1,0,O,JCFKXA,1,5,toilet,One-off label,One-off label,One-off label,One-off label,,,,
7,7,0,1,0,O,JCFKXA,1,6,crab,One-off label,One-off label,One-off label,One-off label,,,,
7,7,0,1,0,O,JCFKXA,1,7,bird,One-off label,One-off label,One-off label,One-off label,,,,
7,7,0,1,0,O,JCFKXA,1,8,ferb,Can't tell / Neither,Can't tell / Neither,Can't tell / Neither,One-off label,,,,
7,7,0,1,0,O,JZRVR1,1,1,fly,One-off label,One-off label,One-off label,One-off label,,,,
7,7,0,1,0,O,JZRVR1,1,2,goback,One-off label,One-off label,One-off label,One-off label,,,,
7,7,0,1,0,O,JZRVR1,1,3,dance,One-off label,One-off label,One-off label,One-off label,,,,
7,7,0,1,0,O,JZRVR1,1,4,goback,One-off label,One-off label,One-off label,Can't tell / Neither,,,,
7,7,0,1,0,O,JZRVR1,1,5,dance,One-off label,One-off label,One-off label,Can't tell / Neither,,,,
7,7,0,1,0,O,JZRVR1,1,6,run,One-off label,One-off label,One-off label,One-off label,,,,
7,7,0,1,0,O,JZRVR1,1,7,lookback,One-off label,One-off label,One-off label,One-off label,,,,
7,7,0,1,0,O,JZRVR1,1,8,pastle,Can't tell / Neither,Can't tell / Neither,Can't tell / Neither,One-off label,,,,
7,7,0,1,0,O,MFB0SJ,0,1,purple,One-off label,One-off label,One-off label,One-off label,One-off label,One-off label,One-off label,Systematic label
7,7,0,1,0,O,MFB0SJ,0,2,cube,One-off label,One-off label,One-off label,One-off label,One-off label,One-off label,One-off label,One-off label
7,7,0,1,0,O,MFB0SJ,0,3,orange,One-off label,One-off label,One-off label,One-off label,One-off label,One-off label,One-off label,Systematic label
7,7,0,1,0,O,MFB0SJ,0,4,man,One-off label,One-off label,One-off label,One-off label,One-off label,One-off label,One-off label,Systematic label
7,7,0,1,0,O,MFB0SJ,0,5,cercle,Can't tell / Neither,Can't tell / Neither,Can't tell / Neither,Can't tell / Neither,Can't tell / Neither,One-off label,One-off label,One-off label
7,7,0,1,0,O,MFB0SJ,0,6,minion,One-off label,One-off label,One-off label,One-off label,One-off label,One-off label,One-off label,Systematic label
7,7,0,1,0,O,MFB0SJ,0,7,robot,One-off label,One-off label,One-off label,One-off label,One-off label,One-off label,One-off label,Systematic label
7,7,0,1,0,O,MFB0SJ,0,8,bird,One-off label,One-off label,One-off label,One-off label,One-off label,One-off label,One-off label,One-off label
7,7,1,0,0,O,P9VQEB,1,1,pink,One-off label,One-off label,One-off label,Systematic label,,,,
7,7,1,0,0,O,P9VQEB,1,2,pinkyellow,Systematic label,Systematic label,Systematic label,One-off label,,,,
7,7,1,0,0,O,P9VQEB,1,3,orange,One-off label,One-off label,One-off label,Systematic label,,,,
7,7,1,0,0,O,P9VQEB,1,4,brown,One-off label,One-off label,One-off label,Systematic label,,,,
7,7,1,0,0,O,P9VQEB,1,5,blue,One-off label,One-off label,One-off label,Systematic label,,,,
7,7,1,0,0,O,P9VQEB,1,6,black,One-off label,One-off label,One-off label,Systematic label,,,,
7,7,1,0,0,O,P9VQEB,1,7,white,One-off label,One-off label,One-off label,Systematic label,,,,
7,7,1,0,0,O,P9VQEB,1,8,purple,One-off label,One-off label,One-off label,Systematic label,,,,
7,0,7,1,0,S,PEHN55,0,1,p7,Can't tell / Neither,Can't tell / Neither,Can't tell / Neither,Can't tell / Neither,,,,
7,0,7,1,0,S,PEHN55,0,2,picture 2,Systematic label,Systematic label,Systematic label,Can't tell / Neither,,,,
7,0,7,1,0,S,PEHN55,0,3,picture 3,Systematic label,Systematic label,Systematic label,Can't tell / Neither,,,,
7,0,7,1,0,S,PEHN55,0,4,picture 8,Systematic label,Systematic label,Systematic label,Can't tell / Neither,,,,
7,0,7,1,0,S,PEHN55,0,5,picture 1,Systematic label,Systematic label,Systematic label,Can't tell / Neither,,,,
7,0,7,1,0,S,PEHN55,0,6,picture 6,Systematic label,Systematic label,Systematic label,Can't tell / Neither,,,,
7,0,7,1,0,S,PEHN55,0,7,picture 5,Systematic label,Systematic label,Systematic label,Can't tell / Neither,,,,
7,0,7,1,0,S,PEHN55,0,8,picture 4,Systematic label,Systematic label,Systematic label,Can't tell / Neither,,,,
7,1,7,0,0,S,SF65X6,0,1,pink,Systematic label,Systematic label,Systematic label,One-off label,,,,
7,1,7,0,0,S,SF65X6,0,2,girl,Systematic label,Systematic label,Systematic label,One-off label,,,,
7,1,7,0,0,S,SF65X6,0,3,orange,Systematic label,Systematic label,Systematic label,One-off label,,,,
7,1,7,0,0,S,SF65X6,0,4,brown,Systematic label,Systematic label,Systematic label,One-off label,,,,
7,1,7,0,0,S,SF65X6,0,5,blue,Systematic label,Systematic label,Systematic label,One-off label,,,,
7,1,7,0,0,S,SF65X6,0,6,black,Systematic label,Systematic label,Systematic label,One-off label,,,,
7,1,7,0,0,S,SF65X6,0,7,white,Systematic label,Systematic label,Systematic label,One-off label,,,,
7,1,7,0,0,S,SF65X6,0,8,man,One-off label,One-off label,One-off label,Systematic label,,,,
7,7,0,0,1,O,SVNJPX,1,1,armsup,,Can't tell / Neither,One-off label,Systematic label,,,,
7,7,0,0,1,O,SVNJPX,1,2,elephant,One-off label,One-off label,One-off label,One-off label,,,,
7,7,0,0,1,O,SVNJPX,1,3,kneel,One-off label,One-off label,One-off label,One-off label,,,,
7,7,0,0,1,O,SVNJPX,1,4,skate,One-off label,One-off label,One-off label,One-off label,,,,
7,7,0,0,1,O,SVNJPX,1,5,pray,One-off label,One-off label,One-off label,Can't tell / Neither,,,,
7,7,0,0,1,O,SVNJPX,1,6,beg,One-off label,One-off label,One-off label,Can't tell / Neither,,,,
7,7,0,0,1,O,SVNJPX,1,7,dance,One-off label,One-off label,One-off label,One-off label,,,,
7,7,0,0,1,O,SVNJPX,1,8,pray,One-off label,One-off label,One-off label,Can't tell / Neither,,,,
7,0,7,1,0,S,TJKZD2,0,1,not sure,Can't tell / Neither,Can't tell / Neither,Can't tell / Neither,Can't tell / Neither,,,,
7,0,7,1,0,S,TJKZD2,0,2,leg square right,Systematic label,Systematic label,Systematic label,Systematic label,,,,
7,0,7,1,0,S,TJKZD2,0,3,leg square middle,Systematic label,Systematic label,Systematic label,Systematic label,,,,
7,0,7,1,0,S,TJKZD2,0,4,leg square left,Systematic label,Systematic label,Systematic label,Systematic label,,,,
7,0,7,1,0,S,TJKZD2,0,5,leg square middle,Systematic label,Systematic label,Systematic label,Systematic label,,,,
7,0,7,1,0,S,TJKZD2,0,6,middle,Systematic label,Systematic label,Systematic label,One-off label,,,,
7,0,7,1,0,S,TJKZD2,0,7,middle,Systematic label,Systematic label,Systematic label,One-off label,,,,
7,0,7,1,0,S,TJKZD2,0,8,middle,Systematic label,Systematic label,Systematic label,One-off label,,,,
7,7,0,1,0,O,TMNGM4,0,1,fall,One-off label,One-off label,One-off label,Can't tell / Neither,,,,
7,7,0,1,0,O,TMNGM4,0,2,stand,One-off label,One-off label,One-off label,Can't tell / Neither,,,,
7,7,0,1,0,O,TMNGM4,0,3,handshake,Can't tell / Neither,Can't tell / Neither,Can't tell / Neither,One-off label,,,,
7,7,0,1,0,O,TMNGM4,0,4,dance,One-off label,One-off label,One-off label,One-off label,,,,
7,7,0,1,0,O,TMNGM4,0,5,stand,One-off label,One-off label,One-off label,Can't tell / Neither,,,,
7,7,0,1,0,O,TMNGM4,0,6,pray,One-off label,One-off label,One-off label,Can't tell / Neither,,,,
7,7,0,1,0,O,TMNGM4,0,7,dance,One-off label,One-off label,One-off label,One-off label,,,,
7,7,0,1,0,O,TMNGM4,0,8,punch,One-off label,One-off label,One-off label,Can't tell / Neither,,,,
7,7,0,1,0,O,VMGYCX,0,1,omg,Can't tell / Neither,Can't tell / Neither,Can't tell / Neither,Can't tell / Neither,One-off label,One-off label,Systematic label,
7,7,0,1,0,O,VMGYCX,0,2,falling,One-off label,One-off label,One-off label,One-off label,One-off label,One-off label,Can't tell / Neither,
7,7,0,1,0,O,VMGYCX,0,3,combat,One-off label,One-off label,One-off label,One-off label,One-off label,One-off label,Can't tell / Neither,
7,7,0,1,0,O,VMGYCX,0,4,pose,One-off label,One-off label,One-off label,One-off label,Can't tell / Neither,Can't tell / Neither,Systematic label,
7,7,0,1,0,O,VMGYCX,0,5,preist,One-off label,One-off label,One-off label,One-off label,One-off label,Can't tell / Neither,Systematic label,
7,7,0,1,0,O,VMGYCX,0,6,beggar,One-off label,One-off label,One-off label,One-off label,One-off label,One-off label,Can't tell / Neither,
7,7,0,1,0,O,VMGYCX,0,7,dance,One-off label,One-off label,One-off label,One-off label,One-off label,One-off label,Can't tell / Neither,
7,7,0,1,0,O,VMGYCX,0,8,pray,One-off label,One-off label,One-off label,One-off label,One-off label,One-off label,Can't tell / Neither,
7,7,0,1,0,O,VMGYCX,1,1,omg,Can't tell / Neither,Can't tell / Neither,Can't tell / Neither,Can't tell / Neither,,,,
7,7,0,1,0,O,VMGYCX,1,2,falling,One-off label,One-off label,One-off label,Can't tell / Neither,,,,
7,7,0,1,0,O,VMGYCX,1,3,combat,One-off label,One-off label,One-off label,Can't tell / Neither,,,,
7,7,0,1,0,O,VMGYCX,1,4,pose,One-off label,One-off label,One-off label,One-off label,,,,
7,7,0,1,0,O,VMGYCX,1,5,priest,One-off label,One-off label,One-off label,One-off label,,,,
7,7,0,1,0,O,VMGYCX,1,6,beggar,One-off label,One-off label,One-off label,One-off label,,,,
7,7,0,1,0,O,VMGYCX,1,7,dance,One-off label,One-off label,One-off label,Can't tell / Neither,,,,
7,7,0,1,0,O,VMGYCX,1,8,pray,One-off label,One-off label,One-off label,Can't tell / Neither,,,,
7,7,1,0,0,O,W9784W,1,1,falling,One-off label,One-off label,One-off label,One-off label,One-off label,One-off label,One-off label,
7,7,1,0,0,O,W9784W,1,2,walking,One-off label,One-off label,One-off label,One-off label,One-off label,One-off label,One-off label,
7,7,1,0,0,O,W9784W,1,3,sitting,One-off label,One-off label,One-off label,One-off label,One-off label,One-off label,One-off label,
7,7,1,0,0,O,W9784W,1,4,chicken,One-off label,One-off label,One-off label,One-off label,One-off label,One-off label,Can't tell / Neither,
7,7,1,0,0,O,W9784W,1,5,pope,One-off label,One-off label,One-off label,One-off label,One-off label,One-off label,Can't tell / Neither,
7,7,1,0,0,O,W9784W,1,6,pope,One-off label,One-off label,One-off label,One-off label,One-off label,Can't tell / Neither,Can't tell / Neither,
7,7,1,0,0,O,W9784W,1,7,sitting,One-off label,One-off label,One-off label,One-off label,One-off label,One-off label,One-off label,
7,7,1,0,0,O,W9784W,1,8,praytriangle,Systematic label,Systematic label,Systematic label,Systematic label,Can't tell / Neither,Can't tell / Neither,One-off label,
7,0,7,0,1,S,Z7SSB3,1,1,pinky,Systematic label,Systematic label,Systematic label,Systematic label,Can't tell / Neither,,,
7,0,7,0,1,S,Z7SSB3,1,2,little,Systematic label,Systematic label,Systematic label,Can't tell / Neither,One-off label,,,
7,0,7,0,1,S,Z7SSB3,1,3,yellow,Systematic label,Systematic label,Systematic label,Systematic label,Systematic label,,,
7,0,7,0,1,S,Z7SSB3,1,4,long le,,Can't tell / Neither,Can't tell / Neither,Systematic label,Systematic label,,,
7,0,7,0,1,S,Z7SSB3,1,5,blue,Systematic label,Systematic label,Systematic label,Systematic label,One-off label,,,
7,0,7,0,1,S,Z7SSB3,1,6,short,Systematic label,Systematic label,Systematic label,Can't tell / Neither,One-off label,,,
7,0,7,0,1,S,Z7SSB3,1,7,white,Systematic label,Systematic label,Systematic label,Systematic label,One-off label,,,
7,0,7,0,1,S,Z7SSB3,1,8,tall,Systematic label,Systematic label,Systematic label,Can't tell / Neither,One-off label,,,
7,7,1,0,0,O,Z9NZDJ,0,1,ymca,Systematic label,Systematic label,Systematic label,One-off label,,,,
7,7,1,0,0,O,Z9NZDJ,0,2,walking,One-off label,One-off label,One-off label,Systematic label,,,,
7,7,1,0,0,O,Z9NZDJ,0,3,lunge,One-off label,One-off label,One-off label,One-off label,,,,
7,7,1,0,0,O,Z9NZDJ,0,4,standing on one foot,One-off label,One-off label,One-off label,Systematic label,,,,
7,7,1,0,0,O,Z9NZDJ,0,5,standing,One-off label,One-off label,One-off label,Systematic label,,,,
7,7,1,0,0,O,Z9NZDJ,0,6,kneeling,One-off label,One-off label,One-off label,Systematic label,,,,
7,7,1,0,0,O,Z9NZDJ,0,7,splits,One-off label,One-off label,One-off label,Systematic label,,,,
7,7,1,0,0,O,Z9NZDJ,0,8,kneeling with foot,One-off label,One-off label,One-off label,Systematic label,,,,
7,7,1,0,0,O,ZCXXHV,1,1,tall,Systematic label,Systematic label,Systematic label,One-off label,,,,
7,7,1,0,0,O,ZCXXHV,1,2,book,One-off label,One-off label,One-off label,Can't tell / Neither,,,,
7,7,1,0,0,O,ZCXXHV,1,3,cheese,One-off label,One-off label,One-off label,Can't tell / Neither,,,,
7,7,1,0,0,O,ZCXXHV,1,4,poop,One-off label,One-off label,One-off label,Can't tell / Neither,,,,
7,7,1,0,0,O,ZCXXHV,1,5,cd,One-off label,One-off label,One-off label,Can't tell / Neither,,,,
7,7,1,0,0,O,ZCXXHV,1,6,spider,One-off label,One-off label,One-off label,Can't tell / Neither,,,,
7,7,1,0,0,O,ZCXXHV,1,7,ship,One-off label,One-off label,One-off label,Can't tell / Neither,,,,
7,7,1,0,0,O,ZCXXHV,1,8,bender,One-off label,One-off label,One-off label,Can't tell / Neither,,,,
7,7,1,0,0,O,ZM3JQA,0,1,flying,One-off label,One-off label,One-off label,One-off label,Systematic label,Systematic label,Can't tell / Neither,
7,7,1,0,0,O,ZM3JQA,0,2,one leg,Systematic label,Systematic label,Systematic label,Systematic label,One-off label,One-off label,Can't tell / Neither,
7,7,1,0,0,O,ZM3JQA,0,3,sitting,One-off label,One-off label,One-off label,One-off label,One-off label,One-off label,Can't tell / Neither,
7,7,1,0,0,O,ZM3JQA,0,4,bent,One-off label,One-off label,One-off label,One-off label,Can't tell / Neither,Can't tell / Neither,Systematic label,
7,7,1,0,0,O,ZM3JQA,0,5,standing,One-off label,One-off label,One-off label,One-off label,Systematic label,Systematic label,Can't tell / Neither,
7,7,1,0,0,O,ZM3JQA,0,6,elbow,One-off label,One-off label,One-off label,One-off label,One-off label,One-off label,Can't tell / Neither,
7,7,1,0,0,O,ZM3JQA,0,7,yoga,One-off label,One-off label,One-off label,One-off label,One-off label,Can't tell / Neither,Systematic label,
7,7,1,0,0,O,ZM3JQA,0,8,elbow,One-off label,One-off label,One-off label,One-off label,One-off label,Can't tell / Neither,Can't tell / Neither,
7,7,1,0,0,O,ZM3JQA,1,1,flying,One-off label,One-off label,One-off label,Can't tell / Neither,,,,
7,7,1,0,0,O,ZM3JQA,1,2,one leg,Systematic label,Systematic label,Systematic label,One-off label,,,,
7,7,1,0,0,O,ZM3JQA,1,3,sitting,One-off label,One-off label,One-off label,One-off label,,,,
7,7,1,0,0,O,ZM3JQA,1,4,elbow,One-off label,One-off label,One-off label,Can't tell / Neither,,,,
7,7,1,0,0,O,ZM3JQA,1,5,standing,One-off label,One-off label,One-off label,One-off label,,,,
7,7,1,0,0,O,ZM3JQA,1,6,hopping,One-off label,One-off label,One-off label,Systematic label,,,,
7,7,1,0,0,O,ZM3JQA,1,7,yoga,One-off label,One-off label,One-off label,One-off label,,,,
7,7,1,0,0,O,ZM3JQA,1,8,elbow,One-off label,One-off label,One-off label,Systematic label,,,,
8,0,0,0,8,neither,63CTX0,1,1,sleeping,,One-off label,Systematic label,,,,,
8,0,0,0,8,neither,63CTX0,1,2,running,,Can't tell / Neither,Systematic label,,,,,
8,0,0,0,8,neither,63CTX0,1,3,karate,,Can't tell / Neither,Systematic label,,,,,
8,0,0,0,8,neither,63CTX0,1,4,dog,,One-off label,Systematic label,,,,,
8,0,0,0,8,neither,63CTX0,1,5,pointing,,Can't tell / Neither,Systematic label,,,,,
8,0,0,0,8,neither,63CTX0,1,6,squating,,Can't tell / Neither,Systematic label,,,,,
8,0,0,0,8,neither,63CTX0,1,7,dancing,,Can't tell / Neither,Systematic label,,,,,
8,0,0,0,8,neither,63CTX0,1,8,kneeling,,Can't tell / Neither,Systematic label,,,,,
8,0,0,8,0,neither,7ZTEW8,1,1,r,Can't tell / Neither,Can't tell / Neither,Can't tell / Neither,Systematic label,,,,
8,0,0,8,0,neither,7ZTEW8,1,2,p,Can't tell / Neither,Can't tell / Neither,Can't tell / Neither,Systematic label,,,,
8,0,0,8,0,neither,7ZTEW8,1,3,o,Can't tell / Neither,Can't tell / Neither,Can't tell / Neither,Systematic label,,,,
8,0,0,8,0,neither,7ZTEW8,1,4,b,Can't tell / Neither,Can't tell / Neither,Can't tell / Neither,Systematic label,,,,
8,0,0,8,0,neither,7ZTEW8,1,5,b,Can't tell / Neither,Can't tell / Neither,Can't tell / Neither,Systematic label,,,,
8,0,0,8,0,neither,7ZTEW8,1,6,bl,Can't tell / Neither,Can't tell / Neither,Can't tell / Neither,Systematic label,,,,
8,0,0,8,0,neither,7ZTEW8,1,7,w,Can't tell / Neither,Can't tell / Neither,Can't tell / Neither,Systematic label,,,,
8,0,0,8,0,neither,7ZTEW8,1,8,b,Can't tell / Neither,Can't tell / Neither,Can't tell / Neither,Systematic label,,,,
8,0,0,0,8,neither,83Y6EK,0,1,magenta,,Can't tell / Neither,One-off label,Systematic label,,,,
8,0,0,0,8,neither,83Y6EK,0,2,pink,,Can't tell / Neither,One-off label,Systematic label,,,,
8,0,0,0,8,neither,83Y6EK,0,3,orange,,Can't tell / Neither,One-off label,Systematic label,,,,
8,0,0,0,8,neither,83Y6EK,0,4,brown,,Can't tell / Neither,One-off label,Systematic label,,,,
8,0,0,0,8,neither,83Y6EK,0,5,teal,,Can't tell / Neither,One-off label,Systematic label,,,,
8,0,0,0,8,neither,83Y6EK,0,6,black,,Can't tell / Neither,One-off label,Systematic label,,,,
8,0,0,0,8,neither,83Y6EK,0,7,white,,Can't tell / Neither,One-off label,Systematic label,,,,
8,0,0,0,8,neither,83Y6EK,0,8,gray,,Can't tell / Neither,One-off label,Systematic label,,,,
8,0,0,0,8,neither,83Y6EK,1,1,magenta,,Can't tell / Neither,One-off label,Systematic label,,,,
8,0,0,0,8,neither,83Y6EK,1,2,pink,,Can't tell / Neither,One-off label,Systematic label,,,,
8,0,0,0,8,neither,83Y6EK,1,3,orange,,Can't tell / Neither,One-off label,Systematic label,,,,
8,0,0,0,8,neither,83Y6EK,1,4,brown,,Can't tell / Neither,One-off label,Systematic label,,,,
8,0,0,0,8,neither,83Y6EK,1,5,teal,,Can't tell / Neither,One-off label,Systematic label,,,,
8,0,0,0,8,neither,83Y6EK,1,6,black,,Can't tell / Neither,One-off label,Systematic label,,,,
8,0,0,0,8,neither,83Y6EK,1,7,white,,Can't tell / Neither,One-off label,Systematic label,,,,
8,0,0,0,8,neither,83Y6EK,1,8,gray,,Can't tell / Neither,One-off label,Systematic label,,,,
8,0,0,8,0,neither,BF7TZW,1,1,2 1 1,Can't tell / Neither,Can't tell / Neither,Can't tell / Neither,Systematic label,,,,
8,0,0,8,0,neither,BF7TZW,1,2,1 2 1,Can't tell / Neither,Can't tell / Neither,Can't tell / Neither,Systematic label,,,,
8,0,0,8,0,neither,BF7TZW,1,3,2 1 1,Can't tell / Neither,Can't tell / Neither,Can't tell / Neither,Systematic label,,,,
8,0,0,8,0,neither,BF7TZW,1,4,2 2 1,Can't tell / Neither,Can't tell / Neither,Can't tell / Neither,Systematic label,,,,
8,0,0,8,0,neither,BF7TZW,1,5,1 1 1,Can't tell / Neither,Can't tell / Neither,Can't tell / Neither,Systematic label,,,,
8,0,0,8,0,neither,BF7TZW,1,6,1 1 2,Can't tell / Neither,Can't tell / Neither,Can't tell / Neither,Systematic label,,,,
8,0,0,8,0,neither,BF7TZW,1,7,1 2 2,Can't tell / Neither,Can't tell / Neither,Can't tell / Neither,Systematic label,,,,
8,0,0,8,0,neither,BF7TZW,1,8,1 1 3,Can't tell / Neither,Can't tell / Neither,Can't tell / Neither,Systematic label,,,,
8,0,0,8,0,neither,GM9Y3M,1,1,bpsyr,Can't tell / Neither,Can't tell / Neither,Can't tell / Neither,Can't tell / Neither,,,,
8,0,0,8,0,neither,GM9Y3M,1,2,bpsyp,Can't tell / Neither,Can't tell / Neither,Can't tell / Neither,Can't tell / Neither,,,,
8,0,0,8,0,neither,GM9Y3M,1,3,rosby,Can't tell / Neither,Can't tell / Neither,Can't tell / Neither,One-off label,,,,
8,0,0,8,0,neither,GM9Y3M,1,4,rosbb,Can't tell / Neither,Can't tell / Neither,Can't tell / Neither,Can't tell / Neither,,,,
8,0,0,8,0,neither,GM9Y3M,1,5,rosbb,Can't tell / Neither,Can't tell / Neither,Can't tell / Neither,Can't tell / Neither,,,,
8,0,0,8,0,neither,GM9Y3M,1,6,rosbb,Can't tell / Neither,Can't tell / Neither,Can't tell / Neither,Can't tell / Neither,,,,
8,0,0,8,0,neither,GM9Y3M,1,7,bpsyw,Can't tell / Neither,Can't tell / Neither,Can't tell / Neither,One-off label,,,,
8,0,0,8,0,neither,GM9Y3M,1,8,bpsyw,Can't tell / Neither,Can't tell / Neither,Can't tell / Neither,One-off label,,,,
8,0,0,0,8,neither,H82ZJ4,1,1,al,,Can't tell / Neither,Systematic label,,,,,
8,0,0,0,8,neither,H82ZJ4,1,2,al,,Can't tell / Neither,Systematic label,,,,,
8,0,0,0,8,neither,H82ZJ4,1,3,af,,Can't tell / Neither,Systematic label,,,,,
8,0,0,0,8,neither,H82ZJ4,1,4,ar,,Can't tell / Neither,Systematic label,,,,,
8,0,0,0,8,neither,H82ZJ4,1,5,al,,Can't tell / Neither,Systematic label,,,,,
8,0,0,0,8,neither,H82ZJ4,1,6,ar,,Can't tell / Neither,Systematic label,,,,,
8,0,0,0,8,neither,H82ZJ4,1,7,al,,Can't tell / Neither,Systematic label,,,,,
8,0,0,0,8,neither,H82ZJ4,1,8,ar,,Can't tell / Neither,Systematic label,,,,,
8,0,0,0,8,neither,HKFCMX,0,1,stand one,,Can't tell / Neither,One-off label,Systematic label,,,,
8,0,0,0,8,neither,HKFCMX,0,2,stand two,,Can't tell / Neither,One-off label,Systematic label,,,,
8,0,0,0,8,neither,HKFCMX,0,3,kneel three,,Can't tell / Neither,One-off label,Systematic label,,,,
8,0,0,0,8,neither,HKFCMX,0,4,stand four,,Can't tell / Neither,One-off label,Systematic label,,,,
8,0,0,0,8,neither,HKFCMX,0,5,stand five,,Can't tell / Neither,One-off label,Systematic label,,,,
8,0,0,0,8,neither,HKFCMX,0,6,kneel six,,Can't tell / Neither,One-off label,Systematic label,,,,
8,0,0,0,8,neither,HKFCMX,0,7,stand seven,,Can't tell / Neither,One-off label,Systematic label,,,,
8,0,0,0,8,neither,HKFCMX,0,8,kneel eight,,Can't tell / Neither,One-off label,Systematic label,,,,
8,0,0,8,0,neither,KV94XV,1,1,flying,Can't tell / Neither,Can't tell / Neither,Can't tell / Neither,One-off label,,,,
8,0,0,8,0,neither,KV94XV,1,2,balancing,Can't tell / Neither,Can't tell / Neither,Can't tell / Neither,One-off label,,,,
8,0,0,8,0,neither,KV94XV,1,3,kneeling,Can't tell / Neither,Can't tell / Neither,Can't tell / Neither,One-off label,,,,
8,0,0,8,0,neither,KV94XV,1,4,balancing,Can't tell / Neither,Can't tell / Neither,Can't tell / Neither,One-off label,,,,
8,0,0,8,0,neither,KV94XV,1,5,giving,Can't tell / Neither,Can't tell / Neither,Can't tell / Neither,One-off label,,,,
8,0,0,8,0,neither,KV94XV,1,6,kneeling,Can't tell / Neither,Can't tell / Neither,Can't tell / Neither,One-off label,,,,
8,0,0,8,0,neither,KV94XV,1,7,posing,Can't tell / Neither,Can't tell / Neither,Can't tell / Neither,One-off label,,,,
8,0,0,8,0,neither,KV94XV,1,8,posing,Can't tell / Neither,Can't tell / Neither,Can't tell / Neither,One-off label,,,,
8,0,0,0,8,neither,MB8VK7,0,1,ppurple,,Can't tell / Neither,Systematic label,,,,,
8,0,0,0,8,neither,MB8VK7,0,2,pyellow,,Can't tell / Neither,Systematic label,,,,,
8,0,0,0,8,neither,MB8VK7,0,3,oyellow,,Can't tell / Neither,Systematic label,,,,,
8,0,0,0,8,neither,MB8VK7,0,4,obrown,,Can't tell / Neither,Systematic label,,,,,
8,0,0,0,8,neither,MB8VK7,0,5,oblue,,Can't tell / Neither,Systematic label,,,,,
8,0,0,0,8,neither,MB8VK7,0,6,oblack,,Can't tell / Neither,Systematic label,,,,,
8,0,0,0,8,neither,MB8VK7,0,7,pwhite,,Can't tell / Neither,Systematic label,,,,,
8,0,0,0,8,neither,MB8VK7,0,8,pbrown,,Can't tell / Neither,Systematic label,,,,,
8,8,0,0,0,O,0E3FH7,1,1,purple,One-off label,One-off label,One-off label,One-off label,,,,
8,8,0,0,0,O,0E3FH7,1,2,snail,One-off label,One-off label,One-off label,One-off label,,,,
8,8,0,0,0,O,0E3FH7,1,3,orange,One-off label,One-off label,One-off label,One-off label,,,,
8,8,0,0,0,O,0E3FH7,1,4,brown,One-off label,One-off label,One-off label,One-off label,,,,
8,8,0,0,0,O,0E3FH7,1,5,toliet,One-off label,One-off label,One-off label,One-off label,,,,
8,8,0,0,0,O,0E3FH7,1,6,black,One-off label,One-off label,One-off label,One-off label,,,,
8,8,0,0,0,O,0E3FH7,1,7,white,One-off label,One-off label,One-off label,One-off label,,,,
8,8,0,0,0,O,0E3FH7,1,8,robber,One-off label,One-off label,One-off label,Can't tell / Neither,,,,
8,0,8,0,0,S,0ES8D4,0,1,purple hat right yellow feet tall,Systematic label,Systematic label,Systematic label,Systematic label,,,,
8,0,8,0,0,S,0ES8D4,0,2,purple hat right yellow feet short,Systematic label,Systematic label,Systematic label,Systematic label,,,,
8,0,8,0,0,S,0ES8D4,0,3,orange hat left brown feet tall,Systematic label,Systematic label,Systematic label,Systematic label,,,,
8,0,8,0,0,S,0ES8D4,0,4,orange hat left brown feet tall,Systematic label,Systematic label,Systematic label,Systematic label,,,,
8,0,8,0,0,S,0ES8D4,0,5,orange hat left brown feet short,Systematic label,Systematic label,Systematic label,Systematic label,,,,
8,0,8,0,0,S,0ES8D4,0,6,orange hat left brown feet short,Systematic label,Systematic label,Systematic label,Systematic label,,,,
8,0,8,0,0,S,0ES8D4,0,7,purple hat right yellow feet short,Systematic label,Systematic label,Systematic label,Systematic label,,,,
8,0,8,0,0,S,0ES8D4,0,8,purple hat right yellow feet tall,Systematic label,Systematic label,Systematic label,Systematic label,,,,
8,0,8,0,0,S,0ES8D4,1,1,purple hat right yellow feet tall,Systematic label,Systematic label,Systematic label,Systematic label,,,,
8,0,8,0,0,S,0ES8D4,1,2,purple hat right yellow feet short,Systematic label,Systematic label,Systematic label,Systematic label,,,,
8,0,8,0,0,S,0ES8D4,1,3,orange hat right brown feet tall,Systematic label,Systematic label,Systematic label,Systematic label,,,,
8,0,8,0,0,S,0ES8D4,1,4,orange hat left brown feet,Systematic label,Systematic label,Systematic label,Can't tell / Neither,,,,
8,0,8,0,0,S,0ES8D4,1,5,orange hat left brown feet short,Systematic label,Systematic label,Systematic label,Systematic label,,,,
8,0,8,0,0,S,0ES8D4,1,6,orange hat left brown feet,Systematic label,Systematic label,Systematic label,Can't tell / Neither,,,,
8,0,8,0,0,S,0ES8D4,1,7,purple hat right yellow feet,Systematic label,Systematic label,Systematic label,Can't tell / Neither,,,,
8,0,8,0,0,S,0ES8D4,1,8,purple hat right yellow tall,Systematic label,Systematic label,Systematic label,Systematic label,,,,
8,8,0,0,0,O,1CAZ6R,1,1,player,One-off label,One-off label,One-off label,One-off label,,,,
8,8,0,0,0,O,1CAZ6R,1,2,ghost,One-off label,One-off label,One-off label,One-off label,,,,
8,8,0,0,0,O,1CAZ6R,1,3,singer,One-off label,One-off label,One-off label,One-off label,,,,
8,8,0,0,0,O,1CAZ6R,1,4,gymnast,One-off label,One-off label,One-off label,One-off label,,,,
8,8,0,0,0,O,1CAZ6R,1,5,priest,One-off label,One-off label,One-off label,One-off label,,,,
8,8,0,0,0,O,1CAZ6R,1,6,begger,One-off label,One-off label,One-off label,One-off label,,,,
8,8,0,0,0,O,1CAZ6R,1,7,dancer,One-off label,One-off label,One-off label,One-off label,,,,
8,8,0,0,0,O,1CAZ6R,1,8,prayer,One-off label,One-off label,One-off label,One-off label,,,,
8,8,0,0,0,O,1E5GA2,1,1,laying,One-off label,One-off label,One-off label,One-off label,,,,
8,8,0,0,0,O,1E5GA2,1,2,leaning,One-off label,One-off label,One-off label,One-off label,,,,
8,8,0,0,0,O,1E5GA2,1,3,dancing,One-off label,One-off label,One-off label,One-off label,,,,
8,8,0,0,0,O,1E5GA2,1,4,yoga,One-off label,One-off label,One-off label,One-off label,,,,
8,8,0,0,0,O,1E5GA2,1,5,reading,One-off label,One-off label,One-off label,One-off label,,,,
8,8,0,0,0,O,1E5GA2,1,6,bending,One-off label,One-off label,One-off label,One-off label,,,,
8,8,0,0,0,O,1E5GA2,1,7,snake,One-off label,One-off label,One-off label,One-off label,,,,
8,8,0,0,0,O,1E5GA2,1,8,jumping,One-off label,One-off label,One-off label,One-off label,,,,
8,0,8,0,0,S,1H73GM,0,1,grey yellow right red,Systematic label,Systematic label,Systematic label,Systematic label,,,,
8,0,8,0,0,S,1H73GM,0,2,grey yellow right yellow,Systematic label,Systematic label,Systematic label,Systematic label,,,,
8,0,8,0,0,S,1H73GM,0,3,orange brown left yellow,Systematic label,Systematic label,Systematic label,Systematic label,,,,
8,0,8,0,0,S,1H73GM,0,4,orange brown left brown,Systematic label,Systematic label,Systematic label,Systematic label,,,,
8,0,8,0,0,S,1H73GM,0,5,orange brown left blue,Systematic label,Systematic label,Systematic label,Systematic label,,,,
8,0,8,0,0,S,1H73GM,0,6,orange brown left black,Systematic label,Systematic label,Systematic label,Systematic label,,,,
8,0,8,0,0,S,1H73GM,0,7,grey yellow right white,Systematic label,Systematic label,Systematic label,Systematic label,,,,
8,0,8,0,0,S,1H73GM,0,8,grey yellow right brown,Systematic label,Systematic label,Systematic label,Systematic label,,,,
8,0,8,0,0,S,1H73GM,1,1,grey yellow right red,Systematic label,Systematic label,Systematic label,Systematic label,,,,
8,0,8,0,0,S,1H73GM,1,2,grey yellow right yellow,Systematic label,Systematic label,Systematic label,Systematic label,,,,
8,0,8,0,0,S,1H73GM,1,3,orange brown left yellow,Systematic label,Systematic label,Systematic label,Systematic label,,,,
8,0,8,0,0,S,1H73GM,1,4,orange brown left brown,Systematic label,Systematic label,Systematic label,Systematic label,,,,
8,0,8,0,0,S,1H73GM,1,5,orange brown left blue,Systematic label,Systematic label,Systematic label,Systematic label,,,,
8,0,8,0,0,S,1H73GM,1,6,orange brown left black,Systematic label,Systematic label,Systematic label,Systematic label,,,,
8,0,8,0,0,S,1H73GM,1,7,grey yellow right white,Systematic label,Systematic label,Systematic label,Systematic label,,,,
8,0,8,0,0,S,1H73GM,1,8,grey yellow right brown,Systematic label,Systematic label,Systematic label,Systematic label,,,,
8,8,0,0,0,O,1N783W,0,1,swim,One-off label,One-off label,One-off label,One-off label,,,,
8,8,0,0,0,O,1N783W,0,2,chicken,One-off label,One-off label,One-off label,One-off label,,,,
8,8,0,0,0,O,1N783W,0,3,rest,One-off label,One-off label,One-off label,Can't tell / Neither,,,,
8,8,0,0,0,O,1N783W,0,4,ski,One-off label,One-off label,One-off label,One-off label,,,,
8,8,0,0,0,O,1N783W,0,5,book,One-off label,One-off label,One-off label,One-off label,,,,
8,8,0,0,0,O,1N783W,0,6,sit,One-off label,One-off label,One-off label,Systematic label,,,,
8,8,0,0,0,O,1N783W,0,7,dance,One-off label,One-off label,One-off label,Can't tell / Neither,,,,
8,8,0,0,0,O,1N783W,0,8,pray,One-off label,One-off label,One-off label,Systematic label,,,,
8,8,0,0,0,O,2NM4F8,0,1,purple,One-off label,One-off label,One-off label,Can't tell / Neither,,,,
8,8,0,0,0,O,2NM4F8,0,2,pink,One-off label,One-off label,One-off label,Can't tell / Neither,,,,
8,8,0,0,0,O,2NM4F8,0,3,orange,One-off label,One-off label,One-off label,Can't tell / Neither,,,,
8,8,0,0,0,O,2NM4F8,0,4,brown,One-off label,One-off label,One-off label,Can't tell / Neither,,,,
8,8,0,0,0,O,2NM4F8,0,5,blue,One-off label,One-off label,One-off label,Can't tell / Neither,,,,
8,8,0,0,0,O,2NM4F8,0,6,black,One-off label,One-off label,One-off label,Can't tell / Neither,,,,
8,8,0,0,0,O,2NM4F8,0,7,white,One-off label,One-off label,One-off label,Can't tell / Neither,,,,
8,8,0,0,0,O,2NM4F8,0,8,tall,One-off label,One-off label,One-off label,Can't tell / Neither,,,,
8,0,8,0,0,S,2TH981,0,1,pby red,Systematic label,Systematic label,Systematic label,Systematic label,Systematic label,,,
8,0,8,0,0,S,2TH981,0,2,pby short,Systematic label,Systematic label,Systematic label,Systematic label,Systematic label,,,
8,0,8,0,0,S,2TH981,0,3,orb tall,Systematic label,Systematic label,Systematic label,Systematic label,Systematic label,,,
8,0,8,0,0,S,2TH981,0,4,orb legs,Systematic label,Systematic label,Systematic label,Systematic label,Systematic label,,,
8,0,8,0,0,S,2TH981,0,5,orb circle,Systematic label,Systematic label,Systematic label,Systematic label,Systematic label,,,
8,0,8,0,0,S,2TH981,0,6,orb short,Systematic label,Systematic label,Systematic label,Systematic label,Systematic label,,,
8,0,8,0,0,S,2TH981,0,7,pby wide,Systematic label,Systematic label,Systematic label,Systematic label,Systematic label,,,
8,0,8,0,0,S,2TH981,0,8,pby tall,Systematic label,Systematic label,Systematic label,Systematic label,Systematic label,,,
8,0,8,0,0,S,2TH981,1,1,pby red,Systematic label,Systematic label,Systematic label,Systematic label,,,,
8,0,8,0,0,S,2TH981,1,2,pby short,Systematic label,Systematic label,Systematic label,Systematic label,,,,
8,0,8,0,0,S,2TH981,1,3,orb tall,Systematic label,Systematic label,Systematic label,Systematic label,,,,
8,0,8,0,0,S,2TH981,1,4,orb legs,Systematic label,Systematic label,Systematic label,Systematic label,,,,
8,0,8,0,0,S,2TH981,1,5,orb circle,Systematic label,Systematic label,Systematic label,Systematic label,,,,
8,0,8,0,0,S,2TH981,1,6,orb wide,Systematic label,Systematic label,Systematic label,Systematic label,,,,
8,0,8,0,0,S,2TH981,1,7,pby short,Systematic label,Systematic label,Systematic label,Systematic label,,,,
8,0,8,0,0,S,2TH981,1,8,pby tall,Systematic label,Systematic label,Systematic label,Systematic label,,,,
8,8,0,0,0,O,34WHMR,1,1,ghost,One-off label,One-off label,One-off label,One-off label,,,,
8,8,0,0,0,O,34WHMR,1,2,zombie,One-off label,One-off label,One-off label,One-off label,,,,
8,8,0,0,0,O,34WHMR,1,3,square,One-off label,One-off label,One-off label,Can't tell / Neither,,,,
8,8,0,0,0,O,34WHMR,1,4,chicken,One-off label,One-off label,One-off label,One-off label,,,,
8,8,0,0,0,O,34WHMR,1,5,box,One-off label,One-off label,One-off label,Can't tell / Neither,,,,
8,8,0,0,0,O,34WHMR,1,6,tail,One-off label,One-off label,One-off label,One-off label,,,,
8,8,0,0,0,O,34WHMR,1,7,dance,One-off label,One-off label,One-off label,Can't tell / Neither,,,,
8,8,0,0,0,O,34WHMR,1,8,tail,One-off label,One-off label,One-off label,One-off label,,,,
8,8,0,0,0,O,36F73R,0,1,eraser,One-off label,One-off label,One-off label,One-off label,,,,
8,8,0,0,0,O,36F73R,0,2,cake,One-off label,One-off label,One-off label,One-off label,,,,
8,8,0,0,0,O,36F73R,0,3,soldier,One-off label,One-off label,One-off label,One-off label,,,,
8,8,0,0,0,O,36F73R,0,4,tall,One-off label,One-off label,One-off label,Systematic label,,,,
8,8,0,0,0,O,36F73R,0,5,phone,One-off label,One-off label,One-off label,One-off label,,,,
8,8,0,0,0,O,36F73R,0,6,spider,One-off label,One-off label,One-off label,One-off label,,,,
8,8,0,0,0,O,36F73R,0,7,drink,One-off label,One-off label,One-off label,One-off label,,,,
8,8,0,0,0,O,36F73R,0,8,cop,One-off label,One-off label,One-off label,One-off label,,,,
8,8,0,0,0,O,3DRJ3F,1,1,purple,One-off label,One-off label,One-off label,One-off label,,,,
8,8,0,0,0,O,3DRJ3F,1,2,short,One-off label,One-off label,One-off label,Systematic label,,,,
8,8,0,0,0,O,3DRJ3F,1,3,yellow,One-off label,One-off label,One-off label,One-off label,,,,
8,8,0,0,0,O,3DRJ3F,1,4,brown,One-off label,One-off label,One-off label,One-off label,,,,
8,8,0,0,0,O,3DRJ3F,1,5,blue,One-off label,One-off label,One-off label,One-off label,,,,
8,8,0,0,0,O,3DRJ3F,1,6,black,One-off label,One-off label,One-off label,One-off label,,,,
8,8,0,0,0,O,3DRJ3F,1,7,tea,One-off label,One-off label,One-off label,Can't tell / Neither,,,,
8,8,0,0,0,O,3DRJ3F,1,8,glasses,One-off label,One-off label,One-off label,Can't tell / Neither,,,,
8,0,8,0,0,S,40Y5YE,0,1,purple right black yellow tall,Systematic label,Systematic label,Systematic label,Systematic label,,,,
8,0,8,0,0,S,40Y5YE,0,2,purple right black yellow short,Systematic label,Systematic label,Systematic label,Systematic label,,,,
8,0,8,0,0,S,40Y5YE,0,3,orange left red brown tall,Systematic label,Systematic label,Systematic label,Systematic label,,,,
8,0,8,0,0,S,40Y5YE,0,4,orange left red brown legs,Systematic label,Systematic label,Systematic label,Systematic label,,,,
8,0,8,0,0,S,40Y5YE,0,5,orange left red brown short,Systematic label,Systematic label,Systematic label,Systematic label,,,,
8,0,8,0,0,S,40Y5YE,0,6,orange left red brown short,Systematic label,Systematic label,Systematic label,Systematic label,,,,
8,0,8,0,0,S,40Y5YE,0,7,purple right black yellow short,Systematic label,Systematic label,Systematic label,Systematic label,,,,
8,0,8,0,0,S,40Y5YE,0,8,purple right black yellow tall,Systematic label,Systematic label,Systematic label,Systematic label,,,,
8,0,8,0,0,S,40Y5YE,1,1,purple right black yellow tall,Systematic label,Systematic label,Systematic label,One-off label,,,,
8,0,8,0,0,S,40Y5YE,1,2,purple right black yellow short,Systematic label,Systematic label,Systematic label,One-off label,,,,
8,0,8,0,0,S,40Y5YE,1,3,orange left red brown tall,Systematic label,Systematic label,Systematic label,One-off label,,,,
8,0,8,0,0,S,40Y5YE,1,4,orange left red brown legs,Systematic label,Systematic label,Systematic label,One-off label,,,,
8,0,8,0,0,S,40Y5YE,1,5,orange left red brown short,Systematic label,Systematic label,Systematic label,One-off label,,,,
8,0,8,0,0,S,40Y5YE,1,6,orange left red brown short,Systematic label,Systematic label,Systematic label,One-off label,,,,
8,0,8,0,0,S,40Y5YE,1,7,purple right black yellow short,Systematic label,Systematic label,Systematic label,One-off label,,,,
8,0,8,0,0,S,40Y5YE,1,8,purple right black yellow tall,Systematic label,Systematic label,Systematic label,One-off label,,,,
8,0,8,0,0,S,4CMZDP,0,1,gray purple yellow,Systematic label,Systematic label,Systematic label,Systematic label,,,,
8,0,8,0,0,S,4CMZDP,0,2,purple black yellow,Systematic label,Systematic label,Systematic label,Systematic label,,,,
8,0,8,0,0,S,4CMZDP,0,3,orange yellow brown,Systematic label,Systematic label,Systematic label,Systematic label,,,,
8,0,8,0,0,S,4CMZDP,0,4,orange red brown 2,Systematic label,Systematic label,Systematic label,Systematic label,,,,
8,0,8,0,0,S,4CMZDP,0,5,orange red brown,Systematic label,Systematic label,Systematic label,Systematic label,,,,
8,0,8,0,0,S,4CMZDP,0,6,orange red brown,Systematic label,Systematic label,Systematic label,Systematic label,,,,
8,0,8,0,0,S,4CMZDP,0,7,gray black yellow,Systematic label,Systematic label,Systematic label,Systematic label,,,,
8,0,8,0,0,S,4CMZDP,0,8,gray black yellow 2,Systematic label,Systematic label,Systematic label,Systematic label,,,,
8,0,8,0,0,S,4CMZDP,1,1,gray purple yellow,Systematic label,Systematic label,Systematic label,Systematic label,,,,
8,0,8,0,0,S,4CMZDP,1,2,gray black yellow,Systematic label,Systematic label,Systematic label,Systematic label,,,,
8,0,8,0,0,S,4CMZDP,1,3,orange yellow brown,Systematic label,Systematic label,Systematic label,Systematic label,,,,
8,0,8,0,0,S,4CMZDP,1,4,orange red brown,Systematic label,Systematic label,Systematic label,Systematic label,,,,
8,0,8,0,0,S,4CMZDP,1,5,orange red brown,Systematic label,Systematic label,Systematic label,Systematic label,,,,
8,0,8,0,0,S,4CMZDP,1,6,orange red brown,Systematic label,Systematic label,Systematic label,Systematic label,,,,
8,0,8,0,0,S,4CMZDP,1,7,gray black yellow,Systematic label,Systematic label,Systematic label,Systematic label,,,,
8,0,8,0,0,S,4CMZDP,1,8,gray black yellow,Systematic label,Systematic label,Systematic label,Systematic label,,,,
8,8,0,0,0,O,4MZDNN,0,1,open,One-off label,One-off label,One-off label,One-off label,,,,
8,8,0,0,0,O,4MZDNN,0,2,one leg,One-off label,One-off label,One-off label,Systematic label,,,,
8,8,0,0,0,O,4MZDNN,0,3,fighting,One-off label,One-off label,One-off label,One-off label,,,,
8,8,0,0,0,O,4MZDNN,0,4,balancing,One-off label,One-off label,One-off label,One-off label,,,,
8,8,0,0,0,O,4MZDNN,0,5,praying,One-off label,One-off label,One-off label,Systematic label,,,,
8,8,0,0,0,O,4MZDNN,0,6,praying,One-off label,One-off label,One-off label,Systematic label,,,,
8,8,0,0,0,O,4MZDNN,0,7,laying,One-off label,One-off label,One-off label,One-off label,,,,
8,8,0,0,0,O,4MZDNN,0,8,kneeling,One-off label,One-off label,One-off label,One-off label,,,,
8,8,0,0,0,O,4MZDNN,1,1,open,One-off label,One-off label,One-off label,Systematic label,,,,
8,8,0,0,0,O,4MZDNN,1,2,one leg,One-off label,One-off label,One-off label,Systematic label,,,,
8,8,0,0,0,O,4MZDNN,1,3,fighting,One-off label,One-off label,One-off label,Systematic label,,,,
8,8,0,0,0,O,4MZDNN,1,4,balancing,One-off label,One-off label,One-off label,Systematic label,,,,
8,8,0,0,0,O,4MZDNN,1,5,prist,One-off label,One-off label,One-off label,Can't tell / Neither,,,,
8,8,0,0,0,O,4MZDNN,1,6,praying,One-off label,One-off label,One-off label,Systematic label,,,,
8,8,0,0,0,O,4MZDNN,1,7,laying,One-off label,One-off label,One-off label,Systematic label,,,,
8,8,0,0,0,O,4MZDNN,1,8,kneeling,One-off label,One-off label,One-off label,Systematic label,,,,
8,8,0,0,0,O,4WJS6X,0,1,gum,One-off label,One-off label,One-off label,One-off label,,,,
8,8,0,0,0,O,4WJS6X,0,2,tiny,One-off label,One-off label,One-off label,Systematic label,,,,
8,8,0,0,0,O,4WJS6X,0,3,cheese,One-off label,One-off label,One-off label,One-off label,,,,
8,8,0,0,0,O,4WJS6X,0,4,bark,One-off label,One-off label,One-off label,Can't tell / Neither,,,,
8,8,0,0,0,O,4WJS6X,0,5,circle,One-off label,One-off label,One-off label,Systematic label,,,,
8,8,0,0,0,O,4WJS6X,0,6,wide,One-off label,One-off label,One-off label,Systematic label,,,,
8,8,0,0,0,O,4WJS6X,0,7,purple,One-off label,One-off label,One-off label,Systematic label,,,,
8,8,0,0,0,O,4WJS6X,0,8,button,One-off label,One-off label,One-off label,One-off label,,,,
8,8,0,0,0,O,4WJS6X,1,1,gum,One-off label,One-off label,One-off label,One-off label,,,,
8,8,0,0,0,O,4WJS6X,1,2,tiny,One-off label,One-off label,One-off label,One-off label,,,,
8,8,0,0,0,O,4WJS6X,1,3,cheese,One-off label,One-off label,One-off label,One-off label,,,,
8,8,0,0,0,O,4WJS6X,1,4,hands,One-off label,One-off label,One-off label,One-off label,,,,
8,8,0,0,0,O,4WJS6X,1,5,circle,One-off label,One-off label,One-off label,Systematic label,,,,
8,8,0,0,0,O,4WJS6X,1,6,wide,One-off label,One-off label,One-off label,Systematic label,,,,
8,8,0,0,0,O,4WJS6X,1,7,tiny,One-off label,One-off label,One-off label,Systematic label,,,,
8,8,0,0,0,O,4WJS6X,1,8,purple,One-off label,One-off label,One-off label,Systematic label,,,,
8,8,0,0,0,O,5DTH0Z,0,1,purple,One-off label,One-off label,One-off label,One-off label,,,,
8,8,0,0,0,O,5DTH0Z,0,2,pink,One-off label,One-off label,One-off label,One-off label,,,,
8,8,0,0,0,O,5DTH0Z,0,3,yellow,One-off label,One-off label,One-off label,One-off label,,,,
8,8,0,0,0,O,5DTH0Z,0,4,brown,One-off label,One-off label,One-off label,One-off label,,,,
8,8,0,0,0,O,5DTH0Z,0,5,blue,One-off label,One-off label,One-off label,One-off label,,,,
8,8,0,0,0,O,5DTH0Z,0,6,black,One-off label,One-off label,One-off label,One-off label,,,,
8,8,0,0,0,O,5DTH0Z,0,7,white,One-off label,One-off label,One-off label,One-off label,,,,
8,8,0,0,0,O,5DTH0Z,0,8,gray,One-off label,One-off label,One-off label,One-off label,,,,
8,0,8,0,0,S,5DTH0Z,1,1,purple,Systematic label,Systematic label,Systematic label,Systematic label,,,,
8,0,8,0,0,S,5DTH0Z,1,2,pink,Systematic label,Systematic label,Systematic label,Systematic label,,,,
8,0,8,0,0,S,5DTH0Z,1,3,yellow,Systematic label,Systematic label,Systematic label,Systematic label,,,,
8,0,8,0,0,S,5DTH0Z,1,4,brown,Systematic label,Systematic label,Systematic label,Systematic label,,,,
8,0,8,0,0,S,5DTH0Z,1,5,blue,Systematic label,Systematic label,Systematic label,Systematic label,,,,
8,0,8,0,0,S,5DTH0Z,1,6,black,Systematic label,Systematic label,Systematic label,Systematic label,,,,
8,0,8,0,0,S,5DTH0Z,1,7,white,Systematic label,Systematic label,Systematic label,Systematic label,,,,
8,0,8,0,0,S,5DTH0Z,1,8,grey,Systematic label,Systematic label,Systematic label,Systematic label,,,,
8,0,8,0,0,S,5RYPPV,0,1,purplepinkyellow,Systematic label,Systematic label,Systematic label,Systematic label,,,,
8,0,8,0,0,S,5RYPPV,0,2,purpleblackyellow,Systematic label,Systematic label,Systematic label,Systematic label,,,,
8,0,8,0,0,S,5RYPPV,0,3,orangeyellowbrown,Systematic label,Systematic label,Systematic label,Systematic label,,,,
8,0,8,0,0,S,5RYPPV,0,4,orangebrown,Systematic label,Systematic label,Systematic label,Systematic label,,,,
8,0,8,0,0,S,5RYPPV,0,5,orangebluebrown,Systematic label,Systematic label,Systematic label,Systematic label,,,,
8,0,8,0,0,S,5RYPPV,0,6,orangeblackbrown,Systematic label,Systematic label,Systematic label,Systematic label,,,,
8,0,8,0,0,S,5RYPPV,0,7,purplewhiteyellow,Systematic label,Systematic label,Systematic label,Systematic label,,,,
8,0,8,0,0,S,5RYPPV,0,8,purplewhitered,Systematic label,Systematic label,Systematic label,Systematic label,,,,
8,0,8,0,0,S,5RYPPV,1,1,purplepinkyellow,Systematic label,Systematic label,Systematic label,Can't tell / Neither,,,,
8,0,8,0,0,S,5RYPPV,1,2,purpleblackyellow,Systematic label,Systematic label,Systematic label,Can't tell / Neither,,,,
8,0,8,0,0,S,5RYPPV,1,3,orangeyellowbrown,Systematic label,Systematic label,Systematic label,Can't tell / Neither,,,,
8,0,8,0,0,S,5RYPPV,1,4,orangebrown,Systematic label,Systematic label,Systematic label,Can't tell / Neither,,,,
8,0,8,0,0,S,5RYPPV,1,5,orangebluebrown,Systematic label,Systematic label,Systematic label,Can't tell / Neither,,,,
8,0,8,0,0,S,5RYPPV,1,6,orangeblackbrown,Systematic label,Systematic label,Systematic label,Can't tell / Neither,,,,
8,0,8,0,0,S,5RYPPV,1,7,orangewhiteyellow,Systematic label,Systematic label,Systematic label,Can't tell / Neither,,,,
8,0,8,0,0,S,5RYPPV,1,8,purplewhitered,Systematic label,Systematic label,Systematic label,Can't tell / Neither,,,,
8,8,0,0,0,O,5Y647G,0,1,purple,One-off label,One-off label,,,,,,
8,8,0,0,0,O,5Y647G,0,2,pink,One-off label,One-off label,,,,,,
8,8,0,0,0,O,5Y647G,0,3,orange,One-off label,One-off label,,,,,,
8,8,0,0,0,O,5Y647G,0,4,brown,One-off label,One-off label,,,,,,
8,8,0,0,0,O,5Y647G,0,5,blue,One-off label,One-off label,,,,,,
8,8,0,0,0,O,5Y647G,0,6,black,One-off label,One-off label,,,,,,
8,8,0,0,0,O,5Y647G,0,7,white,One-off label,One-off label,,,,,,
8,8,0,0,0,O,5Y647G,0,8,gray,One-off label,One-off label,,,,,,
8,8,0,0,0,O,5Y647G,1,1,purple,One-off label,One-off label,One-off label,Systematic label,,,,
8,8,0,0,0,O,5Y647G,1,2,pink,One-off label,One-off label,One-off label,Systematic label,,,,
8,8,0,0,0,O,5Y647G,1,3,orange,One-off label,One-off label,One-off label,Systematic label,,,,
8,8,0,0,0,O,5Y647G,1,4,brown,One-off label,One-off label,One-off label,Systematic label,,,,
8,8,0,0,0,O,5Y647G,1,5,blue,One-off label,One-off label,One-off label,Systematic label,,,,
8,8,0,0,0,O,5Y647G,1,6,black,One-off label,One-off label,One-off label,Systematic label,,,,
8,8,0,0,0,O,5Y647G,1,7,white,One-off label,One-off label,One-off label,Systematic label,,,,
8,8,0,0,0,O,5Y647G,1,8,gray,One-off label,One-off label,One-off label,Systematic label,,,,
8,8,0,0,0,O,5ZXSPS,1,1,wave,One-off label,One-off label,One-off label,One-off label,,,,
8,8,0,0,0,O,5ZXSPS,1,2,zombie,One-off label,One-off label,One-off label,One-off label,,,,
8,8,0,0,0,O,5ZXSPS,1,3,lecture,One-off label,One-off label,One-off label,Can't tell / Neither,,,,
8,8,0,0,0,O,5ZXSPS,1,4,kick,One-off label,One-off label,One-off label,One-off label,,,,
8,8,0,0,0,O,5ZXSPS,1,5,hold,One-off label,One-off label,One-off label,One-off label,,,,
8,8,0,0,0,O,5ZXSPS,1,6,lecture,One-off label,One-off label,One-off label,Can't tell / Neither,,,,
8,8,0,0,0,O,5ZXSPS,1,7,spilt,One-off label,One-off label,One-off label,One-off label,,,,
8,8,0,0,0,O,5ZXSPS,1,8,lecture,One-off label,One-off label,One-off label,Can't tell / Neither,,,,
8,8,0,0,0,O,63CTX0,0,1,sleeping,One-off label,One-off label,One-off label,,,,,
8,8,0,0,0,O,63CTX0,0,2,running,One-off label,One-off label,One-off label,,,,,
8,8,0,0,0,O,63CTX0,0,3,karate,One-off label,One-off label,One-off label,,,,,
8,8,0,0,0,O,63CTX0,0,4,dog,One-off label,One-off label,One-off label,,,,,
8,8,0,0,0,O,63CTX0,0,5,pointing,One-off label,One-off label,One-off label,,,,,
8,8,0,0,0,O,63CTX0,0,6,squating,One-off label,One-off label,One-off label,,,,,
8,8,0,0,0,O,63CTX0,0,7,dancing,One-off label,One-off label,One-off label,,,,,
8,8,0,0,0,O,63CTX0,0,8,kneeling,One-off label,One-off label,One-off label,,,,,
8,8,0,0,0,O,6CNH70,0,1,jump,One-off label,One-off label,One-off label,One-off label,,,,
8,8,0,0,0,O,6CNH70,0,2,sad,One-off label,One-off label,One-off label,One-off label,,,,
8,8,0,0,0,O,6CNH70,0,3,mess,One-off label,One-off label,One-off label,One-off label,,,,
8,8,0,0,0,O,6CNH70,0,4,kick,One-off label,One-off label,One-off label,One-off label,,,,
8,8,0,0,0,O,6CNH70,0,5,pray,One-off label,One-off label,One-off label,Can't tell / Neither,,,,
8,8,0,0,0,O,6CNH70,0,6,boy,One-off label,One-off label,One-off label,Can't tell / Neither,,,,
8,8,0,0,0,O,6CNH70,0,7,sit,One-off label,One-off label,One-off label,One-off label,,,,
8,8,0,0,0,O,6CNH70,0,8,girl,One-off label,One-off label,One-off label,One-off label,,,,
8,8,0,0,0,O,6HY7NX,1,1,cheer,One-off label,One-off label,One-off label,One-off label,,,,
8,8,0,0,0,O,6HY7NX,1,2,zombie,One-off label,One-off label,One-off label,One-off label,,,,
8,8,0,0,0,O,6HY7NX,1,3,kung fu,One-off label,One-off label,One-off label,One-off label,,,,
8,8,0,0,0,O,6HY7NX,1,4,balance,One-off label,One-off label,One-off label,One-off label,,,,
8,8,0,0,0,O,6HY7NX,1,5,graduate,One-off label,One-off label,One-off label,One-off label,,,,
8,8,0,0,0,O,6HY7NX,1,6,dead,One-off label,One-off label,One-off label,One-off label,,,,
8,8,0,0,0,O,6HY7NX,1,7,dance,One-off label,One-off label,One-off label,One-off label,,,,
8,8,0,0,0,O,6HY7NX,1,8,pray,One-off label,One-off label,One-off label,One-off label,,,,
8,8,0,0,0,O,6RJ7Z8,0,1,flying,One-off label,One-off label,One-off label,One-off label,,,,
8,8,0,0,0,O,6RJ7Z8,0,2,dancing,One-off label,One-off label,One-off label,One-off label,,,,
8,8,0,0,0,O,6RJ7Z8,0,3,crane,One-off label,One-off label,One-off label,One-off label,,,,
8,8,0,0,0,O,6RJ7Z8,0,4,ballerina,One-off label,One-off label,One-off label,One-off label,,,,
8,8,0,0,0,O,6RJ7Z8,0,5,teacher,One-off label,One-off label,One-off label,One-off label,,,,
8,8,0,0,0,O,6RJ7Z8,0,6,praying,One-off label,One-off label,One-off label,One-off label,,,,
8,8,0,0,0,O,6RJ7Z8,0,7,fighting,One-off label,One-off label,One-off label,One-off label,,,,
8,8,0,0,0,O,6RJ7Z8,0,8,kneeling,One-off label,One-off label,One-off label,One-off label,,,,
8,8,0,0,0,O,6RJ7Z8,1,1,flying,One-off label,One-off label,One-off label,One-off label,,,,
8,8,0,0,0,O,6RJ7Z8,1,2,dancing,One-off label,One-off label,One-off label,One-off label,,,,
8,8,0,0,0,O,6RJ7Z8,1,3,crane,One-off label,One-off label,One-off label,Systematic label,,,,
8,8,0,0,0,O,6RJ7Z8,1,4,ballerina,One-off label,One-off label,One-off label,One-off label,,,,
8,8,0,0,0,O,6RJ7Z8,1,5,teacher,One-off label,One-off label,One-off label,One-off label,,,,
8,8,0,0,0,O,6RJ7Z8,1,6,praying,One-off label,One-off label,One-off label,Systematic label,,,,
8,8,0,0,0,O,6RJ7Z8,1,7,fighting,One-off label,One-off label,One-off label,Can't tell / Neither,,,,
8,8,0,0,0,O,6RJ7Z8,1,8,kneeling,One-off label,One-off label,One-off label,One-off label,,,,
8,0,8,0,0,S,6TEJDC,0,1,purple right back yellow purple,Systematic label,Systematic label,Systematic label,Systematic label,,,,
8,0,8,0,0,S,6TEJDC,0,2,purple right black yellow pink,Systematic label,Systematic label,Systematic label,Systematic label,,,,
8,0,8,0,0,S,6TEJDC,0,3,red left red brown orange,Systematic label,Systematic label,Systematic label,Systematic label,,,,
8,0,8,0,0,S,6TEJDC,0,4,red left red brown brown,Systematic label,Systematic label,Systematic label,Systematic label,,,,
8,0,8,0,0,S,6TEJDC,0,5,red left red brown blue,Systematic label,Systematic label,Systematic label,Systematic label,,,,
8,0,8,0,0,S,6TEJDC,0,6,red left red brown black,Systematic label,Systematic label,Systematic label,Systematic label,,,,
8,0,8,0,0,S,6TEJDC,0,7,purple right black yellow white,Systematic label,Systematic label,Systematic label,Systematic label,,,,
8,0,8,0,0,S,6TEJDC,0,8,purple right black yellow white brown,Systematic label,Systematic label,Systematic label,Systematic label,,,,
8,0,8,0,0,S,6TEJDC,1,1,purple right black yellow purple,Systematic label,Systematic label,Systematic label,Systematic label,,,,
8,0,8,0,0,S,6TEJDC,1,2,purple right black yellow pink,Systematic label,Systematic label,Systematic label,Systematic label,,,,
8,0,8,0,0,S,6TEJDC,1,3,red left red brown orange,Systematic label,Systematic label,Systematic label,Systematic label,,,,
8,0,8,0,0,S,6TEJDC,1,4,red left red brown brown,Systematic label,Systematic label,Systematic label,Systematic label,,,,
8,0,8,0,0,S,6TEJDC,1,5,red left red brown blue,Systematic label,Systematic label,Systematic label,Systematic label,,,,
8,0,8,0,0,S,6TEJDC,1,6,red left red brown black,Systematic label,Systematic label,Systematic label,Systematic label,,,,
8,0,8,0,0,S,6TEJDC,1,7,purple right black yellow white,Systematic label,Systematic label,Systematic label,Systematic label,,,,
8,0,8,0,0,S,6TEJDC,1,8,purple right black yellow white brown,Systematic label,Systematic label,Systematic label,Systematic label,,,,
8,0,8,0,0,S,6Z472W,0,1,pp,Systematic label,Systematic label,Systematic label,Systematic label,,,,
8,0,8,0,0,S,6Z472W,0,2,pp,Systematic label,Systematic label,Systematic label,Can't tell / Neither,,,,
8,0,8,0,0,S,6Z472W,0,3,oy,Systematic label,Systematic label,Systematic label,Systematic label,,,,
8,0,8,0,0,S,6Z472W,0,4,ob,Systematic label,Systematic label,Systematic label,Systematic label,,,,
8,0,8,0,0,S,6Z472W,0,5,ob,Systematic label,Systematic label,Systematic label,Can't tell / Neither,,,,
8,0,8,0,0,S,6Z472W,0,6,ob,Systematic label,Systematic label,Systematic label,Can't tell / Neither,,,,
8,0,8,0,0,S,6Z472W,0,7,pw,Systematic label,Systematic label,Systematic label,Systematic label,,,,
8,0,8,0,0,S,6Z472W,0,8,pb,Systematic label,Systematic label,Systematic label,Systematic label,,,,
8,0,8,0,0,S,6Z472W,1,1,pp,Systematic label,Systematic label,Systematic label,Systematic label,,,,
8,0,8,0,0,S,6Z472W,1,2,pp,Systematic label,Systematic label,Systematic label,Systematic label,,,,
8,0,8,0,0,S,6Z472W,1,3,oy,Systematic label,Systematic label,Systematic label,One-off label,,,,
8,0,8,0,0,S,6Z472W,1,4,ob,Systematic label,Systematic label,Systematic label,Systematic label,,,,
8,0,8,0,0,S,6Z472W,1,5,ob,Systematic label,Systematic label,Systematic label,Systematic label,,,,
8,0,8,0,0,S,6Z472W,1,6,ob,Systematic label,Systematic label,Systematic label,Systematic label,,,,
8,0,8,0,0,S,6Z472W,1,7,pw,Systematic label,Systematic label,Systematic label,One-off label,,,,
8,0,8,0,0,S,6Z472W,1,8,pb,Systematic label,Systematic label,Systematic label,One-off label,,,,
8,0,8,0,0,S,74XPR3,1,1,dance up,Systematic label,Systematic label,Systematic label,One-off label,,,,
8,0,8,0,0,S,74XPR3,1,2,dance left,Systematic label,Systematic label,Systematic label,One-off label,,,,
8,0,8,0,0,S,74XPR3,1,3,hands up,Systematic label,Systematic label,Systematic label,One-off label,,,,
8,0,8,0,0,S,74XPR3,1,4,dance left,Systematic label,Systematic label,Systematic label,One-off label,,,,
8,0,8,0,0,S,74XPR3,1,5,pray left,Systematic label,Systematic label,Systematic label,One-off label,,,,
8,0,8,0,0,S,74XPR3,1,6,pray left,Systematic label,Systematic label,Systematic label,One-off label,,,,
8,0,8,0,0,S,74XPR3,1,7,hands up,Systematic label,Systematic label,Systematic label,One-off label,,,,
8,0,8,0,0,S,74XPR3,1,8,pray right,Systematic label,Systematic label,Systematic label,One-off label,,,,
8,0,8,0,0,S,7BE84W,0,1,purple pink,Systematic label,Systematic label,Systematic label,One-off label,,,,
8,0,8,0,0,S,7BE84W,0,2,purple yellow,Systematic label,Systematic label,Systematic label,One-off label,,,,
8,0,8,0,0,S,7BE84W,0,3,orange yellow,Systematic label,Systematic label,Systematic label,One-off label,,,,
8,0,8,0,0,S,7BE84W,0,4,orange brown,Systematic label,Systematic label,Systematic label,One-off label,,,,
8,0,8,0,0,S,7BE84W,0,5,orange blue,Systematic label,Systematic label,Systematic label,One-off label,,,,
8,0,8,0,0,S,7BE84W,0,6,orange black,Systematic label,Systematic label,Systematic label,One-off label,,,,
8,0,8,0,0,S,7BE84W,0,7,purple white white,Systematic label,Systematic label,Systematic label,One-off label,,,,
8,0,8,0,0,S,7BE84W,0,8,purple white brown,Systematic label,Systematic label,Systematic label,One-off label,,,,
8,0,8,0,0,S,7BE84W,1,1,purple pink,Systematic label,Systematic label,Systematic label,One-off label,,,,
8,0,8,0,0,S,7BE84W,1,2,purple yellow,Systematic label,Systematic label,Systematic label,One-off label,,,,
8,0,8,0,0,S,7BE84W,1,3,orange yellow,Systematic label,Systematic label,Systematic label,One-off label,,,,
8,0,8,0,0,S,7BE84W,1,4,orange brown,Systematic label,Systematic label,Systematic label,One-off label,,,,
8,0,8,0,0,S,7BE84W,1,5,orange blue,Systematic label,Systematic label,Systematic label,One-off label,,,,
8,0,8,0,0,S,7BE84W,1,6,orange black,Systematic label,Systematic label,Systematic label,One-off label,,,,
8,0,8,0,0,S,7BE84W,1,7,purple white white,Systematic label,Systematic label,Systematic label,One-off label,,,,
8,0,8,0,0,S,7BE84W,1,8,purple white brown,Systematic label,Systematic label,Systematic label,One-off label,,,,
8,0,8,0,0,S,7E7FN0,0,1,nick byp,Systematic label,Systematic label,Systematic label,One-off label,,,,
8,0,8,0,0,S,7E7FN0,0,2,nick byp,Systematic label,Systematic label,Systematic label,One-off label,,,,
8,0,8,0,0,S,7E7FN0,0,3,sherbert rbo,Systematic label,Systematic label,Systematic label,One-off label,,,,
8,0,8,0,0,S,7E7FN0,0,4,sherbert rbb,Systematic label,Systematic label,Systematic label,One-off label,,,,
8,0,8,0,0,S,7E7FN0,0,5,sherbert rbb,Systematic label,Systematic label,Systematic label,One-off label,,,,
8,0,8,0,0,S,7E7FN0,0,6,sherbert rbp,Systematic label,Systematic label,Systematic label,One-off label,,,,
8,0,8,0,0,S,7E7FN0,0,7,nick ryw,Systematic label,Systematic label,Systematic label,One-off label,,,,
8,0,8,0,0,S,7E7FN0,0,8,nick byb,Systematic label,Systematic label,Systematic label,One-off label,,,,
8,0,8,0,0,S,7E7FN0,1,1,nick byp,Systematic label,Systematic label,Systematic label,Systematic label,,,,
8,0,8,0,0,S,7E7FN0,1,2,nick byp,Systematic label,Systematic label,Systematic label,Systematic label,,,,
8,0,8,0,0,S,7E7FN0,1,3,sherbert rbo,Systematic label,Systematic label,Systematic label,Systematic label,,,,
8,0,8,0,0,S,7E7FN0,1,4,sherbert rbb,Systematic label,Systematic label,Systematic label,Systematic label,,,,
8,0,8,0,0,S,7E7FN0,1,5,sherbert rbb,Systematic label,Systematic label,Systematic label,Systematic label,,,,
8,0,8,0,0,S,7E7FN0,1,6,sherbert rbp,Systematic label,Systematic label,Systematic label,Systematic label,,,,
8,0,8,0,0,S,7E7FN0,1,7,nick byw,Systematic label,Systematic label,Systematic label,Systematic label,,,,
8,0,8,0,0,S,7E7FN0,1,8,nick byb,Systematic label,Systematic label,Systematic label,Systematic label,,,,
8,8,0,0,0,O,7JRENM,0,1,licorice,One-off label,One-off label,One-off label,One-off label,,,,
8,8,0,0,0,O,7JRENM,0,2,dog,One-off label,One-off label,One-off label,One-off label,,,,
8,8,0,0,0,O,7JRENM,0,3,corn,One-off label,One-off label,One-off label,One-off label,,,,
8,8,0,0,0,O,7JRENM,0,4,clown,One-off label,One-off label,One-off label,One-off label,,,,
8,8,0,0,0,O,7JRENM,0,5,genie,One-off label,One-off label,One-off label,One-off label,,,,
8,8,0,0,0,O,7JRENM,0,6,crab,One-off label,One-off label,One-off label,One-off label,,,,
8,8,0,0,0,O,7JRENM,0,7,cloud,One-off label,One-off label,One-off label,One-off label,,,,
8,8,0,0,0,O,7JRENM,0,8,snowman,One-off label,One-off label,One-off label,One-off label,,,,
8,8,0,0,0,O,7JRENM,1,1,licorice,One-off label,One-off label,One-off label,One-off label,,,,
8,8,0,0,0,O,7JRENM,1,2,dog,One-off label,One-off label,One-off label,One-off label,,,,
8,8,0,0,0,O,7JRENM,1,3,corn,One-off label,One-off label,One-off label,One-off label,,,,
8,8,0,0,0,O,7JRENM,1,4,clown,One-off label,One-off label,One-off label,One-off label,,,,
8,8,0,0,0,O,7JRENM,1,5,genie,One-off label,One-off label,One-off label,One-off label,,,,
8,8,0,0,0,O,7JRENM,1,6,crab,One-off label,One-off label,One-off label,One-off label,,,,
8,8,0,0,0,O,7JRENM,1,7,cloud,One-off label,One-off label,One-off label,One-off label,,,,
8,8,0,0,0,O,7JRENM,1,8,snowman,One-off label,One-off label,One-off label,One-off label,,,,
8,8,0,0,0,O,7TP0DW,0,1,flying,One-off label,One-off label,One-off label,One-off label,,,,
8,8,0,0,0,O,7TP0DW,0,2,kicking,One-off label,One-off label,One-off label,One-off label,,,,
8,8,0,0,0,O,7TP0DW,0,3,full kneel,One-off label,One-off label,One-off label,One-off label,,,,
8,8,0,0,0,O,7TP0DW,0,4,yoga,One-off label,One-off label,One-off label,One-off label,,,,
8,8,0,0,0,O,7TP0DW,0,5,standing,One-off label,One-off label,One-off label,One-off label,,,,
8,8,0,0,0,O,7TP0DW,0,6,sitting,One-off label,One-off label,One-off label,One-off label,,,,
8,8,0,0,0,O,7TP0DW,0,7,sliding,One-off label,One-off label,One-off label,One-off label,,,,
8,8,0,0,0,O,7TP0DW,0,8,half kneel,One-off label,One-off label,One-off label,One-off label,,,,
8,0,8,0,0,S,8JTE0M,0,1,pby,Systematic label,Systematic label,Systematic label,Systematic label,,,,
8,0,8,0,0,S,8JTE0M,0,2,pby,Systematic label,Systematic label,Systematic label,Systematic label,,,,
8,0,8,0,0,S,8JTE0M,0,3,orb,Systematic label,Systematic label,Systematic label,Systematic label,,,,
8,0,8,0,0,S,8JTE0M,0,4,orb,Systematic label,Systematic label,Systematic label,Systematic label,,,,
8,0,8,0,0,S,8JTE0M,0,5,orbb,Systematic label,Systematic label,Systematic label,Systematic label,,,,
8,0,8,0,0,S,8JTE0M,0,6,orb,Systematic label,Systematic label,Systematic label,Systematic label,,,,
8,0,8,0,0,S,8JTE0M,0,7,pbyw,Systematic label,Systematic label,Systematic label,Systematic label,,,,
8,0,8,0,0,S,8JTE0M,0,8,pbr,Systematic label,Systematic label,Systematic label,Systematic label,,,,
8,8,0,0,0,O,9DTMJQ,1,1,purple,One-off label,One-off label,One-off label,One-off label,,,,
8,8,0,0,0,O,9DTMJQ,1,2,baby,One-off label,One-off label,One-off label,One-off label,,,,
8,8,0,0,0,O,9DTMJQ,1,3,yellow,One-off label,One-off label,One-off label,One-off label,,,,
8,8,0,0,0,O,9DTMJQ,1,4,brown,One-off label,One-off label,One-off label,One-off label,,,,
8,8,0,0,0,O,9DTMJQ,1,5,blue,One-off label,One-off label,One-off label,One-off label,,,,
8,8,0,0,0,O,9DTMJQ,1,6,minion,One-off label,One-off label,One-off label,One-off label,,,,
8,8,0,0,0,O,9DTMJQ,1,7,ninja,One-off label,One-off label,One-off label,One-off label,,,,
8,8,0,0,0,O,9DTMJQ,1,8,robot,One-off label,One-off label,One-off label,One-off label,,,,
8,8,0,0,0,O,9FGBVX,0,1,angel,One-off label,One-off label,One-off label,One-off label,,,,
8,8,0,0,0,O,9FGBVX,0,2,fall,One-off label,One-off label,One-off label,Systematic label,,,,
8,8,0,0,0,O,9FGBVX,0,3,spread,One-off label,One-off label,One-off label,One-off label,,,,
8,8,0,0,0,O,9FGBVX,0,4,dance,One-off label,One-off label,One-off label,Systematic label,,,,
8,8,0,0,0,O,9FGBVX,0,5,pray,One-off label,One-off label,One-off label,Systematic label,,,,
8,8,0,0,0,O,9FGBVX,0,6,squat,One-off label,One-off label,One-off label,Systematic label,,,,
8,8,0,0,0,O,9FGBVX,0,7,faint,One-off label,One-off label,One-off label,Systematic label,,,,
8,8,0,0,0,O,9FGBVX,0,8,kneel,One-off label,One-off label,One-off label,Systematic label,,,,
8,8,0,0,0,O,9FGBVX,1,1,angel,One-off label,One-off label,One-off label,One-off label,,,,
8,8,0,0,0,O,9FGBVX,1,2,fall,One-off label,One-off label,One-off label,One-off label,,,,
8,8,0,0,0,O,9FGBVX,1,3,spread,One-off label,One-off label,One-off label,Systematic label,,,,
8,8,0,0,0,O,9FGBVX,1,4,dance,One-off label,One-off label,One-off label,One-off label,,,,
8,8,0,0,0,O,9FGBVX,1,5,pray,One-off label,One-off label,One-off label,Systematic label,,,,
8,8,0,0,0,O,9FGBVX,1,6,kneel,One-off label,One-off label,One-off label,One-off label,,,,
8,8,0,0,0,O,9FGBVX,1,7,faint,One-off label,One-off label,One-off label,One-off label,,,,
8,8,0,0,0,O,9FGBVX,1,8,kneel,One-off label,One-off label,One-off label,One-off label,,,,
8,8,0,0,0,O,9YG10X,1,1,score,One-off label,One-off label,One-off label,Can't tell / Neither,,,,
8,8,0,0,0,O,9YG10X,1,2,walk,One-off label,One-off label,One-off label,One-off label,,,,
8,8,0,0,0,O,9YG10X,1,3,pray,One-off label,One-off label,One-off label,One-off label,,,,
8,8,0,0,0,O,9YG10X,1,4,skate,One-off label,One-off label,One-off label,One-off label,,,,
8,8,0,0,0,O,9YG10X,1,5,speak,One-off label,One-off label,One-off label,One-off label,,,,
8,8,0,0,0,O,9YG10X,1,6,bend,One-off label,One-off label,One-off label,One-off label,,,,
8,8,0,0,0,O,9YG10X,1,7,stretch,One-off label,One-off label,One-off label,One-off label,,,,
8,8,0,0,0,O,9YG10X,1,8,kneel,One-off label,One-off label,One-off label,One-off label,,,,
8,8,0,0,0,O,AAA1CK,0,1,ninja bend,One-off label,One-off label,One-off label,,,,,
8,8,0,0,0,O,AAA1CK,0,2,ninja dance,One-off label,One-off label,One-off label,,,,,
8,8,0,0,0,O,AAA1CK,0,3,ninja sit,One-off label,One-off label,One-off label,,,,,
8,8,0,0,0,O,AAA1CK,0,4,ninja fall,One-off label,One-off label,One-off label,,,,,
8,8,0,0,0,O,AAA1CK,0,5,ninja bowl,One-off label,One-off label,One-off label,,,,,
8,8,0,0,0,O,AAA1CK,0,6,ninja bend,One-off label,One-off label,One-off label,,,,,
8,8,0,0,0,O,AAA1CK,0,7,ninja fight,One-off label,One-off label,One-off label,,,,,
8,8,0,0,0,O,AAA1CK,0,8,ninja kneel,One-off label,One-off label,One-off label,,,,,
8,8,0,0,0,O,AAE49H,0,1,fall,One-off label,One-off label,One-off label,Can't tell / Neither,,,,
8,8,0,0,0,O,AAE49H,0,2,kick,One-off label,One-off label,One-off label,Can't tell / Neither,,,,
8,8,0,0,0,O,AAE49H,0,3,kneel,One-off label,One-off label,One-off label,Can't tell / Neither,,,,
8,8,0,0,0,O,AAE49H,0,4,balance,One-off label,One-off label,One-off label,Systematic label,,,,
8,8,0,0,0,O,AAE49H,0,5,stand,One-off label,One-off label,One-off label,One-off label,,,,
8,8,0,0,0,O,AAE49H,0,6,crouch,One-off label,One-off label,One-off label,One-off label,,,,
8,8,0,0,0,O,AAE49H,0,7,stretch,One-off label,One-off label,One-off label,Can't tell / Neither,,,,
8,8,0,0,0,O,AAE49H,0,8,bow,One-off label,One-off label,One-off label,Can't tell / Neither,,,,
8,8,0,0,0,O,AAE49H,1,1,fall,One-off label,One-off label,One-off label,One-off label,,,,
8,8,0,0,0,O,AAE49H,1,2,kick,One-off label,One-off label,One-off label,One-off label,,,,
8,8,0,0,0,O,AAE49H,1,3,kneel,One-off label,One-off label,One-off label,One-off label,,,,
8,8,0,0,0,O,AAE49H,1,4,balance,One-off label,One-off label,One-off label,One-off label,,,,
8,8,0,0,0,O,AAE49H,1,5,stand,One-off label,One-off label,One-off label,One-off label,,,,
8,8,0,0,0,O,AAE49H,1,6,crouch,One-off label,One-off label,One-off label,One-off label,,,,
8,8,0,0,0,O,AAE49H,1,7,stretch,One-off label,One-off label,One-off label,One-off label,,,,
8,8,0,0,0,O,AAE49H,1,8,stand,One-off label,One-off label,One-off label,One-off label,,,,
8,8,0,0,0,O,ARZGAA,0,1,save,One-off label,One-off label,One-off label,One-off label,,,,
8,8,0,0,0,O,ARZGAA,0,2,down,One-off label,One-off label,One-off label,One-off label,,,,
8,8,0,0,0,O,ARZGAA,0,3,strike,One-off label,One-off label,One-off label,One-off label,,,,
8,8,0,0,0,O,ARZGAA,0,4,kick,One-off label,One-off label,One-off label,One-off label,,,,
8,8,0,0,0,O,ARZGAA,0,5,pray,One-off label,One-off label,One-off label,Can't tell / Neither,,,,
8,8,0,0,0,O,ARZGAA,0,6,squat,One-off label,One-off label,One-off label,One-off label,,,,
8,8,0,0,0,O,ARZGAA,0,7,dance,One-off label,One-off label,One-off label,One-off label,,,,
8,8,0,0,0,O,ARZGAA,0,8,kneel,One-off label,One-off label,One-off label,One-off label,,,,
8,8,0,0,0,O,BK8QW3,0,1,fly,One-off label,One-off label,One-off label,One-off label,,,,
8,8,0,0,0,O,BK8QW3,0,2,kick,One-off label,One-off label,One-off label,One-off label,,,,
8,8,0,0,0,O,BK8QW3,0,3,kneel,One-off label,One-off label,One-off label,One-off label,,,,
8,8,0,0,0,O,BK8QW3,0,4,skate,One-off label,One-off label,One-off label,One-off label,,,,
8,8,0,0,0,O,BK8QW3,0,5,read,One-off label,One-off label,One-off label,One-off label,,,,
8,8,0,0,0,O,BK8QW3,0,6,propose,One-off label,One-off label,One-off label,Systematic label,,,,
8,8,0,0,0,O,BK8QW3,0,7,propose,One-off label,One-off label,One-off label,Systematic label,,,,
8,8,0,0,0,O,BK8QW3,0,8,kneel,One-off label,One-off label,One-off label,One-off label,,,,
8,8,0,0,0,O,C6CY8X,1,1,cute,One-off label,One-off label,One-off label,One-off label,,,,
8,8,0,0,0,O,C6CY8X,1,2,post,One-off label,One-off label,One-off label,One-off label,,,,
8,8,0,0,0,O,C6CY8X,1,3,cheese,One-off label,One-off label,One-off label,One-off label,,,,
8,8,0,0,0,O,C6CY8X,1,4,chicken,One-off label,One-off label,One-off label,One-off label,,,,
8,8,0,0,0,O,C6CY8X,1,5,float,One-off label,One-off label,One-off label,One-off label,,,,
8,8,0,0,0,O,C6CY8X,1,6,rock,One-off label,One-off label,One-off label,One-off label,,,,
8,8,0,0,0,O,C6CY8X,1,7,inverted,One-off label,One-off label,One-off label,One-off label,,,,
8,8,0,0,0,O,C6CY8X,1,8,tower,One-off label,One-off label,One-off label,One-off label,,,,
8,8,0,0,0,O,C85FMG,0,1,snowman,One-off label,One-off label,One-off label,One-off label,,,,
8,8,0,0,0,O,C85FMG,0,2,crab,One-off label,One-off label,One-off label,One-off label,,,,
8,8,0,0,0,O,C85FMG,0,3,snowman,One-off label,One-off label,One-off label,One-off label,,,,
8,8,0,0,0,O,C85FMG,0,4,legs,One-off label,One-off label,One-off label,One-off label,,,,
8,8,0,0,0,O,C85FMG,0,5,blue,One-off label,One-off label,One-off label,One-off label,,,,
8,8,0,0,0,O,C85FMG,0,6,crab,One-off label,One-off label,One-off label,One-off label,,,,
8,8,0,0,0,O,C85FMG,0,7,robot,One-off label,One-off label,One-off label,One-off label,,,,
8,8,0,0,0,O,C85FMG,0,8,snowman,One-off label,One-off label,One-off label,One-off label,,,,
8,8,0,0,0,O,CH2EM4,0,1,catch,One-off label,One-off label,One-off label,One-off label,One-off label,One-off label,One-off label,One-off label
8,8,0,0,0,O,CH2EM4,0,2,kick,One-off label,One-off label,One-off label,One-off label,One-off label,One-off label,One-off label,Can't tell / Neither
8,8,0,0,0,O,CH2EM4,0,3,knee,One-off label,One-off label,One-off label,One-off label,One-off label,One-off label,Can't tell / Neither,Systematic label
8,8,0,0,0,O,CH2EM4,0,4,skate,One-off label,One-off label,One-off label,One-off label,One-off label,One-off label,One-off label,Can't tell / Neither
8,8,0,0,0,O,CH2EM4,0,5,priest,One-off label,One-off label,One-off label,One-off label,One-off label,One-off label,One-off label,Can't tell / Neither
8,8,0,0,0,O,CH2EM4,0,6,beg,One-off label,One-off label,One-off label,One-off label,One-off label,One-off label,Can't tell / Neither,Can't tell / Neither
8,8,0,0,0,O,CH2EM4,0,7,dab,One-off label,One-off label,One-off label,One-off label,One-off label,Can't tell / Neither,Can't tell / Neither,Systematic label
8,8,0,0,0,O,CH2EM4,0,8,pray,One-off label,One-off label,One-off label,One-off label,One-off label,One-off label,Can't tell / Neither,Can't tell / Neither
8,8,0,0,0,O,CH2EM4,1,1,catch,One-off label,One-off label,One-off label,One-off label,,,,
8,8,0,0,0,O,CH2EM4,1,2,kick,One-off label,One-off label,One-off label,One-off label,,,,
8,8,0,0,0,O,CH2EM4,1,3,knee,One-off label,One-off label,One-off label,Systematic label,,,,
8,8,0,0,0,O,CH2EM4,1,4,skate,One-off label,One-off label,One-off label,One-off label,,,,
8,8,0,0,0,O,CH2EM4,1,5,priest,One-off label,One-off label,One-off label,Can't tell / Neither,,,,
8,8,0,0,0,O,CH2EM4,1,6,beg,One-off label,One-off label,One-off label,Can't tell / Neither,,,,
8,8,0,0,0,O,CH2EM4,1,7,dab,One-off label,One-off label,One-off label,Can't tell / Neither,,,,
8,8,0,0,0,O,CH2EM4,1,8,pray,One-off label,One-off label,One-off label,Can't tell / Neither,,,,
8,8,0,0,0,O,CP5QZ0,0,1,flying,One-off label,One-off label,One-off label,Systematic label,,,,
8,8,0,0,0,O,CP5QZ0,0,2,kicking,One-off label,One-off label,One-off label,Systematic label,,,,
8,8,0,0,0,O,CP5QZ0,0,3,titanic,One-off label,One-off label,One-off label,One-off label,,,,
8,8,0,0,0,O,CP5QZ0,0,4,skating,One-off label,One-off label,One-off label,Systematic label,,,,
8,8,0,0,0,O,CP5QZ0,0,5,reading,One-off label,One-off label,One-off label,Systematic label,,,,
8,8,0,0,0,O,CP5QZ0,0,6,praying,One-off label,One-off label,One-off label,Systematic label,,,,
8,8,0,0,0,O,CP5QZ0,0,7,dancing,One-off label,One-off label,One-off label,Systematic label,,,,
8,8,0,0,0,O,CP5QZ0,0,8,praying,One-off label,One-off label,One-off label,Systematic label,,,,
8,8,0,0,0,O,CP5QZ0,1,1,flying,One-off label,One-off label,One-off label,One-off label,,,,
8,8,0,0,0,O,CP5QZ0,1,2,kicking,One-off label,One-off label,One-off label,One-off label,,,,
8,8,0,0,0,O,CP5QZ0,1,3,dancing,One-off label,One-off label,One-off label,One-off label,,,,
8,8,0,0,0,O,CP5QZ0,1,4,skating,One-off label,One-off label,One-off label,One-off label,,,,
8,8,0,0,0,O,CP5QZ0,1,5,standing,One-off label,One-off label,One-off label,One-off label,,,,
8,8,0,0,0,O,CP5QZ0,1,6,sitting,One-off label,One-off label,One-off label,One-off label,,,,
8,8,0,0,0,O,CP5QZ0,1,7,dancing,One-off label,One-off label,One-off label,One-off label,,,,
8,8,0,0,0,O,CP5QZ0,1,8,praying,One-off label,One-off label,One-off label,One-off label,,,,
8,8,0,0,0,O,D390AY,1,1,yay,One-off label,One-off label,One-off label,Can't tell / Neither,,,,
8,8,0,0,0,O,D390AY,1,2,kick,One-off label,One-off label,One-off label,One-off label,,,,
8,8,0,0,0,O,D390AY,1,3,dance,One-off label,One-off label,One-off label,One-off label,,,,
8,8,0,0,0,O,D390AY,1,4,skater,One-off label,One-off label,One-off label,One-off label,,,,
8,8,0,0,0,O,D390AY,1,5,graduate,One-off label,One-off label,One-off label,One-off label,,,,
8,8,0,0,0,O,D390AY,1,6,sitting,One-off label,One-off label,One-off label,One-off label,,,,
8,8,0,0,0,O,D390AY,1,7,shoe,One-off label,One-off label,One-off label,One-off label,,,,
8,8,0,0,0,O,D390AY,1,8,nun,One-off label,One-off label,One-off label,One-off label,,,,
8,8,0,0,0,O,DSCVVJ,0,1,fly,One-off label,One-off label,One-off label,One-off label,,,,
8,8,0,0,0,O,DSCVVJ,0,2,two,One-off label,One-off label,One-off label,Systematic label,,,,
8,8,0,0,0,O,DSCVVJ,0,3,three,One-off label,One-off label,One-off label,Systematic label,,,,
8,8,0,0,0,O,DSCVVJ,0,4,leg,One-off label,One-off label,One-off label,One-off label,,,,
8,8,0,0,0,O,DSCVVJ,0,5,priest,One-off label,One-off label,One-off label,One-off label,,,,
8,8,0,0,0,O,DSCVVJ,0,6,beg,One-off label,One-off label,One-off label,One-off label,,,,
8,8,0,0,0,O,DSCVVJ,0,7,leg,One-off label,One-off label,One-off label,One-off label,,,,
8,8,0,0,0,O,DSCVVJ,0,8,pray,One-off label,One-off label,One-off label,One-off label,,,,
8,0,8,0,0,S,E1QE4B,0,1,purple cap right yellow pink,Systematic label,Systematic label,Systematic label,Systematic label,,,,
8,0,8,0,0,S,E1QE4B,0,2,purple cap right yellow pink,Systematic label,Systematic label,Systematic label,Systematic label,,,,
8,0,8,0,0,S,E1QE4B,0,3,orange cap left brown yellow,Systematic label,Systematic label,Systematic label,Systematic label,,,,
8,0,8,0,0,S,E1QE4B,0,4,orange cap left brown brown,Systematic label,Systematic label,Systematic label,Systematic label,,,,
8,0,8,0,0,S,E1QE4B,0,5,orange cap left brown blue,Systematic label,Systematic label,Systematic label,Systematic label,,,,
8,0,8,0,0,S,E1QE4B,0,6,orange cap left brown black,Systematic label,Systematic label,Systematic label,Systematic label,,,,
8,0,8,0,0,S,E1QE4B,0,7,purple cap right yellow grey,Systematic label,Systematic label,Systematic label,Systematic label,,,,
8,0,8,0,0,S,E1QE4B,0,8,purple cap right yellow grey,Systematic label,Systematic label,Systematic label,Systematic label,,,,
8,0,8,0,0,S,E1QE4B,1,1,purple cap right yellow pink,Systematic label,Systematic label,Systematic label,Systematic label,,,,
8,0,8,0,0,S,E1QE4B,1,2,purple cap right yellow pink,Systematic label,Systematic label,Systematic label,Can't tell / Neither,,,,
8,0,8,0,0,S,E1QE4B,1,3,orange cap left brown yellow,Systematic label,Systematic label,Systematic label,Systematic label,,,,
8,0,8,0,0,S,E1QE4B,1,4,orange cap left brown brown,Systematic label,Systematic label,Systematic label,Systematic label,,,,
8,0,8,0,0,S,E1QE4B,1,5,orange cap left brown blue,Systematic label,Systematic label,Systematic label,Systematic label,,,,
8,0,8,0,0,S,E1QE4B,1,6,orange cap left brown black,Systematic label,Systematic label,Systematic label,Systematic label,,,,
8,0,8,0,0,S,E1QE4B,1,7,purple cap right yellow grey,Systematic label,Systematic label,Systematic label,Systematic label,,,,
8,0,8,0,0,S,E1QE4B,1,8,purple cap right yellow grey,Systematic label,Systematic label,Systematic label,Can't tell / Neither,,,,
8,8,0,0,0,O,E6EPZX,0,1,falling,One-off label,One-off label,One-off label,One-off label,,,,
8,8,0,0,0,O,E6EPZX,0,2,monster,One-off label,One-off label,One-off label,One-off label,,,,
8,8,0,0,0,O,E6EPZX,0,3,ladygaga,One-off label,One-off label,One-off label,One-off label,,,,
8,8,0,0,0,O,E6EPZX,0,4,skating,One-off label,One-off label,One-off label,One-off label,,,,
8,8,0,0,0,O,E6EPZX,0,5,giving,One-off label,One-off label,One-off label,One-off label,,,,
8,8,0,0,0,O,E6EPZX,0,6,himpraying,One-off label,One-off label,One-off label,One-off label,,,,
8,8,0,0,0,O,E6EPZX,0,7,confused,One-off label,One-off label,One-off label,One-off label,,,,
8,8,0,0,0,O,E6EPZX,0,8,prayingwoman,One-off label,One-off label,One-off label,One-off label,,,,
8,0,8,0,0,S,FSR0XH,0,1,purple pink yellow,Systematic label,Systematic label,Systematic label,Systematic label,,,,
8,0,8,0,0,S,FSR0XH,0,2,purple yellow yellow,Systematic label,Systematic label,Systematic label,Systematic label,,,,
8,0,8,0,0,S,FSR0XH,0,3,orange yellow brown,Systematic label,Systematic label,Systematic label,Systematic label,,,,
8,0,8,0,0,S,FSR0XH,0,4,orange,Systematic label,Systematic label,Systematic label,One-off label,,,,
8,0,8,0,0,S,FSR0XH,0,5,orange blue brown,Systematic label,Systematic label,Systematic label,Systematic label,,,,
8,0,8,0,0,S,FSR0XH,0,6,orange black brown,Systematic label,Systematic label,Systematic label,Systematic label,,,,
8,0,8,0,0,S,FSR0XH,0,7,purple white yellow,Systematic label,Systematic label,Systematic label,Systematic label,,,,
8,0,8,0,0,S,FSR0XH,0,8,purple brown brown yellow,Systematic label,Systematic label,Systematic label,Systematic label,,,,
8,0,8,0,0,S,FSR0XH,1,1,purple purple yellow,Systematic label,Systematic label,Systematic label,Systematic label,,,,
8,0,8,0,0,S,FSR0XH,1,2,purple yellow yellow,Systematic label,Systematic label,Systematic label,Systematic label,,,,
8,0,8,0,0,S,FSR0XH,1,3,orange yellow brown,Systematic label,Systematic label,Systematic label,Systematic label,,,,
8,0,8,0,0,S,FSR0XH,1,4,orange brown brown,Systematic label,Systematic label,Systematic label,Systematic label,,,,
8,0,8,0,0,S,FSR0XH,1,5,orange blue brown,Systematic label,Systematic label,Systematic label,Systematic label,,,,
8,0,8,0,0,S,FSR0XH,1,6,orange black brown,Systematic label,Systematic label,Systematic label,Systematic label,,,,
8,0,8,0,0,S,FSR0XH,1,7,purple white yellow,Systematic label,Systematic label,Systematic label,Systematic label,,,,
8,0,8,0,0,S,FSR0XH,1,8,purple brown brown yellow,Systematic label,Systematic label,Systematic label,Systematic label,,,,
8,8,0,0,0,O,FTGT9R,0,1,raver,One-off label,One-off label,,,,,,
8,8,0,0,0,O,FTGT9R,0,2,kick up,One-off label,One-off label,,,,,,
8,8,0,0,0,O,FTGT9R,0,3,angel,One-off label,One-off label,,,,,,
8,8,0,0,0,O,FTGT9R,0,4,ice skater,One-off label,One-off label,,,,,,
8,8,0,0,0,O,FTGT9R,0,5,bishop,One-off label,One-off label,,,,,,
8,8,0,0,0,O,FTGT9R,0,6,man praying,One-off label,One-off label,,,,,,
8,8,0,0,0,O,FTGT9R,0,7,random,One-off label,One-off label,,,,,,
8,8,0,0,0,O,FTGT9R,0,8,woman praying,One-off label,One-off label,,,,,,
8,8,0,0,0,O,FTGT9R,1,1,raver,One-off label,One-off label,One-off label,Systematic label,,,,
8,8,0,0,0,O,FTGT9R,1,2,kick up,One-off label,One-off label,One-off label,Systematic label,,,,
8,8,0,0,0,O,FTGT9R,1,3,angel,One-off label,One-off label,One-off label,One-off label,,,,
8,8,0,0,0,O,FTGT9R,1,4,ice skater,One-off label,One-off label,One-off label,Systematic label,,,,
8,8,0,0,0,O,FTGT9R,1,5,bishop,One-off label,One-off label,One-off label,Systematic label,,,,
8,8,0,0,0,O,FTGT9R,1,6,man praying,One-off label,One-off label,One-off label,Systematic label,,,,
8,8,0,0,0,O,FTGT9R,1,7,random,One-off label,One-off label,One-off label,Can't tell / Neither,,,,
8,8,0,0,0,O,FTGT9R,1,8,woman praying,One-off label,One-off label,One-off label,Systematic label,,,,
8,8,0,0,0,O,G1XHHG,0,1,owl,One-off label,One-off label,One-off label,One-off label,,,,
8,8,0,0,0,O,G1XHHG,0,2,sticky,One-off label,One-off label,One-off label,One-off label,,,,
8,8,0,0,0,O,G1XHHG,0,3,stapler,One-off label,One-off label,One-off label,One-off label,,,,
8,8,0,0,0,O,G1XHHG,0,4,brownie,One-off label,One-off label,One-off label,One-off label,,,,
8,8,0,0,0,O,G1XHHG,0,5,blue,One-off label,One-off label,One-off label,One-off label,,,,
8,8,0,0,0,O,G1XHHG,0,6,bean,One-off label,One-off label,One-off label,One-off label,,,,
8,8,0,0,0,O,G1XHHG,0,7,surprise,One-off label,One-off label,One-off label,One-off label,,,,
8,8,0,0,0,O,G1XHHG,0,8,duck,One-off label,One-off label,One-off label,One-off label,,,,
8,8,0,0,0,O,G6JMJJ,0,1,gum,One-off label,One-off label,One-off label,One-off label,,,,
8,8,0,0,0,O,G6JMJJ,0,2,truck,One-off label,One-off label,One-off label,One-off label,,,,
8,8,0,0,0,O,G6JMJJ,0,3,lighter,One-off label,One-off label,One-off label,One-off label,,,,
8,8,0,0,0,O,G6JMJJ,0,4,chocolate,One-off label,One-off label,One-off label,One-off label,,,,
8,8,0,0,0,O,G6JMJJ,0,5,manhole,One-off label,One-off label,One-off label,One-off label,,,,
8,8,0,0,0,O,G6JMJJ,0,6,crab,One-off label,One-off label,One-off label,One-off label,,,,
8,8,0,0,0,O,G6JMJJ,0,7,assistant,One-off label,One-off label,One-off label,One-off label,,,,
8,8,0,0,0,O,G6JMJJ,0,8,scientist,One-off label,One-off label,One-off label,One-off label,,,,
8,8,0,0,0,O,G6JMJJ,1,1,gum,One-off label,One-off label,One-off label,Can't tell / Neither,,,,
8,8,0,0,0,O,G6JMJJ,1,2,truck,One-off label,One-off label,One-off label,One-off label,,,,
8,8,0,0,0,O,G6JMJJ,1,3,lighter,One-off label,One-off label,One-off label,One-off label,,,,
8,8,0,0,0,O,G6JMJJ,1,4,chocolate,One-off label,One-off label,One-off label,One-off label,,,,
8,8,0,0,0,O,G6JMJJ,1,5,manhole,One-off label,One-off label,One-off label,One-off label,,,,
8,8,0,0,0,O,G6JMJJ,1,6,crab,One-off label,One-off label,One-off label,One-off label,,,,
8,8,0,0,0,O,G6JMJJ,1,7,assistant,One-off label,One-off label,One-off label,Can't tell / Neither,,,,
8,8,0,0,0,O,G6JMJJ,1,8,scientist,One-off label,One-off label,One-off label,One-off label,,,,
8,0,8,0,0,S,GWNNPQ,0,1,pbyp,Systematic label,Systematic label,Systematic label,One-off label,,,,
8,0,8,0,0,S,GWNNPQ,0,2,pby,Systematic label,Systematic label,Systematic label,Systematic label,,,,
8,0,8,0,0,S,GWNNPQ,0,3,orbt,Systematic label,Systematic label,Systematic label,Systematic label,,,,
8,0,8,0,0,S,GWNNPQ,0,4,orb,Systematic label,Systematic label,Systematic label,Can't tell / Neither,,,,
8,0,8,0,0,S,GWNNPQ,0,5,orb,Systematic label,Systematic label,Systematic label,Can't tell / Neither,,,,
8,0,8,0,0,S,GWNNPQ,0,6,orb,Systematic label,Systematic label,Systematic label,Can't tell / Neither,,,,
8,0,8,0,0,S,GWNNPQ,0,7,pby,Systematic label,Systematic label,Systematic label,One-off label,,,,
8,0,8,0,0,S,GWNNPQ,0,8,pbyt,Systematic label,Systematic label,Systematic label,One-off label,,,,
8,0,8,0,0,S,GWNNPQ,1,1,pbyp,Systematic label,Systematic label,Systematic label,Can't tell / Neither,,,,
8,0,8,0,0,S,GWNNPQ,1,2,pby,Systematic label,Systematic label,Systematic label,Can't tell / Neither,,,,
8,0,8,0,0,S,GWNNPQ,1,3,orbt,Systematic label,Systematic label,Systematic label,Can't tell / Neither,,,,
8,0,8,0,0,S,GWNNPQ,1,4,orbt,Systematic label,Systematic label,Systematic label,Can't tell / Neither,,,,
8,0,8,0,0,S,GWNNPQ,1,5,orb,Systematic label,Systematic label,Systematic label,Can't tell / Neither,,,,
8,0,8,0,0,S,GWNNPQ,1,6,orbb,Systematic label,Systematic label,Systematic label,Can't tell / Neither,,,,
8,0,8,0,0,S,GWNNPQ,1,7,pby,Systematic label,Systematic label,Systematic label,Can't tell / Neither,,,,
8,0,8,0,0,S,GWNNPQ,1,8,pbyt,Systematic label,Systematic label,Systematic label,Can't tell / Neither,,,,
8,8,0,0,0,O,HDK8KE,0,1,celebrating,One-off label,One-off label,One-off label,One-off label,,,,
8,8,0,0,0,O,HDK8KE,0,2,kicking,One-off label,One-off label,One-off label,One-off label,,,,
8,8,0,0,0,O,HDK8KE,0,3,yoga,One-off label,One-off label,One-off label,One-off label,,,,
8,8,0,0,0,O,HDK8KE,0,4,gymnastics,One-off label,One-off label,One-off label,One-off label,,,,
8,8,0,0,0,O,HDK8KE,0,5,standing,One-off label,One-off label,One-off label,One-off label,,,,
8,8,0,0,0,O,HDK8KE,0,6,praying,One-off label,One-off label,One-off label,One-off label,,,,
8,8,0,0,0,O,HDK8KE,0,7,yoga,One-off label,One-off label,One-off label,One-off label,,,,
8,8,0,0,0,O,HDK8KE,0,8,praying,One-off label,One-off label,One-off label,One-off label,,,,
8,8,0,0,0,O,HJAME1,0,1,fly,One-off label,One-off label,One-off label,One-off label,,,,
8,8,0,0,0,O,HJAME1,0,2,dancer,One-off label,One-off label,One-off label,Systematic label,,,,
8,8,0,0,0,O,HJAME1,0,3,cross,One-off label,One-off label,One-off label,Can't tell / Neither,,,,
8,8,0,0,0,O,HJAME1,0,4,ballet,One-off label,One-off label,One-off label,Systematic label,,,,
8,8,0,0,0,O,HJAME1,0,5,bishop,One-off label,One-off label,One-off label,One-off label,,,,
8,8,0,0,0,O,HJAME1,0,6,zigzag,One-off label,One-off label,One-off label,Can't tell / Neither,,,,
8,8,0,0,0,O,HJAME1,0,7,bride,One-off label,One-off label,One-off label,One-off label,,,,
8,8,0,0,0,O,HJAME1,0,8,swan,One-off label,One-off label,One-off label,Systematic label,,,,
8,8,0,0,0,O,HJAME1,1,1,fly,One-off label,One-off label,One-off label,One-off label,,,,
8,8,0,0,0,O,HJAME1,1,2,zigzag,One-off label,One-off label,One-off label,Systematic label,,,,
8,8,0,0,0,O,HJAME1,1,3,bishop,One-off label,One-off label,One-off label,Can't tell / Neither,,,,
8,8,0,0,0,O,HJAME1,1,4,ballet,One-off label,One-off label,One-off label,Systematic label,,,,
8,8,0,0,0,O,HJAME1,1,5,bishop,One-off label,One-off label,One-off label,Can't tell / Neither,,,,
8,8,0,0,0,O,HJAME1,1,6,zigzag,One-off label,One-off label,One-off label,Systematic label,,,,
8,8,0,0,0,O,HJAME1,1,7,swan,One-off label,One-off label,One-off label,One-off label,,,,
8,8,0,0,0,O,HJAME1,1,8,swan,One-off label,One-off label,One-off label,One-off label,,,,
8,0,8,0,0,S,HKFCMX,1,1,stand six,Systematic label,Systematic label,Systematic label,Systematic label,,,,
8,0,8,0,0,S,HKFCMX,1,2,stand two,Systematic label,Systematic label,Systematic label,Systematic label,,,,
8,0,8,0,0,S,HKFCMX,1,3,kneel three,Systematic label,Systematic label,Systematic label,Systematic label,,,,
8,0,8,0,0,S,HKFCMX,1,4,stand eight,Systematic label,Systematic label,Systematic label,Systematic label,,,,
8,0,8,0,0,S,HKFCMX,1,5,stand one,Systematic label,Systematic label,Systematic label,Systematic label,,,,
8,0,8,0,0,S,HKFCMX,1,6,kneel four,Systematic label,Systematic label,Systematic label,Systematic label,,,,
8,0,8,0,0,S,HKFCMX,1,7,kneel five,Systematic label,Systematic label,Systematic label,Systematic label,,,,
8,0,8,0,0,S,HKFCMX,1,8,kneel three,Systematic label,Systematic label,Systematic label,Systematic label,,,,
8,8,0,0,0,O,HWSWDK,1,1,falling,One-off label,One-off label,One-off label,One-off label,,,,
8,8,0,0,0,O,HWSWDK,1,2,zombie,One-off label,One-off label,One-off label,One-off label,,,,
8,8,0,0,0,O,HWSWDK,1,3,sitting,One-off label,One-off label,One-off label,One-off label,,,,
8,8,0,0,0,O,HWSWDK,1,4,ballerina,One-off label,One-off label,One-off label,One-off label,,,,
8,8,0,0,0,O,HWSWDK,1,5,priest,One-off label,One-off label,One-off label,One-off label,,,,
8,8,0,0,0,O,HWSWDK,1,6,kneeling,One-off label,One-off label,One-off label,One-off label,,,,
8,8,0,0,0,O,HWSWDK,1,7,samurai,One-off label,One-off label,One-off label,Systematic label,,,,
8,8,0,0,0,O,HWSWDK,1,8,sitting,One-off label,One-off label,One-off label,One-off label,,,,
8,8,0,0,0,O,HXSNZK,0,1,pink,One-off label,One-off label,One-off label,Systematic label,,,,
8,8,0,0,0,O,HXSNZK,0,2,purple,One-off label,One-off label,One-off label,Systematic label,,,,
8,8,0,0,0,O,HXSNZK,0,3,orange,One-off label,One-off label,One-off label,Systematic label,,,,
8,8,0,0,0,O,HXSNZK,0,4,brown,One-off label,One-off label,One-off label,Systematic label,,,,
8,8,0,0,0,O,HXSNZK,0,5,blue,One-off label,One-off label,One-off label,Systematic label,,,,
8,8,0,0,0,O,HXSNZK,0,6,black,One-off label,One-off label,One-off label,Systematic label,,,,
8,8,0,0,0,O,HXSNZK,0,7,white,One-off label,One-off label,One-off label,Systematic label,,,,
8,8,0,0,0,O,HXSNZK,0,8,white brown,One-off label,One-off label,One-off label,Systematic label,,,,
8,0,8,0,0,S,HXSNZK,1,1,pink,Systematic label,Systematic label,Systematic label,One-off label,,,,
8,0,8,0,0,S,HXSNZK,1,2,purple,Systematic label,Systematic label,Systematic label,One-off label,,,,
8,0,8,0,0,S,HXSNZK,1,3,orange,Systematic label,Systematic label,Systematic label,One-off label,,,,
8,0,8,0,0,S,HXSNZK,1,4,brown,Systematic label,Systematic label,Systematic label,One-off label,,,,
8,0,8,0,0,S,HXSNZK,1,5,blue,Systematic label,Systematic label,Systematic label,One-off label,,,,
8,0,8,0,0,S,HXSNZK,1,6,black,Systematic label,Systematic label,Systematic label,One-off label,,,,
8,0,8,0,0,S,HXSNZK,1,7,white,Systematic label,Systematic label,Systematic label,One-off label,,,,
8,0,8,0,0,S,HXSNZK,1,8,white brown,Systematic label,Systematic label,Systematic label,Can't tell / Neither,,,,
8,8,0,0,0,O,HZ6KJH,0,1,gum,One-off label,One-off label,One-off label,One-off label,,,,
8,8,0,0,0,O,HZ6KJH,0,2,slug,One-off label,One-off label,One-off label,One-off label,,,,
8,8,0,0,0,O,HZ6KJH,0,3,ruler,One-off label,One-off label,One-off label,One-off label,,,,
8,8,0,0,0,O,HZ6KJH,0,4,stick,One-off label,One-off label,One-off label,One-off label,,,,
8,8,0,0,0,O,HZ6KJH,0,5,pirate,One-off label,One-off label,One-off label,One-off label,,,,
8,8,0,0,0,O,HZ6KJH,0,6,spider,One-off label,One-off label,One-off label,One-off label,,,,
8,8,0,0,0,O,HZ6KJH,0,7,whiteboard,One-off label,One-off label,One-off label,One-off label,,,,
8,8,0,0,0,O,HZ6KJH,0,8,eraser,One-off label,One-off label,One-off label,One-off label,,,,
8,8,0,0,0,O,HZ6KJH,1,1,gum,One-off label,One-off label,One-off label,Can't tell / Neither,,,,
8,8,0,0,0,O,HZ6KJH,1,2,slug,One-off label,One-off label,One-off label,Can't tell / Neither,,,,
8,8,0,0,0,O,HZ6KJH,1,3,ruler,One-off label,One-off label,One-off label,One-off label,,,,
8,8,0,0,0,O,HZ6KJH,1,4,stick,One-off label,One-off label,One-off label,Can't tell / Neither,,,,
8,8,0,0,0,O,HZ6KJH,1,5,pirate,One-off label,One-off label,One-off label,Can't tell / Neither,,,,
8,8,0,0,0,O,HZ6KJH,1,6,spider,One-off label,One-off label,One-off label,Can't tell / Neither,,,,
8,8,0,0,0,O,HZ6KJH,1,7,whiteboard,One-off label,One-off label,One-off label,Can't tell / Neither,,,,
8,8,0,0,0,O,HZ6KJH,1,8,eraser,One-off label,One-off label,One-off label,One-off label,,,,
8,0,8,0,0,S,JT5KTQ,0,1,l1,Systematic label,Systematic label,Systematic label,Can't tell / Neither,,,,
8,0,8,0,0,S,JT5KTQ,0,2,l2r,Systematic label,Systematic label,Systematic label,Systematic label,,,,
8,0,8,0,0,S,JT5KTQ,0,3,r1r,Systematic label,Systematic label,Systematic label,Systematic label,,,,
8,0,8,0,0,S,JT5KTQ,0,4,l2l,Systematic label,Systematic label,Systematic label,Systematic label,,,,
8,0,8,0,0,S,JT5KTQ,0,5,l1s,Systematic label,Systematic label,Systematic label,Systematic label,,,,
8,0,8,0,0,S,JT5KTQ,0,6,r1,Systematic label,Systematic label,Systematic label,Systematic label,,,,
8,0,8,0,0,S,JT5KTQ,0,7,r2l,Systematic label,Systematic label,Systematic label,Systematic label,,,,
8,0,8,0,0,S,JT5KTQ,0,8,r1s,Systematic label,Systematic label,Systematic label,Systematic label,,,,
8,8,0,0,0,O,JVNR7F,1,1,penguim,One-off label,One-off label,One-off label,,,,,
8,8,0,0,0,O,JVNR7F,1,2,robot,One-off label,One-off label,One-off label,,,,,
8,8,0,0,0,O,JVNR7F,1,3,cheese,One-off label,One-off label,One-off label,,,,,
8,8,0,0,0,O,JVNR7F,1,4,tree,One-off label,One-off label,One-off label,,,,,
8,8,0,0,0,O,JVNR7F,1,5,blue,One-off label,One-off label,One-off label,,,,,
8,8,0,0,0,O,JVNR7F,1,6,chocolate,One-off label,One-off label,One-off label,,,,,
8,8,0,0,0,O,JVNR7F,1,7,white,One-off label,One-off label,One-off label,,,,,
8,8,0,0,0,O,JVNR7F,1,8,french,One-off label,One-off label,One-off label,,,,,
8,8,0,0,0,O,KF4Y5F,0,1,leap,One-off label,One-off label,One-off label,Systematic label,,,,
8,8,0,0,0,O,KF4Y5F,0,2,bird,One-off label,One-off label,One-off label,One-off label,,,,
8,8,0,0,0,O,KF4Y5F,0,3,angel,One-off label,One-off label,One-off label,One-off label,,,,
8,8,0,0,0,O,KF4Y5F,0,4,balance,One-off label,One-off label,One-off label,Systematic label,,,,
8,8,0,0,0,O,KF4Y5F,0,5,priest,One-off label,One-off label,One-off label,One-off label,,,,
8,8,0,0,0,O,KF4Y5F,0,6,monk,One-off label,One-off label,One-off label,One-off label,,,,
8,8,0,0,0,O,KF4Y5F,0,7,dancer,One-off label,One-off label,One-off label,One-off label,,,,
8,8,0,0,0,O,KF4Y5F,0,8,statue,One-off label,One-off label,One-off label,One-off label,,,,
8,8,0,0,0,O,KF4Y5F,1,1,leap,One-off label,One-off label,One-off label,Can't tell / Neither,,,,
8,8,0,0,0,O,KF4Y5F,1,2,bird,One-off label,One-off label,One-off label,One-off label,,,,
8,8,0,0,0,O,KF4Y5F,1,3,angel,One-off label,One-off label,One-off label,One-off label,,,,
8,8,0,0,0,O,KF4Y5F,1,4,balance,One-off label,One-off label,One-off label,Can't tell / Neither,,,,
8,8,0,0,0,O,KF4Y5F,1,5,priest,One-off label,One-off label,One-off label,One-off label,,,,
8,8,0,0,0,O,KF4Y5F,1,6,monk,One-off label,One-off label,One-off label,One-off label,,,,
8,8,0,0,0,O,KF4Y5F,1,7,dancer,One-off label,One-off label,One-off label,One-off label,,,,
8,8,0,0,0,O,KF4Y5F,1,8,statue,One-off label,One-off label,One-off label,One-off label,,,,
8,0,8,0,0,S,KJBB6A,0,1,purple toy purple,Systematic label,Systematic label,Systematic label,Systematic label,,,,
8,0,8,0,0,S,KJBB6A,0,2,purple toy yellow,Systematic label,Systematic label,Systematic label,Systematic label,,,,
8,0,8,0,0,S,KJBB6A,0,3,orange toy yellow,Systematic label,Systematic label,Systematic label,Systematic label,,,,
8,0,8,0,0,S,KJBB6A,0,4,orange toy brown,Systematic label,Systematic label,Systematic label,Systematic label,,,,
8,0,8,0,0,S,KJBB6A,0,5,orange toy blue,Systematic label,Systematic label,Systematic label,Systematic label,,,,
8,0,8,0,0,S,KJBB6A,0,6,orange toy black,Systematic label,Systematic label,Systematic label,Systematic label,,,,
8,0,8,0,0,S,KJBB6A,0,7,purple toy white,Systematic label,Systematic label,Systematic label,Systematic label,,,,
8,0,8,0,0,S,KJBB6A,0,8,purple toy brown,Systematic label,Systematic label,Systematic label,Systematic label,,,,
8,0,8,0,0,S,KJBB6A,1,1,purple toy purple,Systematic label,Systematic label,Systematic label,Systematic label,,,,
8,0,8,0,0,S,KJBB6A,1,2,purple toy yellow,Systematic label,Systematic label,Systematic label,Systematic label,,,,
8,0,8,0,0,S,KJBB6A,1,3,orange toy yellow,Systematic label,Systematic label,Systematic label,Systematic label,,,,
8,0,8,0,0,S,KJBB6A,1,4,orange toy brown,Systematic label,Systematic label,Systematic label,Systematic label,,,,
8,0,8,0,0,S,KJBB6A,1,5,orange toy blue,Systematic label,Systematic label,Systematic label,Systematic label,,,,
8,0,8,0,0,S,KJBB6A,1,6,orange toy black,Systematic label,Systematic label,Systematic label,Systematic label,,,,
8,0,8,0,0,S,KJBB6A,1,7,purple toy white,Systematic label,Systematic label,Systematic label,Systematic label,,,,
8,0,8,0,0,S,KJBB6A,1,8,purple toy brown,Systematic label,Systematic label,Systematic label,Systematic label,,,,
8,0,8,0,0,S,KRJVK2,0,1,purple black yellow pink,Systematic label,Systematic label,Systematic label,Systematic label,,,,
8,0,8,0,0,S,KRJVK2,0,2,purple black yellow yellow,Systematic label,Systematic label,Systematic label,Systematic label,,,,
8,0,8,0,0,S,KRJVK2,0,3,orange red brown yellow,Systematic label,Systematic label,Systematic label,Systematic label,,,,
8,0,8,0,0,S,KRJVK2,0,4,orange red brown brown,Systematic label,Systematic label,Systematic label,Systematic label,,,,
8,0,8,0,0,S,KRJVK2,0,5,orange red brown blue,Systematic label,Systematic label,Systematic label,Systematic label,,,,
8,0,8,0,0,S,KRJVK2,0,6,orange red brown black,Systematic label,Systematic label,Systematic label,Systematic label,,,,
8,0,8,0,0,S,KRJVK2,0,7,purple black yellow white,Systematic label,Systematic label,Systematic label,Systematic label,,,,
8,0,8,0,0,S,KRJVK2,0,8,purple black yellow white,Systematic label,Systematic label,Systematic label,Systematic label,,,,
8,0,8,0,0,S,KRJVK2,1,1,purple black yellow pink,Systematic label,Systematic label,Systematic label,Systematic label,,,,
8,0,8,0,0,S,KRJVK2,1,2,purple black yellow yellow,Systematic label,Systematic label,Systematic label,Systematic label,,,,
8,0,8,0,0,S,KRJVK2,1,3,orange red brown yellow,Systematic label,Systematic label,Systematic label,Systematic label,,,,
8,0,8,0,0,S,KRJVK2,1,4,orange red brown brown,Systematic label,Systematic label,Systematic label,Systematic label,,,,
8,0,8,0,0,S,KRJVK2,1,5,orange red brown blue,Systematic label,Systematic label,Systematic label,Systematic label,,,,
8,0,8,0,0,S,KRJVK2,1,6,orange red brown black,Systematic label,Systematic label,Systematic label,Systematic label,,,,
8,0,8,0,0,S,KRJVK2,1,7,purple black yellow white,Systematic label,Systematic label,Systematic label,Systematic label,,,,
8,0,8,0,0,S,KRJVK2,1,8,purple black yellow white,Systematic label,Systematic label,Systematic label,Systematic label,,,,
8,0,8,0,0,S,MB8VK7,1,1,ppurple,Systematic label,Systematic label,Systematic label,Systematic label,,,,
8,0,8,0,0,S,MB8VK7,1,2,pyellow,Systematic label,Systematic label,Systematic label,Systematic label,,,,
8,0,8,0,0,S,MB8VK7,1,3,oyellow,Systematic label,Systematic label,Systematic label,Systematic label,,,,
8,0,8,0,0,S,MB8VK7,1,4,obrown,Systematic label,Systematic label,Systematic label,Systematic label,,,,
8,0,8,0,0,S,MB8VK7,1,5,oblue,Systematic label,Systematic label,Systematic label,Systematic label,,,,
8,0,8,0,0,S,MB8VK7,1,6,oblack,Systematic label,Systematic label,Systematic label,Systematic label,,,,
8,0,8,0,0,S,MB8VK7,1,7,pwhite,Systematic label,Systematic label,Systematic label,Systematic label,,,,
8,0,8,0,0,S,MB8VK7,1,8,pbrown,Systematic label,Systematic label,Systematic label,Systematic label,,,,
8,0,8,0,0,S,MD4YG2,0,1,purple,Systematic label,Systematic label,Systematic label,One-off label,,,,
8,0,8,0,0,S,MD4YG2,0,2,pink,Systematic label,Systematic label,Systematic label,One-off label,,,,
8,0,8,0,0,S,MD4YG2,0,3,orange,Systematic label,Systematic label,Systematic label,One-off label,,,,
8,0,8,0,0,S,MD4YG2,0,4,brown,Systematic label,Systematic label,Systematic label,One-off label,,,,
8,0,8,0,0,S,MD4YG2,0,5,blue,Systematic label,Systematic label,Systematic label,One-off label,,,,
8,0,8,0,0,S,MD4YG2,0,6,black,Systematic label,Systematic label,Systematic label,One-off label,,,,
8,0,8,0,0,S,MD4YG2,0,7,short,Systematic label,Systematic label,Systematic label,One-off label,,,,
8,0,8,0,0,S,MD4YG2,0,8,tall,Systematic label,Systematic label,Systematic label,One-off label,,,,
8,8,0,0,0,O,P0JRKR,1,1,fly,One-off label,One-off label,,,,,,
8,8,0,0,0,O,P0JRKR,1,2,climb,One-off label,One-off label,,,,,,
8,8,0,0,0,O,P0JRKR,1,3,angel,One-off label,One-off label,,,,,,
8,8,0,0,0,O,P0JRKR,1,4,dance,One-off label,One-off label,,,,,,
8,8,0,0,0,O,P0JRKR,1,5,priest,One-off label,One-off label,,,,,,
8,8,0,0,0,O,P0JRKR,1,6,pray,One-off label,One-off label,,,,,,
8,8,0,0,0,O,P0JRKR,1,7,claw,One-off label,One-off label,,,,,,
8,8,0,0,0,O,P0JRKR,1,8,kneel,One-off label,One-off label,,,,,,
8,8,0,0,0,O,P22NYY,0,1,purple,One-off label,One-off label,One-off label,One-off label,,,,
8,8,0,0,0,O,P22NYY,0,2,caterpillar,One-off label,One-off label,One-off label,One-off label,,,,
8,8,0,0,0,O,P22NYY,0,3,cheese,One-off label,One-off label,One-off label,Can't tell / Neither,,,,
8,8,0,0,0,O,P22NYY,0,4,legs,One-off label,One-off label,One-off label,One-off label,,,,
8,8,0,0,0,O,P22NYY,0,5,wheel,One-off label,One-off label,One-off label,One-off label,,,,
8,8,0,0,0,O,P22NYY,0,6,spider,One-off label,One-off label,One-off label,One-off label,,,,
8,8,0,0,0,O,P22NYY,0,7,littlerobot,One-off label,One-off label,One-off label,Systematic label,,,,
8,8,0,0,0,O,P22NYY,0,8,bigrobot,One-off label,One-off label,One-off label,Systematic label,,,,
8,8,0,0,0,O,P9VQEB,0,1,pink,One-off label,One-off label,One-off label,One-off label,,,,
8,8,0,0,0,O,P9VQEB,0,2,pinkyellow,One-off label,One-off label,One-off label,Can't tell / Neither,,,,
8,8,0,0,0,O,P9VQEB,0,3,orange,One-off label,One-off label,One-off label,One-off label,,,,
8,8,0,0,0,O,P9VQEB,0,4,brown,One-off label,One-off label,One-off label,One-off label,,,,
8,8,0,0,0,O,P9VQEB,0,5,blue,One-off label,One-off label,One-off label,One-off label,,,,
8,8,0,0,0,O,P9VQEB,0,6,black,One-off label,One-off label,One-off label,One-off label,,,,
8,8,0,0,0,O,P9VQEB,0,7,white,One-off label,One-off label,One-off label,One-off label,,,,
8,8,0,0,0,O,P9VQEB,0,8,purple,One-off label,One-off label,One-off label,One-off label,,,,
8,0,8,0,0,S,PBYTD3,0,1,blue brown yellow rectangle,Systematic label,Systematic label,Systematic label,Systematic label,,,,
8,0,8,0,0,S,PBYTD3,0,2,blue brown yellow small square,Systematic label,Systematic label,Systematic label,Systematic label,,,,
8,0,8,0,0,S,PBYTD3,0,3,orange red brown yellow rectangle,Systematic label,Systematic label,Systematic label,Systematic label,,,,
8,0,8,0,0,S,PBYTD3,0,4,orange red brown brown rectangle,Systematic label,Systematic label,Systematic label,Systematic label,,,,
8,0,8,0,0,S,PBYTD3,0,5,orange red brown circle,Systematic label,Systematic label,Systematic label,Systematic label,,,,
8,0,8,0,0,S,PBYTD3,0,6,orange red brown small square,Systematic label,Systematic label,Systematic label,Systematic label,,,,
8,0,8,0,0,S,PBYTD3,0,7,blue black yellow square,Systematic label,Systematic label,Systematic label,Systematic label,,,,
8,0,8,0,0,S,PBYTD3,0,8,blue black yellow white rectangle,Systematic label,Systematic label,Systematic label,Systematic label,,,,
8,0,8,0,0,S,PBYTD3,1,1,blue black yellow purple rectangle,Systematic label,Systematic label,Systematic label,Systematic label,,,,
8,0,8,0,0,S,PBYTD3,1,2,blue black yellow small square,Systematic label,Systematic label,Systematic label,Systematic label,,,,
8,0,8,0,0,S,PBYTD3,1,3,orange red yellow rectangle,Systematic label,Systematic label,Systematic label,Systematic label,,,,
8,0,8,0,0,S,PBYTD3,1,4,orange red brown brown rectangle,Systematic label,Systematic label,Systematic label,Systematic label,,,,
8,0,8,0,0,S,PBYTD3,1,5,orange red brown circle,Systematic label,Systematic label,Systematic label,Systematic label,,,,
8,0,8,0,0,S,PBYTD3,1,6,orange red brown square,Systematic label,Systematic label,Systematic label,Systematic label,,,,
8,0,8,0,0,S,PBYTD3,1,7,blue black yellow white rectangle,Systematic label,Systematic label,Systematic label,Systematic label,,,,
8,0,8,0,0,S,PBYTD3,1,8,blue black yellow white rectangle,Systematic label,Systematic label,Systematic label,Systematic label,,,,
8,8,0,0,0,O,PE6KHG,0,1,ghost,One-off label,One-off label,One-off label,One-off label,,,,
8,8,0,0,0,O,PE6KHG,0,2,elephant,One-off label,One-off label,One-off label,One-off label,,,,
8,8,0,0,0,O,PE6KHG,0,3,big praying,One-off label,One-off label,One-off label,One-off label,,,,
8,8,0,0,0,O,PE6KHG,0,4,ice skating,One-off label,One-off label,One-off label,One-off label,,,,
8,8,0,0,0,O,PE6KHG,0,5,priest,One-off label,One-off label,One-off label,One-off label,,,,
8,8,0,0,0,O,PE6KHG,0,6,crouching,One-off label,One-off label,One-off label,One-off label,,,,
8,8,0,0,0,O,PE6KHG,0,7,tango,One-off label,One-off label,One-off label,One-off label,,,,
8,8,0,0,0,O,PE6KHG,0,8,little praying,One-off label,One-off label,One-off label,One-off label,,,,
8,0,8,0,0,S,PEHN55,1,1,picture1,Systematic label,Systematic label,Systematic label,Can't tell / Neither,,,,
8,0,8,0,0,S,PEHN55,1,2,picture2,Systematic label,Systematic label,Systematic label,Can't tell / Neither,,,,
8,0,8,0,0,S,PEHN55,1,3,picture 3,Systematic label,Systematic label,Systematic label,Can't tell / Neither,,,,
8,0,8,0,0,S,PEHN55,1,4,picture 4,Systematic label,Systematic label,Systematic label,Can't tell / Neither,,,,
8,0,8,0,0,S,PEHN55,1,5,picture 5,Systematic label,Systematic label,Systematic label,Can't tell / Neither,,,,
8,0,8,0,0,S,PEHN55,1,6,picture 6,Systematic label,Systematic label,Systematic label,Can't tell / Neither,,,,
8,0,8,0,0,S,PEHN55,1,7,picture 7,Systematic label,Systematic label,Systematic label,Can't tell / Neither,,,,
8,0,8,0,0,S,PEHN55,1,8,picture 8,Systematic label,Systematic label,Systematic label,Can't tell / Neither,,,,
8,8,0,0,0,O,Q1F476,0,1,tall,One-off label,One-off label,One-off label,Systematic label,,,,
8,8,0,0,0,O,Q1F476,0,2,note,One-off label,One-off label,One-off label,Can't tell / Neither,,,,
8,8,0,0,0,O,Q1F476,0,3,banana,One-off label,One-off label,One-off label,One-off label,,,,
8,8,0,0,0,O,Q1F476,0,4,log,One-off label,One-off label,One-off label,One-off label,,,,
8,8,0,0,0,O,Q1F476,0,5,circle,One-off label,One-off label,One-off label,One-off label,,,,
8,8,0,0,0,O,Q1F476,0,6,spider,One-off label,One-off label,One-off label,One-off label,,,,
8,8,0,0,0,O,Q1F476,0,7,cop,One-off label,One-off label,One-off label,One-off label,,,,
8,8,0,0,0,O,Q1F476,0,8,dot,One-off label,One-off label,One-off label,Can't tell / Neither,,,,
8,8,0,0,0,O,Q1F476,1,1,tall,One-off label,One-off label,One-off label,One-off label,,,,
8,8,0,0,0,O,Q1F476,1,2,note,One-off label,One-off label,One-off label,Can't tell / Neither,,,,
8,8,0,0,0,O,Q1F476,1,3,banana,One-off label,One-off label,One-off label,One-off label,,,,
8,8,0,0,0,O,Q1F476,1,4,log,One-off label,One-off label,One-off label,One-off label,,,,
8,8,0,0,0,O,Q1F476,1,5,circle,One-off label,One-off label,One-off label,One-off label,,,,
8,8,0,0,0,O,Q1F476,1,6,spider,One-off label,One-off label,One-off label,One-off label,,,,
8,8,0,0,0,O,Q1F476,1,7,cop,One-off label,One-off label,One-off label,One-off label,,,,
8,8,0,0,0,O,Q1F476,1,8,dot,One-off label,One-off label,One-off label,One-off label,,,,
8,0,8,0,0,S,Q35KN8,0,1,ppy,Systematic label,Systematic label,Systematic label,Systematic label,,,,
8,0,8,0,0,S,Q35KN8,0,2,pyy,Systematic label,Systematic label,Systematic label,Systematic label,,,,
8,0,8,0,0,S,Q35KN8,0,3,oyb,Systematic label,Systematic label,Systematic label,Systematic label,,,,
8,0,8,0,0,S,Q35KN8,0,4,otb,Systematic label,Systematic label,Systematic label,Systematic label,,,,
8,0,8,0,0,S,Q35KN8,0,5,ocb,Systematic label,Systematic label,Systematic label,Systematic label,,,,
8,0,8,0,0,S,Q35KN8,0,6,obb,Systematic label,Systematic label,Systematic label,Can't tell / Neither,,,,
8,0,8,0,0,S,Q35KN8,0,7,pwy,Systematic label,Systematic label,Systematic label,Systematic label,,,,
8,0,8,0,0,S,Q35KN8,0,8,pyr,Systematic label,Systematic label,Systematic label,Systematic label,,,,
8,0,8,0,0,S,Q35KN8,1,1,ppy,Systematic label,Systematic label,Systematic label,Can't tell / Neither,,,,
8,0,8,0,0,S,Q35KN8,1,2,pyy,Systematic label,Systematic label,Systematic label,Can't tell / Neither,,,,
8,0,8,0,0,S,Q35KN8,1,3,oyb,Systematic label,Systematic label,Systematic label,Can't tell / Neither,,,,
8,0,8,0,0,S,Q35KN8,1,4,otb,Systematic label,Systematic label,Systematic label,Can't tell / Neither,,,,
8,0,8,0,0,S,Q35KN8,1,5,ocb,Systematic label,Systematic label,Systematic label,Systematic label,,,,
8,0,8,0,0,S,Q35KN8,1,6,obb,Systematic label,Systematic label,Systematic label,Systematic label,,,,
8,0,8,0,0,S,Q35KN8,1,7,pwy,Systematic label,Systematic label,Systematic label,Systematic label,,,,
8,0,8,0,0,S,Q35KN8,1,8,pwr,Systematic label,Systematic label,Systematic label,Systematic label,,,,
8,8,0,0,0,O,RK849X,0,1,fly,One-off label,One-off label,One-off label,Can't tell / Neither,,,,
8,8,0,0,0,O,RK849X,0,2,dance,One-off label,One-off label,One-off label,Can't tell / Neither,,,,
8,8,0,0,0,O,RK849X,0,3,black,One-off label,One-off label,One-off label,One-off label,,,,
8,8,0,0,0,O,RK849X,0,4,shake,One-off label,One-off label,One-off label,Can't tell / Neither,,,,
8,8,0,0,0,O,RK849X,0,5,sweet,One-off label,One-off label,One-off label,Can't tell / Neither,,,,
8,8,0,0,0,O,RK849X,0,6,move,One-off label,One-off label,One-off label,Can't tell / Neither,,,,
8,8,0,0,0,O,RK849X,0,7,sad,One-off label,One-off label,One-off label,Can't tell / Neither,,,,
8,8,0,0,0,O,RK849X,0,8,start,One-off label,One-off label,One-off label,Can't tell / Neither,,,,
8,8,0,0,0,O,RK849X,1,1,fly,One-off label,One-off label,One-off label,One-off label,,,,
8,8,0,0,0,O,RK849X,1,2,dance,One-off label,One-off label,One-off label,One-off label,,,,
8,8,0,0,0,O,RK849X,1,3,black,One-off label,One-off label,One-off label,Systematic label,,,,
8,8,0,0,0,O,RK849X,1,4,shake,One-off label,One-off label,One-off label,One-off label,,,,
8,8,0,0,0,O,RK849X,1,5,sweet,One-off label,One-off label,One-off label,One-off label,,,,
8,8,0,0,0,O,RK849X,1,6,move,One-off label,One-off label,One-off label,One-off label,,,,
8,8,0,0,0,O,RK849X,1,7,sad,One-off label,One-off label,One-off label,Systematic label,,,,
8,8,0,0,0,O,RK849X,1,8,start,One-off label,One-off label,One-off label,One-off label,,,,
8,8,0,0,0,O,S2SX39,0,1,shout,One-off label,One-off label,One-off label,One-off label,,,,
8,8,0,0,0,O,S2SX39,0,2,down,One-off label,One-off label,One-off label,One-off label,,,,
8,8,0,0,0,O,S2SX39,0,3,knee,One-off label,One-off label,One-off label,Can't tell / Neither,,,,
8,8,0,0,0,O,S2SX39,0,4,ice,One-off label,One-off label,One-off label,Can't tell / Neither,,,,
8,8,0,0,0,O,S2SX39,0,5,nun,One-off label,One-off label,One-off label,Can't tell / Neither,,,,
8,8,0,0,0,O,S2SX39,0,6,clap,One-off label,One-off label,One-off label,One-off label,,,,
8,8,0,0,0,O,S2SX39,0,7,clap,One-off label,One-off label,One-off label,One-off label,,,,
8,8,0,0,0,O,S2SX39,0,8,clap,One-off label,One-off label,One-off label,One-off label,,,,
8,8,0,0,0,O,S5F55X,0,1,faint,One-off label,One-off label,One-off label,One-off label,,,,
8,8,0,0,0,O,S5F55X,0,2,kick,One-off label,One-off label,One-off label,One-off label,,,,
8,8,0,0,0,O,S5F55X,0,3,yoga,One-off label,One-off label,One-off label,One-off label,,,,
8,8,0,0,0,O,S5F55X,0,4,skating,One-off label,One-off label,One-off label,One-off label,,,,
8,8,0,0,0,O,S5F55X,0,5,pot,One-off label,One-off label,One-off label,One-off label,,,,
8,8,0,0,0,O,S5F55X,0,6,pray,One-off label,One-off label,One-off label,One-off label,,,,
8,8,0,0,0,O,S5F55X,0,7,animal,One-off label,One-off label,One-off label,One-off label,,,,
8,8,0,0,0,O,S5F55X,0,8,spike,One-off label,One-off label,One-off label,One-off label,,,,
8,8,0,0,0,O,S5F55X,1,1,faint,One-off label,One-off label,One-off label,One-off label,,,,
8,8,0,0,0,O,S5F55X,1,2,kick,One-off label,One-off label,One-off label,One-off label,,,,
8,8,0,0,0,O,S5F55X,1,3,yoga,One-off label,One-off label,One-off label,One-off label,,,,
8,8,0,0,0,O,S5F55X,1,4,skating,One-off label,One-off label,One-off label,Systematic label,,,,
8,8,0,0,0,O,S5F55X,1,5,pot,One-off label,One-off label,One-off label,One-off label,,,,
8,8,0,0,0,O,S5F55X,1,6,pray,One-off label,One-off label,One-off label,One-off label,,,,
8,8,0,0,0,O,S5F55X,1,7,animal,One-off label,One-off label,One-off label,One-off label,,,,
8,8,0,0,0,O,S5F55X,1,8,spike,One-off label,One-off label,One-off label,One-off label,,,,
8,8,0,0,0,O,SEW36Y,0,1,purple,One-off label,One-off label,One-off label,Can't tell / Neither,,,,
8,8,0,0,0,O,SEW36Y,0,2,purple,One-off label,One-off label,One-off label,Can't tell / Neither,,,,
8,8,0,0,0,O,SEW36Y,0,3,orange,One-off label,One-off label,One-off label,Can't tell / Neither,,,,
8,8,0,0,0,O,SEW36Y,0,4,orange,One-off label,One-off label,One-off label,Can't tell / Neither,,,,
8,8,0,0,0,O,SEW36Y,0,5,orange,One-off label,One-off label,One-off label,Can't tell / Neither,,,,
8,8,0,0,0,O,SEW36Y,0,6,orange,One-off label,One-off label,One-off label,Can't tell / Neither,,,,
8,8,0,0,0,O,SEW36Y,0,7,purple,One-off label,One-off label,One-off label,Can't tell / Neither,,,,
8,8,0,0,0,O,SEW36Y,0,8,purple,One-off label,One-off label,One-off label,Can't tell / Neither,,,,
8,8,0,0,0,O,SEW36Y,1,1,purple,One-off label,One-off label,One-off label,One-off label,,,,
8,8,0,0,0,O,SEW36Y,1,2,purple,One-off label,One-off label,One-off label,One-off label,,,,
8,8,0,0,0,O,SEW36Y,1,3,orange,One-off label,One-off label,One-off label,One-off label,,,,
8,8,0,0,0,O,SEW36Y,1,4,orange,One-off label,One-off label,One-off label,One-off label,,,,
8,8,0,0,0,O,SEW36Y,1,5,orange,One-off label,One-off label,One-off label,One-off label,,,,
8,8,0,0,0,O,SEW36Y,1,6,orange,One-off label,One-off label,One-off label,One-off label,,,,
8,8,0,0,0,O,SEW36Y,1,7,purple,One-off label,One-off label,One-off label,One-off label,,,,
8,8,0,0,0,O,SEW36Y,1,8,purple,One-off label,One-off label,One-off label,One-off label,,,,
8,8,0,0,0,O,SVF8GN,0,1,pink,One-off label,One-off label,One-off label,One-off label,,,,
8,8,0,0,0,O,SVF8GN,0,2,pink yellow,One-off label,One-off label,One-off label,Systematic label,,,,
8,8,0,0,0,O,SVF8GN,0,3,yellow,One-off label,One-off label,One-off label,One-off label,,,,
8,8,0,0,0,O,SVF8GN,0,4,brown,One-off label,One-off label,One-off label,One-off label,,,,
8,8,0,0,0,O,SVF8GN,0,5,blue,One-off label,One-off label,One-off label,One-off label,,,,
8,8,0,0,0,O,SVF8GN,0,6,black,One-off label,One-off label,One-off label,One-off label,,,,
8,8,0,0,0,O,SVF8GN,0,7,alien,One-off label,One-off label,One-off label,One-off label,,,,
8,8,0,0,0,O,SVF8GN,0,8,white,One-off label,One-off label,One-off label,One-off label,,,,
8,8,0,0,0,O,SVF8GN,1,1,pink,One-off label,One-off label,One-off label,Systematic label,,,,
8,8,0,0,0,O,SVF8GN,1,2,pink yellow,One-off label,One-off label,One-off label,Systematic label,,,,
8,8,0,0,0,O,SVF8GN,1,3,yellow,One-off label,One-off label,One-off label,Systematic label,,,,
8,8,0,0,0,O,SVF8GN,1,4,brown,One-off label,One-off label,One-off label,Systematic label,,,,
8,8,0,0,0,O,SVF8GN,1,5,blue,One-off label,One-off label,One-off label,Systematic label,,,,
8,8,0,0,0,O,SVF8GN,1,6,black,One-off label,One-off label,One-off label,Systematic label,,,,
8,8,0,0,0,O,SVF8GN,1,7,white,One-off label,One-off label,One-off label,Systematic label,,,,
8,8,0,0,0,O,SVF8GN,1,8,white,One-off label,One-off label,One-off label,Systematic label,,,,
8,8,0,0,0,O,T1QFQN,0,1,flat,One-off label,One-off label,One-off label,One-off label,One-off label,One-off label,Systematic label,Systematic label
8,8,0,0,0,O,T1QFQN,0,2,lorry,One-off label,One-off label,One-off label,One-off label,One-off label,One-off label,One-off label,Systematic label
8,8,0,0,0,O,T1QFQN,0,3,bin,One-off label,One-off label,One-off label,One-off label,One-off label,One-off label,One-off label,Can't tell / Neither
8,8,0,0,0,O,T1QFQN,0,4,robot,One-off label,One-off label,One-off label,One-off label,One-off label,One-off label,One-off label,Systematic label
8,8,0,0,0,O,T1QFQN,0,5,toy,One-off label,One-off label,One-off label,One-off label,One-off label,One-off label,One-off label,Systematic label
8,8,0,0,0,O,T1QFQN,0,6,jet,One-off label,One-off label,One-off label,One-off label,One-off label,One-off label,One-off label,One-off label
8,8,0,0,0,O,T1QFQN,0,7,cart,One-off label,One-off label,One-off label,One-off label,One-off label,One-off label,One-off label,Systematic label
8,8,0,0,0,O,T1QFQN,0,8,icecream,One-off label,One-off label,One-off label,One-off label,One-off label,One-off label,One-off label,Can't tell / Neither
8,0,8,0,0,S,T9E8Y9,0,1,purple black pink,Systematic label,Systematic label,Systematic label,Systematic label,,,,
8,0,8,0,0,S,T9E8Y9,0,2,purple black yellow,Systematic label,Systematic label,Systematic label,Systematic label,,,,
8,0,8,0,0,S,T9E8Y9,0,3,orange red yellow,Systematic label,Systematic label,Systematic label,Systematic label,,,,
8,0,8,0,0,S,T9E8Y9,0,4,orange red brown,Systematic label,Systematic label,Systematic label,Systematic label,,,,
8,0,8,0,0,S,T9E8Y9,0,5,orange red blue,Systematic label,Systematic label,Systematic label,Systematic label,,,,
8,0,8,0,0,S,T9E8Y9,0,6,orange red brown,Systematic label,Systematic label,Systematic label,Systematic label,,,,
8,0,8,0,0,S,T9E8Y9,0,7,purple black,Systematic label,Systematic label,Systematic label,Systematic label,,,,
8,0,8,0,0,S,T9E8Y9,0,8,purple brown yellow,Systematic label,Systematic label,Systematic label,Systematic label,,,,
8,0,8,0,0,S,T9E8Y9,1,1,purple black pink,Systematic label,Systematic label,Systematic label,Systematic label,,,,
8,0,8,0,0,S,T9E8Y9,1,2,purple black yellow,Systematic label,Systematic label,Systematic label,Systematic label,,,,
8,0,8,0,0,S,T9E8Y9,1,3,orange red yellow,Systematic label,Systematic label,Systematic label,Systematic label,,,,
8,0,8,0,0,S,T9E8Y9,1,4,orange red brown,Systematic label,Systematic label,Systematic label,Systematic label,,,,
8,0,8,0,0,S,T9E8Y9,1,5,orange red blue,Systematic label,Systematic label,Systematic label,Systematic label,,,,
8,0,8,0,0,S,T9E8Y9,1,6,orange red brown,Systematic label,Systematic label,Systematic label,Systematic label,,,,
8,0,8,0,0,S,T9E8Y9,1,7,purple black white,Systematic label,Systematic label,Systematic label,Systematic label,,,,
8,0,8,0,0,S,T9E8Y9,1,8,purple black yellow,Systematic label,Systematic label,Systematic label,Systematic label,,,,
8,8,0,0,0,O,TF65H8,0,1,tall,One-off label,One-off label,One-off label,One-off label,,,,
8,8,0,0,0,O,TF65H8,0,2,short,One-off label,One-off label,One-off label,One-off label,,,,
8,8,0,0,0,O,TF65H8,0,3,robot,One-off label,One-off label,One-off label,One-off label,,,,
8,8,0,0,0,O,TF65H8,0,4,pillar,One-off label,One-off label,One-off label,One-off label,,,,
8,8,0,0,0,O,TF65H8,0,5,phone,One-off label,One-off label,One-off label,One-off label,,,,
8,8,0,0,0,O,TF65H8,0,6,wide,One-off label,One-off label,One-off label,One-off label,,,,
8,8,0,0,0,O,TF65H8,0,7,chimney,One-off label,One-off label,One-off label,One-off label,,,,
8,8,0,0,0,O,TF65H8,0,8,gaze,One-off label,One-off label,One-off label,Systematic label,,,,
8,8,0,0,0,O,TF65H8,1,1,tall,One-off label,One-off label,One-off label,Systematic label,,,,
8,8,0,0,0,O,TF65H8,1,2,short,One-off label,One-off label,One-off label,Systematic label,,,,
8,8,0,0,0,O,TF65H8,1,3,gaze,One-off label,One-off label,One-off label,Can't tell / Neither,,,,
8,8,0,0,0,O,TF65H8,1,4,pillar,One-off label,One-off label,One-off label,Systematic label,,,,
8,8,0,0,0,O,TF65H8,1,5,phone,One-off label,One-off label,One-off label,Systematic label,,,,
8,8,0,0,0,O,TF65H8,1,6,wide,One-off label,One-off label,One-off label,Systematic label,,,,
8,8,0,0,0,O,TF65H8,1,7,robot,One-off label,One-off label,One-off label,Systematic label,,,,
8,8,0,0,0,O,TF65H8,1,8,robot,One-off label,One-off label,One-off label,Can't tell / Neither,,,,
8,8,0,0,0,O,TMNGM4,1,1,fall,One-off label,One-off label,One-off label,Can't tell / Neither,,,,
8,8,0,0,0,O,TMNGM4,1,2,dance,One-off label,One-off label,One-off label,Can't tell / Neither,,,,
8,8,0,0,0,O,TMNGM4,1,3,handshake,One-off label,One-off label,One-off label,Can't tell / Neither,,,,
8,8,0,0,0,O,TMNGM4,1,4,dance,One-off label,One-off label,One-off label,Can't tell / Neither,,,,
8,8,0,0,0,O,TMNGM4,1,5,stand,One-off label,One-off label,One-off label,Can't tell / Neither,,,,
8,8,0,0,0,O,TMNGM4,1,6,handshake,One-off label,One-off label,One-off label,Can't tell / Neither,,,,
8,8,0,0,0,O,TMNGM4,1,7,fall,One-off label,One-off label,One-off label,Can't tell / Neither,,,,
8,8,0,0,0,O,TMNGM4,1,8,handshake,One-off label,One-off label,One-off label,Can't tell / Neither,,,,
8,8,0,0,0,O,TSEMQG,0,1,fly,One-off label,One-off label,One-off label,Can't tell / Neither,,,,
8,8,0,0,0,O,TSEMQG,0,2,priest,One-off label,One-off label,One-off label,Can't tell / Neither,,,,
8,8,0,0,0,O,TSEMQG,0,3,kneel,One-off label,One-off label,One-off label,Can't tell / Neither,,,,
8,8,0,0,0,O,TSEMQG,0,4,kick,One-off label,One-off label,One-off label,Can't tell / Neither,,,,
8,8,0,0,0,O,TSEMQG,0,5,priest,One-off label,One-off label,One-off label,Can't tell / Neither,,,,
8,8,0,0,0,O,TSEMQG,0,6,squat,One-off label,One-off label,One-off label,Can't tell / Neither,,,,
8,8,0,0,0,O,TSEMQG,0,7,run,One-off label,One-off label,One-off label,Can't tell / Neither,,,,
8,8,0,0,0,O,TSEMQG,0,8,kneel,One-off label,One-off label,One-off label,Can't tell / Neither,,,,
8,8,0,0,0,O,TSEMQG,1,1,fly,One-off label,One-off label,One-off label,One-off label,One-off label,One-off label,Can't tell / Neither,
8,8,0,0,0,O,TSEMQG,1,2,climb,One-off label,One-off label,One-off label,One-off label,One-off label,One-off label,Can't tell / Neither,
8,8,0,0,0,O,TSEMQG,1,3,bow,One-off label,One-off label,One-off label,One-off label,One-off label,Can't tell / Neither,Systematic label,
8,8,0,0,0,O,TSEMQG,1,4,kick,One-off label,One-off label,One-off label,One-off label,One-off label,One-off label,Can't tell / Neither,
8,8,0,0,0,O,TSEMQG,1,5,priest,One-off label,One-off label,One-off label,One-off label,One-off label,One-off label,Can't tell / Neither,
8,8,0,0,0,O,TSEMQG,1,6,kneel,One-off label,One-off label,One-off label,One-off label,One-off label,Can't tell / Neither,Systematic label,
8,8,0,0,0,O,TSEMQG,1,7,run,One-off label,One-off label,One-off label,One-off label,One-off label,Can't tell / Neither,Systematic label,
8,8,0,0,0,O,TSEMQG,1,8,kneel,One-off label,One-off label,One-off label,One-off label,One-off label,Can't tell / Neither,Systematic label,
8,8,0,0,0,O,VE1Q1B,0,1,happy,One-off label,One-off label,One-off label,One-off label,,,,
8,8,0,0,0,O,VE1Q1B,0,2,baseball,One-off label,One-off label,One-off label,Systematic label,,,,
8,8,0,0,0,O,VE1Q1B,0,3,dance,One-off label,One-off label,One-off label,Systematic label,,,,
8,8,0,0,0,O,VE1Q1B,0,4,skating,One-off label,One-off label,One-off label,Systematic label,,,,
8,8,0,0,0,O,VE1Q1B,0,5,priest,One-off label,One-off label,One-off label,Can't tell / Neither,,,,
8,8,0,0,0,O,VE1Q1B,0,6,waiter,One-off label,One-off label,One-off label,Can't tell / Neither,,,,
8,8,0,0,0,O,VE1Q1B,0,7,tango,One-off label,One-off label,One-off label,Systematic label,,,,
8,8,0,0,0,O,VE1Q1B,0,8,knees,One-off label,One-off label,One-off label,Can't tell / Neither,,,,
8,8,0,0,0,O,VE1Q1B,1,1,happy,One-off label,One-off label,One-off label,One-off label,,,,
8,8,0,0,0,O,VE1Q1B,1,2,baseball,One-off label,One-off label,One-off label,One-off label,,,,
8,8,0,0,0,O,VE1Q1B,1,3,dance,One-off label,One-off label,One-off label,Systematic label,,,,
8,8,0,0,0,O,VE1Q1B,1,4,skating,One-off label,One-off label,One-off label,One-off label,,,,
8,8,0,0,0,O,VE1Q1B,1,5,priest,One-off label,One-off label,One-off label,One-off label,,,,
8,8,0,0,0,O,VE1Q1B,1,6,waiter,One-off label,One-off label,One-off label,One-off label,,,,
8,8,0,0,0,O,VE1Q1B,1,7,tango,One-off label,One-off label,One-off label,One-off label,,,,
8,8,0,0,0,O,VE1Q1B,1,8,knees,One-off label,One-off label,One-off label,One-off label,,,,
8,8,0,0,0,O,VRSKPE,0,1,plum,One-off label,One-off label,One-off label,One-off label,,,,
8,8,0,0,0,O,VRSKPE,0,2,pad,One-off label,One-off label,One-off label,Can't tell / Neither,,,,
8,8,0,0,0,O,VRSKPE,0,3,cheese,One-off label,One-off label,One-off label,One-off label,,,,
8,8,0,0,0,O,VRSKPE,0,4,legs,One-off label,One-off label,One-off label,One-off label,,,,
8,8,0,0,0,O,VRSKPE,0,5,toilet,One-off label,One-off label,One-off label,One-off label,,,,
8,8,0,0,0,O,VRSKPE,0,6,spider,One-off label,One-off label,One-off label,One-off label,,,,
8,8,0,0,0,O,VRSKPE,0,7,triangle,One-off label,One-off label,One-off label,One-off label,,,,
8,8,0,0,0,O,VRSKPE,0,8,tall,One-off label,One-off label,One-off label,One-off label,,,,
8,8,0,0,0,O,VRSKPE,1,1,plumb,One-off label,One-off label,One-off label,Can't tell / Neither,,,,
8,8,0,0,0,O,VRSKPE,1,2,pad,One-off label,One-off label,One-off label,One-off label,,,,
8,8,0,0,0,O,VRSKPE,1,3,cheese,One-off label,One-off label,One-off label,One-off label,,,,
8,8,0,0,0,O,VRSKPE,1,4,legs,One-off label,One-off label,One-off label,Systematic label,,,,
8,8,0,0,0,O,VRSKPE,1,5,toilet,One-off label,One-off label,One-off label,One-off label,,,,
8,8,0,0,0,O,VRSKPE,1,6,spider,One-off label,One-off label,One-off label,Can't tell / Neither,,,,
8,8,0,0,0,O,VRSKPE,1,7,triangle,One-off label,One-off label,One-off label,One-off label,,,,
8,8,0,0,0,O,VRSKPE,1,8,tall,One-off label,One-off label,One-off label,Systematic label,,,,
8,8,0,0,0,O,W7XKYE,1,1,why,One-off label,One-off label,One-off label,Can't tell / Neither,,,,
8,8,0,0,0,O,W7XKYE,1,2,dance,One-off label,One-off label,One-off label,Can't tell / Neither,,,,
8,8,0,0,0,O,W7XKYE,1,3,beg,One-off label,One-off label,One-off label,One-off label,,,,
8,8,0,0,0,O,W7XKYE,1,4,balance,One-off label,One-off label,One-off label,Can't tell / Neither,,,,
8,8,0,0,0,O,W7XKYE,1,5,priest,One-off label,One-off label,One-off label,One-off label,,,,
8,8,0,0,0,O,W7XKYE,1,6,toilet,One-off label,One-off label,One-off label,Can't tell / Neither,,,,
8,8,0,0,0,O,W7XKYE,1,7,dance,One-off label,One-off label,One-off label,One-off label,,,,
8,8,0,0,0,O,W7XKYE,1,8,woman,One-off label,One-off label,One-off label,One-off label,,,,
8,0,8,0,0,S,WFX5XE,0,1,purple black pink yellow,Systematic label,Systematic label,Systematic label,Systematic label,Systematic label,One-off label,,
8,0,8,0,0,S,WFX5XE,0,2,purple black yellow,Systematic label,Systematic label,Systematic label,Systematic label,Systematic label,One-off label,,
8,0,8,0,0,S,WFX5XE,0,3,orange red grey brown,Systematic label,Systematic label,Systematic label,Systematic label,Systematic label,Systematic label,,
8,0,8,0,0,S,WFX5XE,0,4,orange red brown brown,Systematic label,Systematic label,Systematic label,Systematic label,Systematic label,One-off label,,
8,0,8,0,0,S,WFX5XE,0,5,orange red brown,Systematic label,Systematic label,Systematic label,Systematic label,Systematic label,One-off label,,
8,0,8,0,0,S,WFX5XE,0,6,orange red black brown,Systematic label,Systematic label,Systematic label,Systematic label,Systematic label,One-off label,,
8,0,8,0,0,S,WFX5XE,0,7,purple black yellow,Systematic label,Systematic label,Systematic label,Systematic label,Systematic label,One-off label,,
8,0,8,0,0,S,WFX5XE,0,8,purple black red yellow,Systematic label,Systematic label,Systematic label,Systematic label,Systematic label,One-off label,,
8,0,8,0,0,S,WFX5XE,1,1,purple black pink yellow,Systematic label,Systematic label,Systematic label,Systematic label,,,,
8,0,8,0,0,S,WFX5XE,1,2,purple black purple yellow,Systematic label,Systematic label,Systematic label,Systematic label,,,,
8,0,8,0,0,S,WFX5XE,1,3,orange red grey brown,Systematic label,Systematic label,Systematic label,Systematic label,,,,
8,0,8,0,0,S,WFX5XE,1,4,orange red brown brown,Systematic label,Systematic label,Systematic label,One-off label,,,,
8,0,8,0,0,S,WFX5XE,1,5,orange red white brown,Systematic label,Systematic label,Systematic label,Systematic label,,,,
8,0,8,0,0,S,WFX5XE,1,6,orange red black brown,Systematic label,Systematic label,Systematic label,Systematic label,,,,
8,0,8,0,0,S,WFX5XE,1,7,purple black black yellow,Systematic label,Systematic label,Systematic label,One-off label,,,,
8,0,8,0,0,S,WFX5XE,1,8,purple black red yellow,Systematic label,Systematic label,Systematic label,Systematic label,,,,
8,0,8,0,0,S,YVBY96,1,1,pby,Systematic label,Systematic label,Systematic label,Systematic label,,,,
8,0,8,0,0,S,YVBY96,1,2,pby,Systematic label,Systematic label,Systematic label,Systematic label,,,,
8,0,8,0,0,S,YVBY96,1,3,rrba,Systematic label,Systematic label,Systematic label,Systematic label,,,,
8,0,8,0,0,S,YVBY96,1,4,rrba,Systematic label,Systematic label,Systematic label,Systematic label,,,,
8,0,8,0,0,S,YVBY96,1,5,rlba,Systematic label,Systematic label,Systematic label,Systematic label,,,,
8,0,8,0,0,S,YVBY96,1,6,prba,Systematic label,Systematic label,Systematic label,Systematic label,,,,
8,0,8,0,0,S,YVBY96,1,7,pbyt,Systematic label,Systematic label,Systematic label,Systematic label,,,,
8,0,8,0,0,S,YVBY96,1,8,pbyt,Systematic label,Systematic label,Systematic label,Systematic label,,,,
8,8,0,0,0,O,Z0KKA1,0,1,hide,One-off label,One-off label,One-off label,Can't tell / Neither,,,,
8,8,0,0,0,O,Z0KKA1,0,2,sweet,One-off label,One-off label,One-off label,One-off label,,,,
8,8,0,0,0,O,Z0KKA1,0,3,rectangle,One-off label,One-off label,One-off label,One-off label,,,,
8,8,0,0,0,O,Z0KKA1,0,4,brown,One-off label,One-off label,One-off label,Systematic label,,,,
8,8,0,0,0,O,Z0KKA1,0,5,blue,One-off label,One-off label,One-off label,Systematic label,,,,
8,8,0,0,0,O,Z0KKA1,0,6,black,One-off label,One-off label,One-off label,Systematic label,,,,
8,8,0,0,0,O,Z0KKA1,0,7,white,One-off label,One-off label,One-off label,Systematic label,,,,
8,8,0,0,0,O,Z0KKA1,0,8,long,One-off label,One-off label,One-off label,Can't tell / Neither,,,,
8,8,0,0,0,O,ZCXXHV,0,1,tall,One-off label,One-off label,One-off label,One-off label,,,,
8,8,0,0,0,O,ZCXXHV,0,2,book,One-off label,One-off label,One-off label,One-off label,,,,
8,8,0,0,0,O,ZCXXHV,0,3,cheese,One-off label,One-off label,One-off label,One-off label,,,,
8,8,0,0,0,O,ZCXXHV,0,4,poop,One-off label,One-off label,One-off label,One-off label,,,,
8,8,0,0,0,O,ZCXXHV,0,5,cd,One-off label,One-off label,One-off label,Can't tell / Neither,,,,
8,8,0,0,0,O,ZCXXHV,0,6,spider,One-off label,One-off label,One-off label,One-off label,,,,
8,8,0,0,0,O,ZCXXHV,0,7,ship,One-off label,One-off label,One-off label,One-off label,,,,
8,8,0,0,0,O,ZCXXHV,0,8,bender,One-off label,One-off label,One-off label,Can't tell / Neither,,,,
8,0,8,0,0,S,ZR4NH1,0,1,"left head, right arms",Systematic label,Systematic label,Systematic label,Systematic label,,,,
8,0,8,0,0,S,ZR4NH1,0,2,"right head, left legs",Systematic label,Systematic label,Systematic label,Systematic label,,,,
8,0,8,0,0,S,ZR4NH1,0,3,"center head, center arms",Systematic label,Systematic label,Systematic label,Systematic label,,,,
8,0,8,0,0,S,ZR4NH1,0,4,"left head, right arms",Systematic label,Systematic label,Systematic label,Systematic label,,,,
8,0,8,0,0,S,ZR4NH1,0,5,"center head, left arm",Systematic label,Systematic label,Systematic label,Systematic label,,,,
8,0,8,0,0,S,ZR4NH1,0,6,"center head, right arms",Systematic label,Systematic label,Systematic label,Systematic label,,,,
8,0,8,0,0,S,ZR4NH1,0,7,"center head, right arms, left legs",Systematic label,Systematic label,Systematic label,Systematic label,,,,
8,0,8,0,0,S,ZR4NH1,0,8,"center head, right arms",Systematic label,Systematic label,Systematic label,Systematic label,,,,
