gameId,position,label_idx,label_text,02524345573b4f39,035b7c25b1f73b0d,0403966e46223b47,05219b19e37c81a7,07116f4a4b964f9e,09cd1f6416ac4f84,09e44cc666734646,09e8c74408bbdf57,0a66887abc690d2e,0bc20dcefccb8198,0c39687272f52a52,0ec2cb50d92d16ac,105a3d89c38a7177,118f46f7b010bce2,11e7d67601a47802,129dcbd4ece59646,148f4e58199f1ea5,148f87cb28c2c65f,1512975119404e06,176039872f0c285c,1b891feff5079114,1bd04d4e9109bf29,1c8e7d3b18cd3ebe,1df374a46a30cac2,1e8192b58ae41242,200d621ec01e4123,243eb3e59b31bd11,2474e0ff3903b3d7,2551893c4523a66e,2699bb82eb672dad,2853d5bd83b2bd12,2b3d424ae4d7c5d2,2c83bd0d71e055ed,3010f7154ddbf6c4,30fc0352a4b2f1d9,32f68c0e007e5e57,33171df261cf6e3c,332ca587183fbe60,356a99ffffef96c6,3be01cf2e567c888,3cbf1e5302549336,3cd5261853eb0beb,3eccf03c9e940fc5,3fe3686b072eeaad,439156f0f84a272f,45c3417fc6dcd1c2,485a36e93fb04f28,4e677d9299db62f4,4ee9afb6e26ad7ba,50b28ffe8237a263,51b3a226567d69b5,56fa0109269e0d0e,5977e49cecb228d3,59b4738ef5d746cd,5a0741d4b528fb83,5b2b35f9ea33f297,5c85224bad687d73,5e9f156b300d32ef,5f2d1790019fc8ae,6060b98fd8d4bc42,61d89f9647f9d3b6,629585ef821f1cf9,630697a187904e30,633b52d37865488a,696cd66d04546ecf,6aef9131569eff1b,6b25578ce91214ad,6c4d567a1d6c460d,6eca76c66ba4c41a,6f7df30d5ab51745,7294d91cca979628,733b45ea7711818d,767ed58674026732,76a11fb6cebbae49,76e6c1155b3f58d4,7bbdb873e5aeeff4,7e93e6350fdaf81b,7f309cca8b5551fb,810987e65255eb16,8184f86b0c16d293,853872f10d73cb3f,85e8ac0299fddfa5,85f085ef473909c3,86301d2d1999f35d,8a5c2031f3c7e916,8ab2f86fed0e0e28,8c8ad1e2ef4bd45a,8ec801260c3698eb,8f2d84da7219a0e6,91b6baffbd2ad1ce,922e997783e02382,940340058080d94f,95079eabf7181e9b,95a6d5d5cee2cd8d,96cce9cdafd6e413,9723a9b5cb337e47,9844719ff62cd2f6,9979680d3964eb72,99a73d847867cbbe,9c9f476dfd8ac166,9f0ba7314a3f9535,9f73dc779b2deaa0,9fdb7a8849987685,a26ffb01806da4af,a2c07788f128317b,a4920afcd360a4d8,a4bbf978b17751d4,aaeca55db7dee154,ac171cec5a680938,ac34b628646165cf,acc0192e5782112b,af6d9aea810908ca,b0d145c4a7f3467f,b0f0f734f9cd6676,b2df7073f18b95f4,b5f80d8c1a930a1d,b629766d81dad69d,b7982bb59e9010a4,b888d4d5fc60916a,bc73f84adb7fbfa6,be08396f0f645858,bf3fd271f8837b93,c160175f74072de1,c273f9c088b1050a,c3014ad413f61718,c383e22a2c8ac71e,c7e11e57d86b9ee1,c9a5c0dc06c18be8,cb5d2f743b2ff6a6,cc72bc00bb3ad785,ccbbf51b62c5a07b,ce4f356376b775a0,d1478499ca70cdba,d1788397321b2e03,d244e0868eebe942,d298035db90253ed,d3adbd634092d485,d492992709c0a449,d83f632045d33800,daac100640fe2286,dd80ae7c8b639959,de2fa5a7278fe7ce,de50f2532733d5a9,df60deb415c4b4fd,e092db6f40b0b8a7,e1a8811505b48882,e36ca9808a65daf1,e3e9ebce73ba8ab2,e5590784b779d5c4,e5d4a51d0b325b71,e649711f27ea6961,e69dd4308727f544,e8836de128c7e8e8,ea5bd9ccfbc01b75,ebace440a38ee3a4,ec250e958cd5376b,ecfbbac92873e407,ed4357e9ed2e7ba0,ed97b03967832318,ef8334f25bc45ba7,ef9fbfa6966428ec,f2060b062dfe2919,f419ddde608d07ff,f6219710d226241c,f722937b1a8e3ff1,f74db911936252b4,f7e23f04d1d9e63c,fadef642cdf2470e,fb1b34120d881a4e,fc5ecdc7c393eb59,fcaf4b343e7581fa
0E3FH7,0,1,toilet,,,,,,,,,,,,,,,,,,,,One-off label,,,,,,,,,,,,,,,,,,,,,,,,,,,,,,,,,,,,,,,,,,,,,,,,One-off label,,,,,,,,,,,,,,,,,,,,,,,,,,,,,,,,,,,,,,,,,,,,,,,,,,,,,,,,,,,,,One-off label,,,,,,,,,,,,,,,,,,,,,,,,,,,,,,,,,,,,,,,,,,
0E3FH7,0,2,snail,,,,,,,,,,,,,,,,,,,,One-off label,,,,,,,,,,,,,,,,,,,,,,,,,,,,,,,,,,,,,,,,,,,,,,,,One-off label,,,,,,,,,,,,,,,,,,,,,,,,,,,,,,,,,,,,,,,,,,,,,,,,,,,,,,,,,,,,,One-off label,,,,,,,,,,,,,,,,,,,,,,,,,,,,,,,,,,,,,,,,,,
0E3FH7,0,3,orange,,,,,,,,,,,,,,,,,,,,One-off label,,,,,,,,,,,,,,,,,,,,,,,,,,,,,,,,,,,,,,,,,,,,,,,,One-off label,,,,,,,,,,,,,,,,,,,,,,,,,,,,,,,,,,,,,,,,,,,,,,,,,,,,,,,,,,,,,One-off label,,,,,,,,,,,,,,,,,,,,,,,,,,,,,,,,,,,,,,,,,,
0E3FH7,0,4,brown,,,,,,,,,,,,,,,,,,,,One-off label,,,,,,,,,,,,,,,,,,,,,,,,,,,,,,,,,,,,,,,,,,,,,,,,One-off label,,,,,,,,,,,,,,,,,,,,,,,,,,,,,,,,,,,,,,,,,,,,,,,,,,,,,,,,,,,,,One-off label,,,,,,,,,,,,,,,,,,,,,,,,,,,,,,,,,,,,,,,,,,
0E3FH7,0,5,white,,,,,,,,,,,,,,,,,,,,One-off label,,,,,,,,,,,,,,,,,,,,,,,,,,,,,,,,,,,,,,,,,,,,,,,,One-off label,,,,,,,,,,,,,,,,,,,,,,,,,,,,,,,,,,,,,,,,,,,,,,,,,,,,,,,,,,,,,One-off label,,,,,,,,,,,,,,,,,,,,,,,,,,,,,,,,,,,,,,,,,,
0E3FH7,0,6,black,,,,,,,,,,,,,,,,,,,,One-off label,,,,,,,,,,,,,,,,,,,,,,,,,,,,,,,,,,,,,,,,,,,,,,,,One-off label,,,,,,,,,,,,,,,,,,,,,,,,,,,,,,,,,,,,,,,,,,,,,,,,,,,,,,,,,,,,,One-off label,,,,,,,,,,,,,,,,,,,,,,,,,,,,,,,,,,,,,,,,,,
0E3FH7,0,7,white,,,,,,,,,,,,,,,,,,,,One-off label,,,,,,,,,,,,,,,,,,,,,,,,,,,,,,,,,,,,,,,,,,,,,,,,One-off label,,,,,,,,,,,,,,,,,,,,,,,,,,,,,,,,,,,,,,,,,,,,,,,,,,,,,,,,,,,,,One-off label,,,,,,,,,,,,,,,,,,,,,,,,,,,,,,,,,,,,,,,,,,
0E3FH7,0,8,robber,,,,,,,,,,,,,,,,,,,,Can't tell / Neither,,,,,,,,,,,,,,,,,,,,,,,,,,,,,,,,,,,,,,,,,,,,,,,,Can't tell / Neither,,,,,,,,,,,,,,,,,,,,,,,,,,,,,,,,,,,,,,,,,,,,,,,,,,,,,,,,,,,,,Systematic label,,,,,,,,,,,,,,,,,,,,,,,,,,,,,,,,,,,,,,,,,,
0E3FH7,1,1,purple,,,,,,,,,,,,,One-off label,,,,,,,,,,,,,,,,,,,,,,,,,,,,,,,,,,,,,,,,One-off label,,,,,,,,,,,,,,,,,,,,,,,,,,,,,,,,,,,,,,,,,,,,,,,,,,,,,,,,,,,,,,,,,,,,One-off label,,,,,,,,,,,,,,,,,,,,,,,,,,,,,,,,,,,,,,,,,,,,,,,,,,
0E3FH7,1,2,snail,,,,,,,,,,,,,One-off label,,,,,,,,,,,,,,,,,,,,,,,,,,,,,,,,,,,,,,,,One-off label,,,,,,,,,,,,,,,,,,,,,,,,,,,,,,,,,,,,,,,,,,,,,,,,,,,,,,,,,,,,,,,,,,,,One-off label,,,,,,,,,,,,,,,,,,,,,,,,,,,,,,,,,,,,,,,,,,,,,,,,,,
0E3FH7,1,3,orange,,,,,,,,,,,,,One-off label,,,,,,,,,,,,,,,,,,,,,,,,,,,,,,,,,,,,,,,,One-off label,,,,,,,,,,,,,,,,,,,,,,,,,,,,,,,,,,,,,,,,,,,,,,,,,,,,,,,,,,,,,,,,,,,,One-off label,,,,,,,,,,,,,,,,,,,,,,,,,,,,,,,,,,,,,,,,,,,,,,,,,,
0E3FH7,1,4,brown,,,,,,,,,,,,,One-off label,,,,,,,,,,,,,,,,,,,,,,,,,,,,,,,,,,,,,,,,One-off label,,,,,,,,,,,,,,,,,,,,,,,,,,,,,,,,,,,,,,,,,,,,,,,,,,,,,,,,,,,,,,,,,,,,One-off label,,,,,,,,,,,,,,,,,,,,,,,,,,,,,,,,,,,,,,,,,,,,,,,,,,
0E3FH7,1,5,toliet,,,,,,,,,,,,,One-off label,,,,,,,,,,,,,,,,,,,,,,,,,,,,,,,,,,,,,,,,One-off label,,,,,,,,,,,,,,,,,,,,,,,,,,,,,,,,,,,,,,,,,,,,,,,,,,,,,,,,,,,,,,,,,,,,One-off label,,,,,,,,,,,,,,,,,,,,,,,,,,,,,,,,,,,,,,,,,,,,,,,,,,
0E3FH7,1,6,black,,,,,,,,,,,,,One-off label,,,,,,,,,,,,,,,,,,,,,,,,,,,,,,,,,,,,,,,,One-off label,,,,,,,,,,,,,,,,,,,,,,,,,,,,,,,,,,,,,,,,,,,,,,,,,,,,,,,,,,,,,,,,,,,,One-off label,,,,,,,,,,,,,,,,,,,,,,,,,,,,,,,,,,,,,,,,,,,,,,,,,,
0E3FH7,1,7,white,,,,,,,,,,,,,One-off label,,,,,,,,,,,,,,,,,,,,,,,,,,,,,,,,,,,,,,,,One-off label,,,,,,,,,,,,,,,,,,,,,,,,,,,,,,,,,,,,,,,,,,,,,,,,,,,,,,,,,,,,,,,,,,,,One-off label,,,,,,,,,,,,,,,,,,,,,,,,,,,,,,,,,,,,,,,,,,,,,,,,,,
0E3FH7,1,8,robber,,,,,,,,,,,,,One-off label,,,,,,,,,,,,,,,,,,,,,,,,,,,,,,,,,,,,,,,,Can't tell / Neither,,,,,,,,,,,,,,,,,,,,,,,,,,,,,,,,,,,,,,,,,,,,,,,,,,,,,,,,,,,,,,,,,,,,One-off label,,,,,,,,,,,,,,,,,,,,,,,,,,,,,,,,,,,,,,,,,,,,,,,,,,
0ES8D4,0,1,purple hat right yellow feet tall,,,,Systematic label,,,,,,,,,,,,,,,,,,,,,,,,,,,,,Systematic label,,,,,,,,,,,,,,,,,,,,,,,,,,,,,,,,,,,,,,,,,,,,,,,,,,,,,,,,,,,,,,,,,,,,,,,,,,,,,,,,Systematic label,,,,,,,,,,,,,,,,,,,,,,,,,,,,,,,,,,,,,,,,,,,,,,,,,,,,,,,,,,
0ES8D4,0,2,purple hat right yellow feet short,,,,Systematic label,,,,,,,,,,,,,,,,,,,,,,,,,,,,,Systematic label,,,,,,,,,,,,,,,,,,,,,,,,,,,,,,,,,,,,,,,,,,,,,,,,,,,,,,,,,,,,,,,,,,,,,,,,,,,,,,,,Systematic label,,,,,,,,,,,,,,,,,,,,,,,,,,,,,,,,,,,,,,,,,,,,,,,,,,,,,,,,,,
0ES8D4,0,3,orange hat left brown feet tall,,,,Systematic label,,,,,,,,,,,,,,,,,,,,,,,,,,,,,Systematic label,,,,,,,,,,,,,,,,,,,,,,,,,,,,,,,,,,,,,,,,,,,,,,,,,,,,,,,,,,,,,,,,,,,,,,,,,,,,,,,,Systematic label,,,,,,,,,,,,,,,,,,,,,,,,,,,,,,,,,,,,,,,,,,,,,,,,,,,,,,,,,,
0ES8D4,0,4,orange hat left brown feet tall,,,,Systematic label,,,,,,,,,,,,,,,,,,,,,,,,,,,,,Systematic label,,,,,,,,,,,,,,,,,,,,,,,,,,,,,,,,,,,,,,,,,,,,,,,,,,,,,,,,,,,,,,,,,,,,,,,,,,,,,,,,Systematic label,,,,,,,,,,,,,,,,,,,,,,,,,,,,,,,,,,,,,,,,,,,,,,,,,,,,,,,,,,
0ES8D4,0,5,orange hat left brown feet short,,,,Systematic label,,,,,,,,,,,,,,,,,,,,,,,,,,,,,Systematic label,,,,,,,,,,,,,,,,,,,,,,,,,,,,,,,,,,,,,,,,,,,,,,,,,,,,,,,,,,,,,,,,,,,,,,,,,,,,,,,,Systematic label,,,,,,,,,,,,,,,,,,,,,,,,,,,,,,,,,,,,,,,,,,,,,,,,,,,,,,,,,,
0ES8D4,0,6,orange hat left brown feet short,,,,Systematic label,,,,,,,,,,,,,,,,,,,,,,,,,,,,,Systematic label,,,,,,,,,,,,,,,,,,,,,,,,,,,,,,,,,,,,,,,,,,,,,,,,,,,,,,,,,,,,,,,,,,,,,,,,,,,,,,,,Systematic label,,,,,,,,,,,,,,,,,,,,,,,,,,,,,,,,,,,,,,,,,,,,,,,,,,,,,,,,,,
0ES8D4,0,7,purple hat right yellow feet short,,,,Systematic label,,,,,,,,,,,,,,,,,,,,,,,,,,,,,Systematic label,,,,,,,,,,,,,,,,,,,,,,,,,,,,,,,,,,,,,,,,,,,,,,,,,,,,,,,,,,,,,,,,,,,,,,,,,,,,,,,,Systematic label,,,,,,,,,,,,,,,,,,,,,,,,,,,,,,,,,,,,,,,,,,,,,,,,,,,,,,,,,,
0ES8D4,0,8,purple hat right yellow feet tall,,,,Systematic label,,,,,,,,,,,,,,,,,,,,,,,,,,,,,Systematic label,,,,,,,,,,,,,,,,,,,,,,,,,,,,,,,,,,,,,,,,,,,,,,,,,,,,,,,,,,,,,,,,,,,,,,,,,,,,,,,,Systematic label,,,,,,,,,,,,,,,,,,,,,,,,,,,,,,,,,,,,,,,,,,,,,,,,,,,,,,,,,,
0ES8D4,1,1,purple hat right yellow feet tall,,,,,,,,,,,,,,,,,,,,,,,,,,,,,,,,,,,,,,,,,,,,,Systematic label,,,,,,,,,,,,,,,,,,,,,,,,,,,,,,,,,,,,,,,,,,,,,,,,,,,,,,,,,,,,,,,,,,,,,,,,,,,,,,,,,,,,,,,,,,,,,,,,,,,,,,,,,,,,,Systematic label,,,,,,,,,,,,Systematic label,,,,,
0ES8D4,1,2,purple hat right yellow feet short,,,,,,,,,,,,,,,,,,,,,,,,,,,,,,,,,,,,,,,,,,,,,Systematic label,,,,,,,,,,,,,,,,,,,,,,,,,,,,,,,,,,,,,,,,,,,,,,,,,,,,,,,,,,,,,,,,,,,,,,,,,,,,,,,,,,,,,,,,,,,,,,,,,,,,,,,,,,,,,Systematic label,,,,,,,,,,,,Systematic label,,,,,
0ES8D4,1,3,orange hat right brown feet tall,,,,,,,,,,,,,,,,,,,,,,,,,,,,,,,,,,,,,,,,,,,,,Systematic label,,,,,,,,,,,,,,,,,,,,,,,,,,,,,,,,,,,,,,,,,,,,,,,,,,,,,,,,,,,,,,,,,,,,,,,,,,,,,,,,,,,,,,,,,,,,,,,,,,,,,,,,,,,,,Systematic label,,,,,,,,,,,,Systematic label,,,,,
0ES8D4,1,4,orange hat left brown feet,,,,,,,,,,,,,,,,,,,,,,,,,,,,,,,,,,,,,,,,,,,,,Systematic label,,,,,,,,,,,,,,,,,,,,,,,,,,,,,,,,,,,,,,,,,,,,,,,,,,,,,,,,,,,,,,,,,,,,,,,,,,,,,,,,,,,,,,,,,,,,,,,,,,,,,,,,,,,,,Can't tell / Neither,,,,,,,,,,,,Systematic label,,,,,
0ES8D4,1,5,orange hat left brown feet short,,,,,,,,,,,,,,,,,,,,,,,,,,,,,,,,,,,,,,,,,,,,,Systematic label,,,,,,,,,,,,,,,,,,,,,,,,,,,,,,,,,,,,,,,,,,,,,,,,,,,,,,,,,,,,,,,,,,,,,,,,,,,,,,,,,,,,,,,,,,,,,,,,,,,,,,,,,,,,,Systematic label,,,,,,,,,,,,Systematic label,,,,,
0ES8D4,1,6,orange hat left brown feet,,,,,,,,,,,,,,,,,,,,,,,,,,,,,,,,,,,,,,,,,,,,,Systematic label,,,,,,,,,,,,,,,,,,,,,,,,,,,,,,,,,,,,,,,,,,,,,,,,,,,,,,,,,,,,,,,,,,,,,,,,,,,,,,,,,,,,,,,,,,,,,,,,,,,,,,,,,,,,,Can't tell / Neither,,,,,,,,,,,,Systematic label,,,,,
0ES8D4,1,7,purple hat right yellow feet,,,,,,,,,,,,,,,,,,,,,,,,,,,,,,,,,,,,,,,,,,,,,Systematic label,,,,,,,,,,,,,,,,,,,,,,,,,,,,,,,,,,,,,,,,,,,,,,,,,,,,,,,,,,,,,,,,,,,,,,,,,,,,,,,,,,,,,,,,,,,,,,,,,,,,,,,,,,,,,Can't tell / Neither,,,,,,,,,,,,Systematic label,,,,,
0ES8D4,1,8,purple hat right yellow tall,,,,,,,,,,,,,,,,,,,,,,,,,,,,,,,,,,,,,,,,,,,,,Systematic label,,,,,,,,,,,,,,,,,,,,,,,,,,,,,,,,,,,,,,,,,,,,,,,,,,,,,,,,,,,,,,,,,,,,,,,,,,,,,,,,,,,,,,,,,,,,,,,,,,,,,,,,,,,,,Systematic label,,,,,,,,,,,,Systematic label,,,,,
1CAZ6R,0,1,player,,,,,,,,,,,,,,,,,,,,,,,,,,,,,,,,,,,,,,,,,,,,,,,,,,,,,,,,,,,,,,,,,,,,,,,,,,One-off label,,,,,,,,,,,,,,,,,,,,,,,,,,,,,,,,,,,,,,,,,One-off label,,,,,,,,,,,,,,,,,,,,,,,,,,,,,,Can't tell / Neither,,,,,,,,,,,,,,,,,,,,,,,,,,
1CAZ6R,0,2,ghost,,,,,,,,,,,,,,,,,,,,,,,,,,,,,,,,,,,,,,,,,,,,,,,,,,,,,,,,,,,,,,,,,,,,,,,,,,One-off label,,,,,,,,,,,,,,,,,,,,,,,,,,,,,,,,,,,,,,,,,One-off label,,,,,,,,,,,,,,,,,,,,,,,,,,,,,,Can't tell / Neither,,,,,,,,,,,,,,,,,,,,,,,,,,
1CAZ6R,0,3,singer,,,,,,,,,,,,,,,,,,,,,,,,,,,,,,,,,,,,,,,,,,,,,,,,,,,,,,,,,,,,,,,,,,,,,,,,,,One-off label,,,,,,,,,,,,,,,,,,,,,,,,,,,,,,,,,,,,,,,,,One-off label,,,,,,,,,,,,,,,,,,,,,,,,,,,,,,Can't tell / Neither,,,,,,,,,,,,,,,,,,,,,,,,,,
1CAZ6R,0,4,gymnastyc,,,,,,,,,,,,,,,,,,,,,,,,,,,,,,,,,,,,,,,,,,,,,,,,,,,,,,,,,,,,,,,,,,,,,,,,,,One-off label,,,,,,,,,,,,,,,,,,,,,,,,,,,,,,,,,,,,,,,,,Can't tell / Neither,,,,,,,,,,,,,,,,,,,,,,,,,,,,,,Can't tell / Neither,,,,,,,,,,,,,,,,,,,,,,,,,,
1CAZ6R,0,5,priest,,,,,,,,,,,,,,,,,,,,,,,,,,,,,,,,,,,,,,,,,,,,,,,,,,,,,,,,,,,,,,,,,,,,,,,,,,One-off label,,,,,,,,,,,,,,,,,,,,,,,,,,,,,,,,,,,,,,,,,One-off label,,,,,,,,,,,,,,,,,,,,,,,,,,,,,,Can't tell / Neither,,,,,,,,,,,,,,,,,,,,,,,,,,
1CAZ6R,0,6,begger,,,,,,,,,,,,,,,,,,,,,,,,,,,,,,,,,,,,,,,,,,,,,,,,,,,,,,,,,,,,,,,,,,,,,,,,,,One-off label,,,,,,,,,,,,,,,,,,,,,,,,,,,,,,,,,,,,,,,,,One-off label,,,,,,,,,,,,,,,,,,,,,,,,,,,,,,Can't tell / Neither,,,,,,,,,,,,,,,,,,,,,,,,,,
1CAZ6R,0,7,dancer,,,,,,,,,,,,,,,,,,,,,,,,,,,,,,,,,,,,,,,,,,,,,,,,,,,,,,,,,,,,,,,,,,,,,,,,,,One-off label,,,,,,,,,,,,,,,,,,,,,,,,,,,,,,,,,,,,,,,,,One-off label,,,,,,,,,,,,,,,,,,,,,,,,,,,,,,Can't tell / Neither,,,,,,,,,,,,,,,,,,,,,,,,,,
1CAZ6R,0,8,prayer,,,,,,,,,,,,,,,,,,,,,,,,,,,,,,,,,,,,,,,,,,,,,,,,,,,,,,,,,,,,,,,,,,,,,,,,,,One-off label,,,,,,,,,,,,,,,,,,,,,,,,,,,,,,,,,,,,,,,,,One-off label,,,,,,,,,,,,,,,,,,,,,,,,,,,,,,Can't tell / Neither,,,,,,,,,,,,,,,,,,,,,,,,,,
1CAZ6R,1,1,player,,,,,,,,,,,,,,,,,,,,,,,,,,,,,,,,,,,,,One-off label,,,,,,,,,,,,,,,One-off label,,,,,,,,,,,,,,,,,,,,,,,,,,,,,,,,,,,,,,,,,,,,,,,,,,,,,,,,,,,,,,,,,,,,One-off label,,,,,,,,,,,,,,,,,,,,,,,,,,,,,,,,,,,,,,,,,,,,,,,,,,,
1CAZ6R,1,2,ghost,,,,,,,,,,,,,,,,,,,,,,,,,,,,,,,,,,,,,One-off label,,,,,,,,,,,,,,,One-off label,,,,,,,,,,,,,,,,,,,,,,,,,,,,,,,,,,,,,,,,,,,,,,,,,,,,,,,,,,,,,,,,,,,,One-off label,,,,,,,,,,,,,,,,,,,,,,,,,,,,,,,,,,,,,,,,,,,,,,,,,,,
1CAZ6R,1,3,singer,,,,,,,,,,,,,,,,,,,,,,,,,,,,,,,,,,,,,One-off label,,,,,,,,,,,,,,,One-off label,,,,,,,,,,,,,,,,,,,,,,,,,,,,,,,,,,,,,,,,,,,,,,,,,,,,,,,,,,,,,,,,,,,,One-off label,,,,,,,,,,,,,,,,,,,,,,,,,,,,,,,,,,,,,,,,,,,,,,,,,,,
1CAZ6R,1,4,gymnast,,,,,,,,,,,,,,,,,,,,,,,,,,,,,,,,,,,,,One-off label,,,,,,,,,,,,,,,One-off label,,,,,,,,,,,,,,,,,,,,,,,,,,,,,,,,,,,,,,,,,,,,,,,,,,,,,,,,,,,,,,,,,,,,One-off label,,,,,,,,,,,,,,,,,,,,,,,,,,,,,,,,,,,,,,,,,,,,,,,,,,,
1CAZ6R,1,5,priest,,,,,,,,,,,,,,,,,,,,,,,,,,,,,,,,,,,,,One-off label,,,,,,,,,,,,,,,One-off label,,,,,,,,,,,,,,,,,,,,,,,,,,,,,,,,,,,,,,,,,,,,,,,,,,,,,,,,,,,,,,,,,,,,One-off label,,,,,,,,,,,,,,,,,,,,,,,,,,,,,,,,,,,,,,,,,,,,,,,,,,,
1CAZ6R,1,6,begger,,,,,,,,,,,,,,,,,,,,,,,,,,,,,,,,,,,,,One-off label,,,,,,,,,,,,,,,One-off label,,,,,,,,,,,,,,,,,,,,,,,,,,,,,,,,,,,,,,,,,,,,,,,,,,,,,,,,,,,,,,,,,,,,One-off label,,,,,,,,,,,,,,,,,,,,,,,,,,,,,,,,,,,,,,,,,,,,,,,,,,,
1CAZ6R,1,7,dancer,,,,,,,,,,,,,,,,,,,,,,,,,,,,,,,,,,,,,One-off label,,,,,,,,,,,,,,,One-off label,,,,,,,,,,,,,,,,,,,,,,,,,,,,,,,,,,,,,,,,,,,,,,,,,,,,,,,,,,,,,,,,,,,,One-off label,,,,,,,,,,,,,,,,,,,,,,,,,,,,,,,,,,,,,,,,,,,,,,,,,,,
1CAZ6R,1,8,prayer,,,,,,,,,,,,,,,,,,,,,,,,,,,,,,,,,,,,,One-off label,,,,,,,,,,,,,,,One-off label,,,,,,,,,,,,,,,,,,,,,,,,,,,,,,,,,,,,,,,,,,,,,,,,,,,,,,,,,,,,,,,,,,,,One-off label,,,,,,,,,,,,,,,,,,,,,,,,,,,,,,,,,,,,,,,,,,,,,,,,,,,
1E5GA2,0,1,laying,,,,,,,One-off label,,,,,,,,,,,,,,,,,,,,,,,,Can't tell / Neither,,,,,,,,,,,,,,,,,,,,,,,,,,,,,,,,,,,,,,,,,,,,,,,,,,,,,,,,,,,,,,,,,,,,,,,,,,,,,,,,,,,,,,,,,,,,,,,,,,,,,,,,,,,,,,,,,,,,,,One-off label,,,,,,,,,,,,,,,,,,,,,,
1E5GA2,0,2,leaning,,,,,,,One-off label,,,,,,,,,,,,,,,,,,,,,,,,Can't tell / Neither,,,,,,,,,,,,,,,,,,,,,,,,,,,,,,,,,,,,,,,,,,,,,,,,,,,,,,,,,,,,,,,,,,,,,,,,,,,,,,,,,,,,,,,,,,,,,,,,,,,,,,,,,,,,,,,,,,,,,,One-off label,,,,,,,,,,,,,,,,,,,,,,
1E5GA2,0,3,dancing,,,,,,,One-off label,,,,,,,,,,,,,,,,,,,,,,,,One-off label,,,,,,,,,,,,,,,,,,,,,,,,,,,,,,,,,,,,,,,,,,,,,,,,,,,,,,,,,,,,,,,,,,,,,,,,,,,,,,,,,,,,,,,,,,,,,,,,,,,,,,,,,,,,,,,,,,,,,,Can't tell / Neither,,,,,,,,,,,,,,,,,,,,,,
1E5GA2,0,4,yoga,,,,,,,One-off label,,,,,,,,,,,,,,,,,,,,,,,,One-off label,,,,,,,,,,,,,,,,,,,,,,,,,,,,,,,,,,,,,,,,,,,,,,,,,,,,,,,,,,,,,,,,,,,,,,,,,,,,,,,,,,,,,,,,,,,,,,,,,,,,,,,,,,,,,,,,,,,,,,Can't tell / Neither,,,,,,,,,,,,,,,,,,,,,,
1E5GA2,0,5,reading,,,,,,,One-off label,,,,,,,,,,,,,,,,,,,,,,,,One-off label,,,,,,,,,,,,,,,,,,,,,,,,,,,,,,,,,,,,,,,,,,,,,,,,,,,,,,,,,,,,,,,,,,,,,,,,,,,,,,,,,,,,,,,,,,,,,,,,,,,,,,,,,,,,,,,,,,,,,,One-off label,,,,,,,,,,,,,,,,,,,,,,
1E5GA2,0,6,bending,,,,,,,One-off label,,,,,,,,,,,,,,,,,,,,,,,,One-off label,,,,,,,,,,,,,,,,,,,,,,,,,,,,,,,,,,,,,,,,,,,,,,,,,,,,,,,,,,,,,,,,,,,,,,,,,,,,,,,,,,,,,,,,,,,,,,,,,,,,,,,,,,,,,,,,,,,,,,One-off label,,,,,,,,,,,,,,,,,,,,,,
1E5GA2,0,7,snake,,,,,,,One-off label,,,,,,,,,,,,,,,,,,,,,,,,One-off label,,,,,,,,,,,,,,,,,,,,,,,,,,,,,,,,,,,,,,,,,,,,,,,,,,,,,,,,,,,,,,,,,,,,,,,,,,,,,,,,,,,,,,,,,,,,,,,,,,,,,,,,,,,,,,,,,,,,,,Can't tell / Neither,,,,,,,,,,,,,,,,,,,,,,
1E5GA2,0,8,jumping,,,,,,,One-off label,,,,,,,,,,,,,,,,,,,,,,,,Can't tell / Neither,,,,,,,,,,,,,,,,,,,,,,,,,,,,,,,,,,,,,,,,,,,,,,,,,,,,,,,,,,,,,,,,,,,,,,,,,,,,,,,,,,,,,,,,,,,,,,,,,,,,,,,,,,,,,,,,,,,,,,Can't tell / Neither,,,,,,,,,,,,,,,,,,,,,,
1E5GA2,1,1,laying,,,,,,,,,,,,,,,,,,,,,,,,,,,,,,,,,,,,,,,,,,,,,,,,,,,,,One-off label,,,,,,,,,,,,,,,,,,,,,,,,,,,,,,,,,,,,,,,,,,,,,,One-off label,,,,,,,,,,,,,,,,,,,,,,One-off label,,,,,,,,,,,,,,,,,,,,,,,,,,,,,,,,,,,,,,,,,,,,,,,,,,
1E5GA2,1,2,leaning,,,,,,,,,,,,,,,,,,,,,,,,,,,,,,,,,,,,,,,,,,,,,,,,,,,,,One-off label,,,,,,,,,,,,,,,,,,,,,,,,,,,,,,,,,,,,,,,,,,,,,,One-off label,,,,,,,,,,,,,,,,,,,,,,One-off label,,,,,,,,,,,,,,,,,,,,,,,,,,,,,,,,,,,,,,,,,,,,,,,,,,
1E5GA2,1,3,dancing,,,,,,,,,,,,,,,,,,,,,,,,,,,,,,,,,,,,,,,,,,,,,,,,,,,,,One-off label,,,,,,,,,,,,,,,,,,,,,,,,,,,,,,,,,,,,,,,,,,,,,,One-off label,,,,,,,,,,,,,,,,,,,,,,One-off label,,,,,,,,,,,,,,,,,,,,,,,,,,,,,,,,,,,,,,,,,,,,,,,,,,
1E5GA2,1,4,yoga,,,,,,,,,,,,,,,,,,,,,,,,,,,,,,,,,,,,,,,,,,,,,,,,,,,,,One-off label,,,,,,,,,,,,,,,,,,,,,,,,,,,,,,,,,,,,,,,,,,,,,,One-off label,,,,,,,,,,,,,,,,,,,,,,One-off label,,,,,,,,,,,,,,,,,,,,,,,,,,,,,,,,,,,,,,,,,,,,,,,,,,
1E5GA2,1,5,reading,,,,,,,,,,,,,,,,,,,,,,,,,,,,,,,,,,,,,,,,,,,,,,,,,,,,,One-off label,,,,,,,,,,,,,,,,,,,,,,,,,,,,,,,,,,,,,,,,,,,,,,One-off label,,,,,,,,,,,,,,,,,,,,,,One-off label,,,,,,,,,,,,,,,,,,,,,,,,,,,,,,,,,,,,,,,,,,,,,,,,,,
1E5GA2,1,6,bending,,,,,,,,,,,,,,,,,,,,,,,,,,,,,,,,,,,,,,,,,,,,,,,,,,,,,One-off label,,,,,,,,,,,,,,,,,,,,,,,,,,,,,,,,,,,,,,,,,,,,,,One-off label,,,,,,,,,,,,,,,,,,,,,,One-off label,,,,,,,,,,,,,,,,,,,,,,,,,,,,,,,,,,,,,,,,,,,,,,,,,,
1E5GA2,1,7,snake,,,,,,,,,,,,,,,,,,,,,,,,,,,,,,,,,,,,,,,,,,,,,,,,,,,,,One-off label,,,,,,,,,,,,,,,,,,,,,,,,,,,,,,,,,,,,,,,,,,,,,,One-off label,,,,,,,,,,,,,,,,,,,,,,One-off label,,,,,,,,,,,,,,,,,,,,,,,,,,,,,,,,,,,,,,,,,,,,,,,,,,
1E5GA2,1,8,jumping,,,,,,,,,,,,,,,,,,,,,,,,,,,,,,,,,,,,,,,,,,,,,,,,,,,,,One-off label,,,,,,,,,,,,,,,,,,,,,,,,,,,,,,,,,,,,,,,,,,,,,,One-off label,,,,,,,,,,,,,,,,,,,,,,One-off label,,,,,,,,,,,,,,,,,,,,,,,,,,,,,,,,,,,,,,,,,,,,,,,,,,
1H73GM,0,1,grey yellow right red,,,,,,,,,,,,Systematic label,,,,,,,,,,,,,,,,,,,,,,,,,,,,,,,,,,,,,,,,,,,Systematic label,,,,,,,,,,,,,,,,,,,,,,,,,,,,,,,,,,,,,,,,,,,,,,,,,,,,,,Systematic label,,,,,,,,,,,,,,,,,,,,,,,,,,,,,,,,,,,,,,,,,,,,,,,,,,,,,,,,,,,,,,
1H73GM,0,2,grey yellow right yellow,,,,,,,,,,,,Systematic label,,,,,,,,,,,,,,,,,,,,,,,,,,,,,,,,,,,,,,,,,,,Systematic label,,,,,,,,,,,,,,,,,,,,,,,,,,,,,,,,,,,,,,,,,,,,,,,,,,,,,,Systematic label,,,,,,,,,,,,,,,,,,,,,,,,,,,,,,,,,,,,,,,,,,,,,,,,,,,,,,,,,,,,,,
1H73GM,0,3,orange brown left yellow,,,,,,,,,,,,Systematic label,,,,,,,,,,,,,,,,,,,,,,,,,,,,,,,,,,,,,,,,,,,Systematic label,,,,,,,,,,,,,,,,,,,,,,,,,,,,,,,,,,,,,,,,,,,,,,,,,,,,,,Systematic label,,,,,,,,,,,,,,,,,,,,,,,,,,,,,,,,,,,,,,,,,,,,,,,,,,,,,,,,,,,,,,
1H73GM,0,4,orange brown left brown,,,,,,,,,,,,Systematic label,,,,,,,,,,,,,,,,,,,,,,,,,,,,,,,,,,,,,,,,,,,Systematic label,,,,,,,,,,,,,,,,,,,,,,,,,,,,,,,,,,,,,,,,,,,,,,,,,,,,,,Systematic label,,,,,,,,,,,,,,,,,,,,,,,,,,,,,,,,,,,,,,,,,,,,,,,,,,,,,,,,,,,,,,
1H73GM,0,5,orange brown left blue,,,,,,,,,,,,Systematic label,,,,,,,,,,,,,,,,,,,,,,,,,,,,,,,,,,,,,,,,,,,Systematic label,,,,,,,,,,,,,,,,,,,,,,,,,,,,,,,,,,,,,,,,,,,,,,,,,,,,,,Systematic label,,,,,,,,,,,,,,,,,,,,,,,,,,,,,,,,,,,,,,,,,,,,,,,,,,,,,,,,,,,,,,
1H73GM,0,6,orange brown left black,,,,,,,,,,,,Systematic label,,,,,,,,,,,,,,,,,,,,,,,,,,,,,,,,,,,,,,,,,,,Systematic label,,,,,,,,,,,,,,,,,,,,,,,,,,,,,,,,,,,,,,,,,,,,,,,,,,,,,,Systematic label,,,,,,,,,,,,,,,,,,,,,,,,,,,,,,,,,,,,,,,,,,,,,,,,,,,,,,,,,,,,,,
1H73GM,0,7,grey yellow right white,,,,,,,,,,,,Systematic label,,,,,,,,,,,,,,,,,,,,,,,,,,,,,,,,,,,,,,,,,,,Systematic label,,,,,,,,,,,,,,,,,,,,,,,,,,,,,,,,,,,,,,,,,,,,,,,,,,,,,,Systematic label,,,,,,,,,,,,,,,,,,,,,,,,,,,,,,,,,,,,,,,,,,,,,,,,,,,,,,,,,,,,,,
1H73GM,0,8,grey yellow right brown,,,,,,,,,,,,Systematic label,,,,,,,,,,,,,,,,,,,,,,,,,,,,,,,,,,,,,,,,,,,Systematic label,,,,,,,,,,,,,,,,,,,,,,,,,,,,,,,,,,,,,,,,,,,,,,,,,,,,,,Systematic label,,,,,,,,,,,,,,,,,,,,,,,,,,,,,,,,,,,,,,,,,,,,,,,,,,,,,,,,,,,,,,
1H73GM,1,1,grey yellow right red,,,,,,Systematic label,,,,,,,,,,,,,,,,,,,,,,,,,,,,,,,,,,,,,,,,,,,,,,,,,,,,,,,,,,,,Systematic label,,,,,,,,,,,,,,,,,,,,,,,,,,,,,,,,,,,,,,,,,,,,,,,,,,,,,,,Systematic label,,,,,,,,,,,,,,,,,,,,,,,,,,,,,,,,,,,,,,,,,,,,,,,,,,
1H73GM,1,2,grey yellow right yellow,,,,,,Systematic label,,,,,,,,,,,,,,,,,,,,,,,,,,,,,,,,,,,,,,,,,,,,,,,,,,,,,,,,,,,,Systematic label,,,,,,,,,,,,,,,,,,,,,,,,,,,,,,,,,,,,,,,,,,,,,,,,,,,,,,,Systematic label,,,,,,,,,,,,,,,,,,,,,,,,,,,,,,,,,,,,,,,,,,,,,,,,,,
1H73GM,1,3,orange brown left yellow,,,,,,Systematic label,,,,,,,,,,,,,,,,,,,,,,,,,,,,,,,,,,,,,,,,,,,,,,,,,,,,,,,,,,,,Systematic label,,,,,,,,,,,,,,,,,,,,,,,,,,,,,,,,,,,,,,,,,,,,,,,,,,,,,,,Systematic label,,,,,,,,,,,,,,,,,,,,,,,,,,,,,,,,,,,,,,,,,,,,,,,,,,
1H73GM,1,4,orange brown left brown,,,,,,Systematic label,,,,,,,,,,,,,,,,,,,,,,,,,,,,,,,,,,,,,,,,,,,,,,,,,,,,,,,,,,,,Systematic label,,,,,,,,,,,,,,,,,,,,,,,,,,,,,,,,,,,,,,,,,,,,,,,,,,,,,,,Systematic label,,,,,,,,,,,,,,,,,,,,,,,,,,,,,,,,,,,,,,,,,,,,,,,,,,
1H73GM,1,5,orange brown left blue,,,,,,Systematic label,,,,,,,,,,,,,,,,,,,,,,,,,,,,,,,,,,,,,,,,,,,,,,,,,,,,,,,,,,,,Systematic label,,,,,,,,,,,,,,,,,,,,,,,,,,,,,,,,,,,,,,,,,,,,,,,,,,,,,,,Systematic label,,,,,,,,,,,,,,,,,,,,,,,,,,,,,,,,,,,,,,,,,,,,,,,,,,
1H73GM,1,6,orange brown left black,,,,,,Systematic label,,,,,,,,,,,,,,,,,,,,,,,,,,,,,,,,,,,,,,,,,,,,,,,,,,,,,,,,,,,,Systematic label,,,,,,,,,,,,,,,,,,,,,,,,,,,,,,,,,,,,,,,,,,,,,,,,,,,,,,,Systematic label,,,,,,,,,,,,,,,,,,,,,,,,,,,,,,,,,,,,,,,,,,,,,,,,,,
1H73GM,1,7,grey yellow right white,,,,,,Systematic label,,,,,,,,,,,,,,,,,,,,,,,,,,,,,,,,,,,,,,,,,,,,,,,,,,,,,,,,,,,,Systematic label,,,,,,,,,,,,,,,,,,,,,,,,,,,,,,,,,,,,,,,,,,,,,,,,,,,,,,,Systematic label,,,,,,,,,,,,,,,,,,,,,,,,,,,,,,,,,,,,,,,,,,,,,,,,,,
1H73GM,1,8,grey yellow right brown,,,,,,Systematic label,,,,,,,,,,,,,,,,,,,,,,,,,,,,,,,,,,,,,,,,,,,,,,,,,,,,,,,,,,,,Systematic label,,,,,,,,,,,,,,,,,,,,,,,,,,,,,,,,,,,,,,,,,,,,,,,,,,,,,,,Systematic label,,,,,,,,,,,,,,,,,,,,,,,,,,,,,,,,,,,,,,,,,,,,,,,,,,
1KXBRG,0,1,v,,,,,,,,,,,,,,,,,,,,Can't tell / Neither,,,,,,,,,,,,,,,,,,,,,,,,,,,,,,,,,,,,,,,,,,,,,One-off label,,,,,,,,,,,,,,,,,,,,,,,,,,,,,,,,,,,,,,,,Can't tell / Neither,,,,,,,,,,,,,,,,,,,,,,,,,,,,,,,,,,,,,,,,,,,,,,,,,,,,,,,,,,,,,,,,,,
1KXBRG,0,2,w,,,,,,,,,,,,,,,,,,,,Can't tell / Neither,,,,,,,,,,,,,,,,,,,,,,,,,,,,,,,,,,,,,,,,,,,,,One-off label,,,,,,,,,,,,,,,,,,,,,,,,,,,,,,,,,,,,,,,,Can't tell / Neither,,,,,,,,,,,,,,,,,,,,,,,,,,,,,,,,,,,,,,,,,,,,,,,,,,,,,,,,,,,,,,,,,,
1KXBRG,0,3,flame,,,,,,,,,,,,,,,,,,,,One-off label,,,,,,,,,,,,,,,,,,,,,,,,,,,,,,,,,,,,,,,,,,,,,One-off label,,,,,,,,,,,,,,,,,,,,,,,,,,,,,,,,,,,,,,,,One-off label,,,,,,,,,,,,,,,,,,,,,,,,,,,,,,,,,,,,,,,,,,,,,,,,,,,,,,,,,,,,,,,,,,
1KXBRG,0,4,l,,,,,,,,,,,,,,,,,,,,Can't tell / Neither,,,,,,,,,,,,,,,,,,,,,,,,,,,,,,,,,,,,,,,,,,,,,One-off label,,,,,,,,,,,,,,,,,,,,,,,,,,,,,,,,,,,,,,,,Can't tell / Neither,,,,,,,,,,,,,,,,,,,,,,,,,,,,,,,,,,,,,,,,,,,,,,,,,,,,,,,,,,,,,,,,,,
1KXBRG,0,5,blue,,,,,,,,,,,,,,,,,,,,One-off label,,,,,,,,,,,,,,,,,,,,,,,,,,,,,,,,,,,,,,,,,,,,,One-off label,,,,,,,,,,,,,,,,,,,,,,,,,,,,,,,,,,,,,,,,One-off label,,,,,,,,,,,,,,,,,,,,,,,,,,,,,,,,,,,,,,,,,,,,,,,,,,,,,,,,,,,,,,,,,,
1KXBRG,0,6,s,,,,,,,,,,,,,,,,,,,,Can't tell / Neither,,,,,,,,,,,,,,,,,,,,,,,,,,,,,,,,,,,,,,,,,,,,,One-off label,,,,,,,,,,,,,,,,,,,,,,,,,,,,,,,,,,,,,,,,Can't tell / Neither,,,,,,,,,,,,,,,,,,,,,,,,,,,,,,,,,,,,,,,,,,,,,,,,,,,,,,,,,,,,,,,,,,
1KXBRG,0,7,w,,,,,,,,,,,,,,,,,,,,Can't tell / Neither,,,,,,,,,,,,,,,,,,,,,,,,,,,,,,,,,,,,,,,,,,,,,One-off label,,,,,,,,,,,,,,,,,,,,,,,,,,,,,,,,,,,,,,,,Can't tell / Neither,,,,,,,,,,,,,,,,,,,,,,,,,,,,,,,,,,,,,,,,,,,,,,,,,,,,,,,,,,,,,,,,,,
1KXBRG,0,8,m,,,,,,,,,,,,,,,,,,,,Can't tell / Neither,,,,,,,,,,,,,,,,,,,,,,,,,,,,,,,,,,,,,,,,,,,,,One-off label,,,,,,,,,,,,,,,,,,,,,,,,,,,,,,,,,,,,,,,,Can't tell / Neither,,,,,,,,,,,,,,,,,,,,,,,,,,,,,,,,,,,,,,,,,,,,,,,,,,,,,,,,,,,,,,,,,,
1KXBRG,1,1,v,,,,,,,,,,,,,,,,,,,,,,,,,,,,One-off label,,,,,,,,,,,,,,,,,,,,,,,,,,,,,,,,,,,,,,,,,,,,,,,,,,,,,,,,,,,,,,,,,,,One-off label,,,,,,,,,,,,,,,,,,,,,,,,,,,,,,,,,,,,Can't tell / Neither,,,,,,,,,,,,,,,,,,,,,,,,,,,,,,,,,,,,,,,,
1KXBRG,1,2,worm,,,,,,,,,,,,,,,,,,,,,,,,,,,,One-off label,,,,,,,,,,,,,,,,,,,,,,,,,,,,,,,,,,,,,,,,,,,,,,,,,,,,,,,,,,,,,,,,,,,Systematic label,,,,,,,,,,,,,,,,,,,,,,,,,,,,,,,,,,,,One-off label,,,,,,,,,,,,,,,,,,,,,,,,,,,,,,,,,,,,,,,,
1KXBRG,1,3,flame,,,,,,,,,,,,,,,,,,,,,,,,,,,,One-off label,,,,,,,,,,,,,,,,,,,,,,,,,,,,,,,,,,,,,,,,,,,,,,,,,,,,,,,,,,,,,,,,,,,Systematic label,,,,,,,,,,,,,,,,,,,,,,,,,,,,,,,,,,,,One-off label,,,,,,,,,,,,,,,,,,,,,,,,,,,,,,,,,,,,,,,,
1KXBRG,1,4,l,,,,,,,,,,,,,,,,,,,,,,,,,,,,One-off label,,,,,,,,,,,,,,,,,,,,,,,,,,,,,,,,,,,,,,,,,,,,,,,,,,,,,,,,,,,,,,,,,,,One-off label,,,,,,,,,,,,,,,,,,,,,,,,,,,,,,,,,,,,Can't tell / Neither,,,,,,,,,,,,,,,,,,,,,,,,,,,,,,,,,,,,,,,,
1KXBRG,1,5,blue,,,,,,,,,,,,,,,,,,,,,,,,,,,,Systematic label,,,,,,,,,,,,,,,,,,,,,,,,,,,,,,,,,,,,,,,,,,,,,,,,,,,,,,,,,,,,,,,,,,,Systematic label,,,,,,,,,,,,,,,,,,,,,,,,,,,,,,,,,,,,One-off label,,,,,,,,,,,,,,,,,,,,,,,,,,,,,,,,,,,,,,,,
1KXBRG,1,6,s,,,,,,,,,,,,,,,,,,,,,,,,,,,,One-off label,,,,,,,,,,,,,,,,,,,,,,,,,,,,,,,,,,,,,,,,,,,,,,,,,,,,,,,,,,,,,,,,,,,One-off label,,,,,,,,,,,,,,,,,,,,,,,,,,,,,,,,,,,,Can't tell / Neither,,,,,,,,,,,,,,,,,,,,,,,,,,,,,,,,,,,,,,,,
1KXBRG,1,7,w,,,,,,,,,,,,,,,,,,,,,,,,,,,,One-off label,,,,,,,,,,,,,,,,,,,,,,,,,,,,,,,,,,,,,,,,,,,,,,,,,,,,,,,,,,,,,,,,,,,One-off label,,,,,,,,,,,,,,,,,,,,,,,,,,,,,,,,,,,,Can't tell / Neither,,,,,,,,,,,,,,,,,,,,,,,,,,,,,,,,,,,,,,,,
1KXBRG,1,8,m,,,,,,,,,,,,,,,,,,,,,,,,,,,,One-off label,,,,,,,,,,,,,,,,,,,,,,,,,,,,,,,,,,,,,,,,,,,,,,,,,,,,,,,,,,,,,,,,,,,One-off label,,,,,,,,,,,,,,,,,,,,,,,,,,,,,,,,,,,,Can't tell / Neither,,,,,,,,,,,,,,,,,,,,,,,,,,,,,,,,,,,,,,,,
1N783W,0,1,swim,,,,,,,,,,,,,,,,,,,,,,,,,,,,,,,,,,,,,,,,,,,,,,,,,,,,,,,,,,,,,,,,,,,,,,,,,,,,,,,,,,,,,,,,,,,,,,,,,,,,,,,,,,,,,,,,,,,,,,,,,,,,,,,,,,One-off label,One-off label,,,,,,,,One-off label,,,,,,,,,,,,,,,,,,,,,,,,,,,,,,,,
1N783W,0,2,chicken,,,,,,,,,,,,,,,,,,,,,,,,,,,,,,,,,,,,,,,,,,,,,,,,,,,,,,,,,,,,,,,,,,,,,,,,,,,,,,,,,,,,,,,,,,,,,,,,,,,,,,,,,,,,,,,,,,,,,,,,,,,,,,,,,,One-off label,One-off label,,,,,,,,One-off label,,,,,,,,,,,,,,,,,,,,,,,,,,,,,,,,
1N783W,0,3,rest,,,,,,,,,,,,,,,,,,,,,,,,,,,,,,,,,,,,,,,,,,,,,,,,,,,,,,,,,,,,,,,,,,,,,,,,,,,,,,,,,,,,,,,,,,,,,,,,,,,,,,,,,,,,,,,,,,,,,,,,,,,,,,,,,,One-off label,One-off label,,,,,,,,Can't tell / Neither,,,,,,,,,,,,,,,,,,,,,,,,,,,,,,,,
1N783W,0,4,ski,,,,,,,,,,,,,,,,,,,,,,,,,,,,,,,,,,,,,,,,,,,,,,,,,,,,,,,,,,,,,,,,,,,,,,,,,,,,,,,,,,,,,,,,,,,,,,,,,,,,,,,,,,,,,,,,,,,,,,,,,,,,,,,,,,One-off label,One-off label,,,,,,,,One-off label,,,,,,,,,,,,,,,,,,,,,,,,,,,,,,,,
1N783W,0,5,book,,,,,,,,,,,,,,,,,,,,,,,,,,,,,,,,,,,,,,,,,,,,,,,,,,,,,,,,,,,,,,,,,,,,,,,,,,,,,,,,,,,,,,,,,,,,,,,,,,,,,,,,,,,,,,,,,,,,,,,,,,,,,,,,,,One-off label,One-off label,,,,,,,,One-off label,,,,,,,,,,,,,,,,,,,,,,,,,,,,,,,,
1N783W,0,6,sit,,,,,,,,,,,,,,,,,,,,,,,,,,,,,,,,,,,,,,,,,,,,,,,,,,,,,,,,,,,,,,,,,,,,,,,,,,,,,,,,,,,,,,,,,,,,,,,,,,,,,,,,,,,,,,,,,,,,,,,,,,,,,,,,,,One-off label,Systematic label,,,,,,,,One-off label,,,,,,,,,,,,,,,,,,,,,,,,,,,,,,,,
1N783W,0,7,dance,,,,,,,,,,,,,,,,,,,,,,,,,,,,,,,,,,,,,,,,,,,,,,,,,,,,,,,,,,,,,,,,,,,,,,,,,,,,,,,,,,,,,,,,,,,,,,,,,,,,,,,,,,,,,,,,,,,,,,,,,,,,,,,,,,One-off label,One-off label,,,,,,,,Can't tell / Neither,,,,,,,,,,,,,,,,,,,,,,,,,,,,,,,,
1N783W,0,8,pray,,,,,,,,,,,,,,,,,,,,,,,,,,,,,,,,,,,,,,,,,,,,,,,,,,,,,,,,,,,,,,,,,,,,,,,,,,,,,,,,,,,,,,,,,,,,,,,,,,,,,,,,,,,,,,,,,,,,,,,,,,,,,,,,,,One-off label,Systematic label,,,,,,,,One-off label,,,,,,,,,,,,,,,,,,,,,,,,,,,,,,,,
1N783W,1,1,swim,,,,,,,,,,,,,,,,,,,,,,,,,,,,,,,,,,,,One-off label,,,,,,,,,,,,,,,,,,,,,,,,,,,,,,,,,,,,,,,,,,,,,,,,,,,,,,,,,,,,,,,,,,,,,,,,,Can't tell / Neither,,,,,,,,,,,,,,,,,,,,,,,,,,,,,,,,,,,,,,,,,,,,,,,,,,,,,,,,,,Can't tell / Neither,,,,
1N783W,1,2,chicken,,,,,,,,,,,,,,,,,,,,,,,,,,,,,,,,,,,,One-off label,,,,,,,,,,,,,,,,,,,,,,,,,,,,,,,,,,,,,,,,,,,,,,,,,,,,,,,,,,,,,,,,,,,,,,,,,One-off label,,,,,,,,,,,,,,,,,,,,,,,,,,,,,,,,,,,,,,,,,,,,,,,,,,,,,,,,,,One-off label,,,,
1N783W,1,3,rest,,,,,,,,,,,,,,,,,,,,,,,,,,,,,,,,,,,,One-off label,,,,,,,,,,,,,,,,,,,,,,,,,,,,,,,,,,,,,,,,,,,,,,,,,,,,,,,,,,,,,,,,,,,,,,,,,Can't tell / Neither,,,,,,,,,,,,,,,,,,,,,,,,,,,,,,,,,,,,,,,,,,,,,,,,,,,,,,,,,,Can't tell / Neither,,,,
1N783W,1,4,ski,,,,,,,,,,,,,,,,,,,,,,,,,,,,,,,,,,,,One-off label,,,,,,,,,,,,,,,,,,,,,,,,,,,,,,,,,,,,,,,,,,,,,,,,,,,,,,,,,,,,,,,,,,,,,,,,,One-off label,,,,,,,,,,,,,,,,,,,,,,,,,,,,,,,,,,,,,,,,,,,,,,,,,,,,,,,,,,Can't tell / Neither,,,,
1N783W,1,5,book,,,,,,,,,,,,,,,,,,,,,,,,,,,,,,,,,,,,One-off label,,,,,,,,,,,,,,,,,,,,,,,,,,,,,,,,,,,,,,,,,,,,,,,,,,,,,,,,,,,,,,,,,,,,,,,,,One-off label,,,,,,,,,,,,,,,,,,,,,,,,,,,,,,,,,,,,,,,,,,,,,,,,,,,,,,,,,,Can't tell / Neither,,,,
1N783W,1,6,sit,,,,,,,,,,,,,,,,,,,,,,,,,,,,,,,,,,,,One-off label,,,,,,,,,,,,,,,,,,,,,,,,,,,,,,,,,,,,,,,,,,,,,,,,,,,,,,,,,,,,,,,,,,,,,,,,,Can't tell / Neither,,,,,,,,,,,,,,,,,,,,,,,,,,,,,,,,,,,,,,,,,,,,,,,,,,,,,,,,,,One-off label,,,,
1N783W,1,7,dance,,,,,,,,,,,,,,,,,,,,,,,,,,,,,,,,,,,,One-off label,,,,,,,,,,,,,,,,,,,,,,,,,,,,,,,,,,,,,,,,,,,,,,,,,,,,,,,,,,,,,,,,,,,,,,,,,Can't tell / Neither,,,,,,,,,,,,,,,,,,,,,,,,,,,,,,,,,,,,,,,,,,,,,,,,,,,,,,,,,,Can't tell / Neither,,,,
1N783W,1,8,pray,,,,,,,,,,,,,,,,,,,,,,,,,,,,,,,,,,,,One-off label,,,,,,,,,,,,,,,,,,,,,,,,,,,,,,,,,,,,,,,,,,,,,,,,,,,,,,,,,,,,,,,,,,,,,,,,,One-off label,,,,,,,,,,,,,,,,,,,,,,,,,,,,,,,,,,,,,,,,,,,,,,,,,,,,,,,,,,Can't tell / Neither,,,,
28XQGK,0,1,plum,,,,,,,,,,,,,,,,,,,,,,,,,,,,,,,,,,,,,,,,,,,,,,,,,,,,,,,,,,,One-off label,,,,,,,,,,,,,,,,,,,,,,,,,,,,,,,,,,,,,,,,,,,,,,,,,,,,,,,,,,,,,,,,,,,,,,,,,,,,,,,,,,,,,,,,,One-off label,,,,,,,,,,,,,,,,,,,,,,,Systematic label
28XQGK,0,2,piyo,,,,,,,,,,,,,,,,,,,,,,,,,,,,,,,,,,,,,,,,,,,,,,,,,,,,,,,,,,,One-off label,,,,,,,,,,,,,,,,,,,,,,,,,,,,,,,,,,,,,,,,,,,,,,,,,,,,,,,,,,,,,,,,,,,,,,,,,,,,,,,,,,,,,,,,,One-off label,,,,,,,,,,,,,,,,,,,,,,,One-off label
28XQGK,0,3,orange,,,,,,,,,,,,,,,,,,,,,,,,,,,,,,,,,,,,,,,,,,,,,,,,,,,,,,,,,,,Systematic label,,,,,,,,,,,,,,,,,,,,,,,,,,,,,,,,,,,,,,,,,,,,,,,,,,,,,,,,,,,,,,,,,,,,,,,,,,,,,,,,,,,,,,,,,One-off label,,,,,,,,,,,,,,,,,,,,,,,Systematic label
28XQGK,0,4,brown,,,,,,,,,,,,,,,,,,,,,,,,,,,,,,,,,,,,,,,,,,,,,,,,,,,,,,,,,,,Systematic label,,,,,,,,,,,,,,,,,,,,,,,,,,,,,,,,,,,,,,,,,,,,,,,,,,,,,,,,,,,,,,,,,,,,,,,,,,,,,,,,,,,,,,,,,One-off label,,,,,,,,,,,,,,,,,,,,,,,Systematic label
28XQGK,0,5,blue,,,,,,,,,,,,,,,,,,,,,,,,,,,,,,,,,,,,,,,,,,,,,,,,,,,,,,,,,,,Systematic label,,,,,,,,,,,,,,,,,,,,,,,,,,,,,,,,,,,,,,,,,,,,,,,,,,,,,,,,,,,,,,,,,,,,,,,,,,,,,,,,,,,,,,,,,One-off label,,,,,,,,,,,,,,,,,,,,,,,Systematic label
28XQGK,0,6,black,,,,,,,,,,,,,,,,,,,,,,,,,,,,,,,,,,,,,,,,,,,,,,,,,,,,,,,,,,,Systematic label,,,,,,,,,,,,,,,,,,,,,,,,,,,,,,,,,,,,,,,,,,,,,,,,,,,,,,,,,,,,,,,,,,,,,,,,,,,,,,,,,,,,,,,,,One-off label,,,,,,,,,,,,,,,,,,,,,,,Systematic label
28XQGK,0,7,white,,,,,,,,,,,,,,,,,,,,,,,,,,,,,,,,,,,,,,,,,,,,,,,,,,,,,,,,,,,Systematic label,,,,,,,,,,,,,,,,,,,,,,,,,,,,,,,,,,,,,,,,,,,,,,,,,,,,,,,,,,,,,,,,,,,,,,,,,,,,,,,,,,,,,,,,,One-off label,,,,,,,,,,,,,,,,,,,,,,,Systematic label
28XQGK,0,8,penguin,,,,,,,,,,,,,,,,,,,,,,,,,,,,,,,,,,,,,,,,,,,,,,,,,,,,,,,,,,,One-off label,,,,,,,,,,,,,,,,,,,,,,,,,,,,,,,,,,,,,,,,,,,,,,,,,,,,,,,,,,,,,,,,,,,,,,,,,,,,,,,,,,,,,,,,,One-off label,,,,,,,,,,,,,,,,,,,,,,,Systematic label
28XQGK,1,1,plum,,,,,,,,,,,,,,,,One-off label,,,,,,,,,,,,,,,,,,,,,,,,,,,,,,,,,,,,,,,,,,,,,,,,,,,,,,,,,,,,,,,,,,,,,,,,,,,,,,,,,,,,,,,,,,,,,,,One-off label,,,,,,,,,,,,,,,,,,,,,,,,,,,,,,,,,,,,One-off label,,,,,,,,,,,,,,,,,,,,,,,,
28XQGK,1,2,piyo,,,,,,,,,,,,,,,,Can't tell / Neither,,,,,,,,,,,,,,,,,,,,,,,,,,,,,,,,,,,,,,,,,,,,,,,,,,,,,,,,,,,,,,,,,,,,,,,,,,,,,,,,,,,,,,,,,,,,,,,Systematic label,,,,,,,,,,,,,,,,,,,,,,,,,,,,,,,,,,,,Can't tell / Neither,,,,,,,,,,,,,,,,,,,,,,,,
28XQGK,1,3,orange,,,,,,,,,,,,,,,,One-off label,,,,,,,,,,,,,,,,,,,,,,,,,,,,,,,,,,,,,,,,,,,,,,,,,,,,,,,,,,,,,,,,,,,,,,,,,,,,,,,,,,,,,,,,,,,,,,,One-off label,,,,,,,,,,,,,,,,,,,,,,,,,,,,,,,,,,,,One-off label,,,,,,,,,,,,,,,,,,,,,,,,
28XQGK,1,4,brown,,,,,,,,,,,,,,,,One-off label,,,,,,,,,,,,,,,,,,,,,,,,,,,,,,,,,,,,,,,,,,,,,,,,,,,,,,,,,,,,,,,,,,,,,,,,,,,,,,,,,,,,,,,,,,,,,,,One-off label,,,,,,,,,,,,,,,,,,,,,,,,,,,,,,,,,,,,Systematic label,,,,,,,,,,,,,,,,,,,,,,,,
28XQGK,1,5,blue,,,,,,,,,,,,,,,,One-off label,,,,,,,,,,,,,,,,,,,,,,,,,,,,,,,,,,,,,,,,,,,,,,,,,,,,,,,,,,,,,,,,,,,,,,,,,,,,,,,,,,,,,,,,,,,,,,,One-off label,,,,,,,,,,,,,,,,,,,,,,,,,,,,,,,,,,,,Systematic label,,,,,,,,,,,,,,,,,,,,,,,,
28XQGK,1,6,black,,,,,,,,,,,,,,,,One-off label,,,,,,,,,,,,,,,,,,,,,,,,,,,,,,,,,,,,,,,,,,,,,,,,,,,,,,,,,,,,,,,,,,,,,,,,,,,,,,,,,,,,,,,,,,,,,,,One-off label,,,,,,,,,,,,,,,,,,,,,,,,,,,,,,,,,,,,Systematic label,,,,,,,,,,,,,,,,,,,,,,,,
28XQGK,1,7,white,,,,,,,,,,,,,,,,One-off label,,,,,,,,,,,,,,,,,,,,,,,,,,,,,,,,,,,,,,,,,,,,,,,,,,,,,,,,,,,,,,,,,,,,,,,,,,,,,,,,,,,,,,,,,,,,,,,One-off label,,,,,,,,,,,,,,,,,,,,,,,,,,,,,,,,,,,,Systematic label,,,,,,,,,,,,,,,,,,,,,,,,
28XQGK,1,8,penguin,,,,,,,,,,,,,,,,Can't tell / Neither,,,,,,,,,,,,,,,,,,,,,,,,,,,,,,,,,,,,,,,,,,,,,,,,,,,,,,,,,,,,,,,,,,,,,,,,,,,,,,,,,,,,,,,,,,,,,,,One-off label,,,,,,,,,,,,,,,,,,,,,,,,,,,,,,,,,,,,One-off label,,,,,,,,,,,,,,,,,,,,,,,,
2NM4F8,0,1,purple,,,,,,,,,,,,,,,,,,,,,,,,,,,,,,,,,,,,,,,,,,,,,,,,,,,,,,,,,,,,,,,,,,,,,,,,,,,,,,,,,,,,,,,One-off label,,,,,,,,,,,,,,,,,,,,,,,,,,,,,,,Can't tell / Neither,,,,,,,,,,,,,,,One-off label,,,,,,,,,,,,,,,,,,,,,,,,,,,,,,,,,,,,,,
2NM4F8,0,2,pink,,,,,,,,,,,,,,,,,,,,,,,,,,,,,,,,,,,,,,,,,,,,,,,,,,,,,,,,,,,,,,,,,,,,,,,,,,,,,,,,,,,,,,,One-off label,,,,,,,,,,,,,,,,,,,,,,,,,,,,,,,Can't tell / Neither,,,,,,,,,,,,,,,One-off label,,,,,,,,,,,,,,,,,,,,,,,,,,,,,,,,,,,,,,
2NM4F8,0,3,orange,,,,,,,,,,,,,,,,,,,,,,,,,,,,,,,,,,,,,,,,,,,,,,,,,,,,,,,,,,,,,,,,,,,,,,,,,,,,,,,,,,,,,,,One-off label,,,,,,,,,,,,,,,,,,,,,,,,,,,,,,,Can't tell / Neither,,,,,,,,,,,,,,,One-off label,,,,,,,,,,,,,,,,,,,,,,,,,,,,,,,,,,,,,,
2NM4F8,0,4,brown,,,,,,,,,,,,,,,,,,,,,,,,,,,,,,,,,,,,,,,,,,,,,,,,,,,,,,,,,,,,,,,,,,,,,,,,,,,,,,,,,,,,,,,One-off label,,,,,,,,,,,,,,,,,,,,,,,,,,,,,,,Can't tell / Neither,,,,,,,,,,,,,,,One-off label,,,,,,,,,,,,,,,,,,,,,,,,,,,,,,,,,,,,,,
2NM4F8,0,5,blue,,,,,,,,,,,,,,,,,,,,,,,,,,,,,,,,,,,,,,,,,,,,,,,,,,,,,,,,,,,,,,,,,,,,,,,,,,,,,,,,,,,,,,,One-off label,,,,,,,,,,,,,,,,,,,,,,,,,,,,,,,Can't tell / Neither,,,,,,,,,,,,,,,One-off label,,,,,,,,,,,,,,,,,,,,,,,,,,,,,,,,,,,,,,
2NM4F8,0,6,black,,,,,,,,,,,,,,,,,,,,,,,,,,,,,,,,,,,,,,,,,,,,,,,,,,,,,,,,,,,,,,,,,,,,,,,,,,,,,,,,,,,,,,,One-off label,,,,,,,,,,,,,,,,,,,,,,,,,,,,,,,Can't tell / Neither,,,,,,,,,,,,,,,One-off label,,,,,,,,,,,,,,,,,,,,,,,,,,,,,,,,,,,,,,
2NM4F8,0,7,white,,,,,,,,,,,,,,,,,,,,,,,,,,,,,,,,,,,,,,,,,,,,,,,,,,,,,,,,,,,,,,,,,,,,,,,,,,,,,,,,,,,,,,,One-off label,,,,,,,,,,,,,,,,,,,,,,,,,,,,,,,Can't tell / Neither,,,,,,,,,,,,,,,One-off label,,,,,,,,,,,,,,,,,,,,,,,,,,,,,,,,,,,,,,
2NM4F8,0,8,tall,,,,,,,,,,,,,,,,,,,,,,,,,,,,,,,,,,,,,,,,,,,,,,,,,,,,,,,,,,,,,,,,,,,,,,,,,,,,,,,,,,,,,,,One-off label,,,,,,,,,,,,,,,,,,,,,,,,,,,,,,,Can't tell / Neither,,,,,,,,,,,,,,,One-off label,,,,,,,,,,,,,,,,,,,,,,,,,,,,,,,,,,,,,,
2NM4F8,1,1,purple,,,,,,,,,,,,,,,,,,,,,Systematic label,Systematic label,,,,,,,,,,,,,,,,,,,,,,,,,,,,,,,,,,,,,,,,,,,,,,One-off label,,,,,,,,,,,,,,,,,,,,,,,,,,,,,,,,,,,,,,,,,,,,,,,,,,,,,,,,,,,,,,,,,,,,,,,,,,,,,,,,,,,,,,,,,,,,,,,,,,,,,,,
2NM4F8,1,2,pink,,,,,,,,,,,,,,,,,,,,,Systematic label,Systematic label,,,,,,,,,,,,,,,,,,,,,,,,,,,,,,,,,,,,,,,,,,,,,,One-off label,,,,,,,,,,,,,,,,,,,,,,,,,,,,,,,,,,,,,,,,,,,,,,,,,,,,,,,,,,,,,,,,,,,,,,,,,,,,,,,,,,,,,,,,,,,,,,,,,,,,,,,
2NM4F8,1,3,yellow,,,,,,,,,,,,,,,,,,,,,Systematic label,Systematic label,,,,,,,,,,,,,,,,,,,,,,,,,,,,,,,,,,,,,,,,,,,,,,One-off label,,,,,,,,,,,,,,,,,,,,,,,,,,,,,,,,,,,,,,,,,,,,,,,,,,,,,,,,,,,,,,,,,,,,,,,,,,,,,,,,,,,,,,,,,,,,,,,,,,,,,,,
2NM4F8,1,4,brown,,,,,,,,,,,,,,,,,,,,,Systematic label,Systematic label,,,,,,,,,,,,,,,,,,,,,,,,,,,,,,,,,,,,,,,,,,,,,,One-off label,,,,,,,,,,,,,,,,,,,,,,,,,,,,,,,,,,,,,,,,,,,,,,,,,,,,,,,,,,,,,,,,,,,,,,,,,,,,,,,,,,,,,,,,,,,,,,,,,,,,,,,
2NM4F8,1,5,blue,,,,,,,,,,,,,,,,,,,,,Systematic label,Systematic label,,,,,,,,,,,,,,,,,,,,,,,,,,,,,,,,,,,,,,,,,,,,,,One-off label,,,,,,,,,,,,,,,,,,,,,,,,,,,,,,,,,,,,,,,,,,,,,,,,,,,,,,,,,,,,,,,,,,,,,,,,,,,,,,,,,,,,,,,,,,,,,,,,,,,,,,,
2NM4F8,1,6,black,,,,,,,,,,,,,,,,,,,,,Systematic label,Systematic label,,,,,,,,,,,,,,,,,,,,,,,,,,,,,,,,,,,,,,,,,,,,,,One-off label,,,,,,,,,,,,,,,,,,,,,,,,,,,,,,,,,,,,,,,,,,,,,,,,,,,,,,,,,,,,,,,,,,,,,,,,,,,,,,,,,,,,,,,,,,,,,,,,,,,,,,,
2NM4F8,1,7,white,,,,,,,,,,,,,,,,,,,,,Systematic label,Systematic label,,,,,,,,,,,,,,,,,,,,,,,,,,,,,,,,,,,,,,,,,,,,,,One-off label,,,,,,,,,,,,,,,,,,,,,,,,,,,,,,,,,,,,,,,,,,,,,,,,,,,,,,,,,,,,,,,,,,,,,,,,,,,,,,,,,,,,,,,,,,,,,,,,,,,,,,,
2NM4F8,1,8,tall,,,,,,,,,,,,,,,,,,,,,One-off label,One-off label,,,,,,,,,,,,,,,,,,,,,,,,,,,,,,,,,,,,,,,,,,,,,,One-off label,,,,,,,,,,,,,,,,,,,,,,,,,,,,,,,,,,,,,,,,,,,,,,,,,,,,,,,,,,,,,,,,,,,,,,,,,,,,,,,,,,,,,,,,,,,,,,,,,,,,,,,
2TH981,0,1,pby red,,,,,,,,,,,,,,,,,,,,,,,,,,,,,,,,,,,,,,,,,,,,,,,,,,,,,,,,,,,,,,,,,,,,,,,,,,,,,,,,,,,,,,,,,,,,,,,,,Systematic label,,,,,,,,,,,,,,,,,,,,,,,,,Systematic label,,,,,,,,,,,,,,,,,,,Systematic label,,,,,,,,,,,,,,,,,,,,,,,,Systematic label,,,,,,
2TH981,0,2,pby short,,,,,,,,,,,,,,,,,,,,,,,,,,,,,,,,,,,,,,,,,,,,,,,,,,,,,,,,,,,,,,,,,,,,,,,,,,,,,,,,,,,,,,,,,,,,,,,,,Systematic label,,,,,,,,,,,,,,,,,,,,,,,,,Systematic label,,,,,,,,,,,,,,,,,,,Systematic label,,,,,,,,,,,,,,,,,,,,,,,,Systematic label,,,,,,
2TH981,0,3,orb tall,,,,,,,,,,,,,,,,,,,,,,,,,,,,,,,,,,,,,,,,,,,,,,,,,,,,,,,,,,,,,,,,,,,,,,,,,,,,,,,,,,,,,,,,,,,,,,,,,Systematic label,,,,,,,,,,,,,,,,,,,,,,,,,Systematic label,,,,,,,,,,,,,,,,,,,Systematic label,,,,,,,,,,,,,,,,,,,,,,,,Systematic label,,,,,,
2TH981,0,4,orb legs,,,,,,,,,,,,,,,,,,,,,,,,,,,,,,,,,,,,,,,,,,,,,,,,,,,,,,,,,,,,,,,,,,,,,,,,,,,,,,,,,,,,,,,,,,,,,,,,,Systematic label,,,,,,,,,,,,,,,,,,,,,,,,,Systematic label,,,,,,,,,,,,,,,,,,,Systematic label,,,,,,,,,,,,,,,,,,,,,,,,Systematic label,,,,,,
2TH981,0,5,orb circle,,,,,,,,,,,,,,,,,,,,,,,,,,,,,,,,,,,,,,,,,,,,,,,,,,,,,,,,,,,,,,,,,,,,,,,,,,,,,,,,,,,,,,,,,,,,,,,,,Systematic label,,,,,,,,,,,,,,,,,,,,,,,,,Systematic label,,,,,,,,,,,,,,,,,,,Systematic label,,,,,,,,,,,,,,,,,,,,,,,,Systematic label,,,,,,
2TH981,0,6,orb short,,,,,,,,,,,,,,,,,,,,,,,,,,,,,,,,,,,,,,,,,,,,,,,,,,,,,,,,,,,,,,,,,,,,,,,,,,,,,,,,,,,,,,,,,,,,,,,,,Systematic label,,,,,,,,,,,,,,,,,,,,,,,,,Systematic label,,,,,,,,,,,,,,,,,,,Systematic label,,,,,,,,,,,,,,,,,,,,,,,,Systematic label,,,,,,
2TH981,0,7,pby wide,,,,,,,,,,,,,,,,,,,,,,,,,,,,,,,,,,,,,,,,,,,,,,,,,,,,,,,,,,,,,,,,,,,,,,,,,,,,,,,,,,,,,,,,,,,,,,,,,Systematic label,,,,,,,,,,,,,,,,,,,,,,,,,Systematic label,,,,,,,,,,,,,,,,,,,Systematic label,,,,,,,,,,,,,,,,,,,,,,,,Systematic label,,,,,,
2TH981,0,8,pby tall,,,,,,,,,,,,,,,,,,,,,,,,,,,,,,,,,,,,,,,,,,,,,,,,,,,,,,,,,,,,,,,,,,,,,,,,,,,,,,,,,,,,,,,,,,,,,,,,,Systematic label,,,,,,,,,,,,,,,,,,,,,,,,,Systematic label,,,,,,,,,,,,,,,,,,,Systematic label,,,,,,,,,,,,,,,,,,,,,,,,Systematic label,,,,,,
2TH981,1,1,pby red,,,,,,,,,,,,,,Systematic label,,,,,,,,,,,,,,,,,,,,,,,,,,,,,,,,,,,,,,,,,,,,,,,,,,,,,,,,,,,,,,,,,,,,,,,,,,,,,,,,Systematic label,,,,,,,,,,,,,,,,,,,,,,,,,,,,,,,,,,,,,,,,,,,,,,,,,,,,,,,,,,,,,,,,,,,,,,,,,Systematic label,,,,
2TH981,1,2,pby short,,,,,,,,,,,,,,Systematic label,,,,,,,,,,,,,,,,,,,,,,,,,,,,,,,,,,,,,,,,,,,,,,,,,,,,,,,,,,,,,,,,,,,,,,,,,,,,,,,,Systematic label,,,,,,,,,,,,,,,,,,,,,,,,,,,,,,,,,,,,,,,,,,,,,,,,,,,,,,,,,,,,,,,,,,,,,,,,,Systematic label,,,,
2TH981,1,3,orb tall,,,,,,,,,,,,,,Systematic label,,,,,,,,,,,,,,,,,,,,,,,,,,,,,,,,,,,,,,,,,,,,,,,,,,,,,,,,,,,,,,,,,,,,,,,,,,,,,,,,Systematic label,,,,,,,,,,,,,,,,,,,,,,,,,,,,,,,,,,,,,,,,,,,,,,,,,,,,,,,,,,,,,,,,,,,,,,,,,Systematic label,,,,
2TH981,1,4,orb legs,,,,,,,,,,,,,,Systematic label,,,,,,,,,,,,,,,,,,,,,,,,,,,,,,,,,,,,,,,,,,,,,,,,,,,,,,,,,,,,,,,,,,,,,,,,,,,,,,,,Systematic label,,,,,,,,,,,,,,,,,,,,,,,,,,,,,,,,,,,,,,,,,,,,,,,,,,,,,,,,,,,,,,,,,,,,,,,,,Systematic label,,,,
2TH981,1,5,orb circle,,,,,,,,,,,,,,Systematic label,,,,,,,,,,,,,,,,,,,,,,,,,,,,,,,,,,,,,,,,,,,,,,,,,,,,,,,,,,,,,,,,,,,,,,,,,,,,,,,,Systematic label,,,,,,,,,,,,,,,,,,,,,,,,,,,,,,,,,,,,,,,,,,,,,,,,,,,,,,,,,,,,,,,,,,,,,,,,,Systematic label,,,,
2TH981,1,6,orb wide,,,,,,,,,,,,,,Systematic label,,,,,,,,,,,,,,,,,,,,,,,,,,,,,,,,,,,,,,,,,,,,,,,,,,,,,,,,,,,,,,,,,,,,,,,,,,,,,,,,Systematic label,,,,,,,,,,,,,,,,,,,,,,,,,,,,,,,,,,,,,,,,,,,,,,,,,,,,,,,,,,,,,,,,,,,,,,,,,Systematic label,,,,
2TH981,1,7,pby short,,,,,,,,,,,,,,Systematic label,,,,,,,,,,,,,,,,,,,,,,,,,,,,,,,,,,,,,,,,,,,,,,,,,,,,,,,,,,,,,,,,,,,,,,,,,,,,,,,,Systematic label,,,,,,,,,,,,,,,,,,,,,,,,,,,,,,,,,,,,,,,,,,,,,,,,,,,,,,,,,,,,,,,,,,,,,,,,,Systematic label,,,,
2TH981,1,8,pby tall,,,,,,,,,,,,,,Systematic label,,,,,,,,,,,,,,,,,,,,,,,,,,,,,,,,,,,,,,,,,,,,,,,,,,,,,,,,,,,,,,,,,,,,,,,,,,,,,,,,Systematic label,,,,,,,,,,,,,,,,,,,,,,,,,,,,,,,,,,,,,,,,,,,,,,,,,,,,,,,,,,,,,,,,,,,,,,,,,Systematic label,,,,
2TR5AF,0,1,purple,,,,,,,,,,,,,,,,,,,,,,,,,,,,,,,,,,,,,,,,,,,,,,,,,,,,,,,,,,,,,,,,,,,,,,,,,,,,,,One-off label,,,,,,,,,,,,,,,,,,,,,,,,,,,,,,,,,,,,,,,,,,,,,,,,,,,,,,,,,,,,,,,,,,,,,,,,,,,,,,,,,,,,,Systematic label,,,,,,,,
2TR5AF,0,2,pink,,,,,,,,,,,,,,,,,,,,,,,,,,,,,,,,,,,,,,,,,,,,,,,,,,,,,,,,,,,,,,,,,,,,,,,,,,,,,,One-off label,,,,,,,,,,,,,,,,,,,,,,,,,,,,,,,,,,,,,,,,,,,,,,,,,,,,,,,,,,,,,,,,,,,,,,,,,,,,,,,,,,,,,Systematic label,,,,,,,,
2TR5AF,0,3,yellow,,,,,,,,,,,,,,,,,,,,,,,,,,,,,,,,,,,,,,,,,,,,,,,,,,,,,,,,,,,,,,,,,,,,,,,,,,,,,,One-off label,,,,,,,,,,,,,,,,,,,,,,,,,,,,,,,,,,,,,,,,,,,,,,,,,,,,,,,,,,,,,,,,,,,,,,,,,,,,,,,,,,,,,Systematic label,,,,,,,,
2TR5AF,0,4,brown,,,,,,,,,,,,,,,,,,,,,,,,,,,,,,,,,,,,,,,,,,,,,,,,,,,,,,,,,,,,,,,,,,,,,,,,,,,,,,One-off label,,,,,,,,,,,,,,,,,,,,,,,,,,,,,,,,,,,,,,,,,,,,,,,,,,,,,,,,,,,,,,,,,,,,,,,,,,,,,,,,,,,,,Systematic label,,,,,,,,
2TR5AF,0,5,blue,,,,,,,,,,,,,,,,,,,,,,,,,,,,,,,,,,,,,,,,,,,,,,,,,,,,,,,,,,,,,,,,,,,,,,,,,,,,,,One-off label,,,,,,,,,,,,,,,,,,,,,,,,,,,,,,,,,,,,,,,,,,,,,,,,,,,,,,,,,,,,,,,,,,,,,,,,,,,,,,,,,,,,,Systematic label,,,,,,,,
2TR5AF,0,6,black,,,,,,,,,,,,,,,,,,,,,,,,,,,,,,,,,,,,,,,,,,,,,,,,,,,,,,,,,,,,,,,,,,,,,,,,,,,,,,One-off label,,,,,,,,,,,,,,,,,,,,,,,,,,,,,,,,,,,,,,,,,,,,,,,,,,,,,,,,,,,,,,,,,,,,,,,,,,,,,,,,,,,,,Systematic label,,,,,,,,
2TR5AF,0,7,small white,,,,,,,,,,,,,,,,,,,,,,,,,,,,,,,,,,,,,,,,,,,,,,,,,,,,,,,,,,,,,,,,,,,,,,,,,,,,,,One-off label,,,,,,,,,,,,,,,,,,,,,,,,,,,,,,,,,,,,,,,,,,,,,,,,,,,,,,,,,,,,,,,,,,,,,,,,,,,,,,,,,,,,,One-off label,,,,,,,,
2TR5AF,0,8,tall white,,,,,,,,,,,,,,,,,,,,,,,,,,,,,,,,,,,,,,,,,,,,,,,,,,,,,,,,,,,,,,,,,,,,,,,,,,,,,,One-off label,,,,,,,,,,,,,,,,,,,,,,,,,,,,,,,,,,,,,,,,,,,,,,,,,,,,,,,,,,,,,,,,,,,,,,,,,,,,,,,,,,,,,One-off label,,,,,,,,
2TR5AF,1,1,purple,,,,,,,,,,,One-off label,,,,,,One-off label,,,,,,,,,,,,,,,,,,,,,,,,,,,,,,,,,,,,,,,,,,,,,,,,,,,,,,,,,,,,,,,,,,,,,,,,,,,,,,,,,,,,,,,,,,,,,,,,,,,,,,,,,,,,,,,,,,,,,,,,,,,,,,,,,One-off label,,,,,,,,,,,,,,,,,,,,,,,,,
2TR5AF,1,2,pink,,,,,,,,,,,One-off label,,,,,,One-off label,,,,,,,,,,,,,,,,,,,,,,,,,,,,,,,,,,,,,,,,,,,,,,,,,,,,,,,,,,,,,,,,,,,,,,,,,,,,,,,,,,,,,,,,,,,,,,,,,,,,,,,,,,,,,,,,,,,,,,,,,,,,,,,,,One-off label,,,,,,,,,,,,,,,,,,,,,,,,,
2TR5AF,1,3,yellow,,,,,,,,,,,One-off label,,,,,,One-off label,,,,,,,,,,,,,,,,,,,,,,,,,,,,,,,,,,,,,,,,,,,,,,,,,,,,,,,,,,,,,,,,,,,,,,,,,,,,,,,,,,,,,,,,,,,,,,,,,,,,,,,,,,,,,,,,,,,,,,,,,,,,,,,,,One-off label,,,,,,,,,,,,,,,,,,,,,,,,,
2TR5AF,1,4,brown,,,,,,,,,,,One-off label,,,,,,One-off label,,,,,,,,,,,,,,,,,,,,,,,,,,,,,,,,,,,,,,,,,,,,,,,,,,,,,,,,,,,,,,,,,,,,,,,,,,,,,,,,,,,,,,,,,,,,,,,,,,,,,,,,,,,,,,,,,,,,,,,,,,,,,,,,,One-off label,,,,,,,,,,,,,,,,,,,,,,,,,
2TR5AF,1,5,blue,,,,,,,,,,,One-off label,,,,,,One-off label,,,,,,,,,,,,,,,,,,,,,,,,,,,,,,,,,,,,,,,,,,,,,,,,,,,,,,,,,,,,,,,,,,,,,,,,,,,,,,,,,,,,,,,,,,,,,,,,,,,,,,,,,,,,,,,,,,,,,,,,,,,,,,,,,One-off label,,,,,,,,,,,,,,,,,,,,,,,,,
2TR5AF,1,6,black,,,,,,,,,,,One-off label,,,,,,One-off label,,,,,,,,,,,,,,,,,,,,,,,,,,,,,,,,,,,,,,,,,,,,,,,,,,,,,,,,,,,,,,,,,,,,,,,,,,,,,,,,,,,,,,,,,,,,,,,,,,,,,,,,,,,,,,,,,,,,,,,,,,,,,,,,,One-off label,,,,,,,,,,,,,,,,,,,,,,,,,
2TR5AF,1,7,short white,,,,,,,,,,,Systematic label,,,,,,One-off label,,,,,,,,,,,,,,,,,,,,,,,,,,,,,,,,,,,,,,,,,,,,,,,,,,,,,,,,,,,,,,,,,,,,,,,,,,,,,,,,,,,,,,,,,,,,,,,,,,,,,,,,,,,,,,,,,,,,,,,,,,,,,,,,,Systematic label,,,,,,,,,,,,,,,,,,,,,,,,,
2TR5AF,1,8,tall white,,,,,,,,,,,Systematic label,,,,,,One-off label,,,,,,,,,,,,,,,,,,,,,,,,,,,,,,,,,,,,,,,,,,,,,,,,,,,,,,,,,,,,,,,,,,,,,,,,,,,,,,,,,,,,,,,,,,,,,,,,,,,,,,,,,,,,,,,,,,,,,,,,,,,,,,,,,Systematic label,,,,,,,,,,,,,,,,,,,,,,,,,
34WHMR,0,1,ghost,,,,,,,,,,,,,,,,,,,,,,,,,,,,,,,,,,,,,,,,,,,,,,,,,,,,,,,,,,,,,One-off label,,,,,,,,,,,,,,,,,,,,,,,,,,,,,,,,,,,,,,,,,,,,,,,,,,,,,,,,,,,,,,,,,,,,One-off label,,,,,,,,,,,,,,,,,,,One-off label,,,,,,,,,,,,,,,,,,,,,,,
34WHMR,0,2,zombie,,,,,,,,,,,,,,,,,,,,,,,,,,,,,,,,,,,,,,,,,,,,,,,,,,,,,,,,,,,,,One-off label,,,,,,,,,,,,,,,,,,,,,,,,,,,,,,,,,,,,,,,,,,,,,,,,,,,,,,,,,,,,,,,,,,,,One-off label,,,,,,,,,,,,,,,,,,,One-off label,,,,,,,,,,,,,,,,,,,,,,,
34WHMR,0,3,square,,,,,,,,,,,,,,,,,,,,,,,,,,,,,,,,,,,,,,,,,,,,,,,,,,,,,,,,,,,,,One-off label,,,,,,,,,,,,,,,,,,,,,,,,,,,,,,,,,,,,,,,,,,,,,,,,,,,,,,,,,,,,,,,,,,,,One-off label,,,,,,,,,,,,,,,,,,,One-off label,,,,,,,,,,,,,,,,,,,,,,,
34WHMR,0,4,chicken,,,,,,,,,,,,,,,,,,,,,,,,,,,,,,,,,,,,,,,,,,,,,,,,,,,,,,,,,,,,,One-off label,,,,,,,,,,,,,,,,,,,,,,,,,,,,,,,,,,,,,,,,,,,,,,,,,,,,,,,,,,,,,,,,,,,,One-off label,,,,,,,,,,,,,,,,,,,One-off label,,,,,,,,,,,,,,,,,,,,,,,
34WHMR,0,5,box,,,,,,,,,,,,,,,,,,,,,,,,,,,,,,,,,,,,,,,,,,,,,,,,,,,,,,,,,,,,,One-off label,,,,,,,,,,,,,,,,,,,,,,,,,,,,,,,,,,,,,,,,,,,,,,,,,,,,,,,,,,,,,,,,,,,,One-off label,,,,,,,,,,,,,,,,,,,One-off label,,,,,,,,,,,,,,,,,,,,,,,
34WHMR,0,6,knees,,,,,,,,,,,,,,,,,,,,,,,,,,,,,,,,,,,,,,,,,,,,,,,,,,,,,,,,,,,,,One-off label,,,,,,,,,,,,,,,,,,,,,,,,,,,,,,,,,,,,,,,,,,,,,,,,,,,,,,,,,,,,,,,,,,,,One-off label,,,,,,,,,,,,,,,,,,,One-off label,,,,,,,,,,,,,,,,,,,,,,,
34WHMR,0,7,d,,,,,,,,,,,,,,,,,,,,,,,,,,,,,,,,,,,,,,,,,,,,,,,,,,,,,,,,,,,,,Can't tell / Neither,,,,,,,,,,,,,,,,,,,,,,,,,,,,,,,,,,,,,,,,,,,,,,,,,,,,,,,,,,,,,,,,,,,,Can't tell / Neither,,,,,,,,,,,,,,,,,,,Can't tell / Neither,,,,,,,,,,,,,,,,,,,,,,,
34WHMR,0,8,tail,,,,,,,,,,,,,,,,,,,,,,,,,,,,,,,,,,,,,,,,,,,,,,,,,,,,,,,,,,,,,One-off label,,,,,,,,,,,,,,,,,,,,,,,,,,,,,,,,,,,,,,,,,,,,,,,,,,,,,,,,,,,,,,,,,,,,Systematic label,,,,,,,,,,,,,,,,,,,One-off label,,,,,,,,,,,,,,,,,,,,,,,
34WHMR,1,1,ghost,,,,,,,,,,,,,,,,,,,,,,,,,,,,,,,,,,,,,,,,,,,,,,,,,,,One-off label,,,,,,,,,,,,,,,,,,,,,,,,,,,,,,,,,,,,,,,,,,,,,,,,,,,,,,,,,,One-off label,,,,,,,,One-off label,,,,,,,,,,,,,,,,,,,,,,,,,,,,,,,,,,,,,,,,,,,,,,,,,,,,,,
34WHMR,1,2,zombie,,,,,,,,,,,,,,,,,,,,,,,,,,,,,,,,,,,,,,,,,,,,,,,,,,,One-off label,,,,,,,,,,,,,,,,,,,,,,,,,,,,,,,,,,,,,,,,,,,,,,,,,,,,,,,,,,One-off label,,,,,,,,One-off label,,,,,,,,,,,,,,,,,,,,,,,,,,,,,,,,,,,,,,,,,,,,,,,,,,,,,,
34WHMR,1,3,square,,,,,,,,,,,,,,,,,,,,,,,,,,,,,,,,,,,,,,,,,,,,,,,,,,,One-off label,,,,,,,,,,,,,,,,,,,,,,,,,,,,,,,,,,,,,,,,,,,,,,,,,,,,,,,,,,Can't tell / Neither,,,,,,,,One-off label,,,,,,,,,,,,,,,,,,,,,,,,,,,,,,,,,,,,,,,,,,,,,,,,,,,,,,
34WHMR,1,4,chicken,,,,,,,,,,,,,,,,,,,,,,,,,,,,,,,,,,,,,,,,,,,,,,,,,,,One-off label,,,,,,,,,,,,,,,,,,,,,,,,,,,,,,,,,,,,,,,,,,,,,,,,,,,,,,,,,,One-off label,,,,,,,,One-off label,,,,,,,,,,,,,,,,,,,,,,,,,,,,,,,,,,,,,,,,,,,,,,,,,,,,,,
34WHMR,1,5,box,,,,,,,,,,,,,,,,,,,,,,,,,,,,,,,,,,,,,,,,,,,,,,,,,,,One-off label,,,,,,,,,,,,,,,,,,,,,,,,,,,,,,,,,,,,,,,,,,,,,,,,,,,,,,,,,,Can't tell / Neither,,,,,,,,One-off label,,,,,,,,,,,,,,,,,,,,,,,,,,,,,,,,,,,,,,,,,,,,,,,,,,,,,,
34WHMR,1,6,tail,,,,,,,,,,,,,,,,,,,,,,,,,,,,,,,,,,,,,,,,,,,,,,,,,,,One-off label,,,,,,,,,,,,,,,,,,,,,,,,,,,,,,,,,,,,,,,,,,,,,,,,,,,,,,,,,,One-off label,,,,,,,,One-off label,,,,,,,,,,,,,,,,,,,,,,,,,,,,,,,,,,,,,,,,,,,,,,,,,,,,,,
34WHMR,1,7,dance,,,,,,,,,,,,,,,,,,,,,,,,,,,,,,,,,,,,,,,,,,,,,,,,,,,One-off label,,,,,,,,,,,,,,,,,,,,,,,,,,,,,,,,,,,,,,,,,,,,,,,,,,,,,,,,,,Can't tell / Neither,,,,,,,,One-off label,,,,,,,,,,,,,,,,,,,,,,,,,,,,,,,,,,,,,,,,,,,,,,,,,,,,,,
34WHMR,1,8,tail,,,,,,,,,,,,,,,,,,,,,,,,,,,,,,,,,,,,,,,,,,,,,,,,,,,One-off label,,,,,,,,,,,,,,,,,,,,,,,,,,,,,,,,,,,,,,,,,,,,,,,,,,,,,,,,,,One-off label,,,,,,,,One-off label,,,,,,,,,,,,,,,,,,,,,,,,,,,,,,,,,,,,,,,,,,,,,,,,,,,,,,
36F73R,0,1,eraser,,,,,,,,,,,,,,,,,,,,,,,,,,,,,,,,One-off label,,,,,,,,,,,,,,,,,,,,,,,,,,,,,,,,,,,,,,,,,,,,,,,,,,,,,,,,,,,One-off label,,,,,,,,,,,,,,,,,,,,,,,,,,,,,,,,,One-off label,,,,,,,,,,,,,,,,,,,,,,,,,,,,,,,,,,,,,,,,,,,,,,,
36F73R,0,2,cake,,,,,,,,,,,,,,,,,,,,,,,,,,,,,,,,One-off label,,,,,,,,,,,,,,,,,,,,,,,,,,,,,,,,,,,,,,,,,,,,,,,,,,,,,,,,,,,One-off label,,,,,,,,,,,,,,,,,,,,,,,,,,,,,,,,,One-off label,,,,,,,,,,,,,,,,,,,,,,,,,,,,,,,,,,,,,,,,,,,,,,,
36F73R,0,3,soldier,,,,,,,,,,,,,,,,,,,,,,,,,,,,,,,,One-off label,,,,,,,,,,,,,,,,,,,,,,,,,,,,,,,,,,,,,,,,,,,,,,,,,,,,,,,,,,,One-off label,,,,,,,,,,,,,,,,,,,,,,,,,,,,,,,,,One-off label,,,,,,,,,,,,,,,,,,,,,,,,,,,,,,,,,,,,,,,,,,,,,,,
36F73R,0,4,tall,,,,,,,,,,,,,,,,,,,,,,,,,,,,,,,,Systematic label,,,,,,,,,,,,,,,,,,,,,,,,,,,,,,,,,,,,,,,,,,,,,,,,,,,,,,,,,,,One-off label,,,,,,,,,,,,,,,,,,,,,,,,,,,,,,,,,One-off label,,,,,,,,,,,,,,,,,,,,,,,,,,,,,,,,,,,,,,,,,,,,,,,
36F73R,0,5,phone,,,,,,,,,,,,,,,,,,,,,,,,,,,,,,,,One-off label,,,,,,,,,,,,,,,,,,,,,,,,,,,,,,,,,,,,,,,,,,,,,,,,,,,,,,,,,,,One-off label,,,,,,,,,,,,,,,,,,,,,,,,,,,,,,,,,One-off label,,,,,,,,,,,,,,,,,,,,,,,,,,,,,,,,,,,,,,,,,,,,,,,
36F73R,0,6,spider,,,,,,,,,,,,,,,,,,,,,,,,,,,,,,,,One-off label,,,,,,,,,,,,,,,,,,,,,,,,,,,,,,,,,,,,,,,,,,,,,,,,,,,,,,,,,,,One-off label,,,,,,,,,,,,,,,,,,,,,,,,,,,,,,,,,One-off label,,,,,,,,,,,,,,,,,,,,,,,,,,,,,,,,,,,,,,,,,,,,,,,
36F73R,0,7,drink,,,,,,,,,,,,,,,,,,,,,,,,,,,,,,,,One-off label,,,,,,,,,,,,,,,,,,,,,,,,,,,,,,,,,,,,,,,,,,,,,,,,,,,,,,,,,,,One-off label,,,,,,,,,,,,,,,,,,,,,,,,,,,,,,,,,One-off label,,,,,,,,,,,,,,,,,,,,,,,,,,,,,,,,,,,,,,,,,,,,,,,
36F73R,0,8,cop,,,,,,,,,,,,,,,,,,,,,,,,,,,,,,,,One-off label,,,,,,,,,,,,,,,,,,,,,,,,,,,,,,,,,,,,,,,,,,,,,,,,,,,,,,,,,,,One-off label,,,,,,,,,,,,,,,,,,,,,,,,,,,,,,,,,One-off label,,,,,,,,,,,,,,,,,,,,,,,,,,,,,,,,,,,,,,,,,,,,,,,
36F73R,1,1,eraser,,,,,,,,,,,,,,,,,,,,,,,,,,,,,,,,,,,,,,,,,,,,,,,,,,,,,,,,,,,,,,,,,,,,,,,,,,,,,,,,,,,,,,,,,,,,,,,,,,,,,,,,,,,,,,,,,,One-off label,,,,,,,,,,,,,,,,,,,,,,,,,,One-off label,,,,,,,,,,,,,,,,,,,,,,,,,,,,,,,One-off label
36F73R,1,2,cake,,,,,,,,,,,,,,,,,,,,,,,,,,,,,,,,,,,,,,,,,,,,,,,,,,,,,,,,,,,,,,,,,,,,,,,,,,,,,,,,,,,,,,,,,,,,,,,,,,,,,,,,,,,,,,,,,,One-off label,,,,,,,,,,,,,,,,,,,,,,,,,,One-off label,,,,,,,,,,,,,,,,,,,,,,,,,,,,,,,One-off label
36F73R,1,3,soldier,,,,,,,,,,,,,,,,,,,,,,,,,,,,,,,,,,,,,,,,,,,,,,,,,,,,,,,,,,,,,,,,,,,,,,,,,,,,,,,,,,,,,,,,,,,,,,,,,,,,,,,,,,,,,,,,,,One-off label,,,,,,,,,,,,,,,,,,,,,,,,,,One-off label,,,,,,,,,,,,,,,,,,,,,,,,,,,,,,,One-off label
36F73R,1,4,tall,,,,,,,,,,,,,,,,,,,,,,,,,,,,,,,,,,,,,,,,,,,,,,,,,,,,,,,,,,,,,,,,,,,,,,,,,,,,,,,,,,,,,,,,,,,,,,,,,,,,,,,,,,,,,,,,,,One-off label,,,,,,,,,,,,,,,,,,,,,,,,,,Systematic label,,,,,,,,,,,,,,,,,,,,,,,,,,,,,,,Systematic label
36F73R,1,5,phone,,,,,,,,,,,,,,,,,,,,,,,,,,,,,,,,,,,,,,,,,,,,,,,,,,,,,,,,,,,,,,,,,,,,,,,,,,,,,,,,,,,,,,,,,,,,,,,,,,,,,,,,,,,,,,,,,,One-off label,,,,,,,,,,,,,,,,,,,,,,,,,,One-off label,,,,,,,,,,,,,,,,,,,,,,,,,,,,,,,One-off label
36F73R,1,6,spider,,,,,,,,,,,,,,,,,,,,,,,,,,,,,,,,,,,,,,,,,,,,,,,,,,,,,,,,,,,,,,,,,,,,,,,,,,,,,,,,,,,,,,,,,,,,,,,,,,,,,,,,,,,,,,,,,,One-off label,,,,,,,,,,,,,,,,,,,,,,,,,,One-off label,,,,,,,,,,,,,,,,,,,,,,,,,,,,,,,One-off label
36F73R,1,7,drink,,,,,,,,,,,,,,,,,,,,,,,,,,,,,,,,,,,,,,,,,,,,,,,,,,,,,,,,,,,,,,,,,,,,,,,,,,,,,,,,,,,,,,,,,,,,,,,,,,,,,,,,,,,,,,,,,,One-off label,,,,,,,,,,,,,,,,,,,,,,,,,,One-off label,,,,,,,,,,,,,,,,,,,,,,,,,,,,,,,One-off label
36F73R,1,8,cop,,,,,,,,,,,,,,,,,,,,,,,,,,,,,,,,,,,,,,,,,,,,,,,,,,,,,,,,,,,,,,,,,,,,,,,,,,,,,,,,,,,,,,,,,,,,,,,,,,,,,,,,,,,,,,,,,,One-off label,,,,,,,,,,,,,,,,,,,,,,,,,,Can't tell / Neither,,,,,,,,,,,,,,,,,,,,,,,,,,,,,,,Systematic label
3BC0PA,0,1,deep pink,,,,,,,,,,,,,,,,,,,,,,,,,,,,,,,,,,,,,,,,,,,,,,,,,,,,Systematic label,,,,,,,,,,,,,,,,,,,,,,,,,,,,,,,,,,,,,,,,,,,,,Systematic label,,,,,,,,,,,,,,,,,,,,,,,,,,,,,,,,,,,,,,Systematic label,,,,,,,,,,,,,,,,Systematic label,,,,,,,,,,,,,,,,,,,,
3BC0PA,0,2,pink purple yellow,,,,,,,,,,,,,,,,,,,,,,,,,,,,,,,,,,,,,,,,,,,,,,,,,,,,Systematic label,,,,,,,,,,,,,,,,,,,,,,,,,,,,,,,,,,,,,,,,,,,,,Systematic label,,,,,,,,,,,,,,,,,,,,,,,,,,,,,,,,,,,,,,Systematic label,,,,,,,,,,,,,,,,Systematic label,,,,,,,,,,,,,,,,,,,,
3BC0PA,0,3,orange yellow brow,,,,,,,,,,,,,,,,,,,,,,,,,,,,,,,,,,,,,,,,,,,,,,,,,,,,Systematic label,,,,,,,,,,,,,,,,,,,,,,,,,,,,,,,,,,,,,,,,,,,,,Systematic label,,,,,,,,,,,,,,,,,,,,,,,,,,,,,,,,,,,,,,Can't tell / Neither,,,,,,,,,,,,,,,,Systematic label,,,,,,,,,,,,,,,,,,,,
3BC0PA,0,4,orange brown,,,,,,,,,,,,,,,,,,,,,,,,,,,,,,,,,,,,,,,,,,,,,,,,,,,,Systematic label,,,,,,,,,,,,,,,,,,,,,,,,,,,,,,,,,,,,,,,,,,,,,Systematic label,,,,,,,,,,,,,,,,,,,,,,,,,,,,,,,,,,,,,,Systematic label,,,,,,,,,,,,,,,,Systematic label,,,,,,,,,,,,,,,,,,,,
3BC0PA,0,5,blue,,,,,,,,,,,,,,,,,,,,,,,,,,,,,,,,,,,,,,,,,,,,,,,,,,,,One-off label,,,,,,,,,,,,,,,,,,,,,,,,,,,,,,,,,,,,,,,,,,,,,Systematic label,,,,,,,,,,,,,,,,,,,,,,,,,,,,,,,,,,,,,,One-off label,,,,,,,,,,,,,,,,Systematic label,,,,,,,,,,,,,,,,,,,,
3BC0PA,0,6,black,,,,,,,,,,,,,,,,,,,,,,,,,,,,,,,,,,,,,,,,,,,,,,,,,,,,One-off label,,,,,,,,,,,,,,,,,,,,,,,,,,,,,,,,,,,,,,,,,,,,,Systematic label,,,,,,,,,,,,,,,,,,,,,,,,,,,,,,,,,,,,,,One-off label,,,,,,,,,,,,,,,,Systematic label,,,,,,,,,,,,,,,,,,,,
3BC0PA,0,7,purple white yellow,,,,,,,,,,,,,,,,,,,,,,,,,,,,,,,,,,,,,,,,,,,,,,,,,,,,Systematic label,,,,,,,,,,,,,,,,,,,,,,,,,,,,,,,,,,,,,,,,,,,,,Systematic label,,,,,,,,,,,,,,,,,,,,,,,,,,,,,,,,,,,,,,Systematic label,,,,,,,,,,,,,,,,Systematic label,,,,,,,,,,,,,,,,,,,,
3BC0PA,0,8,purple white red,,,,,,,,,,,,,,,,,,,,,,,,,,,,,,,,,,,,,,,,,,,,,,,,,,,,Systematic label,,,,,,,,,,,,,,,,,,,,,,,,,,,,,,,,,,,,,,,,,,,,,Systematic label,,,,,,,,,,,,,,,,,,,,,,,,,,,,,,,,,,,,,,Systematic label,,,,,,,,,,,,,,,,Systematic label,,,,,,,,,,,,,,,,,,,,
3BC0PA,1,1,deep pink,,,,,,,,,,,,Systematic label,,,,,,,,,,,,,,,,,,,,,,,,,,,,,,,,,,,,,,,,,,,,,,,,,,,,,,,,,,,,,,,,,,,,,,,,,,,,,,,,,,,,,,,,,,,,,,,,,,,,,,,,,,Systematic label,,,,,,,,,,,,,,,,,,,,,,,,,,,,,,,One-off label,,,,,,,,,,,,,,,,,,,,,,
3BC0PA,1,2,pink purple yellow,,,,,,,,,,,,Systematic label,,,,,,,,,,,,,,,,,,,,,,,,,,,,,,,,,,,,,,,,,,,,,,,,,,,,,,,,,,,,,,,,,,,,,,,,,,,,,,,,,,,,,,,,,,,,,,,,,,,,,,,,,,Systematic label,,,,,,,,,,,,,,,,,,,,,,,,,,,,,,,Systematic label,,,,,,,,,,,,,,,,,,,,,,
3BC0PA,1,3,orange yellow brown,,,,,,,,,,,,Systematic label,,,,,,,,,,,,,,,,,,,,,,,,,,,,,,,,,,,,,,,,,,,,,,,,,,,,,,,,,,,,,,,,,,,,,,,,,,,,,,,,,,,,,,,,,,,,,,,,,,,,,,,,,,Systematic label,,,,,,,,,,,,,,,,,,,,,,,,,,,,,,,Can't tell / Neither,,,,,,,,,,,,,,,,,,,,,,
3BC0PA,1,4,orange red brown,,,,,,,,,,,,Systematic label,,,,,,,,,,,,,,,,,,,,,,,,,,,,,,,,,,,,,,,,,,,,,,,,,,,,,,,,,,,,,,,,,,,,,,,,,,,,,,,,,,,,,,,,,,,,,,,,,,,,,,,,,,Systematic label,,,,,,,,,,,,,,,,,,,,,,,,,,,,,,,Systematic label,,,,,,,,,,,,,,,,,,,,,,
3BC0PA,1,5,blue,,,,,,,,,,,,Systematic label,,,,,,,,,,,,,,,,,,,,,,,,,,,,,,,,,,,,,,,,,,,,,,,,,,,,,,,,,,,,,,,,,,,,,,,,,,,,,,,,,,,,,,,,,,,,,,,,,,,,,,,,,,Can't tell / Neither,,,,,,,,,,,,,,,,,,,,,,,,,,,,,,,One-off label,,,,,,,,,,,,,,,,,,,,,,
3BC0PA,1,6,black,,,,,,,,,,,,Systematic label,,,,,,,,,,,,,,,,,,,,,,,,,,,,,,,,,,,,,,,,,,,,,,,,,,,,,,,,,,,,,,,,,,,,,,,,,,,,,,,,,,,,,,,,,,,,,,,,,,,,,,,,,,Can't tell / Neither,,,,,,,,,,,,,,,,,,,,,,,,,,,,,,,One-off label,,,,,,,,,,,,,,,,,,,,,,
3BC0PA,1,7,purple white yellow,,,,,,,,,,,,Systematic label,,,,,,,,,,,,,,,,,,,,,,,,,,,,,,,,,,,,,,,,,,,,,,,,,,,,,,,,,,,,,,,,,,,,,,,,,,,,,,,,,,,,,,,,,,,,,,,,,,,,,,,,,,Systematic label,,,,,,,,,,,,,,,,,,,,,,,,,,,,,,,Can't tell / Neither,,,,,,,,,,,,,,,,,,,,,,
3BC0PA,1,8,purple white red,,,,,,,,,,,,Systematic label,,,,,,,,,,,,,,,,,,,,,,,,,,,,,,,,,,,,,,,,,,,,,,,,,,,,,,,,,,,,,,,,,,,,,,,,,,,,,,,,,,,,,,,,,,,,,,,,,,,,,,,,,,Systematic label,,,,,,,,,,,,,,,,,,,,,,,,,,,,,,,Can't tell / Neither,,,,,,,,,,,,,,,,,,,,,,
3D2C9Y,0,1,resting,,,,,,,,,,,,,,,,,,,,,,,,,,,,,,,,,,,,,,,,,,,,,,,,,,,,,,,,,,,,,,,,,,,,,,,,,,,,,,,,,,,,,,,,,,,,,,,,,,,,,Systematic label,,,One-off label,,,,,,,,,,,,,,,,,,,,One-off label,,,,,,,,,,,,,,,,,,,,,,,,,,,,,,,,,,,,,,,,,,,,,,,
3D2C9Y,0,2,climbing,,,,,,,,,,,,,,,,,,,,,,,,,,,,,,,,,,,,,,,,,,,,,,,,,,,,,,,,,,,,,,,,,,,,,,,,,,,,,,,,,,,,,,,,,,,,,,,,,,,,,Systematic label,,,Can't tell / Neither,,,,,,,,,,,,,,,,,,,,One-off label,,,,,,,,,,,,,,,,,,,,,,,,,,,,,,,,,,,,,,,,,,,,,,,
3D2C9Y,0,3,running,,,,,,,,,,,,,,,,,,,,,,,,,,,,,,,,,,,,,,,,,,,,,,,,,,,,,,,,,,,,,,,,,,,,,,,,,,,,,,,,,,,,,,,,,,,,,,,,,,,,,Systematic label,,,One-off label,,,,,,,,,,,,,,,,,,,,One-off label,,,,,,,,,,,,,,,,,,,,,,,,,,,,,,,,,,,,,,,,,,,,,,,
3D2C9Y,0,4,exercise,,,,,,,,,,,,,,,,,,,,,,,,,,,,,,,,,,,,,,,,,,,,,,,,,,,,,,,,,,,,,,,,,,,,,,,,,,,,,,,,,,,,,,,,,,,,,,,,,,,,,One-off label,,,One-off label,,,,,,,,,,,,,,,,,,,,One-off label,,,,,,,,,,,,,,,,,,,,,,,,,,,,,,,,,,,,,,,,,,,,,,,
3D2C9Y,0,5,priest,,,,,,,,,,,,,,,,,,,,,,,,,,,,,,,,,,,,,,,,,,,,,,,,,,,,,,,,,,,,,,,,,,,,,,,,,,,,,,,,,,,,,,,,,,,,,,,,,,,,,Systematic label,,,One-off label,,,,,,,,,,,,,,,,,,,,One-off label,,,,,,,,,,,,,,,,,,,,,,,,,,,,,,,,,,,,,,,,,,,,,,,
3D2C9Y,0,6,kneeling,,,,,,,,,,,,,,,,,,,,,,,,,,,,,,,,,,,,,,,,,,,,,,,,,,,,,,,,,,,,,,,,,,,,,,,,,,,,,,,,,,,,,,,,,,,,,,,,,,,,,Systematic label,,,Can't tell / Neither,,,,,,,,,,,,,,,,,,,,One-off label,,,,,,,,,,,,,,,,,,,,,,,,,,,,,,,,,,,,,,,,,,,,,,,
3D2C9Y,0,7,falling,,,,,,,,,,,,,,,,,,,,,,,,,,,,,,,,,,,,,,,,,,,,,,,,,,,,,,,,,,,,,,,,,,,,,,,,,,,,,,,,,,,,,,,,,,,,,,,,,,,,,Systematic label,,,Can't tell / Neither,,,,,,,,,,,,,,,,,,,,One-off label,,,,,,,,,,,,,,,,,,,,,,,,,,,,,,,,,,,,,,,,,,,,,,,
3D2C9Y,0,8,nun,,,,,,,,,,,,,,,,,,,,,,,,,,,,,,,,,,,,,,,,,,,,,,,,,,,,,,,,,,,,,,,,,,,,,,,,,,,,,,,,,,,,,,,,,,,,,,,,,,,,,Systematic label,,,One-off label,,,,,,,,,,,,,,,,,,,,One-off label,,,,,,,,,,,,,,,,,,,,,,,,,,,,,,,,,,,,,,,,,,,,,,,
3D2C9Y,1,1,falling,,,,,,,,,,,,,,,,,,,,,,,,,,,,,,,,,,,,,,,,,,,,,,,,,,,,,,,,,,,,,,,,,,,,,,,,,,,,,,,,,,,,,,,,,,,,,,,,,,,Systematic label,,,,,,,,,,,,,,One-off label,,,,,,,,,,,,,,,,,,,,,,,,,,,,,One-off label,,,,,,,,,,,,,,,,,,,,,,,,,,,,,
3D2C9Y,1,2,climbing,,,,,,,,,,,,,,,,,,,,,,,,,,,,,,,,,,,,,,,,,,,,,,,,,,,,,,,,,,,,,,,,,,,,,,,,,,,,,,,,,,,,,,,,,,,,,,,,,,,One-off label,,,,,,,,,,,,,,One-off label,,,,,,,,,,,,,,,,,,,,,,,,,,,,,One-off label,,,,,,,,,,,,,,,,,,,,,,,,,,,,,
3D2C9Y,1,3,knelling,,,,,,,,,,,,,,,,,,,,,,,,,,,,,,,,,,,,,,,,,,,,,,,,,,,,,,,,,,,,,,,,,,,,,,,,,,,,,,,,,,,,,,,,,,,,,,,,,,,Systematic label,,,,,,,,,,,,,,One-off label,,,,,,,,,,,,,,,,,,,,,,,,,,,,,One-off label,,,,,,,,,,,,,,,,,,,,,,,,,,,,,
3D2C9Y,1,4,no remember,,,,,,,,,,,,,,,,,,,,,,,,,,,,,,,,,,,,,,,,,,,,,,,,,,,,,,,,,,,,,,,,,,,,,,,,,,,,,,,,,,,,,,,,,,,,,,,,,,,Can't tell / Neither,,,,,,,,,,,,,,Can't tell / Neither,,,,,,,,,,,,,,,,,,,,,,,,,,,,,Can't tell / Neither,,,,,,,,,,,,,,,,,,,,,,,,,,,,,
3D2C9Y,1,5,nun,,,,,,,,,,,,,,,,,,,,,,,,,,,,,,,,,,,,,,,,,,,,,,,,,,,,,,,,,,,,,,,,,,,,,,,,,,,,,,,,,,,,,,,,,,,,,,,,,,,One-off label,,,,,,,,,,,,,,One-off label,,,,,,,,,,,,,,,,,,,,,,,,,,,,,One-off label,,,,,,,,,,,,,,,,,,,,,,,,,,,,,
3D2C9Y,1,6,knelling,,,,,,,,,,,,,,,,,,,,,,,,,,,,,,,,,,,,,,,,,,,,,,,,,,,,,,,,,,,,,,,,,,,,,,,,,,,,,,,,,,,,,,,,,,,,,,,,,,,Systematic label,,,,,,,,,,,,,,One-off label,,,,,,,,,,,,,,,,,,,,,,,,,,,,,One-off label,,,,,,,,,,,,,,,,,,,,,,,,,,,,,
3D2C9Y,1,7,falling,,,,,,,,,,,,,,,,,,,,,,,,,,,,,,,,,,,,,,,,,,,,,,,,,,,,,,,,,,,,,,,,,,,,,,,,,,,,,,,,,,,,,,,,,,,,,,,,,,,Systematic label,,,,,,,,,,,,,,One-off label,,,,,,,,,,,,,,,,,,,,,,,,,,,,,One-off label,,,,,,,,,,,,,,,,,,,,,,,,,,,,,
3D2C9Y,1,8,priest,,,,,,,,,,,,,,,,,,,,,,,,,,,,,,,,,,,,,,,,,,,,,,,,,,,,,,,,,,,,,,,,,,,,,,,,,,,,,,,,,,,,,,,,,,,,,,,,,,,One-off label,,,,,,,,,,,,,,One-off label,,,,,,,,,,,,,,,,,,,,,,,,,,,,,One-off label,,,,,,,,,,,,,,,,,,,,,,,,,,,,,
3DRJ3F,0,1,purple,,,,,,,,,,,,,,,,,,,,,,,,,,,,,,,,,,,,,,,,,,,,,,,,,,,,,,,,,,,,,,,,,,,,,,,,,,,,,,,,,,,,,,,,,,,,,,,,,,,,,,,,,One-off label,,,,,,,,,,,,,,,,,,,,,,,,,,,,,,Systematic label,,,,,Systematic label,,,,,,,,,,,,,,,,,,,,,,,,,,,,,,,
3DRJ3F,0,2,short,,,,,,,,,,,,,,,,,,,,,,,,,,,,,,,,,,,,,,,,,,,,,,,,,,,,,,,,,,,,,,,,,,,,,,,,,,,,,,,,,,,,,,,,,,,,,,,,,,,,,,,,,One-off label,,,,,,,,,,,,,,,,,,,,,,,,,,,,,,Systematic label,,,,,Systematic label,,,,,,,,,,,,,,,,,,,,,,,,,,,,,,,
3DRJ3F,0,3,yellow,,,,,,,,,,,,,,,,,,,,,,,,,,,,,,,,,,,,,,,,,,,,,,,,,,,,,,,,,,,,,,,,,,,,,,,,,,,,,,,,,,,,,,,,,,,,,,,,,,,,,,,,,One-off label,,,,,,,,,,,,,,,,,,,,,,,,,,,,,,Systematic label,,,,,Systematic label,,,,,,,,,,,,,,,,,,,,,,,,,,,,,,,
3DRJ3F,0,4,brown,,,,,,,,,,,,,,,,,,,,,,,,,,,,,,,,,,,,,,,,,,,,,,,,,,,,,,,,,,,,,,,,,,,,,,,,,,,,,,,,,,,,,,,,,,,,,,,,,,,,,,,,,One-off label,,,,,,,,,,,,,,,,,,,,,,,,,,,,,,Systematic label,,,,,Systematic label,,,,,,,,,,,,,,,,,,,,,,,,,,,,,,,
3DRJ3F,0,5,blue,,,,,,,,,,,,,,,,,,,,,,,,,,,,,,,,,,,,,,,,,,,,,,,,,,,,,,,,,,,,,,,,,,,,,,,,,,,,,,,,,,,,,,,,,,,,,,,,,,,,,,,,,One-off label,,,,,,,,,,,,,,,,,,,,,,,,,,,,,,Systematic label,,,,,Systematic label,,,,,,,,,,,,,,,,,,,,,,,,,,,,,,,
3DRJ3F,0,6,black,,,,,,,,,,,,,,,,,,,,,,,,,,,,,,,,,,,,,,,,,,,,,,,,,,,,,,,,,,,,,,,,,,,,,,,,,,,,,,,,,,,,,,,,,,,,,,,,,,,,,,,,,One-off label,,,,,,,,,,,,,,,,,,,,,,,,,,,,,,Systematic label,,,,,Systematic label,,,,,,,,,,,,,,,,,,,,,,,,,,,,,,,
3DRJ3F,0,7,tea,,,,,,,,,,,,,,,,,,,,,,,,,,,,,,,,,,,,,,,,,,,,,,,,,,,,,,,,,,,,,,,,,,,,,,,,,,,,,,,,,,,,,,,,,,,,,,,,,,,,,,,,,One-off label,,,,,,,,,,,,,,,,,,,,,,,,,,,,,,Can't tell / Neither,,,,,One-off label,,,,,,,,,,,,,,,,,,,,,,,,,,,,,,,
3DRJ3F,0,8,glasses,,,,,,,,,,,,,,,,,,,,,,,,,,,,,,,,,,,,,,,,,,,,,,,,,,,,,,,,,,,,,,,,,,,,,,,,,,,,,,,,,,,,,,,,,,,,,,,,,,,,,,,,,One-off label,,,,,,,,,,,,,,,,,,,,,,,,,,,,,,Can't tell / Neither,,,,,One-off label,,,,,,,,,,,,,,,,,,,,,,,,,,,,,,,
3DRJ3F,1,1,purple,,,,,,,,,,,,,,,,,,,,,,,,,,,,,,,,,,,,,,,,,,,,,,,,,,,,One-off label,,,,,,,,,,,,,,,,,,,,,,,,,,,,,,,,,,,,,,,,,,One-off label,,,,,,,,,,,,,,,,,,,,,,,,,,,,,,,,,,,,,,,,,,,,,,,,,,,,,,,,,,,,,,,,,,,,,,One-off label,,,,,,,
3DRJ3F,1,2,short,,,,,,,,,,,,,,,,,,,,,,,,,,,,,,,,,,,,,,,,,,,,,,,,,,,,One-off label,,,,,,,,,,,,,,,,,,,,,,,,,,,,,,,,,,,,,,,,,,One-off label,,,,,,,,,,,,,,,,,,,,,,,,,,,,,,,,,,,,,,,,,,,,,,,,,,,,,,,,,,,,,,,,,,,,,,Systematic label,,,,,,,
3DRJ3F,1,3,yellow,,,,,,,,,,,,,,,,,,,,,,,,,,,,,,,,,,,,,,,,,,,,,,,,,,,,One-off label,,,,,,,,,,,,,,,,,,,,,,,,,,,,,,,,,,,,,,,,,,One-off label,,,,,,,,,,,,,,,,,,,,,,,,,,,,,,,,,,,,,,,,,,,,,,,,,,,,,,,,,,,,,,,,,,,,,,One-off label,,,,,,,
3DRJ3F,1,4,brown,,,,,,,,,,,,,,,,,,,,,,,,,,,,,,,,,,,,,,,,,,,,,,,,,,,,One-off label,,,,,,,,,,,,,,,,,,,,,,,,,,,,,,,,,,,,,,,,,,One-off label,,,,,,,,,,,,,,,,,,,,,,,,,,,,,,,,,,,,,,,,,,,,,,,,,,,,,,,,,,,,,,,,,,,,,,One-off label,,,,,,,
3DRJ3F,1,5,blue,,,,,,,,,,,,,,,,,,,,,,,,,,,,,,,,,,,,,,,,,,,,,,,,,,,,One-off label,,,,,,,,,,,,,,,,,,,,,,,,,,,,,,,,,,,,,,,,,,One-off label,,,,,,,,,,,,,,,,,,,,,,,,,,,,,,,,,,,,,,,,,,,,,,,,,,,,,,,,,,,,,,,,,,,,,,One-off label,,,,,,,
3DRJ3F,1,6,black,,,,,,,,,,,,,,,,,,,,,,,,,,,,,,,,,,,,,,,,,,,,,,,,,,,,One-off label,,,,,,,,,,,,,,,,,,,,,,,,,,,,,,,,,,,,,,,,,,One-off label,,,,,,,,,,,,,,,,,,,,,,,,,,,,,,,,,,,,,,,,,,,,,,,,,,,,,,,,,,,,,,,,,,,,,,One-off label,,,,,,,
3DRJ3F,1,7,tea,,,,,,,,,,,,,,,,,,,,,,,,,,,,,,,,,,,,,,,,,,,,,,,,,,,,One-off label,,,,,,,,,,,,,,,,,,,,,,,,,,,,,,,,,,,,,,,,,,One-off label,,,,,,,,,,,,,,,,,,,,,,,,,,,,,,,,,,,,,,,,,,,,,,,,,,,,,,,,,,,,,,,,,,,,,,Can't tell / Neither,,,,,,,
3DRJ3F,1,8,glasses,,,,,,,,,,,,,,,,,,,,,,,,,,,,,,,,,,,,,,,,,,,,,,,,,,,,One-off label,,,,,,,,,,,,,,,,,,,,,,,,,,,,,,,,,,,,,,,,,,One-off label,,,,,,,,,,,,,,,,,,,,,,,,,,,,,,,,,,,,,,,,,,,,,,,,,,,,,,,,,,,,,,,,,,,,,,Can't tell / Neither,,,,,,,
40Y5YE,0,1,purple right black yellow tall,,,,,,,,,,,,,,,,,,,,,,,,,,,,,,,,,,,,,,,,,,,,Systematic label,,,,,,,,,,,,,,,,,,,,,,,,,,,,,,,,,,,,,,,,,,,,,,,,,,,,Systematic label,,,,,,,,,,,,,,,,,,,,,,,,Systematic label,,,,,,,,,,,,,,,,,,,,,,,,,,,,,,,,,,,,,,,,,,,,,,,,,,,
40Y5YE,0,2,purple right black yellow short,,,,,,,,,,,,,,,,,,,,,,,,,,,,,,,,,,,,,,,,,,,,Systematic label,,,,,,,,,,,,,,,,,,,,,,,,,,,,,,,,,,,,,,,,,,,,,,,,,,,,Systematic label,,,,,,,,,,,,,,,,,,,,,,,,Systematic label,,,,,,,,,,,,,,,,,,,,,,,,,,,,,,,,,,,,,,,,,,,,,,,,,,,
40Y5YE,0,3,orange left red brown tall,,,,,,,,,,,,,,,,,,,,,,,,,,,,,,,,,,,,,,,,,,,,Systematic label,,,,,,,,,,,,,,,,,,,,,,,,,,,,,,,,,,,,,,,,,,,,,,,,,,,,Systematic label,,,,,,,,,,,,,,,,,,,,,,,,Systematic label,,,,,,,,,,,,,,,,,,,,,,,,,,,,,,,,,,,,,,,,,,,,,,,,,,,
40Y5YE,0,4,orange left red brown legs,,,,,,,,,,,,,,,,,,,,,,,,,,,,,,,,,,,,,,,,,,,,Systematic label,,,,,,,,,,,,,,,,,,,,,,,,,,,,,,,,,,,,,,,,,,,,,,,,,,,,Systematic label,,,,,,,,,,,,,,,,,,,,,,,,Systematic label,,,,,,,,,,,,,,,,,,,,,,,,,,,,,,,,,,,,,,,,,,,,,,,,,,,
40Y5YE,0,5,orange left red brown short,,,,,,,,,,,,,,,,,,,,,,,,,,,,,,,,,,,,,,,,,,,,Systematic label,,,,,,,,,,,,,,,,,,,,,,,,,,,,,,,,,,,,,,,,,,,,,,,,,,,,Systematic label,,,,,,,,,,,,,,,,,,,,,,,,Systematic label,,,,,,,,,,,,,,,,,,,,,,,,,,,,,,,,,,,,,,,,,,,,,,,,,,,
40Y5YE,0,6,orange left red brown short,,,,,,,,,,,,,,,,,,,,,,,,,,,,,,,,,,,,,,,,,,,,Systematic label,,,,,,,,,,,,,,,,,,,,,,,,,,,,,,,,,,,,,,,,,,,,,,,,,,,,Systematic label,,,,,,,,,,,,,,,,,,,,,,,,Systematic label,,,,,,,,,,,,,,,,,,,,,,,,,,,,,,,,,,,,,,,,,,,,,,,,,,,
40Y5YE,0,7,purple right black yellow short,,,,,,,,,,,,,,,,,,,,,,,,,,,,,,,,,,,,,,,,,,,,Systematic label,,,,,,,,,,,,,,,,,,,,,,,,,,,,,,,,,,,,,,,,,,,,,,,,,,,,Systematic label,,,,,,,,,,,,,,,,,,,,,,,,Systematic label,,,,,,,,,,,,,,,,,,,,,,,,,,,,,,,,,,,,,,,,,,,,,,,,,,,
40Y5YE,0,8,purple right black yellow tall,,,,,,,,,,,,,,,,,,,,,,,,,,,,,,,,,,,,,,,,,,,,Systematic label,,,,,,,,,,,,,,,,,,,,,,,,,,,,,,,,,,,,,,,,,,,,,,,,,,,,Systematic label,,,,,,,,,,,,,,,,,,,,,,,,Systematic label,,,,,,,,,,,,,,,,,,,,,,,,,,,,,,,,,,,,,,,,,,,,,,,,,,,
40Y5YE,1,1,purple right black yellow tall,,,,,,,,,,,,,,,,,,,,,,,,,,One-off label,,,,,,,,,,,,,,,,,,,,,,,,,,,,,,,,,,,,,,,,,,,,,,,,,,,,,,,,,,,,,,,,,,,,,,,,,,,,,,,,,,,,,,,,,,Systematic label,,,,,,,,,,,,,,,,,,,,,,,,,,,,,,,,,,,,,,,,,,,,,,,,,Systematic label,,,,,,
40Y5YE,1,2,purple right black yellow short,,,,,,,,,,,,,,,,,,,,,,,,,,One-off label,,,,,,,,,,,,,,,,,,,,,,,,,,,,,,,,,,,,,,,,,,,,,,,,,,,,,,,,,,,,,,,,,,,,,,,,,,,,,,,,,,,,,,,,,,Systematic label,,,,,,,,,,,,,,,,,,,,,,,,,,,,,,,,,,,,,,,,,,,,,,,,,Systematic label,,,,,,
40Y5YE,1,3,orange left red brown tall,,,,,,,,,,,,,,,,,,,,,,,,,,One-off label,,,,,,,,,,,,,,,,,,,,,,,,,,,,,,,,,,,,,,,,,,,,,,,,,,,,,,,,,,,,,,,,,,,,,,,,,,,,,,,,,,,,,,,,,,Systematic label,,,,,,,,,,,,,,,,,,,,,,,,,,,,,,,,,,,,,,,,,,,,,,,,,Systematic label,,,,,,
40Y5YE,1,4,orange left red brown legs,,,,,,,,,,,,,,,,,,,,,,,,,,One-off label,,,,,,,,,,,,,,,,,,,,,,,,,,,,,,,,,,,,,,,,,,,,,,,,,,,,,,,,,,,,,,,,,,,,,,,,,,,,,,,,,,,,,,,,,,Systematic label,,,,,,,,,,,,,,,,,,,,,,,,,,,,,,,,,,,,,,,,,,,,,,,,,Systematic label,,,,,,
40Y5YE,1,5,orange left red brown short,,,,,,,,,,,,,,,,,,,,,,,,,,One-off label,,,,,,,,,,,,,,,,,,,,,,,,,,,,,,,,,,,,,,,,,,,,,,,,,,,,,,,,,,,,,,,,,,,,,,,,,,,,,,,,,,,,,,,,,,Systematic label,,,,,,,,,,,,,,,,,,,,,,,,,,,,,,,,,,,,,,,,,,,,,,,,,Systematic label,,,,,,
40Y5YE,1,6,orange left red brown short,,,,,,,,,,,,,,,,,,,,,,,,,,One-off label,,,,,,,,,,,,,,,,,,,,,,,,,,,,,,,,,,,,,,,,,,,,,,,,,,,,,,,,,,,,,,,,,,,,,,,,,,,,,,,,,,,,,,,,,,Systematic label,,,,,,,,,,,,,,,,,,,,,,,,,,,,,,,,,,,,,,,,,,,,,,,,,Systematic label,,,,,,
40Y5YE,1,7,purple right black yellow short,,,,,,,,,,,,,,,,,,,,,,,,,,One-off label,,,,,,,,,,,,,,,,,,,,,,,,,,,,,,,,,,,,,,,,,,,,,,,,,,,,,,,,,,,,,,,,,,,,,,,,,,,,,,,,,,,,,,,,,,Systematic label,,,,,,,,,,,,,,,,,,,,,,,,,,,,,,,,,,,,,,,,,,,,,,,,,Systematic label,,,,,,
40Y5YE,1,8,purple right black yellow tall,,,,,,,,,,,,,,,,,,,,,,,,,,One-off label,,,,,,,,,,,,,,,,,,,,,,,,,,,,,,,,,,,,,,,,,,,,,,,,,,,,,,,,,,,,,,,,,,,,,,,,,,,,,,,,,,,,,,,,,,Systematic label,,,,,,,,,,,,,,,,,,,,,,,,,,,,,,,,,,,,,,,,,,,,,,,,,Systematic label,,,,,,
4CMZDP,0,1,gray purple yellow,,,,,,,Systematic label,,,,,,,,,,,,,,,,,,,,,,,,,,,,,,,,,,,,,,,,,,,,,,,,,,,,,,Systematic label,,,,,,,,,,,,,,,,,,,,,,,,,,,,,,Systematic label,,,,,,,,,,,,,,,,,,,,,,,,,,,,,,,,,,,,,,,,,,,,,,,,,,,,,,,,,,,,,,,,,,,,,,,,,,,,,,,,
4CMZDP,0,2,purple black yellow,,,,,,,Systematic label,,,,,,,,,,,,,,,,,,,,,,,,,,,,,,,,,,,,,,,,,,,,,,,,,,,,,,Systematic label,,,,,,,,,,,,,,,,,,,,,,,,,,,,,,Systematic label,,,,,,,,,,,,,,,,,,,,,,,,,,,,,,,,,,,,,,,,,,,,,,,,,,,,,,,,,,,,,,,,,,,,,,,,,,,,,,,,
4CMZDP,0,3,orange yellow brown,,,,,,,Systematic label,,,,,,,,,,,,,,,,,,,,,,,,,,,,,,,,,,,,,,,,,,,,,,,,,,,,,,Systematic label,,,,,,,,,,,,,,,,,,,,,,,,,,,,,,Systematic label,,,,,,,,,,,,,,,,,,,,,,,,,,,,,,,,,,,,,,,,,,,,,,,,,,,,,,,,,,,,,,,,,,,,,,,,,,,,,,,,
4CMZDP,0,4,orange red brown 2,,,,,,,Systematic label,,,,,,,,,,,,,,,,,,,,,,,,,,,,,,,,,,,,,,,,,,,,,,,,,,,,,,Systematic label,,,,,,,,,,,,,,,,,,,,,,,,,,,,,,Systematic label,,,,,,,,,,,,,,,,,,,,,,,,,,,,,,,,,,,,,,,,,,,,,,,,,,,,,,,,,,,,,,,,,,,,,,,,,,,,,,,,
4CMZDP,0,5,orange red brown,,,,,,,Systematic label,,,,,,,,,,,,,,,,,,,,,,,,,,,,,,,,,,,,,,,,,,,,,,,,,,,,,,Systematic label,,,,,,,,,,,,,,,,,,,,,,,,,,,,,,Systematic label,,,,,,,,,,,,,,,,,,,,,,,,,,,,,,,,,,,,,,,,,,,,,,,,,,,,,,,,,,,,,,,,,,,,,,,,,,,,,,,,
4CMZDP,0,6,orange red brown,,,,,,,Systematic label,,,,,,,,,,,,,,,,,,,,,,,,,,,,,,,,,,,,,,,,,,,,,,,,,,,,,,Systematic label,,,,,,,,,,,,,,,,,,,,,,,,,,,,,,Systematic label,,,,,,,,,,,,,,,,,,,,,,,,,,,,,,,,,,,,,,,,,,,,,,,,,,,,,,,,,,,,,,,,,,,,,,,,,,,,,,,,
4CMZDP,0,7,gray black yellow,,,,,,,Systematic label,,,,,,,,,,,,,,,,,,,,,,,,,,,,,,,,,,,,,,,,,,,,,,,,,,,,,,Systematic label,,,,,,,,,,,,,,,,,,,,,,,,,,,,,,Systematic label,,,,,,,,,,,,,,,,,,,,,,,,,,,,,,,,,,,,,,,,,,,,,,,,,,,,,,,,,,,,,,,,,,,,,,,,,,,,,,,,
4CMZDP,0,8,gray black yellow 2,,,,,,,Systematic label,,,,,,,,,,,,,,,,,,,,,,,,,,,,,,,,,,,,,,,,,,,,,,,,,,,,,,Systematic label,,,,,,,,,,,,,,,,,,,,,,,,,,,,,,Systematic label,,,,,,,,,,,,,,,,,,,,,,,,,,,,,,,,,,,,,,,,,,,,,,,,,,,,,,,,,,,,,,,,,,,,,,,,,,,,,,,,
4CMZDP,1,1,gray purple yellow,,,,,,,,,,,,,,,,,,,,,,,,,,,,,,,Systematic label,,,,,,,,,,,Systematic label,,,,,,,,,,,,,,,,,,,,,,,,,,,,,,,,,,,,,,,,,,,,,,,,,,,,,,,,,,,,,,,,,,,,,,,,,,,,,,,,,,,,,,,,,,,,Systematic label,,,,,,,,,,,,,,,,,,,,,,,,,,,,,,,,,,,,,
4CMZDP,1,2,gray black yellow,,,,,,,,,,,,,,,,,,,,,,,,,,,,,,,Systematic label,,,,,,,,,,,Systematic label,,,,,,,,,,,,,,,,,,,,,,,,,,,,,,,,,,,,,,,,,,,,,,,,,,,,,,,,,,,,,,,,,,,,,,,,,,,,,,,,,,,,,,,,,,,,Systematic label,,,,,,,,,,,,,,,,,,,,,,,,,,,,,,,,,,,,,
4CMZDP,1,3,orange yellow brown,,,,,,,,,,,,,,,,,,,,,,,,,,,,,,,Systematic label,,,,,,,,,,,Systematic label,,,,,,,,,,,,,,,,,,,,,,,,,,,,,,,,,,,,,,,,,,,,,,,,,,,,,,,,,,,,,,,,,,,,,,,,,,,,,,,,,,,,,,,,,,,,Systematic label,,,,,,,,,,,,,,,,,,,,,,,,,,,,,,,,,,,,,
4CMZDP,1,4,orange red brown,,,,,,,,,,,,,,,,,,,,,,,,,,,,,,,Systematic label,,,,,,,,,,,Systematic label,,,,,,,,,,,,,,,,,,,,,,,,,,,,,,,,,,,,,,,,,,,,,,,,,,,,,,,,,,,,,,,,,,,,,,,,,,,,,,,,,,,,,,,,,,,,Systematic label,,,,,,,,,,,,,,,,,,,,,,,,,,,,,,,,,,,,,
4CMZDP,1,5,orange red brown,,,,,,,,,,,,,,,,,,,,,,,,,,,,,,,Systematic label,,,,,,,,,,,Systematic label,,,,,,,,,,,,,,,,,,,,,,,,,,,,,,,,,,,,,,,,,,,,,,,,,,,,,,,,,,,,,,,,,,,,,,,,,,,,,,,,,,,,,,,,,,,,Systematic label,,,,,,,,,,,,,,,,,,,,,,,,,,,,,,,,,,,,,
4CMZDP,1,6,orange red brown,,,,,,,,,,,,,,,,,,,,,,,,,,,,,,,Systematic label,,,,,,,,,,,Systematic label,,,,,,,,,,,,,,,,,,,,,,,,,,,,,,,,,,,,,,,,,,,,,,,,,,,,,,,,,,,,,,,,,,,,,,,,,,,,,,,,,,,,,,,,,,,,Systematic label,,,,,,,,,,,,,,,,,,,,,,,,,,,,,,,,,,,,,
4CMZDP,1,7,gray black yellow,,,,,,,,,,,,,,,,,,,,,,,,,,,,,,,Systematic label,,,,,,,,,,,Systematic label,,,,,,,,,,,,,,,,,,,,,,,,,,,,,,,,,,,,,,,,,,,,,,,,,,,,,,,,,,,,,,,,,,,,,,,,,,,,,,,,,,,,,,,,,,,,Systematic label,,,,,,,,,,,,,,,,,,,,,,,,,,,,,,,,,,,,,
4CMZDP,1,8,gray black yellow,,,,,,,,,,,,,,,,,,,,,,,,,,,,,,,Systematic label,,,,,,,,,,,Systematic label,,,,,,,,,,,,,,,,,,,,,,,,,,,,,,,,,,,,,,,,,,,,,,,,,,,,,,,,,,,,,,,,,,,,,,,,,,,,,,,,,,,,,,,,,,,,Systematic label,,,,,,,,,,,,,,,,,,,,,,,,,,,,,,,,,,,,,
4MZDNN,0,1,open,,,,,,,,,,,,,,,,,,,,,,,,,,,,,,,,,,,,,,,,,,,,,,,,,,,,,,,,,,,,,,,,,,,,,,,,,,,,,,,,,One-off label,,,,,,,,,,,,,,,,,,One-off label,,,,,,,,,,,,,,,,,,,,,,,,,,,,,,,,,,,,,,,,,,,,,,,,,,,,,,,,,,,,,,,,,,,,,One-off label,,,
4MZDNN,0,2,one leg,,,,,,,,,,,,,,,,,,,,,,,,,,,,,,,,,,,,,,,,,,,,,,,,,,,,,,,,,,,,,,,,,,,,,,,,,,,,,,,,,One-off label,,,,,,,,,,,,,,,,,,One-off label,,,,,,,,,,,,,,,,,,,,,,,,,,,,,,,,,,,,,,,,,,,,,,,,,,,,,,,,,,,,,,,,,,,,,Systematic label,,,
4MZDNN,0,3,fighting,,,,,,,,,,,,,,,,,,,,,,,,,,,,,,,,,,,,,,,,,,,,,,,,,,,,,,,,,,,,,,,,,,,,,,,,,,,,,,,,,One-off label,,,,,,,,,,,,,,,,,,One-off label,,,,,,,,,,,,,,,,,,,,,,,,,,,,,,,,,,,,,,,,,,,,,,,,,,,,,,,,,,,,,,,,,,,,,One-off label,,,
4MZDNN,0,4,balancing,,,,,,,,,,,,,,,,,,,,,,,,,,,,,,,,,,,,,,,,,,,,,,,,,,,,,,,,,,,,,,,,,,,,,,,,,,,,,,,,,One-off label,,,,,,,,,,,,,,,,,,One-off label,,,,,,,,,,,,,,,,,,,,,,,,,,,,,,,,,,,,,,,,,,,,,,,,,,,,,,,,,,,,,,,,,,,,,One-off label,,,
4MZDNN,0,5,praying,,,,,,,,,,,,,,,,,,,,,,,,,,,,,,,,,,,,,,,,,,,,,,,,,,,,,,,,,,,,,,,,,,,,,,,,,,,,,,,,,One-off label,,,,,,,,,,,,,,,,,,Systematic label,,,,,,,,,,,,,,,,,,,,,,,,,,,,,,,,,,,,,,,,,,,,,,,,,,,,,,,,,,,,,,,,,,,,,One-off label,,,
4MZDNN,0,6,praying,,,,,,,,,,,,,,,,,,,,,,,,,,,,,,,,,,,,,,,,,,,,,,,,,,,,,,,,,,,,,,,,,,,,,,,,,,,,,,,,,One-off label,,,,,,,,,,,,,,,,,,Systematic label,,,,,,,,,,,,,,,,,,,,,,,,,,,,,,,,,,,,,,,,,,,,,,,,,,,,,,,,,,,,,,,,,,,,,One-off label,,,
4MZDNN,0,7,laying,,,,,,,,,,,,,,,,,,,,,,,,,,,,,,,,,,,,,,,,,,,,,,,,,,,,,,,,,,,,,,,,,,,,,,,,,,,,,,,,,One-off label,,,,,,,,,,,,,,,,,,One-off label,,,,,,,,,,,,,,,,,,,,,,,,,,,,,,,,,,,,,,,,,,,,,,,,,,,,,,,,,,,,,,,,,,,,,One-off label,,,
4MZDNN,0,8,kneeling,,,,,,,,,,,,,,,,,,,,,,,,,,,,,,,,,,,,,,,,,,,,,,,,,,,,,,,,,,,,,,,,,,,,,,,,,,,,,,,,,One-off label,,,,,,,,,,,,,,,,,,One-off label,,,,,,,,,,,,,,,,,,,,,,,,,,,,,,,,,,,,,,,,,,,,,,,,,,,,,,,,,,,,,,,,,,,,,One-off label,,,
4MZDNN,1,1,open,,,,,,,,,,,,,,,,One-off label,,,,,,,,,,,,,,,,,,,,,,,,,,,,,,,,,,,,,,,,,,,,,,,,,,One-off label,,,,,,,,,,,,,,,,,,,,,,,,,,,,,,,,,,,,,,,,,,,,,,,,,,,,,,,,,,,,,,,,,,,,,,,,,,,,,,,,,,,,,,,,,,,,,,,,,Systematic label,,,,,,,,
4MZDNN,1,2,one leg,,,,,,,,,,,,,,,,One-off label,,,,,,,,,,,,,,,,,,,,,,,,,,,,,,,,,,,,,,,,,,,,,,,,,,One-off label,,,,,,,,,,,,,,,,,,,,,,,,,,,,,,,,,,,,,,,,,,,,,,,,,,,,,,,,,,,,,,,,,,,,,,,,,,,,,,,,,,,,,,,,,,,,,,,,,Systematic label,,,,,,,,
4MZDNN,1,3,fighting,,,,,,,,,,,,,,,,One-off label,,,,,,,,,,,,,,,,,,,,,,,,,,,,,,,,,,,,,,,,,,,,,,,,,,One-off label,,,,,,,,,,,,,,,,,,,,,,,,,,,,,,,,,,,,,,,,,,,,,,,,,,,,,,,,,,,,,,,,,,,,,,,,,,,,,,,,,,,,,,,,,,,,,,,,,Systematic label,,,,,,,,
4MZDNN,1,4,balancing,,,,,,,,,,,,,,,,One-off label,,,,,,,,,,,,,,,,,,,,,,,,,,,,,,,,,,,,,,,,,,,,,,,,,,One-off label,,,,,,,,,,,,,,,,,,,,,,,,,,,,,,,,,,,,,,,,,,,,,,,,,,,,,,,,,,,,,,,,,,,,,,,,,,,,,,,,,,,,,,,,,,,,,,,,,Systematic label,,,,,,,,
4MZDNN,1,5,prist,,,,,,,,,,,,,,,,One-off label,,,,,,,,,,,,,,,,,,,,,,,,,,,,,,,,,,,,,,,,,,,,,,,,,,One-off label,,,,,,,,,,,,,,,,,,,,,,,,,,,,,,,,,,,,,,,,,,,,,,,,,,,,,,,,,,,,,,,,,,,,,,,,,,,,,,,,,,,,,,,,,,,,,,,,,Can't tell / Neither,,,,,,,,
4MZDNN,1,6,praying,,,,,,,,,,,,,,,,One-off label,,,,,,,,,,,,,,,,,,,,,,,,,,,,,,,,,,,,,,,,,,,,,,,,,,One-off label,,,,,,,,,,,,,,,,,,,,,,,,,,,,,,,,,,,,,,,,,,,,,,,,,,,,,,,,,,,,,,,,,,,,,,,,,,,,,,,,,,,,,,,,,,,,,,,,,Systematic label,,,,,,,,
4MZDNN,1,7,laying,,,,,,,,,,,,,,,,One-off label,,,,,,,,,,,,,,,,,,,,,,,,,,,,,,,,,,,,,,,,,,,,,,,,,,One-off label,,,,,,,,,,,,,,,,,,,,,,,,,,,,,,,,,,,,,,,,,,,,,,,,,,,,,,,,,,,,,,,,,,,,,,,,,,,,,,,,,,,,,,,,,,,,,,,,,Systematic label,,,,,,,,
4MZDNN,1,8,kneeling,,,,,,,,,,,,,,,,One-off label,,,,,,,,,,,,,,,,,,,,,,,,,,,,,,,,,,,,,,,,,,,,,,,,,,One-off label,,,,,,,,,,,,,,,,,,,,,,,,,,,,,,,,,,,,,,,,,,,,,,,,,,,,,,,,,,,,,,,,,,,,,,,,,,,,,,,,,,,,,,,,,,,,,,,,,Systematic label,,,,,,,,
4WJS6X,0,1,gum,,,,,,,,,,,,,,,,,,,,,,One-off label,,,,,,,,,,,,,,,,,,,,,,,,,,,,,,,,,One-off label,,,,,,,,,,,,,,,,,,,,,,,,,,,,,,,,,,,One-off label,,,,,,,,,,,,,,,,,,,,,,,,,,,,,,,,,,,,,,,,,,,,,,,,,,,,,,,,,,,,,,,,,,,,,,,,,,,,,,,,,
4WJS6X,0,2,tiny,,,,,,,,,,,,,,,,,,,,,,Systematic label,,,,,,,,,,,,,,,,,,,,,,,,,,,,,,,,,One-off label,,,,,,,,,,,,,,,,,,,,,,,,,,,,,,,,,,,One-off label,,,,,,,,,,,,,,,,,,,,,,,,,,,,,,,,,,,,,,,,,,,,,,,,,,,,,,,,,,,,,,,,,,,,,,,,,,,,,,,,,
4WJS6X,0,3,cheese,,,,,,,,,,,,,,,,,,,,,,One-off label,,,,,,,,,,,,,,,,,,,,,,,,,,,,,,,,,One-off label,,,,,,,,,,,,,,,,,,,,,,,,,,,,,,,,,,,One-off label,,,,,,,,,,,,,,,,,,,,,,,,,,,,,,,,,,,,,,,,,,,,,,,,,,,,,,,,,,,,,,,,,,,,,,,,,,,,,,,,,
4WJS6X,0,4,bark,,,,,,,,,,,,,,,,,,,,,,One-off label,,,,,,,,,,,,,,,,,,,,,,,,,,,,,,,,,One-off label,,,,,,,,,,,,,,,,,,,,,,,,,,,,,,,,,,,Can't tell / Neither,,,,,,,,,,,,,,,,,,,,,,,,,,,,,,,,,,,,,,,,,,,,,,,,,,,,,,,,,,,,,,,,,,,,,,,,,,,,,,,,,
4WJS6X,0,5,circle,,,,,,,,,,,,,,,,,,,,,,Systematic label,,,,,,,,,,,,,,,,,,,,,,,,,,,,,,,,,One-off label,,,,,,,,,,,,,,,,,,,,,,,,,,,,,,,,,,,One-off label,,,,,,,,,,,,,,,,,,,,,,,,,,,,,,,,,,,,,,,,,,,,,,,,,,,,,,,,,,,,,,,,,,,,,,,,,,,,,,,,,
4WJS6X,0,6,wide,,,,,,,,,,,,,,,,,,,,,,Systematic label,,,,,,,,,,,,,,,,,,,,,,,,,,,,,,,,,One-off label,,,,,,,,,,,,,,,,,,,,,,,,,,,,,,,,,,,One-off label,,,,,,,,,,,,,,,,,,,,,,,,,,,,,,,,,,,,,,,,,,,,,,,,,,,,,,,,,,,,,,,,,,,,,,,,,,,,,,,,,
4WJS6X,0,7,purple,,,,,,,,,,,,,,,,,,,,,,Systematic label,,,,,,,,,,,,,,,,,,,,,,,,,,,,,,,,,One-off label,,,,,,,,,,,,,,,,,,,,,,,,,,,,,,,,,,,One-off label,,,,,,,,,,,,,,,,,,,,,,,,,,,,,,,,,,,,,,,,,,,,,,,,,,,,,,,,,,,,,,,,,,,,,,,,,,,,,,,,,
4WJS6X,0,8,button,,,,,,,,,,,,,,,,,,,,,,One-off label,,,,,,,,,,,,,,,,,,,,,,,,,,,,,,,,,One-off label,,,,,,,,,,,,,,,,,,,,,,,,,,,,,,,,,,,One-off label,,,,,,,,,,,,,,,,,,,,,,,,,,,,,,,,,,,,,,,,,,,,,,,,,,,,,,,,,,,,,,,,,,,,,,,,,,,,,,,,,
4WJS6X,1,1,gum,,,,,,,,,,,,,,,,,,One-off label,,,,,,,,,,,,,,,,,,,,,,,,,,,,,,,,,,,,,,,,,,,,,,,,,,,,,,,,,,,,,,,,,,,,,,,,,,,,,,,,,,,,,,,,,,,,,,,,,,,,,,,,,One-off label,,,,,,,,,,,,,,,,,,,,,,,One-off label,,,,,,,,,,,,,,,,,,,,,,,,,
4WJS6X,1,2,tiny,,,,,,,,,,,,,,,,,,One-off label,,,,,,,,,,,,,,,,,,,,,,,,,,,,,,,,,,,,,,,,,,,,,,,,,,,,,,,,,,,,,,,,,,,,,,,,,,,,,,,,,,,,,,,,,,,,,,,,,,,,,,,,,One-off label,,,,,,,,,,,,,,,,,,,,,,,One-off label,,,,,,,,,,,,,,,,,,,,,,,,,
4WJS6X,1,3,cheese,,,,,,,,,,,,,,,,,,One-off label,,,,,,,,,,,,,,,,,,,,,,,,,,,,,,,,,,,,,,,,,,,,,,,,,,,,,,,,,,,,,,,,,,,,,,,,,,,,,,,,,,,,,,,,,,,,,,,,,,,,,,,,,One-off label,,,,,,,,,,,,,,,,,,,,,,,One-off label,,,,,,,,,,,,,,,,,,,,,,,,,
4WJS6X,1,4,hands,,,,,,,,,,,,,,,,,,One-off label,,,,,,,,,,,,,,,,,,,,,,,,,,,,,,,,,,,,,,,,,,,,,,,,,,,,,,,,,,,,,,,,,,,,,,,,,,,,,,,,,,,,,,,,,,,,,,,,,,,,,,,,,One-off label,,,,,,,,,,,,,,,,,,,,,,,One-off label,,,,,,,,,,,,,,,,,,,,,,,,,
4WJS6X,1,5,circle,,,,,,,,,,,,,,,,,,Systematic label,,,,,,,,,,,,,,,,,,,,,,,,,,,,,,,,,,,,,,,,,,,,,,,,,,,,,,,,,,,,,,,,,,,,,,,,,,,,,,,,,,,,,,,,,,,,,,,,,,,,,,,,,One-off label,,,,,,,,,,,,,,,,,,,,,,,One-off label,,,,,,,,,,,,,,,,,,,,,,,,,
4WJS6X,1,6,wide,,,,,,,,,,,,,,,,,,Systematic label,,,,,,,,,,,,,,,,,,,,,,,,,,,,,,,,,,,,,,,,,,,,,,,,,,,,,,,,,,,,,,,,,,,,,,,,,,,,,,,,,,,,,,,,,,,,,,,,,,,,,,,,,One-off label,,,,,,,,,,,,,,,,,,,,,,,One-off label,,,,,,,,,,,,,,,,,,,,,,,,,
4WJS6X,1,7,tiny,,,,,,,,,,,,,,,,,,Systematic label,,,,,,,,,,,,,,,,,,,,,,,,,,,,,,,,,,,,,,,,,,,,,,,,,,,,,,,,,,,,,,,,,,,,,,,,,,,,,,,,,,,,,,,,,,,,,,,,,,,,,,,,,One-off label,,,,,,,,,,,,,,,,,,,,,,,One-off label,,,,,,,,,,,,,,,,,,,,,,,,,
4WJS6X,1,8,purple,,,,,,,,,,,,,,,,,,Systematic label,,,,,,,,,,,,,,,,,,,,,,,,,,,,,,,,,,,,,,,,,,,,,,,,,,,,,,,,,,,,,,,,,,,,,,,,,,,,,,,,,,,,,,,,,,,,,,,,,,,,,,,,,One-off label,,,,,,,,,,,,,,,,,,,,,,,One-off label,,,,,,,,,,,,,,,,,,,,,,,,,
5DTH0Z,0,1,purple,,,,,,,,,,,,,,,,,,,,,,,,,,,,,,,,,,,,,,,,,,,,,,,,,,,,,,,,,,,,,,,,,,,,,,,,,,,,,,,,,,,,,,,,,One-off label,,,,,,,,,,,,,,,,,,,,,,,,One-off label,,,One-off label,,,,,,,,,,,,,,,,,,,,,,,,,,,,,,,,,,,,,,,,,,,,,,,,,,,,,,,
5DTH0Z,0,2,pink,,,,,,,,,,,,,,,,,,,,,,,,,,,,,,,,,,,,,,,,,,,,,,,,,,,,,,,,,,,,,,,,,,,,,,,,,,,,,,,,,,,,,,,,,One-off label,,,,,,,,,,,,,,,,,,,,,,,,One-off label,,,One-off label,,,,,,,,,,,,,,,,,,,,,,,,,,,,,,,,,,,,,,,,,,,,,,,,,,,,,,,
5DTH0Z,0,3,yellow,,,,,,,,,,,,,,,,,,,,,,,,,,,,,,,,,,,,,,,,,,,,,,,,,,,,,,,,,,,,,,,,,,,,,,,,,,,,,,,,,,,,,,,,,One-off label,,,,,,,,,,,,,,,,,,,,,,,,One-off label,,,One-off label,,,,,,,,,,,,,,,,,,,,,,,,,,,,,,,,,,,,,,,,,,,,,,,,,,,,,,,
5DTH0Z,0,4,brown,,,,,,,,,,,,,,,,,,,,,,,,,,,,,,,,,,,,,,,,,,,,,,,,,,,,,,,,,,,,,,,,,,,,,,,,,,,,,,,,,,,,,,,,,One-off label,,,,,,,,,,,,,,,,,,,,,,,,One-off label,,,One-off label,,,,,,,,,,,,,,,,,,,,,,,,,,,,,,,,,,,,,,,,,,,,,,,,,,,,,,,
5DTH0Z,0,5,blue,,,,,,,,,,,,,,,,,,,,,,,,,,,,,,,,,,,,,,,,,,,,,,,,,,,,,,,,,,,,,,,,,,,,,,,,,,,,,,,,,,,,,,,,,One-off label,,,,,,,,,,,,,,,,,,,,,,,,One-off label,,,One-off label,,,,,,,,,,,,,,,,,,,,,,,,,,,,,,,,,,,,,,,,,,,,,,,,,,,,,,,
5DTH0Z,0,6,black,,,,,,,,,,,,,,,,,,,,,,,,,,,,,,,,,,,,,,,,,,,,,,,,,,,,,,,,,,,,,,,,,,,,,,,,,,,,,,,,,,,,,,,,,One-off label,,,,,,,,,,,,,,,,,,,,,,,,One-off label,,,One-off label,,,,,,,,,,,,,,,,,,,,,,,,,,,,,,,,,,,,,,,,,,,,,,,,,,,,,,,
5DTH0Z,0,7,white,,,,,,,,,,,,,,,,,,,,,,,,,,,,,,,,,,,,,,,,,,,,,,,,,,,,,,,,,,,,,,,,,,,,,,,,,,,,,,,,,,,,,,,,,One-off label,,,,,,,,,,,,,,,,,,,,,,,,One-off label,,,One-off label,,,,,,,,,,,,,,,,,,,,,,,,,,,,,,,,,,,,,,,,,,,,,,,,,,,,,,,
5DTH0Z,0,8,gray,,,,,,,,,,,,,,,,,,,,,,,,,,,,,,,,,,,,,,,,,,,,,,,,,,,,,,,,,,,,,,,,,,,,,,,,,,,,,,,,,,,,,,,,,One-off label,,,,,,,,,,,,,,,,,,,,,,,,One-off label,,,One-off label,,,,,,,,,,,,,,,,,,,,,,,,,,,,,,,,,,,,,,,,,,,,,,,,,,,,,,,
5DTH0Z,1,1,purple,,,,,,,,,,,,,,,,,,Systematic label,,,,,,,,,,,,,,,,,,,,,,,,,,,,,,,,,,,,,,,,,,,,,,,,,,,,,,,,,,,,,,,,,,,,,,,,,,,,,,,,,,,,,,,,,,,,,,,,,,,,,,,,,,,,,,,,,,,,,,,,,,,,,,,,,,,,,,,,,,,,,,,,,,,,,Systematic label,,,,Systematic label
5DTH0Z,1,2,pink,,,,,,,,,,,,,,,,,,Systematic label,,,,,,,,,,,,,,,,,,,,,,,,,,,,,,,,,,,,,,,,,,,,,,,,,,,,,,,,,,,,,,,,,,,,,,,,,,,,,,,,,,,,,,,,,,,,,,,,,,,,,,,,,,,,,,,,,,,,,,,,,,,,,,,,,,,,,,,,,,,,,,,,,,,,,Systematic label,,,,Systematic label
5DTH0Z,1,3,yellow,,,,,,,,,,,,,,,,,,Systematic label,,,,,,,,,,,,,,,,,,,,,,,,,,,,,,,,,,,,,,,,,,,,,,,,,,,,,,,,,,,,,,,,,,,,,,,,,,,,,,,,,,,,,,,,,,,,,,,,,,,,,,,,,,,,,,,,,,,,,,,,,,,,,,,,,,,,,,,,,,,,,,,,,,,,,Systematic label,,,,Systematic label
5DTH0Z,1,4,brown,,,,,,,,,,,,,,,,,,Systematic label,,,,,,,,,,,,,,,,,,,,,,,,,,,,,,,,,,,,,,,,,,,,,,,,,,,,,,,,,,,,,,,,,,,,,,,,,,,,,,,,,,,,,,,,,,,,,,,,,,,,,,,,,,,,,,,,,,,,,,,,,,,,,,,,,,,,,,,,,,,,,,,,,,,,,Systematic label,,,,Systematic label
5DTH0Z,1,5,blue,,,,,,,,,,,,,,,,,,Systematic label,,,,,,,,,,,,,,,,,,,,,,,,,,,,,,,,,,,,,,,,,,,,,,,,,,,,,,,,,,,,,,,,,,,,,,,,,,,,,,,,,,,,,,,,,,,,,,,,,,,,,,,,,,,,,,,,,,,,,,,,,,,,,,,,,,,,,,,,,,,,,,,,,,,,,Systematic label,,,,Systematic label
5DTH0Z,1,6,black,,,,,,,,,,,,,,,,,,Systematic label,,,,,,,,,,,,,,,,,,,,,,,,,,,,,,,,,,,,,,,,,,,,,,,,,,,,,,,,,,,,,,,,,,,,,,,,,,,,,,,,,,,,,,,,,,,,,,,,,,,,,,,,,,,,,,,,,,,,,,,,,,,,,,,,,,,,,,,,,,,,,,,,,,,,,Systematic label,,,,Systematic label
5DTH0Z,1,7,white,,,,,,,,,,,,,,,,,,Systematic label,,,,,,,,,,,,,,,,,,,,,,,,,,,,,,,,,,,,,,,,,,,,,,,,,,,,,,,,,,,,,,,,,,,,,,,,,,,,,,,,,,,,,,,,,,,,,,,,,,,,,,,,,,,,,,,,,,,,,,,,,,,,,,,,,,,,,,,,,,,,,,,,,,,,,Systematic label,,,,Systematic label
5DTH0Z,1,8,grey,,,,,,,,,,,,,,,,,,Systematic label,,,,,,,,,,,,,,,,,,,,,,,,,,,,,,,,,,,,,,,,,,,,,,,,,,,,,,,,,,,,,,,,,,,,,,,,,,,,,,,,,,,,,,,,,,,,,,,,,,,,,,,,,,,,,,,,,,,,,,,,,,,,,,,,,,,,,,,,,,,,,,,,,,,,,Systematic label,,,,Systematic label
5RYPPV,0,1,purplepinkyellow,,,,,,,,,,,,,,,,,,,,,,,,,,,,,,,,,,,,,,,,,,,,,,,,,,,,,,,,,,Systematic label,,,,,,,,,,,,,,,,,Systematic label,,,,,,,,,,,,,,,,,,,,,,,,,,,,,,,,,,,,,,,,,,,,,,,,,,,,Systematic label,,,,,,,,,,,,,,,,,,,,,,,,,,,,,,,,,,,,,,,,,,,,
5RYPPV,0,2,purpleblackyellow,,,,,,,,,,,,,,,,,,,,,,,,,,,,,,,,,,,,,,,,,,,,,,,,,,,,,,,,,,Systematic label,,,,,,,,,,,,,,,,,Systematic label,,,,,,,,,,,,,,,,,,,,,,,,,,,,,,,,,,,,,,,,,,,,,,,,,,,,Systematic label,,,,,,,,,,,,,,,,,,,,,,,,,,,,,,,,,,,,,,,,,,,,
5RYPPV,0,3,orangeyellowbrown,,,,,,,,,,,,,,,,,,,,,,,,,,,,,,,,,,,,,,,,,,,,,,,,,,,,,,,,,,Systematic label,,,,,,,,,,,,,,,,,Systematic label,,,,,,,,,,,,,,,,,,,,,,,,,,,,,,,,,,,,,,,,,,,,,,,,,,,,Systematic label,,,,,,,,,,,,,,,,,,,,,,,,,,,,,,,,,,,,,,,,,,,,
5RYPPV,0,4,orangebrown,,,,,,,,,,,,,,,,,,,,,,,,,,,,,,,,,,,,,,,,,,,,,,,,,,,,,,,,,,Systematic label,,,,,,,,,,,,,,,,,Systematic label,,,,,,,,,,,,,,,,,,,,,,,,,,,,,,,,,,,,,,,,,,,,,,,,,,,,Systematic label,,,,,,,,,,,,,,,,,,,,,,,,,,,,,,,,,,,,,,,,,,,,
5RYPPV,0,5,orangebluebrown,,,,,,,,,,,,,,,,,,,,,,,,,,,,,,,,,,,,,,,,,,,,,,,,,,,,,,,,,,Systematic label,,,,,,,,,,,,,,,,,Systematic label,,,,,,,,,,,,,,,,,,,,,,,,,,,,,,,,,,,,,,,,,,,,,,,,,,,,Systematic label,,,,,,,,,,,,,,,,,,,,,,,,,,,,,,,,,,,,,,,,,,,,
5RYPPV,0,6,orangeblackbrown,,,,,,,,,,,,,,,,,,,,,,,,,,,,,,,,,,,,,,,,,,,,,,,,,,,,,,,,,,Systematic label,,,,,,,,,,,,,,,,,Systematic label,,,,,,,,,,,,,,,,,,,,,,,,,,,,,,,,,,,,,,,,,,,,,,,,,,,,Systematic label,,,,,,,,,,,,,,,,,,,,,,,,,,,,,,,,,,,,,,,,,,,,
5RYPPV,0,7,purplewhiteyellow,,,,,,,,,,,,,,,,,,,,,,,,,,,,,,,,,,,,,,,,,,,,,,,,,,,,,,,,,,Systematic label,,,,,,,,,,,,,,,,,Systematic label,,,,,,,,,,,,,,,,,,,,,,,,,,,,,,,,,,,,,,,,,,,,,,,,,,,,Systematic label,,,,,,,,,,,,,,,,,,,,,,,,,,,,,,,,,,,,,,,,,,,,
5RYPPV,0,8,purplewhitered,,,,,,,,,,,,,,,,,,,,,,,,,,,,,,,,,,,,,,,,,,,,,,,,,,,,,,,,,,Systematic label,,,,,,,,,,,,,,,,,Systematic label,,,,,,,,,,,,,,,,,,,,,,,,,,,,,,,,,,,,,,,,,,,,,,,,,,,,Systematic label,,,,,,,,,,,,,,,,,,,,,,,,,,,,,,,,,,,,,,,,,,,,
5RYPPV,1,1,purplepinkyellow,,,,,,,,,,,,,Can't tell / Neither,,,,,,,,,,,,,,,,,,,,,,,,,,,,Systematic label,,,,,,,,,,,,,,,,,,,,,,,,,,,,,,,,,,,,,,,,,,,,,,,,,,,,,,,,,,,,,,,,,,,,,,,,,,,,,,,,,,,,,,,,,,,,,,,,,,,,,,,,,,,,,,,,,,,,,Systematic label,,,,,,,,,,,,,
5RYPPV,1,2,purpleblackyellow,,,,,,,,,,,,,Can't tell / Neither,,,,,,,,,,,,,,,,,,,,,,,,,,,,Systematic label,,,,,,,,,,,,,,,,,,,,,,,,,,,,,,,,,,,,,,,,,,,,,,,,,,,,,,,,,,,,,,,,,,,,,,,,,,,,,,,,,,,,,,,,,,,,,,,,,,,,,,,,,,,,,,,,,,,,,Systematic label,,,,,,,,,,,,,
5RYPPV,1,3,orangeyellowbrown,,,,,,,,,,,,,Can't tell / Neither,,,,,,,,,,,,,,,,,,,,,,,,,,,,Systematic label,,,,,,,,,,,,,,,,,,,,,,,,,,,,,,,,,,,,,,,,,,,,,,,,,,,,,,,,,,,,,,,,,,,,,,,,,,,,,,,,,,,,,,,,,,,,,,,,,,,,,,,,,,,,,,,,,,,,,Systematic label,,,,,,,,,,,,,
5RYPPV,1,4,orangebrown,,,,,,,,,,,,,Can't tell / Neither,,,,,,,,,,,,,,,,,,,,,,,,,,,,Systematic label,,,,,,,,,,,,,,,,,,,,,,,,,,,,,,,,,,,,,,,,,,,,,,,,,,,,,,,,,,,,,,,,,,,,,,,,,,,,,,,,,,,,,,,,,,,,,,,,,,,,,,,,,,,,,,,,,,,,,Systematic label,,,,,,,,,,,,,
5RYPPV,1,5,orangebluebrown,,,,,,,,,,,,,Can't tell / Neither,,,,,,,,,,,,,,,,,,,,,,,,,,,,Systematic label,,,,,,,,,,,,,,,,,,,,,,,,,,,,,,,,,,,,,,,,,,,,,,,,,,,,,,,,,,,,,,,,,,,,,,,,,,,,,,,,,,,,,,,,,,,,,,,,,,,,,,,,,,,,,,,,,,,,,Systematic label,,,,,,,,,,,,,
5RYPPV,1,6,orangeblackbrown,,,,,,,,,,,,,Can't tell / Neither,,,,,,,,,,,,,,,,,,,,,,,,,,,,Systematic label,,,,,,,,,,,,,,,,,,,,,,,,,,,,,,,,,,,,,,,,,,,,,,,,,,,,,,,,,,,,,,,,,,,,,,,,,,,,,,,,,,,,,,,,,,,,,,,,,,,,,,,,,,,,,,,,,,,,,Systematic label,,,,,,,,,,,,,
5RYPPV,1,7,orangewhiteyellow,,,,,,,,,,,,,Can't tell / Neither,,,,,,,,,,,,,,,,,,,,,,,,,,,,Systematic label,,,,,,,,,,,,,,,,,,,,,,,,,,,,,,,,,,,,,,,,,,,,,,,,,,,,,,,,,,,,,,,,,,,,,,,,,,,,,,,,,,,,,,,,,,,,,,,,,,,,,,,,,,,,,,,,,,,,,Systematic label,,,,,,,,,,,,,
5RYPPV,1,8,purplewhitered,,,,,,,,,,,,,Can't tell / Neither,,,,,,,,,,,,,,,,,,,,,,,,,,,,Systematic label,,,,,,,,,,,,,,,,,,,,,,,,,,,,,,,,,,,,,,,,,,,,,,,,,,,,,,,,,,,,,,,,,,,,,,,,,,,,,,,,,,,,,,,,,,,,,,,,,,,,,,,,,,,,,,,,,,,,,Systematic label,,,,,,,,,,,,,
5XQ72P,0,1,mute,,Can't tell / Neither,,,,,,,One-off label,,,,,,,,,,,,,,,,,,,,,,,,,,,,,,,,,,,,,,,,,,,,,,,,,,,,,,,,,,,,,,,,,,,,,Can't tell / Neither,,,,,,,,,,,,,,,,,,,,,,,,,,,,,,,,,,,,,,,,,,,,,,,,,,,,,,,,,,,,,,,,,,,,,,,,,,,,,,,,,,,,,,,,,,,,,
5XQ72P,0,2,candy,,One-off label,,,,,,,One-off label,,,,,,,,,,,,,,,,,,,,,,,,,,,,,,,,,,,,,,,,,,,,,,,,,,,,,,,,,,,,,,,,,,,,,One-off label,,,,,,,,,,,,,,,,,,,,,,,,,,,,,,,,,,,,,,,,,,,,,,,,,,,,,,,,,,,,,,,,,,,,,,,,,,,,,,,,,,,,,,,,,,,,,
5XQ72P,0,3,cheese,,One-off label,,,,,,,One-off label,,,,,,,,,,,,,,,,,,,,,,,,,,,,,,,,,,,,,,,,,,,,,,,,,,,,,,,,,,,,,,,,,,,,,One-off label,,,,,,,,,,,,,,,,,,,,,,,,,,,,,,,,,,,,,,,,,,,,,,,,,,,,,,,,,,,,,,,,,,,,,,,,,,,,,,,,,,,,,,,,,,,,,
5XQ72P,0,4,legs,,One-off label,,,,,,,One-off label,,,,,,,,,,,,,,,,,,,,,,,,,,,,,,,,,,,,,,,,,,,,,,,,,,,,,,,,,,,,,,,,,,,,,One-off label,,,,,,,,,,,,,,,,,,,,,,,,,,,,,,,,,,,,,,,,,,,,,,,,,,,,,,,,,,,,,,,,,,,,,,,,,,,,,,,,,,,,,,,,,,,,,
5XQ72P,0,5,fat,,One-off label,,,,,,,One-off label,,,,,,,,,,,,,,,,,,,,,,,,,,,,,,,,,,,,,,,,,,,,,,,,,,,,,,,,,,,,,,,,,,,,,One-off label,,,,,,,,,,,,,,,,,,,,,,,,,,,,,,,,,,,,,,,,,,,,,,,,,,,,,,,,,,,,,,,,,,,,,,,,,,,,,,,,,,,,,,,,,,,,,
5XQ72P,0,6,midget,,One-off label,,,,,,,One-off label,,,,,,,,,,,,,,,,,,,,,,,,,,,,,,,,,,,,,,,,,,,,,,,,,,,,,,,,,,,,,,,,,,,,,One-off label,,,,,,,,,,,,,,,,,,,,,,,,,,,,,,,,,,,,,,,,,,,,,,,,,,,,,,,,,,,,,,,,,,,,,,,,,,,,,,,,,,,,,,,,,,,,,
5XQ72P,0,7,cow,,One-off label,,,,,,,One-off label,,,,,,,,,,,,,,,,,,,,,,,,,,,,,,,,,,,,,,,,,,,,,,,,,,,,,,,,,,,,,,,,,,,,,One-off label,,,,,,,,,,,,,,,,,,,,,,,,,,,,,,,,,,,,,,,,,,,,,,,,,,,,,,,,,,,,,,,,,,,,,,,,,,,,,,,,,,,,,,,,,,,,,
5XQ72P,0,8,tall,,One-off label,,,,,,,One-off label,,,,,,,,,,,,,,,,,,,,,,,,,,,,,,,,,,,,,,,,,,,,,,,,,,,,,,,,,,,,,,,,,,,,,One-off label,,,,,,,,,,,,,,,,,,,,,,,,,,,,,,,,,,,,,,,,,,,,,,,,,,,,,,,,,,,,,,,,,,,,,,,,,,,,,,,,,,,,,,,,,,,,,
5XQ72P,1,1,mute,,,,,,,,,,,,,,,,,,,,,,,,,,,,,,,,,,,,,,,,,,,,,,,,,,,,,,,,,,,,,,,,,,,,,,,,,,,,,,,,One-off label,,,,,,,,,,,,,,,,,,,,,,,,,,,,,,,,,,,Can't tell / Neither,,,,,,,,,,,,,,,,,,,,,,,,,,,,One-off label,,,,,,,,,,,,,,,,,,,,,,,,,,,,
5XQ72P,1,2,candy,,,,,,,,,,,,,,,,,,,,,,,,,,,,,,,,,,,,,,,,,,,,,,,,,,,,,,,,,,,,,,,,,,,,,,,,,,,,,,,,One-off label,,,,,,,,,,,,,,,,,,,,,,,,,,,,,,,,,,,One-off label,,,,,,,,,,,,,,,,,,,,,,,,,,,,Systematic label,,,,,,,,,,,,,,,,,,,,,,,,,,,,
5XQ72P,1,3,cheese,,,,,,,,,,,,,,,,,,,,,,,,,,,,,,,,,,,,,,,,,,,,,,,,,,,,,,,,,,,,,,,,,,,,,,,,,,,,,,,,Can't tell / Neither,,,,,,,,,,,,,,,,,,,,,,,,,,,,,,,,,,,One-off label,,,,,,,,,,,,,,,,,,,,,,,,,,,,One-off label,,,,,,,,,,,,,,,,,,,,,,,,,,,,
5XQ72P,1,4,legs,,,,,,,,,,,,,,,,,,,,,,,,,,,,,,,,,,,,,,,,,,,,,,,,,,,,,,,,,,,,,,,,,,,,,,,,,,,,,,,,Systematic label,,,,,,,,,,,,,,,,,,,,,,,,,,,,,,,,,,,One-off label,,,,,,,,,,,,,,,,,,,,,,,,,,,,Systematic label,,,,,,,,,,,,,,,,,,,,,,,,,,,,
5XQ72P,1,5,fat,,,,,,,,,,,,,,,,,,,,,,,,,,,,,,,,,,,,,,,,,,,,,,,,,,,,,,,,,,,,,,,,,,,,,,,,,,,,,,,,Systematic label,,,,,,,,,,,,,,,,,,,,,,,,,,,,,,,,,,,One-off label,,,,,,,,,,,,,,,,,,,,,,,,,,,,One-off label,,,,,,,,,,,,,,,,,,,,,,,,,,,,
5XQ72P,1,6,midget,,,,,,,,,,,,,,,,,,,,,,,,,,,,,,,,,,,,,,,,,,,,,,,,,,,,,,,,,,,,,,,,,,,,,,,,,,,,,,,,Systematic label,,,,,,,,,,,,,,,,,,,,,,,,,,,,,,,,,,,One-off label,,,,,,,,,,,,,,,,,,,,,,,,,,,,Systematic label,,,,,,,,,,,,,,,,,,,,,,,,,,,,
5XQ72P,1,7,cow,,,,,,,,,,,,,,,,,,,,,,,,,,,,,,,,,,,,,,,,,,,,,,,,,,,,,,,,,,,,,,,,,,,,,,,,,,,,,,,,One-off label,,,,,,,,,,,,,,,,,,,,,,,,,,,,,,,,,,,One-off label,,,,,,,,,,,,,,,,,,,,,,,,,,,,Systematic label,,,,,,,,,,,,,,,,,,,,,,,,,,,,
5XQ72P,1,8,tall,,,,,,,,,,,,,,,,,,,,,,,,,,,,,,,,,,,,,,,,,,,,,,,,,,,,,,,,,,,,,,,,,,,,,,,,,,,,,,,,Systematic label,,,,,,,,,,,,,,,,,,,,,,,,,,,,,,,,,,,One-off label,,,,,,,,,,,,,,,,,,,,,,,,,,,,One-off label,,,,,,,,,,,,,,,,,,,,,,,,,,,,
5Y647G,0,1,purple,,,,,,,,,,,,,,,,,One-off label,,,,,,,,,,,,,,,,,,,,,,,,,,,,,,,,,,,,,,,,,,,,,,,,,,,,,,,,,,,,,,,,,,,,,,,,,,,,,,,,,,,,,,,,,,,,,,,,,,,,,,,,,,,,,,,,,,,,,,,,,,,,,,,,,,,,,,,,,,,,,,,,,,,,,,,,,,
5Y647G,0,2,pink,,,,,,,,,,,,,,,,,One-off label,,,,,,,,,,,,,,,,,,,,,,,,,,,,,,,,,,,,,,,,,,,,,,,,,,,,,,,,,,,,,,,,,,,,,,,,,,,,,,,,,,,,,,,,,,,,,,,,,,,,,,,,,,,,,,,,,,,,,,,,,,,,,,,,,,,,,,,,,,,,,,,,,,,,,,,,,,
5Y647G,0,3,orange,,,,,,,,,,,,,,,,,One-off label,,,,,,,,,,,,,,,,,,,,,,,,,,,,,,,,,,,,,,,,,,,,,,,,,,,,,,,,,,,,,,,,,,,,,,,,,,,,,,,,,,,,,,,,,,,,,,,,,,,,,,,,,,,,,,,,,,,,,,,,,,,,,,,,,,,,,,,,,,,,,,,,,,,,,,,,,,
5Y647G,0,4,brown,,,,,,,,,,,,,,,,,One-off label,,,,,,,,,,,,,,,,,,,,,,,,,,,,,,,,,,,,,,,,,,,,,,,,,,,,,,,,,,,,,,,,,,,,,,,,,,,,,,,,,,,,,,,,,,,,,,,,,,,,,,,,,,,,,,,,,,,,,,,,,,,,,,,,,,,,,,,,,,,,,,,,,,,,,,,,,,
5Y647G,0,5,blue,,,,,,,,,,,,,,,,,One-off label,,,,,,,,,,,,,,,,,,,,,,,,,,,,,,,,,,,,,,,,,,,,,,,,,,,,,,,,,,,,,,,,,,,,,,,,,,,,,,,,,,,,,,,,,,,,,,,,,,,,,,,,,,,,,,,,,,,,,,,,,,,,,,,,,,,,,,,,,,,,,,,,,,,,,,,,,,
5Y647G,0,6,black,,,,,,,,,,,,,,,,,One-off label,,,,,,,,,,,,,,,,,,,,,,,,,,,,,,,,,,,,,,,,,,,,,,,,,,,,,,,,,,,,,,,,,,,,,,,,,,,,,,,,,,,,,,,,,,,,,,,,,,,,,,,,,,,,,,,,,,,,,,,,,,,,,,,,,,,,,,,,,,,,,,,,,,,,,,,,,,
5Y647G,0,7,white,,,,,,,,,,,,,,,,,One-off label,,,,,,,,,,,,,,,,,,,,,,,,,,,,,,,,,,,,,,,,,,,,,,,,,,,,,,,,,,,,,,,,,,,,,,,,,,,,,,,,,,,,,,,,,,,,,,,,,,,,,,,,,,,,,,,,,,,,,,,,,,,,,,,,,,,,,,,,,,,,,,,,,,,,,,,,,,
5Y647G,0,8,gray,,,,,,,,,,,,,,,,,One-off label,,,,,,,,,,,,,,,,,,,,,,,,,,,,,,,,,,,,,,,,,,,,,,,,,,,,,,,,,,,,,,,,,,,,,,,,,,,,,,,,,,,,,,,,,,,,,,,,,,,,,,,,,,,,,,,,,,,,,,,,,,,,,,,,,,,,,,,,,,,,,,,,,,,,,,,,,,
5Y647G,1,1,purple,,,,,,,,,,,,,,,,,,,,,,,,,,,,,,,,,,,,,,,,,,,One-off label,,,,,,,,,,,,,,,,,,,,,,,,,,,,,,,,,,,,,,One-off label,,,,,,,,,,,,,,,,,,,,,,Systematic label,,,,,,,,,,,,,,,,,,,,,,,,,,,,,,,,,,,,,,,,,,,,,,,,,,,,,,,,,,,,,,,,,,,,
5Y647G,1,2,pink,,,,,,,,,,,,,,,,,,,,,,,,,,,,,,,,,,,,,,,,,,,One-off label,,,,,,,,,,,,,,,,,,,,,,,,,,,,,,,,,,,,,,One-off label,,,,,,,,,,,,,,,,,,,,,,Systematic label,,,,,,,,,,,,,,,,,,,,,,,,,,,,,,,,,,,,,,,,,,,,,,,,,,,,,,,,,,,,,,,,,,,,
5Y647G,1,3,orange,,,,,,,,,,,,,,,,,,,,,,,,,,,,,,,,,,,,,,,,,,,One-off label,,,,,,,,,,,,,,,,,,,,,,,,,,,,,,,,,,,,,,One-off label,,,,,,,,,,,,,,,,,,,,,,Systematic label,,,,,,,,,,,,,,,,,,,,,,,,,,,,,,,,,,,,,,,,,,,,,,,,,,,,,,,,,,,,,,,,,,,,
5Y647G,1,4,brown,,,,,,,,,,,,,,,,,,,,,,,,,,,,,,,,,,,,,,,,,,,One-off label,,,,,,,,,,,,,,,,,,,,,,,,,,,,,,,,,,,,,,One-off label,,,,,,,,,,,,,,,,,,,,,,Systematic label,,,,,,,,,,,,,,,,,,,,,,,,,,,,,,,,,,,,,,,,,,,,,,,,,,,,,,,,,,,,,,,,,,,,
5Y647G,1,5,blue,,,,,,,,,,,,,,,,,,,,,,,,,,,,,,,,,,,,,,,,,,,One-off label,,,,,,,,,,,,,,,,,,,,,,,,,,,,,,,,,,,,,,One-off label,,,,,,,,,,,,,,,,,,,,,,Systematic label,,,,,,,,,,,,,,,,,,,,,,,,,,,,,,,,,,,,,,,,,,,,,,,,,,,,,,,,,,,,,,,,,,,,
5Y647G,1,6,black,,,,,,,,,,,,,,,,,,,,,,,,,,,,,,,,,,,,,,,,,,,One-off label,,,,,,,,,,,,,,,,,,,,,,,,,,,,,,,,,,,,,,One-off label,,,,,,,,,,,,,,,,,,,,,,Systematic label,,,,,,,,,,,,,,,,,,,,,,,,,,,,,,,,,,,,,,,,,,,,,,,,,,,,,,,,,,,,,,,,,,,,
5Y647G,1,7,white,,,,,,,,,,,,,,,,,,,,,,,,,,,,,,,,,,,,,,,,,,,One-off label,,,,,,,,,,,,,,,,,,,,,,,,,,,,,,,,,,,,,,One-off label,,,,,,,,,,,,,,,,,,,,,,Systematic label,,,,,,,,,,,,,,,,,,,,,,,,,,,,,,,,,,,,,,,,,,,,,,,,,,,,,,,,,,,,,,,,,,,,
5Y647G,1,8,gray,,,,,,,,,,,,,,,,,,,,,,,,,,,,,,,,,,,,,,,,,,,One-off label,,,,,,,,,,,,,,,,,,,,,,,,,,,,,,,,,,,,,,One-off label,,,,,,,,,,,,,,,,,,,,,,Systematic label,,,,,,,,,,,,,,,,,,,,,,,,,,,,,,,,,,,,,,,,,,,,,,,,,,,,,,,,,,,,,,,,,,,,
5ZXSPS,0,1,wave,,,,,,,,,,,,,,,,,,,,,,,,,,,,,,,,,,,,,,,,,,,,,,,One-off label,,,,,,,,,,,,,,,,,,,,,,,,,,,,,,,One-off label,,,,,,,,,,,,,,,,,,,,,,,,,,,,,,,,,,,,,,,,,,,,,,,,,,,,,,,,,,,,,,One-off label,,,,,,,,,,,,,,,,,,,,,,,,,,,,,,,
5ZXSPS,0,2,zombie,,,,,,,,,,,,,,,,,,,,,,,,,,,,,,,,,,,,,,,,,,,,,,,One-off label,,,,,,,,,,,,,,,,,,,,,,,,,,,,,,,One-off label,,,,,,,,,,,,,,,,,,,,,,,,,,,,,,,,,,,,,,,,,,,,,,,,,,,,,,,,,,,,,,One-off label,,,,,,,,,,,,,,,,,,,,,,,,,,,,,,,
5ZXSPS,0,3,punch,,,,,,,,,,,,,,,,,,,,,,,,,,,,,,,,,,,,,,,,,,,,,,,One-off label,,,,,,,,,,,,,,,,,,,,,,,,,,,,,,,One-off label,,,,,,,,,,,,,,,,,,,,,,,,,,,,,,,,,,,,,,,,,,,,,,,,,,,,,,,,,,,,,,Can't tell / Neither,,,,,,,,,,,,,,,,,,,,,,,,,,,,,,,
5ZXSPS,0,4,kick,,,,,,,,,,,,,,,,,,,,,,,,,,,,,,,,,,,,,,,,,,,,,,,One-off label,,,,,,,,,,,,,,,,,,,,,,,,,,,,,,,One-off label,,,,,,,,,,,,,,,,,,,,,,,,,,,,,,,,,,,,,,,,,,,,,,,,,,,,,,,,,,,,,,One-off label,,,,,,,,,,,,,,,,,,,,,,,,,,,,,,,
5ZXSPS,0,5,hold,,,,,,,,,,,,,,,,,,,,,,,,,,,,,,,,,,,,,,,,,,,,,,,One-off label,,,,,,,,,,,,,,,,,,,,,,,,,,,,,,,One-off label,,,,,,,,,,,,,,,,,,,,,,,,,,,,,,,,,,,,,,,,,,,,,,,,,,,,,,,,,,,,,,Can't tell / Neither,,,,,,,,,,,,,,,,,,,,,,,,,,,,,,,
5ZXSPS,0,6,sit,,,,,,,,,,,,,,,,,,,,,,,,,,,,,,,,,,,,,,,,,,,,,,,One-off label,,,,,,,,,,,,,,,,,,,,,,,,,,,,,,,One-off label,,,,,,,,,,,,,,,,,,,,,,,,,,,,,,,,,,,,,,,,,,,,,,,,,,,,,,,,,,,,,,One-off label,,,,,,,,,,,,,,,,,,,,,,,,,,,,,,,
5ZXSPS,0,7,split,,,,,,,,,,,,,,,,,,,,,,,,,,,,,,,,,,,,,,,,,,,,,,,One-off label,,,,,,,,,,,,,,,,,,,,,,,,,,,,,,,One-off label,,,,,,,,,,,,,,,,,,,,,,,,,,,,,,,,,,,,,,,,,,,,,,,,,,,,,,,,,,,,,,One-off label,,,,,,,,,,,,,,,,,,,,,,,,,,,,,,,
5ZXSPS,0,8,lecture,,,,,,,,,,,,,,,,,,,,,,,,,,,,,,,,,,,,,,,,,,,,,,,Can't tell / Neither,,,,,,,,,,,,,,,,,,,,,,,,,,,,,,,Can't tell / Neither,,,,,,,,,,,,,,,,,,,,,,,,,,,,,,,,,,,,,,,,,,,,,,,,,,,,,,,,,,,,,,Systematic label,,,,,,,,,,,,,,,,,,,,,,,,,,,,,,,
5ZXSPS,1,1,wave,,,,,,,One-off label,,,,,,,,,,,,,,,,,,,,,,,,,,,,,,,,,,,,,,,,,,,,,,,,,,,,,,,,,,,,,,,,,,,,,,,,,,,,,,,,,,,,,,,One-off label,,,,,,,,,,,,One-off label,,,,,,,,,,,,,,,,,,,,,,,,,,,,,,,,,,,,,,,,,,,,,,,,,,,,,,,,,,,,,,,,,
5ZXSPS,1,2,zombie,,,,,,,One-off label,,,,,,,,,,,,,,,,,,,,,,,,,,,,,,,,,,,,,,,,,,,,,,,,,,,,,,,,,,,,,,,,,,,,,,,,,,,,,,,,,,,,,,,One-off label,,,,,,,,,,,,One-off label,,,,,,,,,,,,,,,,,,,,,,,,,,,,,,,,,,,,,,,,,,,,,,,,,,,,,,,,,,,,,,,,,
5ZXSPS,1,3,lecture,,,,,,,One-off label,,,,,,,,,,,,,,,,,,,,,,,,,,,,,,,,,,,,,,,,,,,,,,,,,,,,,,,,,,,,,,,,,,,,,,,,,,,,,,,,,,,,,,,One-off label,,,,,,,,,,,,Can't tell / Neither,,,,,,,,,,,,,,,,,,,,,,,,,,,,,,,,,,,,,,,,,,,,,,,,,,,,,,,,,,,,,,,,,
5ZXSPS,1,4,kick,,,,,,,One-off label,,,,,,,,,,,,,,,,,,,,,,,,,,,,,,,,,,,,,,,,,,,,,,,,,,,,,,,,,,,,,,,,,,,,,,,,,,,,,,,,,,,,,,,One-off label,,,,,,,,,,,,One-off label,,,,,,,,,,,,,,,,,,,,,,,,,,,,,,,,,,,,,,,,,,,,,,,,,,,,,,,,,,,,,,,,,
5ZXSPS,1,5,hold,,,,,,,One-off label,,,,,,,,,,,,,,,,,,,,,,,,,,,,,,,,,,,,,,,,,,,,,,,,,,,,,,,,,,,,,,,,,,,,,,,,,,,,,,,,,,,,,,,One-off label,,,,,,,,,,,,One-off label,,,,,,,,,,,,,,,,,,,,,,,,,,,,,,,,,,,,,,,,,,,,,,,,,,,,,,,,,,,,,,,,,
5ZXSPS,1,6,lecture,,,,,,,One-off label,,,,,,,,,,,,,,,,,,,,,,,,,,,,,,,,,,,,,,,,,,,,,,,,,,,,,,,,,,,,,,,,,,,,,,,,,,,,,,,,,,,,,,,One-off label,,,,,,,,,,,,Can't tell / Neither,,,,,,,,,,,,,,,,,,,,,,,,,,,,,,,,,,,,,,,,,,,,,,,,,,,,,,,,,,,,,,,,,
5ZXSPS,1,7,spilt,,,,,,,One-off label,,,,,,,,,,,,,,,,,,,,,,,,,,,,,,,,,,,,,,,,,,,,,,,,,,,,,,,,,,,,,,,,,,,,,,,,,,,,,,,,,,,,,,,One-off label,,,,,,,,,,,,One-off label,,,,,,,,,,,,,,,,,,,,,,,,,,,,,,,,,,,,,,,,,,,,,,,,,,,,,,,,,,,,,,,,,
5ZXSPS,1,8,lecture,,,,,,,One-off label,,,,,,,,,,,,,,,,,,,,,,,,,,,,,,,,,,,,,,,,,,,,,,,,,,,,,,,,,,,,,,,,,,,,,,,,,,,,,,,,,,,,,,,One-off label,,,,,,,,,,,,Can't tell / Neither,,,,,,,,,,,,,,,,,,,,,,,,,,,,,,,,,,,,,,,,,,,,,,,,,,,,,,,,,,,,,,,,,
63CTX0,0,1,sleeping,,,,,,,,,,,,,,,,,,,,,,,,,,,,,,,,,,,,,,,,,,,,,,,,,,,,,,,,,,,,,,,,,,,,,,,,,,,,,,,,,,,,,,,,,,,,,,,,,,,,One-off label,,,,,,,,,,,,,,,,,,,,,,,,,One-off label,,,,,,,,,,,,,,,,,,,,,,,,,,,,,,,,,,,,,,,,,,,,,,
63CTX0,0,2,running,,,,,,,,,,,,,,,,,,,,,,,,,,,,,,,,,,,,,,,,,,,,,,,,,,,,,,,,,,,,,,,,,,,,,,,,,,,,,,,,,,,,,,,,,,,,,,,,,,,,One-off label,,,,,,,,,,,,,,,,,,,,,,,,,One-off label,,,,,,,,,,,,,,,,,,,,,,,,,,,,,,,,,,,,,,,,,,,,,,
63CTX0,0,3,karate,,,,,,,,,,,,,,,,,,,,,,,,,,,,,,,,,,,,,,,,,,,,,,,,,,,,,,,,,,,,,,,,,,,,,,,,,,,,,,,,,,,,,,,,,,,,,,,,,,,,One-off label,,,,,,,,,,,,,,,,,,,,,,,,,One-off label,,,,,,,,,,,,,,,,,,,,,,,,,,,,,,,,,,,,,,,,,,,,,,
63CTX0,0,4,dog,,,,,,,,,,,,,,,,,,,,,,,,,,,,,,,,,,,,,,,,,,,,,,,,,,,,,,,,,,,,,,,,,,,,,,,,,,,,,,,,,,,,,,,,,,,,,,,,,,,,One-off label,,,,,,,,,,,,,,,,,,,,,,,,,One-off label,,,,,,,,,,,,,,,,,,,,,,,,,,,,,,,,,,,,,,,,,,,,,,
63CTX0,0,5,pointing,,,,,,,,,,,,,,,,,,,,,,,,,,,,,,,,,,,,,,,,,,,,,,,,,,,,,,,,,,,,,,,,,,,,,,,,,,,,,,,,,,,,,,,,,,,,,,,,,,,,One-off label,,,,,,,,,,,,,,,,,,,,,,,,,One-off label,,,,,,,,,,,,,,,,,,,,,,,,,,,,,,,,,,,,,,,,,,,,,,
63CTX0,0,6,squating,,,,,,,,,,,,,,,,,,,,,,,,,,,,,,,,,,,,,,,,,,,,,,,,,,,,,,,,,,,,,,,,,,,,,,,,,,,,,,,,,,,,,,,,,,,,,,,,,,,,One-off label,,,,,,,,,,,,,,,,,,,,,,,,,One-off label,,,,,,,,,,,,,,,,,,,,,,,,,,,,,,,,,,,,,,,,,,,,,,
63CTX0,0,7,dancing,,,,,,,,,,,,,,,,,,,,,,,,,,,,,,,,,,,,,,,,,,,,,,,,,,,,,,,,,,,,,,,,,,,,,,,,,,,,,,,,,,,,,,,,,,,,,,,,,,,,One-off label,,,,,,,,,,,,,,,,,,,,,,,,,One-off label,,,,,,,,,,,,,,,,,,,,,,,,,,,,,,,,,,,,,,,,,,,,,,
63CTX0,0,8,kneeling,,,,,,,,,,,,,,,,,,,,,,,,,,,,,,,,,,,,,,,,,,,,,,,,,,,,,,,,,,,,,,,,,,,,,,,,,,,,,,,,,,,,,,,,,,,,,,,,,,,,One-off label,,,,,,,,,,,,,,,,,,,,,,,,,One-off label,,,,,,,,,,,,,,,,,,,,,,,,,,,,,,,,,,,,,,,,,,,,,,
63CTX0,1,1,sleeping,,,,,,,,,Systematic label,,,,,,,,,,,,,,,,,,,,,,,,,,,,,,,,,,,,,,,,,,,,,,,,,,,,,,,,,,,,,,,,,,,,,,,,,,,,,,,,,,,,,,,,,,,,,,,,,,,,,,,,,,,,,,,,,,,,,,,One-off label,,,,,,,,,,,,,,,,,,,,,,,,,,,,,,,,,,,,,,,,,,,
63CTX0,1,2,running,,,,,,,,,Systematic label,,,,,,,,,,,,,,,,,,,,,,,,,,,,,,,,,,,,,,,,,,,,,,,,,,,,,,,,,,,,,,,,,,,,,,,,,,,,,,,,,,,,,,,,,,,,,,,,,,,,,,,,,,,,,,,,,,,,,,,Can't tell / Neither,,,,,,,,,,,,,,,,,,,,,,,,,,,,,,,,,,,,,,,,,,,
63CTX0,1,3,karate,,,,,,,,,Systematic label,,,,,,,,,,,,,,,,,,,,,,,,,,,,,,,,,,,,,,,,,,,,,,,,,,,,,,,,,,,,,,,,,,,,,,,,,,,,,,,,,,,,,,,,,,,,,,,,,,,,,,,,,,,,,,,,,,,,,,,Can't tell / Neither,,,,,,,,,,,,,,,,,,,,,,,,,,,,,,,,,,,,,,,,,,,
63CTX0,1,4,dog,,,,,,,,,One-off label,,,,,,,,,,,,,,,,,,,,,,,,,,,,,,,,,,,,,,,,,,,,,,,,,,,,,,,,,,,,,,,,,,,,,,,,,,,,,,,,,,,,,,,,,,,,,,,,,,,,,,,,,,,,,,,,,,,,,,,Systematic label,,,,,,,,,,,,,,,,,,,,,,,,,,,,,,,,,,,,,,,,,,,
63CTX0,1,5,pointing,,,,,,,,,Systematic label,,,,,,,,,,,,,,,,,,,,,,,,,,,,,,,,,,,,,,,,,,,,,,,,,,,,,,,,,,,,,,,,,,,,,,,,,,,,,,,,,,,,,,,,,,,,,,,,,,,,,,,,,,,,,,,,,,,,,,,Can't tell / Neither,,,,,,,,,,,,,,,,,,,,,,,,,,,,,,,,,,,,,,,,,,,
63CTX0,1,6,squating,,,,,,,,,Systematic label,,,,,,,,,,,,,,,,,,,,,,,,,,,,,,,,,,,,,,,,,,,,,,,,,,,,,,,,,,,,,,,,,,,,,,,,,,,,,,,,,,,,,,,,,,,,,,,,,,,,,,,,,,,,,,,,,,,,,,,Can't tell / Neither,,,,,,,,,,,,,,,,,,,,,,,,,,,,,,,,,,,,,,,,,,,
63CTX0,1,7,dancing,,,,,,,,,Systematic label,,,,,,,,,,,,,,,,,,,,,,,,,,,,,,,,,,,,,,,,,,,,,,,,,,,,,,,,,,,,,,,,,,,,,,,,,,,,,,,,,,,,,,,,,,,,,,,,,,,,,,,,,,,,,,,,,,,,,,,Can't tell / Neither,,,,,,,,,,,,,,,,,,,,,,,,,,,,,,,,,,,,,,,,,,,
63CTX0,1,8,kneeling,,,,,,,,,Systematic label,,,,,,,,,,,,,,,,,,,,,,,,,,,,,,,,,,,,,,,,,,,,,,,,,,,,,,,,,,,,,,,,,,,,,,,,,,,,,,,,,,,,,,,,,,,,,,,,,,,,,,,,,,,,,,,,,,,,,,,Can't tell / Neither,,,,,,,,,,,,,,,,,,,,,,,,,,,,,,,,,,,,,,,,,,,
6CNH70,0,1,jump,,,,,,One-off label,,,,,,,,,,,,,,,,,,,,,,,,,,,,,,,,,,,,,,,,,,,,,,,,,One-off label,,,,,,,,,,,,,One-off label,,,,,,,,,,,,,,,,,,,,,,,,,,,,,,,,,,,,,,,,,,,,,,,,,,,,,,,,,,,,,,,,,,,,,,,,,,,,,,,,,,,,,,,,,,,,,,,,,,,,,,,
6CNH70,0,2,sad,,,,,,One-off label,,,,,,,,,,,,,,,,,,,,,,,,,,,,,,,,,,,,,,,,,,,,,,,,,One-off label,,,,,,,,,,,,,One-off label,,,,,,,,,,,,,,,,,,,,,,,,,,,,,,,,,,,,,,,,,,,,,,,,,,,,,,,,,,,,,,,,,,,,,,,,,,,,,,,,,,,,,,,,,,,,,,,,,,,,,,,
6CNH70,0,3,mess,,,,,,One-off label,,,,,,,,,,,,,,,,,,,,,,,,,,,,,,,,,,,,,,,,,,,,,,,,,One-off label,,,,,,,,,,,,,One-off label,,,,,,,,,,,,,,,,,,,,,,,,,,,,,,,,,,,,,,,,,,,,,,,,,,,,,,,,,,,,,,,,,,,,,,,,,,,,,,,,,,,,,,,,,,,,,,,,,,,,,,,
6CNH70,0,4,kick,,,,,,One-off label,,,,,,,,,,,,,,,,,,,,,,,,,,,,,,,,,,,,,,,,,,,,,,,,,One-off label,,,,,,,,,,,,,One-off label,,,,,,,,,,,,,,,,,,,,,,,,,,,,,,,,,,,,,,,,,,,,,,,,,,,,,,,,,,,,,,,,,,,,,,,,,,,,,,,,,,,,,,,,,,,,,,,,,,,,,,,
6CNH70,0,5,pray,,,,,,Can't tell / Neither,,,,,,,,,,,,,,,,,,,,,,,,,,,,,,,,,,,,,,,,,,,,,,,,,One-off label,,,,,,,,,,,,,One-off label,,,,,,,,,,,,,,,,,,,,,,,,,,,,,,,,,,,,,,,,,,,,,,,,,,,,,,,,,,,,,,,,,,,,,,,,,,,,,,,,,,,,,,,,,,,,,,,,,,,,,,,
6CNH70,0,6,boy,,,,,,Can't tell / Neither,,,,,,,,,,,,,,,,,,,,,,,,,,,,,,,,,,,,,,,,,,,,,,,,,One-off label,,,,,,,,,,,,,One-off label,,,,,,,,,,,,,,,,,,,,,,,,,,,,,,,,,,,,,,,,,,,,,,,,,,,,,,,,,,,,,,,,,,,,,,,,,,,,,,,,,,,,,,,,,,,,,,,,,,,,,,,
6CNH70,0,7,sit,,,,,,One-off label,,,,,,,,,,,,,,,,,,,,,,,,,,,,,,,,,,,,,,,,,,,,,,,,,One-off label,,,,,,,,,,,,,One-off label,,,,,,,,,,,,,,,,,,,,,,,,,,,,,,,,,,,,,,,,,,,,,,,,,,,,,,,,,,,,,,,,,,,,,,,,,,,,,,,,,,,,,,,,,,,,,,,,,,,,,,,
6CNH70,0,8,girl,,,,,,One-off label,,,,,,,,,,,,,,,,,,,,,,,,,,,,,,,,,,,,,,,,,,,,,,,,,One-off label,,,,,,,,,,,,,One-off label,,,,,,,,,,,,,,,,,,,,,,,,,,,,,,,,,,,,,,,,,,,,,,,,,,,,,,,,,,,,,,,,,,,,,,,,,,,,,,,,,,,,,,,,,,,,,,,,,,,,,,,
6CNH70,1,1,jump,,,,,,One-off label,,,,,,,,,,,,,,,,,,,,,,,,,,,,,,,,,,One-off label,,,,,,,,,,,,,,,,,,,,,,,,,,,,,,,,,,,,,,,,,,,,,,,,,,,,,,,,,,,,,,,,,,,,,,,,,,,,,,,,,,,,,,,,,,,,,,,,,,,Can't tell / Neither,,,,,,,,,,,,,,,,,,,,,,,,,,,,,,,,
6CNH70,1,2,sad,,,,,,One-off label,,,,,,,,,,,,,,,,,,,,,,,,,,,,,,,,,,One-off label,,,,,,,,,,,,,,,,,,,,,,,,,,,,,,,,,,,,,,,,,,,,,,,,,,,,,,,,,,,,,,,,,,,,,,,,,,,,,,,,,,,,,,,,,,,,,,,,,,,One-off label,,,,,,,,,,,,,,,,,,,,,,,,,,,,,,,,
6CNH70,1,3,mess,,,,,,Can't tell / Neither,,,,,,,,,,,,,,,,,,,,,,,,,,,,,,,,,,One-off label,,,,,,,,,,,,,,,,,,,,,,,,,,,,,,,,,,,,,,,,,,,,,,,,,,,,,,,,,,,,,,,,,,,,,,,,,,,,,,,,,,,,,,,,,,,,,,,,,,,Can't tell / Neither,,,,,,,,,,,,,,,,,,,,,,,,,,,,,,,,
6CNH70,1,4,kick,,,,,,Can't tell / Neither,,,,,,,,,,,,,,,,,,,,,,,,,,,,,,,,,,Systematic label,,,,,,,,,,,,,,,,,,,,,,,,,,,,,,,,,,,,,,,,,,,,,,,,,,,,,,,,,,,,,,,,,,,,,,,,,,,,,,,,,,,,,,,,,,,,,,,,,,,Can't tell / Neither,,,,,,,,,,,,,,,,,,,,,,,,,,,,,,,,
6CNH70,1,5,pray,,,,,,One-off label,,,,,,,,,,,,,,,,,,,,,,,,,,,,,,,,,,One-off label,,,,,,,,,,,,,,,,,,,,,,,,,,,,,,,,,,,,,,,,,,,,,,,,,,,,,,,,,,,,,,,,,,,,,,,,,,,,,,,,,,,,,,,,,,,,,,,,,,,One-off label,,,,,,,,,,,,,,,,,,,,,,,,,,,,,,,,
6CNH70,1,6,boy,,,,,,One-off label,,,,,,,,,,,,,,,,,,,,,,,,,,,,,,,,,,One-off label,,,,,,,,,,,,,,,,,,,,,,,,,,,,,,,,,,,,,,,,,,,,,,,,,,,,,,,,,,,,,,,,,,,,,,,,,,,,,,,,,,,,,,,,,,,,,,,,,,,One-off label,,,,,,,,,,,,,,,,,,,,,,,,,,,,,,,,
6CNH70,1,7,sit,,,,,,One-off label,,,,,,,,,,,,,,,,,,,,,,,,,,,,,,,,,,One-off label,,,,,,,,,,,,,,,,,,,,,,,,,,,,,,,,,,,,,,,,,,,,,,,,,,,,,,,,,,,,,,,,,,,,,,,,,,,,,,,,,,,,,,,,,,,,,,,,,,,One-off label,,,,,,,,,,,,,,,,,,,,,,,,,,,,,,,,
6CNH70,1,8,girl,,,,,,Can't tell / Neither,,,,,,,,,,,,,,,,,,,,,,,,,,,,,,,,,,One-off label,,,,,,,,,,,,,,,,,,,,,,,,,,,,,,,,,,,,,,,,,,,,,,,,,,,,,,,,,,,,,,,,,,,,,,,,,,,,,,,,,,,,,,,,,,,,,,,,,,,One-off label,,,,,,,,,,,,,,,,,,,,,,,,,,,,,,,,
6FYRF3,0,1,purple black yellow big,,,,,,,,,,,,,,,,,,,,,,,,,,,,,,,,,,,,,,,,,,,,,,,,,,,,,,,,,,,,,,,,,,,,,,,,,,,,,,,,,,Systematic label,,,,Systematic label,,,,,,,,,,,,,,,,,,,,,,,,,,,,,,,,,,,,,,,,,,,,,,,,,,,,,,,,,One-off label,,,,,,,,,,,,,,,,,,,,,,,,,,,,
6FYRF3,0,2,small yellow,,,,,,,,,,,,,,,,,,,,,,,,,,,,,,,,,,,,,,,,,,,,,,,,,,,,,,,,,,,,,,,,,,,,,,,,,,,,,,,,,,Systematic label,,,,Systematic label,,,,,,,,,,,,,,,,,,,,,,,,,,,,,,,,,,,,,,,,,,,,,,,,,,,,,,,,,Systematic label,,,,,,,,,,,,,,,,,,,,,,,,,,,,
6FYRF3,0,3,orange red brown,,,,,,,,,,,,,,,,,,,,,,,,,,,,,,,,,,,,,,,,,,,,,,,,,,,,,,,,,,,,,,,,,,,,,,,,,,,,,,,,,,Systematic label,,,,Systematic label,,,,,,,,,,,,,,,,,,,,,,,,,,,,,,,,,,,,,,,,,,,,,,,,,,,,,,,,,One-off label,,,,,,,,,,,,,,,,,,,,,,,,,,,,
6FYRF3,0,4,orange red brown og,,,,,,,,,,,,,,,,,,,,,,,,,,,,,,,,,,,,,,,,,,,,,,,,,,,,,,,,,,,,,,,,,,,,,,,,,,,,,,,,,,Systematic label,,,,Systematic label,,,,,,,,,,,,,,,,,,,,,,,,,,,,,,,,,,,,,,,,,,,,,,,,,,,,,,,,,Systematic label,,,,,,,,,,,,,,,,,,,,,,,,,,,,
6FYRF3,0,5,blue,,,,,,,,,,,,,,,,,,,,,,,,,,,,,,,,,,,,,,,,,,,,,,,,,,,,,,,,,,,,,,,,,,,,,,,,,,,,,,,,,,Systematic label,,,,Systematic label,,,,,,,,,,,,,,,,,,,,,,,,,,,,,,,,,,,,,,,,,,,,,,,,,,,,,,,,,One-off label,,,,,,,,,,,,,,,,,,,,,,,,,,,,
6FYRF3,0,6,small black,,,,,,,,,,,,,,,,,,,,,,,,,,,,,,,,,,,,,,,,,,,,,,,,,,,,,,,,,,,,,,,,,,,,,,,,,,,,,,,,,,Systematic label,,,,Systematic label,,,,,,,,,,,,,,,,,,,,,,,,,,,,,,,,,,,,,,,,,,,,,,,,,,,,,,,,,Systematic label,,,,,,,,,,,,,,,,,,,,,,,,,,,,
6FYRF3,0,7,purple black yellow,,,,,,,,,,,,,,,,,,,,,,,,,,,,,,,,,,,,,,,,,,,,,,,,,,,,,,,,,,,,,,,,,,,,,,,,,,,,,,,,,,Systematic label,,,,Systematic label,,,,,,,,,,,,,,,,,,,,,,,,,,,,,,,,,,,,,,,,,,,,,,,,,,,,,,,,,Systematic label,,,,,,,,,,,,,,,,,,,,,,,,,,,,
6FYRF3,0,8,penguin,,,,,,,,,,,,,,,,,,,,,,,,,,,,,,,,,,,,,,,,,,,,,,,,,,,,,,,,,,,,,,,,,,,,,,,,,,,,,,,,,,One-off label,,,,One-off label,,,,,,,,,,,,,,,,,,,,,,,,,,,,,,,,,,,,,,,,,,,,,,,,,,,,,,,,,One-off label,,,,,,,,,,,,,,,,,,,,,,,,,,,,
6FYRF3,1,1,purple black yellow big,,,,,,,,,,,,,,,,,,,,,,,,,,,,,,,,,,,,,,,,,,,,,,,,,,,,,,,,,,,,,,,,,,,,,,,,,,,,,,,,,,,,,,,,,,,,,,,,,Systematic label,,,,,,Systematic label,,,,,,,,,,,,,,,,,,,,,,,,,,,,,,,,,,,,,,,,,,,,,,,,,,,,,,,,,,,,,,,,,Systematic label,,,
6FYRF3,1,2,small purple,,,,,,,,,,,,,,,,,,,,,,,,,,,,,,,,,,,,,,,,,,,,,,,,,,,,,,,,,,,,,,,,,,,,,,,,,,,,,,,,,,,,,,,,,,,,,,,,,Systematic label,,,,,,Systematic label,,,,,,,,,,,,,,,,,,,,,,,,,,,,,,,,,,,,,,,,,,,,,,,,,,,,,,,,,,,,,,,,,Systematic label,,,
6FYRF3,1,3,orange red brown,,,,,,,,,,,,,,,,,,,,,,,,,,,,,,,,,,,,,,,,,,,,,,,,,,,,,,,,,,,,,,,,,,,,,,,,,,,,,,,,,,,,,,,,,,,,,,,,,Systematic label,,,,,,Systematic label,,,,,,,,,,,,,,,,,,,,,,,,,,,,,,,,,,,,,,,,,,,,,,,,,,,,,,,,,,,,,,,,,Systematic label,,,
6FYRF3,1,4,orange red brown og,,,,,,,,,,,,,,,,,,,,,,,,,,,,,,,,,,,,,,,,,,,,,,,,,,,,,,,,,,,,,,,,,,,,,,,,,,,,,,,,,,,,,,,,,,,,,,,,,Systematic label,,,,,,Systematic label,,,,,,,,,,,,,,,,,,,,,,,,,,,,,,,,,,,,,,,,,,,,,,,,,,,,,,,,,,,,,,,,,Systematic label,,,
6FYRF3,1,5,orange blue brown,,,,,,,,,,,,,,,,,,,,,,,,,,,,,,,,,,,,,,,,,,,,,,,,,,,,,,,,,,,,,,,,,,,,,,,,,,,,,,,,,,,,,,,,,,,,,,,,,Systematic label,,,,,,Systematic label,,,,,,,,,,,,,,,,,,,,,,,,,,,,,,,,,,,,,,,,,,,,,,,,,,,,,,,,,,,,,,,,,Systematic label,,,
6FYRF3,1,6,small black,,,,,,,,,,,,,,,,,,,,,,,,,,,,,,,,,,,,,,,,,,,,,,,,,,,,,,,,,,,,,,,,,,,,,,,,,,,,,,,,,,,,,,,,,,,,,,,,,Systematic label,,,,,,Systematic label,,,,,,,,,,,,,,,,,,,,,,,,,,,,,,,,,,,,,,,,,,,,,,,,,,,,,,,,,,,,,,,,,Systematic label,,,
6FYRF3,1,7,purple black yellow small,,,,,,,,,,,,,,,,,,,,,,,,,,,,,,,,,,,,,,,,,,,,,,,,,,,,,,,,,,,,,,,,,,,,,,,,,,,,,,,,,,,,,,,,,,,,,,,,,Systematic label,,,,,,Systematic label,,,,,,,,,,,,,,,,,,,,,,,,,,,,,,,,,,,,,,,,,,,,,,,,,,,,,,,,,,,,,,,,,Systematic label,,,
6FYRF3,1,8,penguin,,,,,,,,,,,,,,,,,,,,,,,,,,,,,,,,,,,,,,,,,,,,,,,,,,,,,,,,,,,,,,,,,,,,,,,,,,,,,,,,,,,,,,,,,,,,,,,,,One-off label,,,,,,One-off label,,,,,,,,,,,,,,,,,,,,,,,,,,,,,,,,,,,,,,,,,,,,,,,,,,,,,,,,,,,,,,,,,One-off label,,,
6HY7NX,0,1,cheer,,,,,,,,,,,,,,,,,,,,,,,,Systematic label,,,,,,,,,,,,,,,,,,,,,,,,,,,,,,,,,,,,,,,,,,,,,,,,,,,,,,,,,,,,,,,,One-off label,,,,,,,,,,,,,,,,,,,,,,,,,,,,,,,,,,,,,,,,,,,,,,,,,,,,,,,,,,,Systematic label,,,,,,,,,,,,,,,,,,,,,,,,
6HY7NX,0,2,zombie,,,,,,,,,,,,,,,,,,,,,,,,Systematic label,,,,,,,,,,,,,,,,,,,,,,,,,,,,,,,,,,,,,,,,,,,,,,,,,,,,,,,,,,,,,,,,One-off label,,,,,,,,,,,,,,,,,,,,,,,,,,,,,,,,,,,,,,,,,,,,,,,,,,,,,,,,,,,One-off label,,,,,,,,,,,,,,,,,,,,,,,,
6HY7NX,0,3,kung fu,,,,,,,,,,,,,,,,,,,,,,,,Systematic label,,,,,,,,,,,,,,,,,,,,,,,,,,,,,,,,,,,,,,,,,,,,,,,,,,,,,,,,,,,,,,,,One-off label,,,,,,,,,,,,,,,,,,,,,,,,,,,,,,,,,,,,,,,,,,,,,,,,,,,,,,,,,,,Systematic label,,,,,,,,,,,,,,,,,,,,,,,,
6HY7NX,0,4,balance,,,,,,,,,,,,,,,,,,,,,,,,Systematic label,,,,,,,,,,,,,,,,,,,,,,,,,,,,,,,,,,,,,,,,,,,,,,,,,,,,,,,,,,,,,,,,One-off label,,,,,,,,,,,,,,,,,,,,,,,,,,,,,,,,,,,,,,,,,,,,,,,,,,,,,,,,,,,Systematic label,,,,,,,,,,,,,,,,,,,,,,,,
6HY7NX,0,5,graduate,,,,,,,,,,,,,,,,,,,,,,,,One-off label,,,,,,,,,,,,,,,,,,,,,,,,,,,,,,,,,,,,,,,,,,,,,,,,,,,,,,,,,,,,,,,,One-off label,,,,,,,,,,,,,,,,,,,,,,,,,,,,,,,,,,,,,,,,,,,,,,,,,,,,,,,,,,,Systematic label,,,,,,,,,,,,,,,,,,,,,,,,
6HY7NX,0,6,pray,,,,,,,,,,,,,,,,,,,,,,,,One-off label,,,,,,,,,,,,,,,,,,,,,,,,,,,,,,,,,,,,,,,,,,,,,,,,,,,,,,,,,,,,,,,,One-off label,,,,,,,,,,,,,,,,,,,,,,,,,,,,,,,,,,,,,,,,,,,,,,,,,,,,,,,,,,,Systematic label,,,,,,,,,,,,,,,,,,,,,,,,
6HY7NX,0,7,dance,,,,,,,,,,,,,,,,,,,,,,,,Systematic label,,,,,,,,,,,,,,,,,,,,,,,,,,,,,,,,,,,,,,,,,,,,,,,,,,,,,,,,,,,,,,,,One-off label,,,,,,,,,,,,,,,,,,,,,,,,,,,,,,,,,,,,,,,,,,,,,,,,,,,,,,,,,,,Systematic label,,,,,,,,,,,,,,,,,,,,,,,,
6HY7NX,0,8,dead,,,,,,,,,,,,,,,,,,,,,,,,One-off label,,,,,,,,,,,,,,,,,,,,,,,,,,,,,,,,,,,,,,,,,,,,,,,,,,,,,,,,,,,,,,,,One-off label,,,,,,,,,,,,,,,,,,,,,,,,,,,,,,,,,,,,,,,,,,,,,,,,,,,,,,,,,,,Can't tell / Neither,,,,,,,,,,,,,,,,,,,,,,,,
6HY7NX,1,1,cheer,,,,,,,,,,,,,,,,,,,,,,,,,,,,,,,,,,,,,,,,,,,,,,,,,,,,,,,,,,,,,One-off label,,,,,,,,,,,,,,,,,,,,,,,,,,,,,,,,,,,One-off label,,,,,,,,,,,,,,,,,,,,,,,,,,,,,,,,,,,,,,,,,,,,,,,,,,,,,,,,,,,One-off label,,,,,,,,,,,,,,,,
6HY7NX,1,2,zombie,,,,,,,,,,,,,,,,,,,,,,,,,,,,,,,,,,,,,,,,,,,,,,,,,,,,,,,,,,,,,One-off label,,,,,,,,,,,,,,,,,,,,,,,,,,,,,,,,,,,One-off label,,,,,,,,,,,,,,,,,,,,,,,,,,,,,,,,,,,,,,,,,,,,,,,,,,,,,,,,,,,One-off label,,,,,,,,,,,,,,,,
6HY7NX,1,3,kung fu,,,,,,,,,,,,,,,,,,,,,,,,,,,,,,,,,,,,,,,,,,,,,,,,,,,,,,,,,,,,,One-off label,,,,,,,,,,,,,,,,,,,,,,,,,,,,,,,,,,,One-off label,,,,,,,,,,,,,,,,,,,,,,,,,,,,,,,,,,,,,,,,,,,,,,,,,,,,,,,,,,,One-off label,,,,,,,,,,,,,,,,
6HY7NX,1,4,balance,,,,,,,,,,,,,,,,,,,,,,,,,,,,,,,,,,,,,,,,,,,,,,,,,,,,,,,,,,,,,One-off label,,,,,,,,,,,,,,,,,,,,,,,,,,,,,,,,,,,One-off label,,,,,,,,,,,,,,,,,,,,,,,,,,,,,,,,,,,,,,,,,,,,,,,,,,,,,,,,,,,One-off label,,,,,,,,,,,,,,,,
6HY7NX,1,5,graduate,,,,,,,,,,,,,,,,,,,,,,,,,,,,,,,,,,,,,,,,,,,,,,,,,,,,,,,,,,,,,One-off label,,,,,,,,,,,,,,,,,,,,,,,,,,,,,,,,,,,One-off label,,,,,,,,,,,,,,,,,,,,,,,,,,,,,,,,,,,,,,,,,,,,,,,,,,,,,,,,,,,One-off label,,,,,,,,,,,,,,,,
6HY7NX,1,6,dead,,,,,,,,,,,,,,,,,,,,,,,,,,,,,,,,,,,,,,,,,,,,,,,,,,,,,,,,,,,,,One-off label,,,,,,,,,,,,,,,,,,,,,,,,,,,,,,,,,,,One-off label,,,,,,,,,,,,,,,,,,,,,,,,,,,,,,,,,,,,,,,,,,,,,,,,,,,,,,,,,,,One-off label,,,,,,,,,,,,,,,,
6HY7NX,1,7,dance,,,,,,,,,,,,,,,,,,,,,,,,,,,,,,,,,,,,,,,,,,,,,,,,,,,,,,,,,,,,,One-off label,,,,,,,,,,,,,,,,,,,,,,,,,,,,,,,,,,,One-off label,,,,,,,,,,,,,,,,,,,,,,,,,,,,,,,,,,,,,,,,,,,,,,,,,,,,,,,,,,,One-off label,,,,,,,,,,,,,,,,
6HY7NX,1,8,pray,,,,,,,,,,,,,,,,,,,,,,,,,,,,,,,,,,,,,,,,,,,,,,,,,,,,,,,,,,,,,One-off label,,,,,,,,,,,,,,,,,,,,,,,,,,,,,,,,,,,One-off label,,,,,,,,,,,,,,,,,,,,,,,,,,,,,,,,,,,,,,,,,,,,,,,,,,,,,,,,,,,One-off label,,,,,,,,,,,,,,,,
6RJ7Z8,0,1,flying,,,,,,,,,,,,,,,,,,,,,,,,,,,,,,,,,,,,,,,,,,,,,,,,,,,,,,,,,,,,,One-off label,,,,,,,,,,,,,,,,,,,,,,,,,,One-off label,,,,,,,,,,,,,,,,,,,,,,,,,,,,One-off label,,,,,,,,,,,,,,,,,,,,,,,,,,,,,,,,,,,,,,,,,,,,,,,,,,,,,,,,
6RJ7Z8,0,2,dancing,,,,,,,,,,,,,,,,,,,,,,,,,,,,,,,,,,,,,,,,,,,,,,,,,,,,,,,,,,,,,One-off label,,,,,,,,,,,,,,,,,,,,,,,,,,One-off label,,,,,,,,,,,,,,,,,,,,,,,,,,,,One-off label,,,,,,,,,,,,,,,,,,,,,,,,,,,,,,,,,,,,,,,,,,,,,,,,,,,,,,,,
6RJ7Z8,0,3,crane,,,,,,,,,,,,,,,,,,,,,,,,,,,,,,,,,,,,,,,,,,,,,,,,,,,,,,,,,,,,,One-off label,,,,,,,,,,,,,,,,,,,,,,,,,,One-off label,,,,,,,,,,,,,,,,,,,,,,,,,,,,One-off label,,,,,,,,,,,,,,,,,,,,,,,,,,,,,,,,,,,,,,,,,,,,,,,,,,,,,,,,
6RJ7Z8,0,4,ballerina,,,,,,,,,,,,,,,,,,,,,,,,,,,,,,,,,,,,,,,,,,,,,,,,,,,,,,,,,,,,,One-off label,,,,,,,,,,,,,,,,,,,,,,,,,,One-off label,,,,,,,,,,,,,,,,,,,,,,,,,,,,One-off label,,,,,,,,,,,,,,,,,,,,,,,,,,,,,,,,,,,,,,,,,,,,,,,,,,,,,,,,
6RJ7Z8,0,5,teacher,,,,,,,,,,,,,,,,,,,,,,,,,,,,,,,,,,,,,,,,,,,,,,,,,,,,,,,,,,,,,One-off label,,,,,,,,,,,,,,,,,,,,,,,,,,One-off label,,,,,,,,,,,,,,,,,,,,,,,,,,,,One-off label,,,,,,,,,,,,,,,,,,,,,,,,,,,,,,,,,,,,,,,,,,,,,,,,,,,,,,,,
6RJ7Z8,0,6,praying,,,,,,,,,,,,,,,,,,,,,,,,,,,,,,,,,,,,,,,,,,,,,,,,,,,,,,,,,,,,,One-off label,,,,,,,,,,,,,,,,,,,,,,,,,,One-off label,,,,,,,,,,,,,,,,,,,,,,,,,,,,One-off label,,,,,,,,,,,,,,,,,,,,,,,,,,,,,,,,,,,,,,,,,,,,,,,,,,,,,,,,
6RJ7Z8,0,7,fighting,,,,,,,,,,,,,,,,,,,,,,,,,,,,,,,,,,,,,,,,,,,,,,,,,,,,,,,,,,,,,One-off label,,,,,,,,,,,,,,,,,,,,,,,,,,One-off label,,,,,,,,,,,,,,,,,,,,,,,,,,,,One-off label,,,,,,,,,,,,,,,,,,,,,,,,,,,,,,,,,,,,,,,,,,,,,,,,,,,,,,,,
6RJ7Z8,0,8,kneeling,,,,,,,,,,,,,,,,,,,,,,,,,,,,,,,,,,,,,,,,,,,,,,,,,,,,,,,,,,,,,One-off label,,,,,,,,,,,,,,,,,,,,,,,,,,One-off label,,,,,,,,,,,,,,,,,,,,,,,,,,,,One-off label,,,,,,,,,,,,,,,,,,,,,,,,,,,,,,,,,,,,,,,,,,,,,,,,,,,,,,,,
6RJ7Z8,1,1,flying,,,,,,,,,,,,,,,,,,,,,,,,,,,,,,,,,,,,,,,,,,,,,,,,,,,,,,,,,,,,,,,,,,,,,,,,,,,One-off label,,,,,,,,,,,,,,,,,,,,,,,,,,,,,One-off label,,,,,,,,,,,,,,,,,,,,,,,,,,,,,,,,,,,,,,,,,,,,,,,,,,,,,,,,One-off label,,,,,,,,,,,
6RJ7Z8,1,2,dancing,,,,,,,,,,,,,,,,,,,,,,,,,,,,,,,,,,,,,,,,,,,,,,,,,,,,,,,,,,,,,,,,,,,,,,,,,,,One-off label,,,,,,,,,,,,,,,,,,,,,,,,,,,,,One-off label,,,,,,,,,,,,,,,,,,,,,,,,,,,,,,,,,,,,,,,,,,,,,,,,,,,,,,,,One-off label,,,,,,,,,,,
6RJ7Z8,1,3,crane,,,,,,,,,,,,,,,,,,,,,,,,,,,,,,,,,,,,,,,,,,,,,,,,,,,,,,,,,,,,,,,,,,,,,,,,,,,One-off label,,,,,,,,,,,,,,,,,,,,,,,,,,,,,Systematic label,,,,,,,,,,,,,,,,,,,,,,,,,,,,,,,,,,,,,,,,,,,,,,,,,,,,,,,,One-off label,,,,,,,,,,,
6RJ7Z8,1,4,ballerina,,,,,,,,,,,,,,,,,,,,,,,,,,,,,,,,,,,,,,,,,,,,,,,,,,,,,,,,,,,,,,,,,,,,,,,,,,,One-off label,,,,,,,,,,,,,,,,,,,,,,,,,,,,,One-off label,,,,,,,,,,,,,,,,,,,,,,,,,,,,,,,,,,,,,,,,,,,,,,,,,,,,,,,,One-off label,,,,,,,,,,,
6RJ7Z8,1,5,teacher,,,,,,,,,,,,,,,,,,,,,,,,,,,,,,,,,,,,,,,,,,,,,,,,,,,,,,,,,,,,,,,,,,,,,,,,,,,One-off label,,,,,,,,,,,,,,,,,,,,,,,,,,,,,One-off label,,,,,,,,,,,,,,,,,,,,,,,,,,,,,,,,,,,,,,,,,,,,,,,,,,,,,,,,One-off label,,,,,,,,,,,
6RJ7Z8,1,6,praying,,,,,,,,,,,,,,,,,,,,,,,,,,,,,,,,,,,,,,,,,,,,,,,,,,,,,,,,,,,,,,,,,,,,,,,,,,,One-off label,,,,,,,,,,,,,,,,,,,,,,,,,,,,,Systematic label,,,,,,,,,,,,,,,,,,,,,,,,,,,,,,,,,,,,,,,,,,,,,,,,,,,,,,,,One-off label,,,,,,,,,,,
6RJ7Z8,1,7,fighting,,,,,,,,,,,,,,,,,,,,,,,,,,,,,,,,,,,,,,,,,,,,,,,,,,,,,,,,,,,,,,,,,,,,,,,,,,,One-off label,,,,,,,,,,,,,,,,,,,,,,,,,,,,,Can't tell / Neither,,,,,,,,,,,,,,,,,,,,,,,,,,,,,,,,,,,,,,,,,,,,,,,,,,,,,,,,One-off label,,,,,,,,,,,
6RJ7Z8,1,8,kneeling,,,,,,,,,,,,,,,,,,,,,,,,,,,,,,,,,,,,,,,,,,,,,,,,,,,,,,,,,,,,,,,,,,,,,,,,,,,One-off label,,,,,,,,,,,,,,,,,,,,,,,,,,,,,One-off label,,,,,,,,,,,,,,,,,,,,,,,,,,,,,,,,,,,,,,,,,,,,,,,,,,,,,,,,One-off label,,,,,,,,,,,
6TEJDC,0,1,purple right back yellow purple,,,,,,,,,,,,,,,,,,,,,,,,,,,,,,,,,,,,,,,,,,,,,,,,,,,,,,,,,,,,,,,,,,Systematic label,,,,,,,,,,,,,,,,,,,,,,,,,,,,,,,,,,,,Systematic label,,,,,,,,,,,,,,,,,,,,,,,,,,,,,,,,,,,,Systematic label,,,,,,,,,,,,,,,,,,,,,,,,,,,,,,,,,
6TEJDC,0,2,purple right black yellow pink,,,,,,,,,,,,,,,,,,,,,,,,,,,,,,,,,,,,,,,,,,,,,,,,,,,,,,,,,,,,,,,,,,Systematic label,,,,,,,,,,,,,,,,,,,,,,,,,,,,,,,,,,,,Systematic label,,,,,,,,,,,,,,,,,,,,,,,,,,,,,,,,,,,,Systematic label,,,,,,,,,,,,,,,,,,,,,,,,,,,,,,,,,
6TEJDC,0,3,red left red brown orange,,,,,,,,,,,,,,,,,,,,,,,,,,,,,,,,,,,,,,,,,,,,,,,,,,,,,,,,,,,,,,,,,,Systematic label,,,,,,,,,,,,,,,,,,,,,,,,,,,,,,,,,,,,Systematic label,,,,,,,,,,,,,,,,,,,,,,,,,,,,,,,,,,,,Systematic label,,,,,,,,,,,,,,,,,,,,,,,,,,,,,,,,,
6TEJDC,0,4,red left red brown brown,,,,,,,,,,,,,,,,,,,,,,,,,,,,,,,,,,,,,,,,,,,,,,,,,,,,,,,,,,,,,,,,,,Systematic label,,,,,,,,,,,,,,,,,,,,,,,,,,,,,,,,,,,,Systematic label,,,,,,,,,,,,,,,,,,,,,,,,,,,,,,,,,,,,Systematic label,,,,,,,,,,,,,,,,,,,,,,,,,,,,,,,,,
6TEJDC,0,5,red left red brown blue,,,,,,,,,,,,,,,,,,,,,,,,,,,,,,,,,,,,,,,,,,,,,,,,,,,,,,,,,,,,,,,,,,Systematic label,,,,,,,,,,,,,,,,,,,,,,,,,,,,,,,,,,,,Systematic label,,,,,,,,,,,,,,,,,,,,,,,,,,,,,,,,,,,,Systematic label,,,,,,,,,,,,,,,,,,,,,,,,,,,,,,,,,
6TEJDC,0,6,red left red brown black,,,,,,,,,,,,,,,,,,,,,,,,,,,,,,,,,,,,,,,,,,,,,,,,,,,,,,,,,,,,,,,,,,Systematic label,,,,,,,,,,,,,,,,,,,,,,,,,,,,,,,,,,,,Systematic label,,,,,,,,,,,,,,,,,,,,,,,,,,,,,,,,,,,,Systematic label,,,,,,,,,,,,,,,,,,,,,,,,,,,,,,,,,
6TEJDC,0,7,purple right black yellow white,,,,,,,,,,,,,,,,,,,,,,,,,,,,,,,,,,,,,,,,,,,,,,,,,,,,,,,,,,,,,,,,,,Systematic label,,,,,,,,,,,,,,,,,,,,,,,,,,,,,,,,,,,,Systematic label,,,,,,,,,,,,,,,,,,,,,,,,,,,,,,,,,,,,Systematic label,,,,,,,,,,,,,,,,,,,,,,,,,,,,,,,,,
6TEJDC,0,8,purple right black yellow white brown,,,,,,,,,,,,,,,,,,,,,,,,,,,,,,,,,,,,,,,,,,,,,,,,,,,,,,,,,,,,,,,,,,Systematic label,,,,,,,,,,,,,,,,,,,,,,,,,,,,,,,,,,,,Systematic label,,,,,,,,,,,,,,,,,,,,,,,,,,,,,,,,,,,,Systematic label,,,,,,,,,,,,,,,,,,,,,,,,,,,,,,,,,
6TEJDC,1,1,purple right black yellow purple,,,,,,,,,,,,,,,,,,,,,,,,,,,,,,,,,,,,,,,,,,,,,,,,,,,,,,,,,,,,,,,,,,,,,,,,,,,,,,,,,,,,,,,,,,,,,,,,,,,,,,,,,,,,,,,,,,,,,,,,,,,,,,,,,,,,Systematic label,,,,,,,,,,,,,,,,,,,,,,,,,,Systematic label,,Systematic label,,,,,,,,,,,
6TEJDC,1,2,purple right black yellow pink,,,,,,,,,,,,,,,,,,,,,,,,,,,,,,,,,,,,,,,,,,,,,,,,,,,,,,,,,,,,,,,,,,,,,,,,,,,,,,,,,,,,,,,,,,,,,,,,,,,,,,,,,,,,,,,,,,,,,,,,,,,,,,,,,,,,Systematic label,,,,,,,,,,,,,,,,,,,,,,,,,,Systematic label,,Systematic label,,,,,,,,,,,
6TEJDC,1,3,red left red brown orange,,,,,,,,,,,,,,,,,,,,,,,,,,,,,,,,,,,,,,,,,,,,,,,,,,,,,,,,,,,,,,,,,,,,,,,,,,,,,,,,,,,,,,,,,,,,,,,,,,,,,,,,,,,,,,,,,,,,,,,,,,,,,,,,,,,,Systematic label,,,,,,,,,,,,,,,,,,,,,,,,,,Systematic label,,Systematic label,,,,,,,,,,,
6TEJDC,1,4,red left red brown brown,,,,,,,,,,,,,,,,,,,,,,,,,,,,,,,,,,,,,,,,,,,,,,,,,,,,,,,,,,,,,,,,,,,,,,,,,,,,,,,,,,,,,,,,,,,,,,,,,,,,,,,,,,,,,,,,,,,,,,,,,,,,,,,,,,,,Systematic label,,,,,,,,,,,,,,,,,,,,,,,,,,Systematic label,,Systematic label,,,,,,,,,,,
6TEJDC,1,5,red left red brown blue,,,,,,,,,,,,,,,,,,,,,,,,,,,,,,,,,,,,,,,,,,,,,,,,,,,,,,,,,,,,,,,,,,,,,,,,,,,,,,,,,,,,,,,,,,,,,,,,,,,,,,,,,,,,,,,,,,,,,,,,,,,,,,,,,,,,Systematic label,,,,,,,,,,,,,,,,,,,,,,,,,,Systematic label,,Systematic label,,,,,,,,,,,
6TEJDC,1,6,red left red brown black,,,,,,,,,,,,,,,,,,,,,,,,,,,,,,,,,,,,,,,,,,,,,,,,,,,,,,,,,,,,,,,,,,,,,,,,,,,,,,,,,,,,,,,,,,,,,,,,,,,,,,,,,,,,,,,,,,,,,,,,,,,,,,,,,,,,Systematic label,,,,,,,,,,,,,,,,,,,,,,,,,,Systematic label,,Systematic label,,,,,,,,,,,
6TEJDC,1,7,purple right black yellow white,,,,,,,,,,,,,,,,,,,,,,,,,,,,,,,,,,,,,,,,,,,,,,,,,,,,,,,,,,,,,,,,,,,,,,,,,,,,,,,,,,,,,,,,,,,,,,,,,,,,,,,,,,,,,,,,,,,,,,,,,,,,,,,,,,,,Systematic label,,,,,,,,,,,,,,,,,,,,,,,,,,Systematic label,,Systematic label,,,,,,,,,,,
6TEJDC,1,8,purple right black yellow white brown,,,,,,,,,,,,,,,,,,,,,,,,,,,,,,,,,,,,,,,,,,,,,,,,,,,,,,,,,,,,,,,,,,,,,,,,,,,,,,,,,,,,,,,,,,,,,,,,,,,,,,,,,,,,,,,,,,,,,,,,,,,,,,,,,,,,Systematic label,,,,,,,,,,,,,,,,,,,,,,,,,,Systematic label,,Systematic label,,,,,,,,,,,
6Z472W,0,1,pp,,,,,,,,,,,,,,,,,,,,,,,,,,,,,,,,,,,,,,,,Systematic label,,,,,,,,,,,Systematic label,,,,,,,,,,,,,,,,,,,,Systematic label,,,,,,,,,,,,,,,,,,,,,,,,,,,,,,,,,,,,,,,,,,,,,,,,,,,,,,,,,,,,,,,,,,,,,,,,,,,,,,,,,,,,,,,,,,,,,,,,,,,,
6Z472W,0,2,pp,,,,,,,,,,,,,,,,,,,,,,,,,,,,,,,,,,,,,,,,Systematic label,,,,,,,,,,,Systematic label,,,,,,,,,,,,,,,,,,,,Can't tell / Neither,,,,,,,,,,,,,,,,,,,,,,,,,,,,,,,,,,,,,,,,,,,,,,,,,,,,,,,,,,,,,,,,,,,,,,,,,,,,,,,,,,,,,,,,,,,,,,,,,,,,
6Z472W,0,3,oy,,,,,,,,,,,,,,,,,,,,,,,,,,,,,,,,,,,,,,,,Systematic label,,,,,,,,,,,Systematic label,,,,,,,,,,,,,,,,,,,,Systematic label,,,,,,,,,,,,,,,,,,,,,,,,,,,,,,,,,,,,,,,,,,,,,,,,,,,,,,,,,,,,,,,,,,,,,,,,,,,,,,,,,,,,,,,,,,,,,,,,,,,,
6Z472W,0,4,ob,,,,,,,,,,,,,,,,,,,,,,,,,,,,,,,,,,,,,,,,Systematic label,,,,,,,,,,,Systematic label,,,,,,,,,,,,,,,,,,,,Systematic label,,,,,,,,,,,,,,,,,,,,,,,,,,,,,,,,,,,,,,,,,,,,,,,,,,,,,,,,,,,,,,,,,,,,,,,,,,,,,,,,,,,,,,,,,,,,,,,,,,,,
6Z472W,0,5,ob,,,,,,,,,,,,,,,,,,,,,,,,,,,,,,,,,,,,,,,,Systematic label,,,,,,,,,,,Systematic label,,,,,,,,,,,,,,,,,,,,Can't tell / Neither,,,,,,,,,,,,,,,,,,,,,,,,,,,,,,,,,,,,,,,,,,,,,,,,,,,,,,,,,,,,,,,,,,,,,,,,,,,,,,,,,,,,,,,,,,,,,,,,,,,,
6Z472W,0,6,ob,,,,,,,,,,,,,,,,,,,,,,,,,,,,,,,,,,,,,,,,Systematic label,,,,,,,,,,,Systematic label,,,,,,,,,,,,,,,,,,,,Can't tell / Neither,,,,,,,,,,,,,,,,,,,,,,,,,,,,,,,,,,,,,,,,,,,,,,,,,,,,,,,,,,,,,,,,,,,,,,,,,,,,,,,,,,,,,,,,,,,,,,,,,,,,
6Z472W,0,7,pw,,,,,,,,,,,,,,,,,,,,,,,,,,,,,,,,,,,,,,,,Systematic label,,,,,,,,,,,Systematic label,,,,,,,,,,,,,,,,,,,,Systematic label,,,,,,,,,,,,,,,,,,,,,,,,,,,,,,,,,,,,,,,,,,,,,,,,,,,,,,,,,,,,,,,,,,,,,,,,,,,,,,,,,,,,,,,,,,,,,,,,,,,,
6Z472W,0,8,pb,,,,,,,,,,,,,,,,,,,,,,,,,,,,,,,,,,,,,,,,Systematic label,,,,,,,,,,,Systematic label,,,,,,,,,,,,,,,,,,,,Systematic label,,,,,,,,,,,,,,,,,,,,,,,,,,,,,,,,,,,,,,,,,,,,,,,,,,,,,,,,,,,,,,,,,,,,,,,,,,,,,,,,,,,,,,,,,,,,,,,,,,,,
6Z472W,1,1,pp,,,,,,,,,,,,,,,,,,,,,,,,,,,,,,Systematic label,,,,,,,,,,,,Systematic label,,,,,,,,,,,,,,,,,,,,,,,,,,,,,,,,,,,,,,,,,,,,,,,,,,,,,,,,,Systematic label,,,,,,,,,,,,,,,,,,,,,,,,,,,,,,,,,,,,,,,,,,,,,,,,,,,,,,,,,,,,,,,,,,,,,,,,
6Z472W,1,2,pp,,,,,,,,,,,,,,,,,,,,,,,,,,,,,,Systematic label,,,,,,,,,,,,Systematic label,,,,,,,,,,,,,,,,,,,,,,,,,,,,,,,,,,,,,,,,,,,,,,,,,,,,,,,,,Systematic label,,,,,,,,,,,,,,,,,,,,,,,,,,,,,,,,,,,,,,,,,,,,,,,,,,,,,,,,,,,,,,,,,,,,,,,,
6Z472W,1,3,oy,,,,,,,,,,,,,,,,,,,,,,,,,,,,,,Systematic label,,,,,,,,,,,,Systematic label,,,,,,,,,,,,,,,,,,,,,,,,,,,,,,,,,,,,,,,,,,,,,,,,,,,,,,,,,One-off label,,,,,,,,,,,,,,,,,,,,,,,,,,,,,,,,,,,,,,,,,,,,,,,,,,,,,,,,,,,,,,,,,,,,,,,,
6Z472W,1,4,ob,,,,,,,,,,,,,,,,,,,,,,,,,,,,,,Systematic label,,,,,,,,,,,,Systematic label,,,,,,,,,,,,,,,,,,,,,,,,,,,,,,,,,,,,,,,,,,,,,,,,,,,,,,,,,Systematic label,,,,,,,,,,,,,,,,,,,,,,,,,,,,,,,,,,,,,,,,,,,,,,,,,,,,,,,,,,,,,,,,,,,,,,,,
6Z472W,1,5,ob,,,,,,,,,,,,,,,,,,,,,,,,,,,,,,Systematic label,,,,,,,,,,,,Systematic label,,,,,,,,,,,,,,,,,,,,,,,,,,,,,,,,,,,,,,,,,,,,,,,,,,,,,,,,,Systematic label,,,,,,,,,,,,,,,,,,,,,,,,,,,,,,,,,,,,,,,,,,,,,,,,,,,,,,,,,,,,,,,,,,,,,,,,
6Z472W,1,6,ob,,,,,,,,,,,,,,,,,,,,,,,,,,,,,,Systematic label,,,,,,,,,,,,Systematic label,,,,,,,,,,,,,,,,,,,,,,,,,,,,,,,,,,,,,,,,,,,,,,,,,,,,,,,,,Systematic label,,,,,,,,,,,,,,,,,,,,,,,,,,,,,,,,,,,,,,,,,,,,,,,,,,,,,,,,,,,,,,,,,,,,,,,,
6Z472W,1,7,pw,,,,,,,,,,,,,,,,,,,,,,,,,,,,,,Systematic label,,,,,,,,,,,,Systematic label,,,,,,,,,,,,,,,,,,,,,,,,,,,,,,,,,,,,,,,,,,,,,,,,,,,,,,,,,One-off label,,,,,,,,,,,,,,,,,,,,,,,,,,,,,,,,,,,,,,,,,,,,,,,,,,,,,,,,,,,,,,,,,,,,,,,,
6Z472W,1,8,pb,,,,,,,,,,,,,,,,,,,,,,,,,,,,,,Systematic label,,,,,,,,,,,,Systematic label,,,,,,,,,,,,,,,,,,,,,,,,,,,,,,,,,,,,,,,,,,,,,,,,,,,,,,,,,One-off label,,,,,,,,,,,,,,,,,,,,,,,,,,,,,,,,,,,,,,,,,,,,,,,,,,,,,,,,,,,,,,,,,,,,,,,,
74XPR3,0,1,two hands,,,,,,,,,,,,,,,,,,,,,,,,,,,,,,,,,,,,,,,,,,,,,,Systematic label,,,,,,,,,,,,,,,,,,,,,,,,,,,One-off label,,,,,,,,,,,,,,,,,,,,,,,,,,,,,,,,,,,,,,,,,,,,,One-off label,,,,,,,,,,,,,,,,,,,,,,,,,,,,,,,,,,,,,,,,,,,,,,,,,,,,,
74XPR3,0,2,pray up,,,,,,,,,,,,,,,,,,,,,,,,,,,,,,,,,,,,,,,,,,,,,,Systematic label,,,,,,,,,,,,,,,,,,,,,,,,,,,One-off label,,,,,,,,,,,,,,,,,,,,,,,,,,,,,,,,,,,,,,,,,,,,,One-off label,,,,,,,,,,,,,,,,,,,,,,,,,,,,,,,,,,,,,,,,,,,,,,,,,,,,,
74XPR3,0,3,2 hands dance,,,,,,,,,,,,,,,,,,,,,,,,,,,,,,,,,,,,,,,,,,,,,,Systematic label,,,,,,,,,,,,,,,,,,,,,,,,,,,Systematic label,,,,,,,,,,,,,,,,,,,,,,,,,,,,,,,,,,,,,,,,,,,,,Systematic label,,,,,,,,,,,,,,,,,,,,,,,,,,,,,,,,,,,,,,,,,,,,,,,,,,,,,
74XPR3,0,4,dance left,,,,,,,,,,,,,,,,,,,,,,,,,,,,,,,,,,,,,,,,,,,,,,Systematic label,,,,,,,,,,,,,,,,,,,,,,,,,,,One-off label,,,,,,,,,,,,,,,,,,,,,,,,,,,,,,,,,,,,,,,,,,,,,Systematic label,,,,,,,,,,,,,,,,,,,,,,,,,,,,,,,,,,,,,,,,,,,,,,,,,,,,,
74XPR3,0,5,pray left,,,,,,,,,,,,,,,,,,,,,,,,,,,,,,,,,,,,,,,,,,,,,,Systematic label,,,,,,,,,,,,,,,,,,,,,,,,,,,One-off label,,,,,,,,,,,,,,,,,,,,,,,,,,,,,,,,,,,,,,,,,,,,,One-off label,,,,,,,,,,,,,,,,,,,,,,,,,,,,,,,,,,,,,,,,,,,,,,,,,,,,,
74XPR3,0,6,pray right,,,,,,,,,,,,,,,,,,,,,,,,,,,,,,,,,,,,,,,,,,,,,,Systematic label,,,,,,,,,,,,,,,,,,,,,,,,,,,One-off label,,,,,,,,,,,,,,,,,,,,,,,,,,,,,,,,,,,,,,,,,,,,,Systematic label,,,,,,,,,,,,,,,,,,,,,,,,,,,,,,,,,,,,,,,,,,,,,,,,,,,,,
74XPR3,0,7,dance right,,,,,,,,,,,,,,,,,,,,,,,,,,,,,,,,,,,,,,,,,,,,,,Systematic label,,,,,,,,,,,,,,,,,,,,,,,,,,,One-off label,,,,,,,,,,,,,,,,,,,,,,,,,,,,,,,,,,,,,,,,,,,,,Systematic label,,,,,,,,,,,,,,,,,,,,,,,,,,,,,,,,,,,,,,,,,,,,,,,,,,,,,
74XPR3,0,8,pray right,,,,,,,,,,,,,,,,,,,,,,,,,,,,,,,,,,,,,,,,,,,,,,Systematic label,,,,,,,,,,,,,,,,,,,,,,,,,,,One-off label,,,,,,,,,,,,,,,,,,,,,,,,,,,,,,,,,,,,,,,,,,,,,Systematic label,,,,,,,,,,,,,,,,,,,,,,,,,,,,,,,,,,,,,,,,,,,,,,,,,,,,,
74XPR3,1,1,dance up,,,,,,,,,,,,,,,,,,,,,,,,,,Systematic label,One-off label,,,,,,,,,,,,,,,,,,,,,,,,,,,,,,,,,,,,,,,,,,,,,,,,,,,,,Systematic label,,,,,,,,,,,,,,,,,,,,,,,,,,,,,,,,,,,,,,,,,,,,,,,,,,,,,,,,,,,,,,,,,,,,,,,,,,,,,,,,,,,,,,,,,,,
74XPR3,1,2,dance left,,,,,,,,,,,,,,,,,,,,,,,,,,Systematic label,One-off label,,,,,,,,,,,,,,,,,,,,,,,,,,,,,,,,,,,,,,,,,,,,,,,,,,,,,Systematic label,,,,,,,,,,,,,,,,,,,,,,,,,,,,,,,,,,,,,,,,,,,,,,,,,,,,,,,,,,,,,,,,,,,,,,,,,,,,,,,,,,,,,,,,,,,
74XPR3,1,3,hands up,,,,,,,,,,,,,,,,,,,,,,,,,,Systematic label,One-off label,,,,,,,,,,,,,,,,,,,,,,,,,,,,,,,,,,,,,,,,,,,,,,,,,,,,,Systematic label,,,,,,,,,,,,,,,,,,,,,,,,,,,,,,,,,,,,,,,,,,,,,,,,,,,,,,,,,,,,,,,,,,,,,,,,,,,,,,,,,,,,,,,,,,,
74XPR3,1,4,dance left,,,,,,,,,,,,,,,,,,,,,,,,,,Systematic label,One-off label,,,,,,,,,,,,,,,,,,,,,,,,,,,,,,,,,,,,,,,,,,,,,,,,,,,,,Systematic label,,,,,,,,,,,,,,,,,,,,,,,,,,,,,,,,,,,,,,,,,,,,,,,,,,,,,,,,,,,,,,,,,,,,,,,,,,,,,,,,,,,,,,,,,,,
74XPR3,1,5,pray left,,,,,,,,,,,,,,,,,,,,,,,,,,Systematic label,One-off label,,,,,,,,,,,,,,,,,,,,,,,,,,,,,,,,,,,,,,,,,,,,,,,,,,,,,Systematic label,,,,,,,,,,,,,,,,,,,,,,,,,,,,,,,,,,,,,,,,,,,,,,,,,,,,,,,,,,,,,,,,,,,,,,,,,,,,,,,,,,,,,,,,,,,
74XPR3,1,6,pray left,,,,,,,,,,,,,,,,,,,,,,,,,,Systematic label,One-off label,,,,,,,,,,,,,,,,,,,,,,,,,,,,,,,,,,,,,,,,,,,,,,,,,,,,,Systematic label,,,,,,,,,,,,,,,,,,,,,,,,,,,,,,,,,,,,,,,,,,,,,,,,,,,,,,,,,,,,,,,,,,,,,,,,,,,,,,,,,,,,,,,,,,,
74XPR3,1,7,hands up,,,,,,,,,,,,,,,,,,,,,,,,,,Systematic label,One-off label,,,,,,,,,,,,,,,,,,,,,,,,,,,,,,,,,,,,,,,,,,,,,,,,,,,,,Systematic label,,,,,,,,,,,,,,,,,,,,,,,,,,,,,,,,,,,,,,,,,,,,,,,,,,,,,,,,,,,,,,,,,,,,,,,,,,,,,,,,,,,,,,,,,,,
74XPR3,1,8,pray right,,,,,,,,,,,,,,,,,,,,,,,,,,Systematic label,One-off label,,,,,,,,,,,,,,,,,,,,,,,,,,,,,,,,,,,,,,,,,,,,,,,,,,,,,Systematic label,,,,,,,,,,,,,,,,,,,,,,,,,,,,,,,,,,,,,,,,,,,,,,,,,,,,,,,,,,,,,,,,,,,,,,,,,,,,,,,,,,,,,,,,,,,
79E82M,0,1,cheering,,,,,,Can't tell / Neither,,,,,,,,,,,,,,,,,,,,,,,,,,,,,,,,,,,,,,,,,,,,,,,,,,,,,,,,,,,,,,,,,,,,,,,,,,,,,,,,,,,,,,,,,,,,,,,,,,,,,,,,,,,,,,,,,,,,,,,,Systematic label,,,,,,One-off label,,,,,,,,,,,,,,,,,,,,,,,,,,,,,,,,,,,,,,,
79E82M,0,2,drunk,,,,,,One-off label,,,,,,,,,,,,,,,,,,,,,,,,,,,,,,,,,,,,,,,,,,,,,,,,,,,,,,,,,,,,,,,,,,,,,,,,,,,,,,,,,,,,,,,,,,,,,,,,,,,,,,,,,,,,,,,,,,,,,,,,Systematic label,,,,,,One-off label,,,,,,,,,,,,,,,,,,,,,,,,,,,,,,,,,,,,,,,
79E82M,0,3,abstract,,,,,,Systematic label,,,,,,,,,,,,,,,,,,,,,,,,,,,,,,,,,,,,,,,,,,,,,,,,,,,,,,,,,,,,,,,,,,,,,,,,,,,,,,,,,,,,,,,,,,,,,,,,,,,,,,,,,,,,,,,,,,,,,,,,One-off label,,,,,,One-off label,,,,,,,,,,,,,,,,,,,,,,,,,,,,,,,,,,,,,,,
79E82M,0,4,skating,,,,,,One-off label,,,,,,,,,,,,,,,,,,,,,,,,,,,,,,,,,,,,,,,,,,,,,,,,,,,,,,,,,,,,,,,,,,,,,,,,,,,,,,,,,,,,,,,,,,,,,,,,,,,,,,,,,,,,,,,,,,,,,,,,Systematic label,,,,,,One-off label,,,,,,,,,,,,,,,,,,,,,,,,,,,,,,,,,,,,,,,
79E82M,0,5,priest,,,,,,One-off label,,,,,,,,,,,,,,,,,,,,,,,,,,,,,,,,,,,,,,,,,,,,,,,,,,,,,,,,,,,,,,,,,,,,,,,,,,,,,,,,,,,,,,,,,,,,,,,,,,,,,,,,,,,,,,,,,,,,,,,,One-off label,,,,,,One-off label,,,,,,,,,,,,,,,,,,,,,,,,,,,,,,,,,,,,,,,
79E82M,0,6,praying,,,,,,One-off label,,,,,,,,,,,,,,,,,,,,,,,,,,,,,,,,,,,,,,,,,,,,,,,,,,,,,,,,,,,,,,,,,,,,,,,,,,,,,,,,,,,,,,,,,,,,,,,,,,,,,,,,,,,,,,,,,,,,,,,,Systematic label,,,,,,One-off label,,,,,,,,,,,,,,,,,,,,,,,,,,,,,,,,,,,,,,,
79E82M,0,7,seal,,,,,,One-off label,,,,,,,,,,,,,,,,,,,,,,,,,,,,,,,,,,,,,,,,,,,,,,,,,,,,,,,,,,,,,,,,,,,,,,,,,,,,,,,,,,,,,,,,,,,,,,,,,,,,,,,,,,,,,,,,,,,,,,,,One-off label,,,,,,One-off label,,,,,,,,,,,,,,,,,,,,,,,,,,,,,,,,,,,,,,,
79E82M,0,8,2 square head,,,,,,Systematic label,,,,,,,,,,,,,,,,,,,,,,,,,,,,,,,,,,,,,,,,,,,,,,,,,,,,,,,,,,,,,,,,,,,,,,,,,,,,,,,,,,,,,,,,,,,,,,,,,,,,,,,,,,,,,,,,,,,,,,,,Can't tell / Neither,,,,,,Systematic label,,,,,,,,,,,,,,,,,,,,,,,,,,,,,,,,,,,,,,,
79E82M,1,1,cheering,,,,,,,,,,,,,,,,,,,,,,,,Systematic label,,,,,,,,,,,,,,,,,,,,,,,,,,,,,,,,,,,,,,,,,,,,,,,,,,,,,,,,,,,,,,,,,,,,,,,,,,,,,,,,,,,,,,,,,,,,,,,,,,,,,,One-off label,,,,,,,,,,,,,,,,,,,,,,,,,,,,,,,,,,One-off label,,,,,,,,,,,
79E82M,1,2,drunk,,,,,,,,,,,,,,,,,,,,,,,,One-off label,,,,,,,,,,,,,,,,,,,,,,,,,,,,,,,,,,,,,,,,,,,,,,,,,,,,,,,,,,,,,,,,,,,,,,,,,,,,,,,,,,,,,,,,,,,,,,,,,,,,,,One-off label,,,,,,,,,,,,,,,,,,,,,,,,,,,,,,,,,,One-off label,,,,,,,,,,,
79E82M,1,3,abstract,,,,,,,,,,,,,,,,,,,,,,,,One-off label,,,,,,,,,,,,,,,,,,,,,,,,,,,,,,,,,,,,,,,,,,,,,,,,,,,,,,,,,,,,,,,,,,,,,,,,,,,,,,,,,,,,,,,,,,,,,,,,,,,,,,One-off label,,,,,,,,,,,,,,,,,,,,,,,,,,,,,,,,,,One-off label,,,,,,,,,,,
79E82M,1,4,skating,,,,,,,,,,,,,,,,,,,,,,,,Systematic label,,,,,,,,,,,,,,,,,,,,,,,,,,,,,,,,,,,,,,,,,,,,,,,,,,,,,,,,,,,,,,,,,,,,,,,,,,,,,,,,,,,,,,,,,,,,,,,,,,,,,,One-off label,,,,,,,,,,,,,,,,,,,,,,,,,,,,,,,,,,One-off label,,,,,,,,,,,
79E82M,1,5,priest,,,,,,,,,,,,,,,,,,,,,,,,One-off label,,,,,,,,,,,,,,,,,,,,,,,,,,,,,,,,,,,,,,,,,,,,,,,,,,,,,,,,,,,,,,,,,,,,,,,,,,,,,,,,,,,,,,,,,,,,,,,,,,,,,,One-off label,,,,,,,,,,,,,,,,,,,,,,,,,,,,,,,,,,One-off label,,,,,,,,,,,
79E82M,1,6,praying,,,,,,,,,,,,,,,,,,,,,,,,One-off label,,,,,,,,,,,,,,,,,,,,,,,,,,,,,,,,,,,,,,,,,,,,,,,,,,,,,,,,,,,,,,,,,,,,,,,,,,,,,,,,,,,,,,,,,,,,,,,,,,,,,,One-off label,,,,,,,,,,,,,,,,,,,,,,,,,,,,,,,,,,One-off label,,,,,,,,,,,
79E82M,1,7,seal,,,,,,,,,,,,,,,,,,,,,,,,Can't tell / Neither,,,,,,,,,,,,,,,,,,,,,,,,,,,,,,,,,,,,,,,,,,,,,,,,,,,,,,,,,,,,,,,,,,,,,,,,,,,,,,,,,,,,,,,,,,,,,,,,,,,,,,One-off label,,,,,,,,,,,,,,,,,,,,,,,,,,,,,,,,,,One-off label,,,,,,,,,,,
79E82M,1,8,2 square head,,,,,,,,,,,,,,,,,,,,,,,,Systematic label,,,,,,,,,,,,,,,,,,,,,,,,,,,,,,,,,,,,,,,,,,,,,,,,,,,,,,,,,,,,,,,,,,,,,,,,,,,,,,,,,,,,,,,,,,,,,,,,,,,,,,Systematic label,,,,,,,,,,,,,,,,,,,,,,,,,,,,,,,,,,One-off label,,,,,,,,,,,
7BE84W,0,1,purple pink,,,,,,,,,,,,Systematic label,,,,,,,,,,,,,,,,,,,,,,,,,,,,,,,,,,,,,,,,,,,,,,,,,,,,,,,,,,,,,,,,,,,,,,,,,,One-off label,,,Systematic label,,,,,,,,,,,,,,,,,,,,,,,,,,,,,,,,,,,,,,,,,,,,,,,,,,,,,,,,,,,,,,,,,,,,,,,,,,,,,,,,,,
7BE84W,0,2,purple yellow,,,,,,,,,,,,Systematic label,,,,,,,,,,,,,,,,,,,,,,,,,,,,,,,,,,,,,,,,,,,,,,,,,,,,,,,,,,,,,,,,,,,,,,,,,,One-off label,,,Systematic label,,,,,,,,,,,,,,,,,,,,,,,,,,,,,,,,,,,,,,,,,,,,,,,,,,,,,,,,,,,,,,,,,,,,,,,,,,,,,,,,,,
7BE84W,0,3,orange yellow,,,,,,,,,,,,Systematic label,,,,,,,,,,,,,,,,,,,,,,,,,,,,,,,,,,,,,,,,,,,,,,,,,,,,,,,,,,,,,,,,,,,,,,,,,,One-off label,,,Systematic label,,,,,,,,,,,,,,,,,,,,,,,,,,,,,,,,,,,,,,,,,,,,,,,,,,,,,,,,,,,,,,,,,,,,,,,,,,,,,,,,,,
7BE84W,0,4,orange brown,,,,,,,,,,,,Systematic label,,,,,,,,,,,,,,,,,,,,,,,,,,,,,,,,,,,,,,,,,,,,,,,,,,,,,,,,,,,,,,,,,,,,,,,,,,One-off label,,,Systematic label,,,,,,,,,,,,,,,,,,,,,,,,,,,,,,,,,,,,,,,,,,,,,,,,,,,,,,,,,,,,,,,,,,,,,,,,,,,,,,,,,,
7BE84W,0,5,orange blue,,,,,,,,,,,,Systematic label,,,,,,,,,,,,,,,,,,,,,,,,,,,,,,,,,,,,,,,,,,,,,,,,,,,,,,,,,,,,,,,,,,,,,,,,,,One-off label,,,Systematic label,,,,,,,,,,,,,,,,,,,,,,,,,,,,,,,,,,,,,,,,,,,,,,,,,,,,,,,,,,,,,,,,,,,,,,,,,,,,,,,,,,
7BE84W,0,6,orange black,,,,,,,,,,,,Systematic label,,,,,,,,,,,,,,,,,,,,,,,,,,,,,,,,,,,,,,,,,,,,,,,,,,,,,,,,,,,,,,,,,,,,,,,,,,One-off label,,,Systematic label,,,,,,,,,,,,,,,,,,,,,,,,,,,,,,,,,,,,,,,,,,,,,,,,,,,,,,,,,,,,,,,,,,,,,,,,,,,,,,,,,,
7BE84W,0,7,purple white white,,,,,,,,,,,,Systematic label,,,,,,,,,,,,,,,,,,,,,,,,,,,,,,,,,,,,,,,,,,,,,,,,,,,,,,,,,,,,,,,,,,,,,,,,,,One-off label,,,Systematic label,,,,,,,,,,,,,,,,,,,,,,,,,,,,,,,,,,,,,,,,,,,,,,,,,,,,,,,,,,,,,,,,,,,,,,,,,,,,,,,,,,
7BE84W,0,8,purple white brown,,,,,,,,,,,,Systematic label,,,,,,,,,,,,,,,,,,,,,,,,,,,,,,,,,,,,,,,,,,,,,,,,,,,,,,,,,,,,,,,,,,,,,,,,,,One-off label,,,Systematic label,,,,,,,,,,,,,,,,,,,,,,,,,,,,,,,,,,,,,,,,,,,,,,,,,,,,,,,,,,,,,,,,,,,,,,,,,,,,,,,,,,
7BE84W,1,1,purple pink,,,,,,,,,,,,,,,,,,,,,,,,,,,,,,,,,,,,,,,,,,,,,,,,,,,,,,,,,,,,,,,,,,,,,,,,,,,,,,,,,,,,,,One-off label,,,,,,,,,,,,,,,Systematic label,,,,,,,,,,,,,,,,,,,,,,,,,,,,,,,,,,,,,,,,,Systematic label,,,,,,,,,,,,,,,,,,,,,,,,,,,,,
7BE84W,1,2,purple yellow,,,,,,,,,,,,,,,,,,,,,,,,,,,,,,,,,,,,,,,,,,,,,,,,,,,,,,,,,,,,,,,,,,,,,,,,,,,,,,,,,,,,,,One-off label,,,,,,,,,,,,,,,Systematic label,,,,,,,,,,,,,,,,,,,,,,,,,,,,,,,,,,,,,,,,,Systematic label,,,,,,,,,,,,,,,,,,,,,,,,,,,,,
7BE84W,1,3,orange yellow,,,,,,,,,,,,,,,,,,,,,,,,,,,,,,,,,,,,,,,,,,,,,,,,,,,,,,,,,,,,,,,,,,,,,,,,,,,,,,,,,,,,,,One-off label,,,,,,,,,,,,,,,Systematic label,,,,,,,,,,,,,,,,,,,,,,,,,,,,,,,,,,,,,,,,,Systematic label,,,,,,,,,,,,,,,,,,,,,,,,,,,,,
7BE84W,1,4,orange brown,,,,,,,,,,,,,,,,,,,,,,,,,,,,,,,,,,,,,,,,,,,,,,,,,,,,,,,,,,,,,,,,,,,,,,,,,,,,,,,,,,,,,,One-off label,,,,,,,,,,,,,,,Systematic label,,,,,,,,,,,,,,,,,,,,,,,,,,,,,,,,,,,,,,,,,Systematic label,,,,,,,,,,,,,,,,,,,,,,,,,,,,,
7BE84W,1,5,orange blue,,,,,,,,,,,,,,,,,,,,,,,,,,,,,,,,,,,,,,,,,,,,,,,,,,,,,,,,,,,,,,,,,,,,,,,,,,,,,,,,,,,,,,One-off label,,,,,,,,,,,,,,,Systematic label,,,,,,,,,,,,,,,,,,,,,,,,,,,,,,,,,,,,,,,,,Systematic label,,,,,,,,,,,,,,,,,,,,,,,,,,,,,
7BE84W,1,6,orange black,,,,,,,,,,,,,,,,,,,,,,,,,,,,,,,,,,,,,,,,,,,,,,,,,,,,,,,,,,,,,,,,,,,,,,,,,,,,,,,,,,,,,,One-off label,,,,,,,,,,,,,,,Systematic label,,,,,,,,,,,,,,,,,,,,,,,,,,,,,,,,,,,,,,,,,Systematic label,,,,,,,,,,,,,,,,,,,,,,,,,,,,,
7BE84W,1,7,purple white white,,,,,,,,,,,,,,,,,,,,,,,,,,,,,,,,,,,,,,,,,,,,,,,,,,,,,,,,,,,,,,,,,,,,,,,,,,,,,,,,,,,,,,One-off label,,,,,,,,,,,,,,,Systematic label,,,,,,,,,,,,,,,,,,,,,,,,,,,,,,,,,,,,,,,,,Systematic label,,,,,,,,,,,,,,,,,,,,,,,,,,,,,
7BE84W,1,8,purple white brown,,,,,,,,,,,,,,,,,,,,,,,,,,,,,,,,,,,,,,,,,,,,,,,,,,,,,,,,,,,,,,,,,,,,,,,,,,,,,,,,,,,,,,One-off label,,,,,,,,,,,,,,,Systematic label,,,,,,,,,,,,,,,,,,,,,,,,,,,,,,,,,,,,,,,,,Systematic label,,,,,,,,,,,,,,,,,,,,,,,,,,,,,
7E7FN0,0,1,nick byp,,,,,,,,,,,,,,,,,,,,,,,,,,,,,,,,,,,,,,,,,,,,,,,,,,,,,Systematic label,,,,,,,,,,,,,,,,,,,,,,,,,,,,,,,,,,,,,,One-off label,,,,,,,,,,,,,,,,Systematic label,,,,,,,,,,,,,,,,,,,,,,,,,,,,,,,,,,,,,,,,,,,,,,,,,,,,,,,,,,,,,,,,
7E7FN0,0,2,nick byp,,,,,,,,,,,,,,,,,,,,,,,,,,,,,,,,,,,,,,,,,,,,,,,,,,,,,Systematic label,,,,,,,,,,,,,,,,,,,,,,,,,,,,,,,,,,,,,,One-off label,,,,,,,,,,,,,,,,Systematic label,,,,,,,,,,,,,,,,,,,,,,,,,,,,,,,,,,,,,,,,,,,,,,,,,,,,,,,,,,,,,,,,
7E7FN0,0,3,sherbert rbo,,,,,,,,,,,,,,,,,,,,,,,,,,,,,,,,,,,,,,,,,,,,,,,,,,,,,Systematic label,,,,,,,,,,,,,,,,,,,,,,,,,,,,,,,,,,,,,,One-off label,,,,,,,,,,,,,,,,Systematic label,,,,,,,,,,,,,,,,,,,,,,,,,,,,,,,,,,,,,,,,,,,,,,,,,,,,,,,,,,,,,,,,
7E7FN0,0,4,sherbert rbb,,,,,,,,,,,,,,,,,,,,,,,,,,,,,,,,,,,,,,,,,,,,,,,,,,,,,Systematic label,,,,,,,,,,,,,,,,,,,,,,,,,,,,,,,,,,,,,,One-off label,,,,,,,,,,,,,,,,Systematic label,,,,,,,,,,,,,,,,,,,,,,,,,,,,,,,,,,,,,,,,,,,,,,,,,,,,,,,,,,,,,,,,
7E7FN0,0,5,sherbert rbb,,,,,,,,,,,,,,,,,,,,,,,,,,,,,,,,,,,,,,,,,,,,,,,,,,,,,Systematic label,,,,,,,,,,,,,,,,,,,,,,,,,,,,,,,,,,,,,,One-off label,,,,,,,,,,,,,,,,Systematic label,,,,,,,,,,,,,,,,,,,,,,,,,,,,,,,,,,,,,,,,,,,,,,,,,,,,,,,,,,,,,,,,
7E7FN0,0,6,sherbert rbp,,,,,,,,,,,,,,,,,,,,,,,,,,,,,,,,,,,,,,,,,,,,,,,,,,,,,Systematic label,,,,,,,,,,,,,,,,,,,,,,,,,,,,,,,,,,,,,,One-off label,,,,,,,,,,,,,,,,Systematic label,,,,,,,,,,,,,,,,,,,,,,,,,,,,,,,,,,,,,,,,,,,,,,,,,,,,,,,,,,,,,,,,
7E7FN0,0,7,nick ryw,,,,,,,,,,,,,,,,,,,,,,,,,,,,,,,,,,,,,,,,,,,,,,,,,,,,,Systematic label,,,,,,,,,,,,,,,,,,,,,,,,,,,,,,,,,,,,,,One-off label,,,,,,,,,,,,,,,,Systematic label,,,,,,,,,,,,,,,,,,,,,,,,,,,,,,,,,,,,,,,,,,,,,,,,,,,,,,,,,,,,,,,,
7E7FN0,0,8,nick byb,,,,,,,,,,,,,,,,,,,,,,,,,,,,,,,,,,,,,,,,,,,,,,,,,,,,,Systematic label,,,,,,,,,,,,,,,,,,,,,,,,,,,,,,,,,,,,,,One-off label,,,,,,,,,,,,,,,,Systematic label,,,,,,,,,,,,,,,,,,,,,,,,,,,,,,,,,,,,,,,,,,,,,,,,,,,,,,,,,,,,,,,,
7E7FN0,1,1,nick byp,,,,,,,,,,,,,,,,,,,,,,,,,,Systematic label,,,,,,,,,,,,,,,,,,,,,,,,,,,,,,,,,,,,,,,Systematic label,,,,,,,,,,,,,,,,,,Systematic label,,,,,,,,,,,,,,,,,,,,,,,,,,,,,,,,,,,,,,,,,,,,,,,,,,,,,,,,,,,,,,,,,,,,,,,,,,,,,,,,,,,,,,,,
7E7FN0,1,2,nick byp,,,,,,,,,,,,,,,,,,,,,,,,,,Systematic label,,,,,,,,,,,,,,,,,,,,,,,,,,,,,,,,,,,,,,,Systematic label,,,,,,,,,,,,,,,,,,Systematic label,,,,,,,,,,,,,,,,,,,,,,,,,,,,,,,,,,,,,,,,,,,,,,,,,,,,,,,,,,,,,,,,,,,,,,,,,,,,,,,,,,,,,,,,
7E7FN0,1,3,sherbert rbo,,,,,,,,,,,,,,,,,,,,,,,,,,Systematic label,,,,,,,,,,,,,,,,,,,,,,,,,,,,,,,,,,,,,,,Systematic label,,,,,,,,,,,,,,,,,,Systematic label,,,,,,,,,,,,,,,,,,,,,,,,,,,,,,,,,,,,,,,,,,,,,,,,,,,,,,,,,,,,,,,,,,,,,,,,,,,,,,,,,,,,,,,,
7E7FN0,1,4,sherbert rbb,,,,,,,,,,,,,,,,,,,,,,,,,,Systematic label,,,,,,,,,,,,,,,,,,,,,,,,,,,,,,,,,,,,,,,Systematic label,,,,,,,,,,,,,,,,,,Systematic label,,,,,,,,,,,,,,,,,,,,,,,,,,,,,,,,,,,,,,,,,,,,,,,,,,,,,,,,,,,,,,,,,,,,,,,,,,,,,,,,,,,,,,,,
7E7FN0,1,5,sherbert rbb,,,,,,,,,,,,,,,,,,,,,,,,,,Systematic label,,,,,,,,,,,,,,,,,,,,,,,,,,,,,,,,,,,,,,,Systematic label,,,,,,,,,,,,,,,,,,Systematic label,,,,,,,,,,,,,,,,,,,,,,,,,,,,,,,,,,,,,,,,,,,,,,,,,,,,,,,,,,,,,,,,,,,,,,,,,,,,,,,,,,,,,,,,
7E7FN0,1,6,sherbert rbp,,,,,,,,,,,,,,,,,,,,,,,,,,Systematic label,,,,,,,,,,,,,,,,,,,,,,,,,,,,,,,,,,,,,,,Systematic label,,,,,,,,,,,,,,,,,,Systematic label,,,,,,,,,,,,,,,,,,,,,,,,,,,,,,,,,,,,,,,,,,,,,,,,,,,,,,,,,,,,,,,,,,,,,,,,,,,,,,,,,,,,,,,,
7E7FN0,1,7,nick byw,,,,,,,,,,,,,,,,,,,,,,,,,,Systematic label,,,,,,,,,,,,,,,,,,,,,,,,,,,,,,,,,,,,,,,Systematic label,,,,,,,,,,,,,,,,,,Systematic label,,,,,,,,,,,,,,,,,,,,,,,,,,,,,,,,,,,,,,,,,,,,,,,,,,,,,,,,,,,,,,,,,,,,,,,,,,,,,,,,,,,,,,,,
7E7FN0,1,8,nick byb,,,,,,,,,,,,,,,,,,,,,,,,,,Systematic label,,,,,,,,,,,,,,,,,,,,,,,,,,,,,,,,,,,,,,,Systematic label,,,,,,,,,,,,,,,,,,Systematic label,,,,,,,,,,,,,,,,,,,,,,,,,,,,,,,,,,,,,,,,,,,,,,,,,,,,,,,,,,,,,,,,,,,,,,,,,,,,,,,,,,,,,,,,
7JRENM,0,1,licorice,,,,,,,,,,,,,,,,,,,,,,,One-off label,,One-off label,,,,,,,,,,,,,,,,,,,,,,,,,,,,,,,,,,,,,,,,,,,,,,,,,,,,,,,,,,,,,,,,,,,,,,,,,,,,,,,,One-off label,,,,,,,,,,,,,,,,,,,,,,,,,,,,,,,,,,,,,,,,,,,,,,,,,,,,,,,,,,,,,,,,,,
7JRENM,0,2,dog,,,,,,,,,,,,,,,,,,,,,,,One-off label,,One-off label,,,,,,,,,,,,,,,,,,,,,,,,,,,,,,,,,,,,,,,,,,,,,,,,,,,,,,,,,,,,,,,,,,,,,,,,,,,,,,,,One-off label,,,,,,,,,,,,,,,,,,,,,,,,,,,,,,,,,,,,,,,,,,,,,,,,,,,,,,,,,,,,,,,,,,
7JRENM,0,3,corn,,,,,,,,,,,,,,,,,,,,,,,One-off label,,One-off label,,,,,,,,,,,,,,,,,,,,,,,,,,,,,,,,,,,,,,,,,,,,,,,,,,,,,,,,,,,,,,,,,,,,,,,,,,,,,,,,One-off label,,,,,,,,,,,,,,,,,,,,,,,,,,,,,,,,,,,,,,,,,,,,,,,,,,,,,,,,,,,,,,,,,,
7JRENM,0,4,clown,,,,,,,,,,,,,,,,,,,,,,,One-off label,,One-off label,,,,,,,,,,,,,,,,,,,,,,,,,,,,,,,,,,,,,,,,,,,,,,,,,,,,,,,,,,,,,,,,,,,,,,,,,,,,,,,,One-off label,,,,,,,,,,,,,,,,,,,,,,,,,,,,,,,,,,,,,,,,,,,,,,,,,,,,,,,,,,,,,,,,,,
7JRENM,0,5,genie,,,,,,,,,,,,,,,,,,,,,,,One-off label,,One-off label,,,,,,,,,,,,,,,,,,,,,,,,,,,,,,,,,,,,,,,,,,,,,,,,,,,,,,,,,,,,,,,,,,,,,,,,,,,,,,,,One-off label,,,,,,,,,,,,,,,,,,,,,,,,,,,,,,,,,,,,,,,,,,,,,,,,,,,,,,,,,,,,,,,,,,
7JRENM,0,6,crab,,,,,,,,,,,,,,,,,,,,,,,One-off label,,One-off label,,,,,,,,,,,,,,,,,,,,,,,,,,,,,,,,,,,,,,,,,,,,,,,,,,,,,,,,,,,,,,,,,,,,,,,,,,,,,,,,One-off label,,,,,,,,,,,,,,,,,,,,,,,,,,,,,,,,,,,,,,,,,,,,,,,,,,,,,,,,,,,,,,,,,,
7JRENM,0,7,cloud,,,,,,,,,,,,,,,,,,,,,,,One-off label,,One-off label,,,,,,,,,,,,,,,,,,,,,,,,,,,,,,,,,,,,,,,,,,,,,,,,,,,,,,,,,,,,,,,,,,,,,,,,,,,,,,,,One-off label,,,,,,,,,,,,,,,,,,,,,,,,,,,,,,,,,,,,,,,,,,,,,,,,,,,,,,,,,,,,,,,,,,
7JRENM,0,8,snowman,,,,,,,,,,,,,,,,,,,,,,,One-off label,,One-off label,,,,,,,,,,,,,,,,,,,,,,,,,,,,,,,,,,,,,,,,,,,,,,,,,,,,,,,,,,,,,,,,,,,,,,,,,,,,,,,,One-off label,,,,,,,,,,,,,,,,,,,,,,,,,,,,,,,,,,,,,,,,,,,,,,,,,,,,,,,,,,,,,,,,,,
7JRENM,1,1,licorice,,,,,,,,,,,,,,,,,,,,,,,,,,,,,,,,,,,,,,,,,,,,,,,,,,,,,,,,,,,,,,One-off label,,,,,,,,,,,,,,One-off label,,,,,,,,,,,,,,,,,,,,,One-off label,,,,,,,,,,,,,,,,,,,,,,,,,,,,,,,,,,,,,,,,,,,,,,,,,,,,,,,,,,,,,,,,,,,,,,,,,,
7JRENM,1,2,dog,,,,,,,,,,,,,,,,,,,,,,,,,,,,,,,,,,,,,,,,,,,,,,,,,,,,,,,,,,,,,,One-off label,,,,,,,,,,,,,,One-off label,,,,,,,,,,,,,,,,,,,,,One-off label,,,,,,,,,,,,,,,,,,,,,,,,,,,,,,,,,,,,,,,,,,,,,,,,,,,,,,,,,,,,,,,,,,,,,,,,,,
7JRENM,1,3,corn,,,,,,,,,,,,,,,,,,,,,,,,,,,,,,,,,,,,,,,,,,,,,,,,,,,,,,,,,,,,,,One-off label,,,,,,,,,,,,,,One-off label,,,,,,,,,,,,,,,,,,,,,One-off label,,,,,,,,,,,,,,,,,,,,,,,,,,,,,,,,,,,,,,,,,,,,,,,,,,,,,,,,,,,,,,,,,,,,,,,,,,
7JRENM,1,4,clown,,,,,,,,,,,,,,,,,,,,,,,,,,,,,,,,,,,,,,,,,,,,,,,,,,,,,,,,,,,,,,One-off label,,,,,,,,,,,,,,One-off label,,,,,,,,,,,,,,,,,,,,,One-off label,,,,,,,,,,,,,,,,,,,,,,,,,,,,,,,,,,,,,,,,,,,,,,,,,,,,,,,,,,,,,,,,,,,,,,,,,,
7JRENM,1,5,genie,,,,,,,,,,,,,,,,,,,,,,,,,,,,,,,,,,,,,,,,,,,,,,,,,,,,,,,,,,,,,,One-off label,,,,,,,,,,,,,,One-off label,,,,,,,,,,,,,,,,,,,,,One-off label,,,,,,,,,,,,,,,,,,,,,,,,,,,,,,,,,,,,,,,,,,,,,,,,,,,,,,,,,,,,,,,,,,,,,,,,,,
7JRENM,1,6,crab,,,,,,,,,,,,,,,,,,,,,,,,,,,,,,,,,,,,,,,,,,,,,,,,,,,,,,,,,,,,,,One-off label,,,,,,,,,,,,,,One-off label,,,,,,,,,,,,,,,,,,,,,One-off label,,,,,,,,,,,,,,,,,,,,,,,,,,,,,,,,,,,,,,,,,,,,,,,,,,,,,,,,,,,,,,,,,,,,,,,,,,
7JRENM,1,7,cloud,,,,,,,,,,,,,,,,,,,,,,,,,,,,,,,,,,,,,,,,,,,,,,,,,,,,,,,,,,,,,,One-off label,,,,,,,,,,,,,,One-off label,,,,,,,,,,,,,,,,,,,,,One-off label,,,,,,,,,,,,,,,,,,,,,,,,,,,,,,,,,,,,,,,,,,,,,,,,,,,,,,,,,,,,,,,,,,,,,,,,,,
7JRENM,1,8,snowman,,,,,,,,,,,,,,,,,,,,,,,,,,,,,,,,,,,,,,,,,,,,,,,,,,,,,,,,,,,,,,One-off label,,,,,,,,,,,,,,One-off label,,,,,,,,,,,,,,,,,,,,,One-off label,,,,,,,,,,,,,,,,,,,,,,,,,,,,,,,,,,,,,,,,,,,,,,,,,,,,,,,,,,,,,,,,,,,,,,,,,,
7TP0DW,0,1,flying,,One-off label,,,,,,,,,,,,,,,,,,,,,,,,,,,,,,,,,,,,,,,,,,,,,,,,,,,,,,,,,,,,,,,,,,,,,,,,,,,,,,,,,,,,,,,,,,,,,,,,,,,,,,,,,One-off label,,,,,,,,,,,,,,,,,,,,,,,,,,,,,,,,,,,,,,,,,,,,,,,,,One-off label,,,,,,,,,,,,,,,
7TP0DW,0,2,kicking,,One-off label,,,,,,,,,,,,,,,,,,,,,,,,,,,,,,,,,,,,,,,,,,,,,,,,,,,,,,,,,,,,,,,,,,,,,,,,,,,,,,,,,,,,,,,,,,,,,,,,,,,,,,,,,One-off label,,,,,,,,,,,,,,,,,,,,,,,,,,,,,,,,,,,,,,,,,,,,,,,,,One-off label,,,,,,,,,,,,,,,
7TP0DW,0,3,full kneel,,One-off label,,,,,,,,,,,,,,,,,,,,,,,,,,,,,,,,,,,,,,,,,,,,,,,,,,,,,,,,,,,,,,,,,,,,,,,,,,,,,,,,,,,,,,,,,,,,,,,,,,,,,,,,,One-off label,,,,,,,,,,,,,,,,,,,,,,,,,,,,,,,,,,,,,,,,,,,,,,,,,One-off label,,,,,,,,,,,,,,,
7TP0DW,0,4,yoga,,One-off label,,,,,,,,,,,,,,,,,,,,,,,,,,,,,,,,,,,,,,,,,,,,,,,,,,,,,,,,,,,,,,,,,,,,,,,,,,,,,,,,,,,,,,,,,,,,,,,,,,,,,,,,,One-off label,,,,,,,,,,,,,,,,,,,,,,,,,,,,,,,,,,,,,,,,,,,,,,,,,One-off label,,,,,,,,,,,,,,,
7TP0DW,0,5,standing,,One-off label,,,,,,,,,,,,,,,,,,,,,,,,,,,,,,,,,,,,,,,,,,,,,,,,,,,,,,,,,,,,,,,,,,,,,,,,,,,,,,,,,,,,,,,,,,,,,,,,,,,,,,,,,One-off label,,,,,,,,,,,,,,,,,,,,,,,,,,,,,,,,,,,,,,,,,,,,,,,,,One-off label,,,,,,,,,,,,,,,
7TP0DW,0,6,sitting,,One-off label,,,,,,,,,,,,,,,,,,,,,,,,,,,,,,,,,,,,,,,,,,,,,,,,,,,,,,,,,,,,,,,,,,,,,,,,,,,,,,,,,,,,,,,,,,,,,,,,,,,,,,,,,One-off label,,,,,,,,,,,,,,,,,,,,,,,,,,,,,,,,,,,,,,,,,,,,,,,,,One-off label,,,,,,,,,,,,,,,
7TP0DW,0,7,sliding,,One-off label,,,,,,,,,,,,,,,,,,,,,,,,,,,,,,,,,,,,,,,,,,,,,,,,,,,,,,,,,,,,,,,,,,,,,,,,,,,,,,,,,,,,,,,,,,,,,,,,,,,,,,,,,One-off label,,,,,,,,,,,,,,,,,,,,,,,,,,,,,,,,,,,,,,,,,,,,,,,,,One-off label,,,,,,,,,,,,,,,
7TP0DW,0,8,half kneel,,One-off label,,,,,,,,,,,,,,,,,,,,,,,,,,,,,,,,,,,,,,,,,,,,,,,,,,,,,,,,,,,,,,,,,,,,,,,,,,,,,,,,,,,,,,,,,,,,,,,,,,,,,,,,,One-off label,,,,,,,,,,,,,,,,,,,,,,,,,,,,,,,,,,,,,,,,,,,,,,,,,One-off label,,,,,,,,,,,,,,,
7TP0DW,1,1,flying,,,,,,,,,,,,,,,,,,,,,,,,,,,,,,,,,,,,,,,,,,,,,,,,,,,One-off label,,,,,,,,,,,,,,,,,,,,,,,,,,,,,,,,,,,,,,,,,,,,,,,,,,,,,,,One-off label,,,,,,,,One-off label,,,,,,,,,,,,,,,,,,,,,,,,,,,,,,,,,,,,,,,,,,,,,,,,,,,,,,,,,
7TP0DW,1,2,(no response),,,,,,,,,,,,,,,,,,,,,,,,,,,,,,,,,,,,,,,,,,,,,,,,,,,Can't tell / Neither,,,,,,,,,,,,,,,,,,,,,,,,,,,,,,,,,,,,,,,,,,,,,,,,,,,,,,,Systematic label,,,,,,,,Can't tell / Neither,,,,,,,,,,,,,,,,,,,,,,,,,,,,,,,,,,,,,,,,,,,,,,,,,,,,,,,,,
7TP0DW,1,3,kneeling,,,,,,,,,,,,,,,,,,,,,,,,,,,,,,,,,,,,,,,,,,,,,,,,,,,One-off label,,,,,,,,,,,,,,,,,,,,,,,,,,,,,,,,,,,,,,,,,,,,,,,,,,,,,,,One-off label,,,,,,,,One-off label,,,,,,,,,,,,,,,,,,,,,,,,,,,,,,,,,,,,,,,,,,,,,,,,,,,,,,,,,
7TP0DW,1,4,yoga,,,,,,,,,,,,,,,,,,,,,,,,,,,,,,,,,,,,,,,,,,,,,,,,,,,One-off label,,,,,,,,,,,,,,,,,,,,,,,,,,,,,,,,,,,,,,,,,,,,,,,,,,,,,,,Systematic label,,,,,,,,One-off label,,,,,,,,,,,,,,,,,,,,,,,,,,,,,,,,,,,,,,,,,,,,,,,,,,,,,,,,,
7TP0DW,1,5,standing,,,,,,,,,,,,,,,,,,,,,,,,,,,,,,,,,,,,,,,,,,,,,,,,,,,One-off label,,,,,,,,,,,,,,,,,,,,,,,,,,,,,,,,,,,,,,,,,,,,,,,,,,,,,,,Systematic label,,,,,,,,One-off label,,,,,,,,,,,,,,,,,,,,,,,,,,,,,,,,,,,,,,,,,,,,,,,,,,,,,,,,,
7TP0DW,1,6,sitting,,,,,,,,,,,,,,,,,,,,,,,,,,,,,,,,,,,,,,,,,,,,,,,,,,,One-off label,,,,,,,,,,,,,,,,,,,,,,,,,,,,,,,,,,,,,,,,,,,,,,,,,,,,,,,Systematic label,,,,,,,,One-off label,,,,,,,,,,,,,,,,,,,,,,,,,,,,,,,,,,,,,,,,,,,,,,,,,,,,,,,,,
7TP0DW,1,7,sliding,,,,,,,,,,,,,,,,,,,,,,,,,,,,,,,,,,,,,,,,,,,,,,,,,,,One-off label,,,,,,,,,,,,,,,,,,,,,,,,,,,,,,,,,,,,,,,,,,,,,,,,,,,,,,,One-off label,,,,,,,,One-off label,,,,,,,,,,,,,,,,,,,,,,,,,,,,,,,,,,,,,,,,,,,,,,,,,,,,,,,,,
7TP0DW,1,8,half kneeling,,,,,,,,,,,,,,,,,,,,,,,,,,,,,,,,,,,,,,,,,,,,,,,,,,,One-off label,,,,,,,,,,,,,,,,,,,,,,,,,,,,,,,,,,,,,,,,,,,,,,,,,,,,,,,One-off label,,,,,,,,One-off label,,,,,,,,,,,,,,,,,,,,,,,,,,,,,,,,,,,,,,,,,,,,,,,,,,,,,,,,,
7YDWES,0,1,cheer,,,,,,,,,,,,,,,,,,,,,,,,,,,,,,,,,,,,,,,,,,,,,,,,,,One-off label,,,,,,,,,,,,,,,,,,,,,,,,,,,,,,,,,,,,,,,,One-off label,,,,,,,,,,,,,,,,,,,,,,,,,,,,,,,,,,,,,,,,,,,One-off label,,,,,,,,,,,,,,,,,,,,,,,,,,,,,,,,,,,,,,
7YDWES,0,2,one,,,,,,,,,,,,,,,,,,,,,,,,,,,,,,,,,,,,,,,,,,,,,,,,,,One-off label,,,,,,,,,,,,,,,,,,,,,,,,,,,,,,,,,,,,,,,,One-off label,,,,,,,,,,,,,,,,,,,,,,,,,,,,,,,,,,,,,,,,,,,Systematic label,,,,,,,,,,,,,,,,,,,,,,,,,,,,,,,,,,,,,,
7YDWES,0,3,idk,,,,,,,,,,,,,,,,,,,,,,,,,,,,,,,,,,,,,,,,,,,,,,,,,,Can't tell / Neither,,,,,,,,,,,,,,,,,,,,,,,,,,,,,,,,,,,,,,,,Can't tell / Neither,,,,,,,,,,,,,,,,,,,,,,,,,,,,,,,,,,,,,,,,,,,Can't tell / Neither,,,,,,,,,,,,,,,,,,,,,,,,,,,,,,,,,,,,,,
7YDWES,0,4,rooster,,,,,,,,,,,,,,,,,,,,,,,,,,,,,,,,,,,,,,,,,,,,,,,,,,One-off label,,,,,,,,,,,,,,,,,,,,,,,,,,,,,,,,,,,,,,,,One-off label,,,,,,,,,,,,,,,,,,,,,,,,,,,,,,,,,,,,,,,,,,,One-off label,,,,,,,,,,,,,,,,,,,,,,,,,,,,,,,,,,,,,,
7YDWES,0,5,strait,,,,,,,,,,,,,,,,,,,,,,,,,,,,,,,,,,,,,,,,,,,,,,,,,,Systematic label,,,,,,,,,,,,,,,,,,,,,,,,,,,,,,,,,,,,,,,,One-off label,,,,,,,,,,,,,,,,,,,,,,,,,,,,,,,,,,,,,,,,,,,One-off label,,,,,,,,,,,,,,,,,,,,,,,,,,,,,,,,,,,,,,
7YDWES,0,6,bow,,,,,,,,,,,,,,,,,,,,,,,,,,,,,,,,,,,,,,,,,,,,,,,,,,One-off label,,,,,,,,,,,,,,,,,,,,,,,,,,,,,,,,,,,,,,,,One-off label,,,,,,,,,,,,,,,,,,,,,,,,,,,,,,,,,,,,,,,,,,,One-off label,,,,,,,,,,,,,,,,,,,,,,,,,,,,,,,,,,,,,,
7YDWES,0,7,split,,,,,,,,,,,,,,,,,,,,,,,,,,,,,,,,,,,,,,,,,,,,,,,,,,Systematic label,,,,,,,,,,,,,,,,,,,,,,,,,,,,,,,,,,,,,,,,One-off label,,,,,,,,,,,,,,,,,,,,,,,,,,,,,,,,,,,,,,,,,,,One-off label,,,,,,,,,,,,,,,,,,,,,,,,,,,,,,,,,,,,,,
7YDWES,0,8,pray,,,,,,,,,,,,,,,,,,,,,,,,,,,,,,,,,,,,,,,,,,,,,,,,,,One-off label,,,,,,,,,,,,,,,,,,,,,,,,,,,,,,,,,,,,,,,,One-off label,,,,,,,,,,,,,,,,,,,,,,,,,,,,,,,,,,,,,,,,,,,One-off label,,,,,,,,,,,,,,,,,,,,,,,,,,,,,,,,,,,,,,
7YDWES,1,1,cheer,,,,,,,,,,,,,,,,,,,,,,,,,,,,,,,,,,,,,,,,,,,One-off label,,,,,,,,,,,,,,,,,,,,,,,,,,,,,,,,,,,,,,,,,,,,,,One-off label,,,,,,,,,,,,,,,,,,,,Can't tell / Neither,,,,,,,,,,,,,,,,,,,,,,,,,,,,,,,,,,,,,,,,,,,,,,,,,,,,,,,,,,,,,,
7YDWES,1,2,one,,,,,,,,,,,,,,,,,,,,,,,,,,,,,,,,,,,,,,,,,,,Can't tell / Neither,,,,,,,,,,,,,,,,,,,,,,,,,,,,,,,,,,,,,,,,,,,,,,One-off label,,,,,,,,,,,,,,,,,,,,Can't tell / Neither,,,,,,,,,,,,,,,,,,,,,,,,,,,,,,,,,,,,,,,,,,,,,,,,,,,,,,,,,,,,,,
7YDWES,1,3,idk,,,,,,,,,,,,,,,,,,,,,,,,,,,,,,,,,,,,,,,,,,,Can't tell / Neither,,,,,,,,,,,,,,,,,,,,,,,,,,,,,,,,,,,,,,,,,,,,,,One-off label,,,,,,,,,,,,,,,,,,,,Can't tell / Neither,,,,,,,,,,,,,,,,,,,,,,,,,,,,,,,,,,,,,,,,,,,,,,,,,,,,,,,,,,,,,,
7YDWES,1,4,rooster,,,,,,,,,,,,,,,,,,,,,,,,,,,,,,,,,,,,,,,,,,,One-off label,,,,,,,,,,,,,,,,,,,,,,,,,,,,,,,,,,,,,,,,,,,,,,One-off label,,,,,,,,,,,,,,,,,,,,One-off label,,,,,,,,,,,,,,,,,,,,,,,,,,,,,,,,,,,,,,,,,,,,,,,,,,,,,,,,,,,,,,
7YDWES,1,5,stand,,,,,,,,,,,,,,,,,,,,,,,,,,,,,,,,,,,,,,,,,,,One-off label,,,,,,,,,,,,,,,,,,,,,,,,,,,,,,,,,,,,,,,,,,,,,,One-off label,,,,,,,,,,,,,,,,,,,,One-off label,,,,,,,,,,,,,,,,,,,,,,,,,,,,,,,,,,,,,,,,,,,,,,,,,,,,,,,,,,,,,,
7YDWES,1,6,bow,,,,,,,,,,,,,,,,,,,,,,,,,,,,,,,,,,,,,,,,,,,One-off label,,,,,,,,,,,,,,,,,,,,,,,,,,,,,,,,,,,,,,,,,,,,,,One-off label,,,,,,,,,,,,,,,,,,,,One-off label,,,,,,,,,,,,,,,,,,,,,,,,,,,,,,,,,,,,,,,,,,,,,,,,,,,,,,,,,,,,,,
7YDWES,1,7,split,,,,,,,,,,,,,,,,,,,,,,,,,,,,,,,,,,,,,,,,,,,One-off label,,,,,,,,,,,,,,,,,,,,,,,,,,,,,,,,,,,,,,,,,,,,,,One-off label,,,,,,,,,,,,,,,,,,,,Can't tell / Neither,,,,,,,,,,,,,,,,,,,,,,,,,,,,,,,,,,,,,,,,,,,,,,,,,,,,,,,,,,,,,,
7YDWES,1,8,pray,,,,,,,,,,,,,,,,,,,,,,,,,,,,,,,,,,,,,,,,,,,One-off label,,,,,,,,,,,,,,,,,,,,,,,,,,,,,,,,,,,,,,,,,,,,,,One-off label,,,,,,,,,,,,,,,,,,,,One-off label,,,,,,,,,,,,,,,,,,,,,,,,,,,,,,,,,,,,,,,,,,,,,,,,,,,,,,,,,,,,,,
7ZTEW8,0,1,lpy,,,,,,,,,,,,,,,,,,,,,,,,,,,,,,,,,,,,,,,,,,,,Systematic label,,,,,,,,,,,,,,,,,,,,,,,,,,,,,,,,,,,,,,,,,,,,,,,,,,,,,,,,,,,,,,,,,,,,,,,,,,,,,,,,,,,Can't tell / Neither,,,,,,,,,,,,,,,,,,,,,,,,,,,Systematic label,,,,,,,,,,,,,,,,,
7ZTEW8,0,2,p,,,,,,,,,,,,,,,,,,,,,,,,,,,,,,,,,,,,,,,,,,,,Systematic label,,,,,,,,,,,,,,,,,,,,,,,,,,,,,,,,,,,,,,,,,,,,,,,,,,,,,,,,,,,,,,,,,,,,,,,,,,,,,,,,,,,Can't tell / Neither,,,,,,,,,,,,,,,,,,,,,,,,,,,Can't tell / Neither,,,,,,,,,,,,,,,,,
7ZTEW8,0,3,o,,,,,,,,,,,,,,,,,,,,,,,,,,,,,,,,,,,,,,,,,,,,Systematic label,,,,,,,,,,,,,,,,,,,,,,,,,,,,,,,,,,,,,,,,,,,,,,,,,,,,,,,,,,,,,,,,,,,,,,,,,,,,,,,,,,,Can't tell / Neither,,,,,,,,,,,,,,,,,,,,,,,,,,,Can't tell / Neither,,,,,,,,,,,,,,,,,
7ZTEW8,0,4,rob,,,,,,,,,,,,,,,,,,,,,,,,,,,,,,,,,,,,,,,,,,,,Can't tell / Neither,,,,,,,,,,,,,,,,,,,,,,,,,,,,,,,,,,,,,,,,,,,,,,,,,,,,,,,,,,,,,,,,,,,,,,,,,,,,,,,,,,,Can't tell / Neither,,,,,,,,,,,,,,,,,,,,,,,,,,,Can't tell / Neither,,,,,,,,,,,,,,,,,
7ZTEW8,0,5,b,,,,,,,,,,,,,,,,,,,,,,,,,,,,,,,,,,,,,,,,,,,,Systematic label,,,,,,,,,,,,,,,,,,,,,,,,,,,,,,,,,,,,,,,,,,,,,,,,,,,,,,,,,,,,,,,,,,,,,,,,,,,,,,,,,,,Can't tell / Neither,,,,,,,,,,,,,,,,,,,,,,,,,,,Can't tell / Neither,,,,,,,,,,,,,,,,,
7ZTEW8,0,6,bl,,,,,,,,,,,,,,,,,,,,,,,,,,,,,,,,,,,,,,,,,,,,Systematic label,,,,,,,,,,,,,,,,,,,,,,,,,,,,,,,,,,,,,,,,,,,,,,,,,,,,,,,,,,,,,,,,,,,,,,,,,,,,,,,,,,,Can't tell / Neither,,,,,,,,,,,,,,,,,,,,,,,,,,,Can't tell / Neither,,,,,,,,,,,,,,,,,
7ZTEW8,0,7,w,,,,,,,,,,,,,,,,,,,,,,,,,,,,,,,,,,,,,,,,,,,,Systematic label,,,,,,,,,,,,,,,,,,,,,,,,,,,,,,,,,,,,,,,,,,,,,,,,,,,,,,,,,,,,,,,,,,,,,,,,,,,,,,,,,,,Can't tell / Neither,,,,,,,,,,,,,,,,,,,,,,,,,,,Can't tell / Neither,,,,,,,,,,,,,,,,,
7ZTEW8,0,8,wh,,,,,,,,,,,,,,,,,,,,,,,,,,,,,,,,,,,,,,,,,,,,Systematic label,,,,,,,,,,,,,,,,,,,,,,,,,,,,,,,,,,,,,,,,,,,,,,,,,,,,,,,,,,,,,,,,,,,,,,,,,,,,,,,,,,,Can't tell / Neither,,,,,,,,,,,,,,,,,,,,,,,,,,,Can't tell / Neither,,,,,,,,,,,,,,,,,
7ZTEW8,1,1,r,,,,,,,,,,,,,,,,,,,,,,,,,,,,,,,,,,,Can't tell / Neither,,,,,,,,,,,,,,,,,,,,,,,,,,,,,,,,,,,,,,,,,,,,Can't tell / Neither,,,,,,,,,,,,,,,,,,,,,,,,,,,,,,,,,,,,,,,,,,,,,,,,,,,,,,,,,,,,,,,,,,,,,,,,,,,,,,,,,,,Systematic label,,,,,,,,,
7ZTEW8,1,2,p,,,,,,,,,,,,,,,,,,,,,,,,,,,,,,,,,,,Can't tell / Neither,,,,,,,,,,,,,,,,,,,,,,,,,,,,,,,,,,,,,,,,,,,,Can't tell / Neither,,,,,,,,,,,,,,,,,,,,,,,,,,,,,,,,,,,,,,,,,,,,,,,,,,,,,,,,,,,,,,,,,,,,,,,,,,,,,,,,,,,Systematic label,,,,,,,,,
7ZTEW8,1,3,o,,,,,,,,,,,,,,,,,,,,,,,,,,,,,,,,,,,Can't tell / Neither,,,,,,,,,,,,,,,,,,,,,,,,,,,,,,,,,,,,,,,,,,,,Can't tell / Neither,,,,,,,,,,,,,,,,,,,,,,,,,,,,,,,,,,,,,,,,,,,,,,,,,,,,,,,,,,,,,,,,,,,,,,,,,,,,,,,,,,,Systematic label,,,,,,,,,
7ZTEW8,1,4,b,,,,,,,,,,,,,,,,,,,,,,,,,,,,,,,,,,,Can't tell / Neither,,,,,,,,,,,,,,,,,,,,,,,,,,,,,,,,,,,,,,,,,,,,Can't tell / Neither,,,,,,,,,,,,,,,,,,,,,,,,,,,,,,,,,,,,,,,,,,,,,,,,,,,,,,,,,,,,,,,,,,,,,,,,,,,,,,,,,,,Systematic label,,,,,,,,,
7ZTEW8,1,5,b,,,,,,,,,,,,,,,,,,,,,,,,,,,,,,,,,,,Can't tell / Neither,,,,,,,,,,,,,,,,,,,,,,,,,,,,,,,,,,,,,,,,,,,,Can't tell / Neither,,,,,,,,,,,,,,,,,,,,,,,,,,,,,,,,,,,,,,,,,,,,,,,,,,,,,,,,,,,,,,,,,,,,,,,,,,,,,,,,,,,Systematic label,,,,,,,,,
7ZTEW8,1,6,bl,,,,,,,,,,,,,,,,,,,,,,,,,,,,,,,,,,,Can't tell / Neither,,,,,,,,,,,,,,,,,,,,,,,,,,,,,,,,,,,,,,,,,,,,Can't tell / Neither,,,,,,,,,,,,,,,,,,,,,,,,,,,,,,,,,,,,,,,,,,,,,,,,,,,,,,,,,,,,,,,,,,,,,,,,,,,,,,,,,,,Systematic label,,,,,,,,,
7ZTEW8,1,7,w,,,,,,,,,,,,,,,,,,,,,,,,,,,,,,,,,,,Can't tell / Neither,,,,,,,,,,,,,,,,,,,,,,,,,,,,,,,,,,,,,,,,,,,,Can't tell / Neither,,,,,,,,,,,,,,,,,,,,,,,,,,,,,,,,,,,,,,,,,,,,,,,,,,,,,,,,,,,,,,,,,,,,,,,,,,,,,,,,,,,Systematic label,,,,,,,,,
7ZTEW8,1,8,b,,,,,,,,,,,,,,,,,,,,,,,,,,,,,,,,,,,Can't tell / Neither,,,,,,,,,,,,,,,,,,,,,,,,,,,,,,,,,,,,,,,,,,,,Can't tell / Neither,,,,,,,,,,,,,,,,,,,,,,,,,,,,,,,,,,,,,,,,,,,,,,,,,,,,,,,,,,,,,,,,,,,,,,,,,,,,,,,,,,,Systematic label,,,,,,,,,
83Y6EK,0,1,magenta,,,,,,,,,One-off label,,,,,,,,,,,,,,,,,,,,,,,Systematic label,,,,,,,,,,,,,,,,,,,,,,,,,,,,,,,,,,,,,,,,,,,,,,,,,,,,,,,,,,,,,,,,,,,,,,,,,,,,,,,,,,,,,,Can't tell / Neither,,,,,,,,,,,,,,,,,,,,,,,,,,,,,,,,,,,,,,,,,,,,,,,,,,,,,
83Y6EK,0,2,pink,,,,,,,,,One-off label,,,,,,,,,,,,,,,,,,,,,,,Systematic label,,,,,,,,,,,,,,,,,,,,,,,,,,,,,,,,,,,,,,,,,,,,,,,,,,,,,,,,,,,,,,,,,,,,,,,,,,,,,,,,,,,,,,Can't tell / Neither,,,,,,,,,,,,,,,,,,,,,,,,,,,,,,,,,,,,,,,,,,,,,,,,,,,,,
83Y6EK,0,3,orange,,,,,,,,,One-off label,,,,,,,,,,,,,,,,,,,,,,,Systematic label,,,,,,,,,,,,,,,,,,,,,,,,,,,,,,,,,,,,,,,,,,,,,,,,,,,,,,,,,,,,,,,,,,,,,,,,,,,,,,,,,,,,,,Can't tell / Neither,,,,,,,,,,,,,,,,,,,,,,,,,,,,,,,,,,,,,,,,,,,,,,,,,,,,,
83Y6EK,0,4,brown,,,,,,,,,One-off label,,,,,,,,,,,,,,,,,,,,,,,Systematic label,,,,,,,,,,,,,,,,,,,,,,,,,,,,,,,,,,,,,,,,,,,,,,,,,,,,,,,,,,,,,,,,,,,,,,,,,,,,,,,,,,,,,,Can't tell / Neither,,,,,,,,,,,,,,,,,,,,,,,,,,,,,,,,,,,,,,,,,,,,,,,,,,,,,
83Y6EK,0,5,teal,,,,,,,,,One-off label,,,,,,,,,,,,,,,,,,,,,,,Systematic label,,,,,,,,,,,,,,,,,,,,,,,,,,,,,,,,,,,,,,,,,,,,,,,,,,,,,,,,,,,,,,,,,,,,,,,,,,,,,,,,,,,,,,Can't tell / Neither,,,,,,,,,,,,,,,,,,,,,,,,,,,,,,,,,,,,,,,,,,,,,,,,,,,,,
83Y6EK,0,6,black,,,,,,,,,One-off label,,,,,,,,,,,,,,,,,,,,,,,Systematic label,,,,,,,,,,,,,,,,,,,,,,,,,,,,,,,,,,,,,,,,,,,,,,,,,,,,,,,,,,,,,,,,,,,,,,,,,,,,,,,,,,,,,,Can't tell / Neither,,,,,,,,,,,,,,,,,,,,,,,,,,,,,,,,,,,,,,,,,,,,,,,,,,,,,
83Y6EK,0,7,white,,,,,,,,,One-off label,,,,,,,,,,,,,,,,,,,,,,,Systematic label,,,,,,,,,,,,,,,,,,,,,,,,,,,,,,,,,,,,,,,,,,,,,,,,,,,,,,,,,,,,,,,,,,,,,,,,,,,,,,,,,,,,,,Can't tell / Neither,,,,,,,,,,,,,,,,,,,,,,,,,,,,,,,,,,,,,,,,,,,,,,,,,,,,,
83Y6EK,0,8,gray,,,,,,,,,One-off label,,,,,,,,,,,,,,,,,,,,,,,Systematic label,,,,,,,,,,,,,,,,,,,,,,,,,,,,,,,,,,,,,,,,,,,,,,,,,,,,,,,,,,,,,,,,,,,,,,,,,,,,,,,,,,,,,,Can't tell / Neither,,,,,,,,,,,,,,,,,,,,,,,,,,,,,,,,,,,,,,,,,,,,,,,,,,,,,
83Y6EK,1,1,magenta,,,One-off label,,,,,,,,,,,,,,,,,,,,,,,,,,,,,,,,,,,,,,,,,,,,,,,,,,,,Can't tell / Neither,,,,,,,,,,,,,,,,,,,,,,,,,,,,Systematic label,,,,,,,,,,,,,,,,,,,,,,,,,,,,,,,,,,,,,,,,,,,,,,,,,,,,,,,,,,,,,,,,,,,,,,,,,,,,,,,,,,,,,,,,
83Y6EK,1,2,pink,,,One-off label,,,,,,,,,,,,,,,,,,,,,,,,,,,,,,,,,,,,,,,,,,,,,,,,,,,,Can't tell / Neither,,,,,,,,,,,,,,,,,,,,,,,,,,,,Systematic label,,,,,,,,,,,,,,,,,,,,,,,,,,,,,,,,,,,,,,,,,,,,,,,,,,,,,,,,,,,,,,,,,,,,,,,,,,,,,,,,,,,,,,,,
83Y6EK,1,3,orange,,,One-off label,,,,,,,,,,,,,,,,,,,,,,,,,,,,,,,,,,,,,,,,,,,,,,,,,,,,Can't tell / Neither,,,,,,,,,,,,,,,,,,,,,,,,,,,,Systematic label,,,,,,,,,,,,,,,,,,,,,,,,,,,,,,,,,,,,,,,,,,,,,,,,,,,,,,,,,,,,,,,,,,,,,,,,,,,,,,,,,,,,,,,,
83Y6EK,1,4,brown,,,One-off label,,,,,,,,,,,,,,,,,,,,,,,,,,,,,,,,,,,,,,,,,,,,,,,,,,,,Can't tell / Neither,,,,,,,,,,,,,,,,,,,,,,,,,,,,Systematic label,,,,,,,,,,,,,,,,,,,,,,,,,,,,,,,,,,,,,,,,,,,,,,,,,,,,,,,,,,,,,,,,,,,,,,,,,,,,,,,,,,,,,,,,
83Y6EK,1,5,teal,,,One-off label,,,,,,,,,,,,,,,,,,,,,,,,,,,,,,,,,,,,,,,,,,,,,,,,,,,,Can't tell / Neither,,,,,,,,,,,,,,,,,,,,,,,,,,,,Systematic label,,,,,,,,,,,,,,,,,,,,,,,,,,,,,,,,,,,,,,,,,,,,,,,,,,,,,,,,,,,,,,,,,,,,,,,,,,,,,,,,,,,,,,,,
83Y6EK,1,6,black,,,One-off label,,,,,,,,,,,,,,,,,,,,,,,,,,,,,,,,,,,,,,,,,,,,,,,,,,,,Can't tell / Neither,,,,,,,,,,,,,,,,,,,,,,,,,,,,Systematic label,,,,,,,,,,,,,,,,,,,,,,,,,,,,,,,,,,,,,,,,,,,,,,,,,,,,,,,,,,,,,,,,,,,,,,,,,,,,,,,,,,,,,,,,
83Y6EK,1,7,white,,,One-off label,,,,,,,,,,,,,,,,,,,,,,,,,,,,,,,,,,,,,,,,,,,,,,,,,,,,Can't tell / Neither,,,,,,,,,,,,,,,,,,,,,,,,,,,,Systematic label,,,,,,,,,,,,,,,,,,,,,,,,,,,,,,,,,,,,,,,,,,,,,,,,,,,,,,,,,,,,,,,,,,,,,,,,,,,,,,,,,,,,,,,,
83Y6EK,1,8,gray,,,One-off label,,,,,,,,,,,,,,,,,,,,,,,,,,,,,,,,,,,,,,,,,,,,,,,,,,,,Can't tell / Neither,,,,,,,,,,,,,,,,,,,,,,,,,,,,Systematic label,,,,,,,,,,,,,,,,,,,,,,,,,,,,,,,,,,,,,,,,,,,,,,,,,,,,,,,,,,,,,,,,,,,,,,,,,,,,,,,,,,,,,,,,
8JTE0M,0,1,pby,,,,,,,,,,,,,,,,,,Systematic label,,,,,,,,Systematic label,,,,,,,,,,,,,,,,,,,,,,,,,,,,,,,,,,,,,,,,,,,,,,,,,,,,,,,,,,,,,,,,,,,,,,,,,,,,,,,,,,,,,,Systematic label,,,,,,,,,,,,,,,,,,,,,,,,,,,,,,,,,,,,,,,,,,,,,,,,,,,,,,,,,,,
8JTE0M,0,2,pby,,,,,,,,,,,,,,,,,,Systematic label,,,,,,,,Systematic label,,,,,,,,,,,,,,,,,,,,,,,,,,,,,,,,,,,,,,,,,,,,,,,,,,,,,,,,,,,,,,,,,,,,,,,,,,,,,,,,,,,,,,Systematic label,,,,,,,,,,,,,,,,,,,,,,,,,,,,,,,,,,,,,,,,,,,,,,,,,,,,,,,,,,,
8JTE0M,0,3,orb,,,,,,,,,,,,,,,,,,Systematic label,,,,,,,,Systematic label,,,,,,,,,,,,,,,,,,,,,,,,,,,,,,,,,,,,,,,,,,,,,,,,,,,,,,,,,,,,,,,,,,,,,,,,,,,,,,,,,,,,,,Systematic label,,,,,,,,,,,,,,,,,,,,,,,,,,,,,,,,,,,,,,,,,,,,,,,,,,,,,,,,,,,
8JTE0M,0,4,orb,,,,,,,,,,,,,,,,,,Systematic label,,,,,,,,Systematic label,,,,,,,,,,,,,,,,,,,,,,,,,,,,,,,,,,,,,,,,,,,,,,,,,,,,,,,,,,,,,,,,,,,,,,,,,,,,,,,,,,,,,,Systematic label,,,,,,,,,,,,,,,,,,,,,,,,,,,,,,,,,,,,,,,,,,,,,,,,,,,,,,,,,,,
8JTE0M,0,5,orbb,,,,,,,,,,,,,,,,,,Systematic label,,,,,,,,Systematic label,,,,,,,,,,,,,,,,,,,,,,,,,,,,,,,,,,,,,,,,,,,,,,,,,,,,,,,,,,,,,,,,,,,,,,,,,,,,,,,,,,,,,,Systematic label,,,,,,,,,,,,,,,,,,,,,,,,,,,,,,,,,,,,,,,,,,,,,,,,,,,,,,,,,,,
8JTE0M,0,6,orb,,,,,,,,,,,,,,,,,,Systematic label,,,,,,,,Systematic label,,,,,,,,,,,,,,,,,,,,,,,,,,,,,,,,,,,,,,,,,,,,,,,,,,,,,,,,,,,,,,,,,,,,,,,,,,,,,,,,,,,,,,Systematic label,,,,,,,,,,,,,,,,,,,,,,,,,,,,,,,,,,,,,,,,,,,,,,,,,,,,,,,,,,,
8JTE0M,0,7,pbyw,,,,,,,,,,,,,,,,,,Systematic label,,,,,,,,Systematic label,,,,,,,,,,,,,,,,,,,,,,,,,,,,,,,,,,,,,,,,,,,,,,,,,,,,,,,,,,,,,,,,,,,,,,,,,,,,,,,,,,,,,,Systematic label,,,,,,,,,,,,,,,,,,,,,,,,,,,,,,,,,,,,,,,,,,,,,,,,,,,,,,,,,,,
8JTE0M,0,8,pbr,,,,,,,,,,,,,,,,,,Systematic label,,,,,,,,Systematic label,,,,,,,,,,,,,,,,,,,,,,,,,,,,,,,,,,,,,,,,,,,,,,,,,,,,,,,,,,,,,,,,,,,,,,,,,,,,,,,,,,,,,,Systematic label,,,,,,,,,,,,,,,,,,,,,,,,,,,,,,,,,,,,,,,,,,,,,,,,,,,,,,,,,,,
8JTE0M,1,1,pby,,,,,,,,,,,,,,,,,,,,,,,,,,,,,,,,,,,,,,,,,,,,,,,,,,,,,,,,,,,,,,,,,,,,,,,,,,,,,,,,,,,,,,,Systematic label,,,,,,Systematic label,,,,,,,,,,,,,,,,,,,,,,,,,,,,,,,,,,,,,,,,,,,,,,,,,,,,,,,,,,,,,,,Can't tell / Neither,,,,,,,,,,,,,,,
8JTE0M,1,2,pby,,,,,,,,,,,,,,,,,,,,,,,,,,,,,,,,,,,,,,,,,,,,,,,,,,,,,,,,,,,,,,,,,,,,,,,,,,,,,,,,,,,,,,,Systematic label,,,,,,Systematic label,,,,,,,,,,,,,,,,,,,,,,,,,,,,,,,,,,,,,,,,,,,,,,,,,,,,,,,,,,,,,,,Can't tell / Neither,,,,,,,,,,,,,,,
8JTE0M,1,3,orb,,,,,,,,,,,,,,,,,,,,,,,,,,,,,,,,,,,,,,,,,,,,,,,,,,,,,,,,,,,,,,,,,,,,,,,,,,,,,,,,,,,,,,,Systematic label,,,,,,Systematic label,,,,,,,,,,,,,,,,,,,,,,,,,,,,,,,,,,,,,,,,,,,,,,,,,,,,,,,,,,,,,,,Can't tell / Neither,,,,,,,,,,,,,,,
8JTE0M,1,4,orb,,,,,,,,,,,,,,,,,,,,,,,,,,,,,,,,,,,,,,,,,,,,,,,,,,,,,,,,,,,,,,,,,,,,,,,,,,,,,,,,,,,,,,,Systematic label,,,,,,Systematic label,,,,,,,,,,,,,,,,,,,,,,,,,,,,,,,,,,,,,,,,,,,,,,,,,,,,,,,,,,,,,,,Can't tell / Neither,,,,,,,,,,,,,,,
8JTE0M,1,5,orbb,,,,,,,,,,,,,,,,,,,,,,,,,,,,,,,,,,,,,,,,,,,,,,,,,,,,,,,,,,,,,,,,,,,,,,,,,,,,,,,,,,,,,,,Can't tell / Neither,,,,,,Systematic label,,,,,,,,,,,,,,,,,,,,,,,,,,,,,,,,,,,,,,,,,,,,,,,,,,,,,,,,,,,,,,,Can't tell / Neither,,,,,,,,,,,,,,,
8JTE0M,1,6,orb,,,,,,,,,,,,,,,,,,,,,,,,,,,,,,,,,,,,,,,,,,,,,,,,,,,,,,,,,,,,,,,,,,,,,,,,,,,,,,,,,,,,,,,Systematic label,,,,,,Systematic label,,,,,,,,,,,,,,,,,,,,,,,,,,,,,,,,,,,,,,,,,,,,,,,,,,,,,,,,,,,,,,,Can't tell / Neither,,,,,,,,,,,,,,,
8JTE0M,1,7,pbyw,,,,,,,,,,,,,,,,,,,,,,,,,,,,,,,,,,,,,,,,,,,,,,,,,,,,,,,,,,,,,,,,,,,,,,,,,,,,,,,,,,,,,,,Can't tell / Neither,,,,,,Systematic label,,,,,,,,,,,,,,,,,,,,,,,,,,,,,,,,,,,,,,,,,,,,,,,,,,,,,,,,,,,,,,,Can't tell / Neither,,,,,,,,,,,,,,,
8JTE0M,1,8,pbr,,,,,,,,,,,,,,,,,,,,,,,,,,,,,,,,,,,,,,,,,,,,,,,,,,,,,,,,,,,,,,,,,,,,,,,,,,,,,,,,,,,,,,,Systematic label,,,,,,Systematic label,,,,,,,,,,,,,,,,,,,,,,,,,,,,,,,,,,,,,,,,,,,,,,,,,,,,,,,,,,,,,,,Can't tell / Neither,,,,,,,,,,,,,,,
8VMN7T,0,1,pray,,,,,,,,,,,,,,,,,,,,,,,,,,,,,,,,,,,,,,,,,,,,,,,,,,,,,,,,,,,,,,,,,,,,,,,One-off label,,,,,,,,,,,,,,,,,,,,,,,,,,,,,,,,,,,,,,,,,,,,,,,,,,,,,,,,,,,,,,,,,,,,,,,One-off label,,,,,,,,,Can't tell / Neither,,,,,,,,,,,,,,,One-off label,,,,,
8VMN7T,0,2,step,,,,,,,,,,,,,,,,,,,,,,,,,,,,,,,,,,,,,,,,,,,,,,,,,,,,,,,,,,,,,,,,,,,,,,,One-off label,,,,,,,,,,,,,,,,,,,,,,,,,,,,,,,,,,,,,,,,,,,,,,,,,,,,,,,,,,,,,,,,,,,,,,,One-off label,,,,,,,,,Can't tell / Neither,,,,,,,,,,,,,,,One-off label,,,,,
8VMN7T,0,3,tail,,,,,,,,,,,,,,,,,,,,,,,,,,,,,,,,,,,,,,,,,,,,,,,,,,,,,,,,,,,,,,,,,,,,,,,One-off label,,,,,,,,,,,,,,,,,,,,,,,,,,,,,,,,,,,,,,,,,,,,,,,,,,,,,,,,,,,,,,,,,,,,,,,One-off label,,,,,,,,,Systematic label,,,,,,,,,,,,,,,One-off label,,,,,
8VMN7T,0,4,skate,,,,,,,,,,,,,,,,,,,,,,,,,,,,,,,,,,,,,,,,,,,,,,,,,,,,,,,,,,,,,,,,,,,,,,,One-off label,,,,,,,,,,,,,,,,,,,,,,,,,,,,,,,,,,,,,,,,,,,,,,,,,,,,,,,,,,,,,,,,,,,,,,,One-off label,,,,,,,,,Systematic label,,,,,,,,,,,,,,,One-off label,,,,,
8VMN7T,0,5,priest,,,,,,,,,,,,,,,,,,,,,,,,,,,,,,,,,,,,,,,,,,,,,,,,,,,,,,,,,,,,,,,,,,,,,,,One-off label,,,,,,,,,,,,,,,,,,,,,,,,,,,,,,,,,,,,,,,,,,,,,,,,,,,,,,,,,,,,,,,,,,,,,,,One-off label,,,,,,,,,Can't tell / Neither,,,,,,,,,,,,,,,One-off label,,,,,
8VMN7T,0,6,fin,,,,,,,,,,,,,,,,,,,,,,,,,,,,,,,,,,,,,,,,,,,,,,,,,,,,,,,,,,,,,,,,,,,,,,,One-off label,,,,,,,,,,,,,,,,,,,,,,,,,,,,,,,,,,,,,,,,,,,,,,,,,,,,,,,,,,,,,,,,,,,,,,,One-off label,,,,,,,,,Can't tell / Neither,,,,,,,,,,,,,,,Can't tell / Neither,,,,,
8VMN7T,0,7,c,,,,,,,,,,,,,,,,,,,,,,,,,,,,,,,,,,,,,,,,,,,,,,,,,,,,,,,,,,,,,,,,,,,,,,,Can't tell / Neither,,,,,,,,,,,,,,,,,,,,,,,,,,,,,,,,,,,,,,,,,,,,,,,,,,,,,,,,,,,,,,,,,,,,,,,Can't tell / Neither,,,,,,,,,Can't tell / Neither,,,,,,,,,,,,,,,Systematic label,,,,,
8VMN7T,0,8,crouch,,,,,,,,,,,,,,,,,,,,,,,,,,,,,,,,,,,,,,,,,,,,,,,,,,,,,,,,,,,,,,,,,,,,,,,Can't tell / Neither,,,,,,,,,,,,,,,,,,,,,,,,,,,,,,,,,,,,,,,,,,,,,,,,,,,,,,,,,,,,,,,,,,,,,,,One-off label,,,,,,,,,One-off label,,,,,,,,,,,,,,,One-off label,,,,,
8VMN7T,1,1,pray,,,,,,,,,,,,,,,,,,,,,,,,,,,,,,,,,,,,,,,,,,,,,,,,,,,,,,,,,,,,,,,,,,,,,,,,,,,,,,,,,,,,,,,,,,,,,,,,,,,,,,,,,,,,,,,,,,,,,,,,,,,,One-off label,,,,,,,,,,,,,,,,,,,,,,,,,,,,,,,,,,,,,,,,,,,,,,,
8VMN7T,1,2,step,,,,,,,,,,,,,,,,,,,,,,,,,,,,,,,,,,,,,,,,,,,,,,,,,,,,,,,,,,,,,,,,,,,,,,,,,,,,,,,,,,,,,,,,,,,,,,,,,,,,,,,,,,,,,,,,,,,,,,,,,,,,One-off label,,,,,,,,,,,,,,,,,,,,,,,,,,,,,,,,,,,,,,,,,,,,,,,
8VMN7T,1,3,tail,,,,,,,,,,,,,,,,,,,,,,,,,,,,,,,,,,,,,,,,,,,,,,,,,,,,,,,,,,,,,,,,,,,,,,,,,,,,,,,,,,,,,,,,,,,,,,,,,,,,,,,,,,,,,,,,,,,,,,,,,,,,One-off label,,,,,,,,,,,,,,,,,,,,,,,,,,,,,,,,,,,,,,,,,,,,,,,
8VMN7T,1,4,skate,,,,,,,,,,,,,,,,,,,,,,,,,,,,,,,,,,,,,,,,,,,,,,,,,,,,,,,,,,,,,,,,,,,,,,,,,,,,,,,,,,,,,,,,,,,,,,,,,,,,,,,,,,,,,,,,,,,,,,,,,,,,One-off label,,,,,,,,,,,,,,,,,,,,,,,,,,,,,,,,,,,,,,,,,,,,,,,
8VMN7T,1,5,priest,,,,,,,,,,,,,,,,,,,,,,,,,,,,,,,,,,,,,,,,,,,,,,,,,,,,,,,,,,,,,,,,,,,,,,,,,,,,,,,,,,,,,,,,,,,,,,,,,,,,,,,,,,,,,,,,,,,,,,,,,,,,One-off label,,,,,,,,,,,,,,,,,,,,,,,,,,,,,,,,,,,,,,,,,,,,,,,
8VMN7T,1,6,fin,,,,,,,,,,,,,,,,,,,,,,,,,,,,,,,,,,,,,,,,,,,,,,,,,,,,,,,,,,,,,,,,,,,,,,,,,,,,,,,,,,,,,,,,,,,,,,,,,,,,,,,,,,,,,,,,,,,,,,,,,,,,One-off label,,,,,,,,,,,,,,,,,,,,,,,,,,,,,,,,,,,,,,,,,,,,,,,
8VMN7T,1,7,c,,,,,,,,,,,,,,,,,,,,,,,,,,,,,,,,,,,,,,,,,,,,,,,,,,,,,,,,,,,,,,,,,,,,,,,,,,,,,,,,,,,,,,,,,,,,,,,,,,,,,,,,,,,,,,,,,,,,,,,,,,,,Can't tell / Neither,,,,,,,,,,,,,,,,,,,,,,,,,,,,,,,,,,,,,,,,,,,,,,,
8VMN7T,1,8,fin,,,,,,,,,,,,,,,,,,,,,,,,,,,,,,,,,,,,,,,,,,,,,,,,,,,,,,,,,,,,,,,,,,,,,,,,,,,,,,,,,,,,,,,,,,,,,,,,,,,,,,,,,,,,,,,,,,,,,,,,,,,,One-off label,,,,,,,,,,,,,,,,,,,,,,,,,,,,,,,,,,,,,,,,,,,,,,,
92ZPH4,0,1,singer,,,,,,,,,,,,,,,,,,,,,,,,,,,,,,,,,,,,,,,,,,,,,,,,,,,,,,,,,,,,,,,,,,,,One-off label,,,,,,,,,,,,,,,,,,,,,,,,,,,,,,,,,,,,,,,,,,,,,,,,,,,,,,,,,,,,,,,,,One-off label,,,,,,,,,,,,,,,,,,,,,,,,,,,,One-off label,,,,,,,,,,
92ZPH4,0,2,elephant,,,,,,,,,,,,,,,,,,,,,,,,,,,,,,,,,,,,,,,,,,,,,,,,,,,,,,,,,,,,,,,,,,,,One-off label,,,,,,,,,,,,,,,,,,,,,,,,,,,,,,,,,,,,,,,,,,,,,,,,,,,,,,,,,,,,,,,,,One-off label,,,,,,,,,,,,,,,,,,,,,,,,,,,,One-off label,,,,,,,,,,
92ZPH4,0,3,angelr,,,,,,,,,,,,,,,,,,,,,,,,,,,,,,,,,,,,,,,,,,,,,,,,,,,,,,,,,,,,,,,,,,,,Can't tell / Neither,,,,,,,,,,,,,,,,,,,,,,,,,,,,,,,,,,,,,,,,,,,,,,,,,,,,,,,,,,,,,,,,,Can't tell / Neither,,,,,,,,,,,,,,,,,,,,,,,,,,,,Can't tell / Neither,,,,,,,,,,
92ZPH4,0,4,flamingo,,,,,,,,,,,,,,,,,,,,,,,,,,,,,,,,,,,,,,,,,,,,,,,,,,,,,,,,,,,,,,,,,,,,One-off label,,,,,,,,,,,,,,,,,,,,,,,,,,,,,,,,,,,,,,,,,,,,,,,,,,,,,,,,,,,,,,,,,One-off label,,,,,,,,,,,,,,,,,,,,,,,,,,,,One-off label,,,,,,,,,,
92ZPH4,0,5,priest,,,,,,,,,,,,,,,,,,,,,,,,,,,,,,,,,,,,,,,,,,,,,,,,,,,,,,,,,,,,,,,,,,,,One-off label,,,,,,,,,,,,,,,,,,,,,,,,,,,,,,,,,,,,,,,,,,,,,,,,,,,,,,,,,,,,,,,,,One-off label,,,,,,,,,,,,,,,,,,,,,,,,,,,,One-off label,,,,,,,,,,
92ZPH4,0,6,crouch,,,,,,,,,,,,,,,,,,,,,,,,,,,,,,,,,,,,,,,,,,,,,,,,,,,,,,,,,,,,,,,,,,,,One-off label,,,,,,,,,,,,,,,,,,,,,,,,,,,,,,,,,,,,,,,,,,,,,,,,,,,,,,,,,,,,,,,,,One-off label,,,,,,,,,,,,,,,,,,,,,,,,,,,,Systematic label,,,,,,,,,,
92ZPH4,0,7,dancer,,,,,,,,,,,,,,,,,,,,,,,,,,,,,,,,,,,,,,,,,,,,,,,,,,,,,,,,,,,,,,,,,,,,One-off label,,,,,,,,,,,,,,,,,,,,,,,,,,,,,,,,,,,,,,,,,,,,,,,,,,,,,,,,,,,,,,,,,One-off label,,,,,,,,,,,,,,,,,,,,,,,,,,,,Systematic label,,,,,,,,,,
92ZPH4,0,8,angell,,,,,,,,,,,,,,,,,,,,,,,,,,,,,,,,,,,,,,,,,,,,,,,,,,,,,,,,,,,,,,,,,,,,Can't tell / Neither,,,,,,,,,,,,,,,,,,,,,,,,,,,,,,,,,,,,,,,,,,,,,,,,,,,,,,,,,,,,,,,,,Can't tell / Neither,,,,,,,,,,,,,,,,,,,,,,,,,,,,Can't tell / Neither,,,,,,,,,,
92ZPH4,1,1,singer,,,,,,,,,,,,,,,,,,,,,,,,,,,,,,One-off label,,,,,,,,,,,,,,,,,,,,,,,,,,,,,,,,,,,,,,,,,,,,,,,,,,,,,,,,,,,,,,,,,,,,,,,,,,,,,,,,,,,,,,,,,,,,,,,,,,,,,,,,,One-off label,,,,,,,,,,,One-off label,,,,,One-off label,,,,,,,,,,,,,,,,,,,,
92ZPH4,1,2,elephant,,,,,,,,,,,,,,,,,,,,,,,,,,,,,,One-off label,,,,,,,,,,,,,,,,,,,,,,,,,,,,,,,,,,,,,,,,,,,,,,,,,,,,,,,,,,,,,,,,,,,,,,,,,,,,,,,,,,,,,,,,,,,,,,,,,,,,,,,,,One-off label,,,,,,,,,,,One-off label,,,,,One-off label,,,,,,,,,,,,,,,,,,,,
92ZPH4,1,3,angelr,,,,,,,,,,,,,,,,,,,,,,,,,,,,,,Can't tell / Neither,,,,,,,,,,,,,,,,,,,,,,,,,,,,,,,,,,,,,,,,,,,,,,,,,,,,,,,,,,,,,,,,,,,,,,,,,,,,,,,,,,,,,,,,,,,,,,,,,,,,,,,,,Can't tell / Neither,,,,,,,,,,,Can't tell / Neither,,,,,Can't tell / Neither,,,,,,,,,,,,,,,,,,,,
92ZPH4,1,4,flamingo,,,,,,,,,,,,,,,,,,,,,,,,,,,,,,One-off label,,,,,,,,,,,,,,,,,,,,,,,,,,,,,,,,,,,,,,,,,,,,,,,,,,,,,,,,,,,,,,,,,,,,,,,,,,,,,,,,,,,,,,,,,,,,,,,,,,,,,,,,,One-off label,,,,,,,,,,,One-off label,,,,,One-off label,,,,,,,,,,,,,,,,,,,,
92ZPH4,1,5,priest,,,,,,,,,,,,,,,,,,,,,,,,,,,,,,One-off label,,,,,,,,,,,,,,,,,,,,,,,,,,,,,,,,,,,,,,,,,,,,,,,,,,,,,,,,,,,,,,,,,,,,,,,,,,,,,,,,,,,,,,,,,,,,,,,,,,,,,,,,,One-off label,,,,,,,,,,,One-off label,,,,,One-off label,,,,,,,,,,,,,,,,,,,,
92ZPH4,1,6,crouch,,,,,,,,,,,,,,,,,,,,,,,,,,,,,,Can't tell / Neither,,,,,,,,,,,,,,,,,,,,,,,,,,,,,,,,,,,,,,,,,,,,,,,,,,,,,,,,,,,,,,,,,,,,,,,,,,,,,,,,,,,,,,,,,,,,,,,,,,,,,,,,,One-off label,,,,,,,,,,,One-off label,,,,,One-off label,,,,,,,,,,,,,,,,,,,,
92ZPH4,1,7,dancer,,,,,,,,,,,,,,,,,,,,,,,,,,,,,,One-off label,,,,,,,,,,,,,,,,,,,,,,,,,,,,,,,,,,,,,,,,,,,,,,,,,,,,,,,,,,,,,,,,,,,,,,,,,,,,,,,,,,,,,,,,,,,,,,,,,,,,,,,,,One-off label,,,,,,,,,,,One-off label,,,,,One-off label,,,,,,,,,,,,,,,,,,,,
92ZPH4,1,8,angell,,,,,,,,,,,,,,,,,,,,,,,,,,,,,,Can't tell / Neither,,,,,,,,,,,,,,,,,,,,,,,,,,,,,,,,,,,,,,,,,,,,,,,,,,,,,,,,,,,,,,,,,,,,,,,,,,,,,,,,,,,,,,,,,,,,,,,,,,,,,,,,,Can't tell / Neither,,,,,,,,,,,Can't tell / Neither,,,,,Can't tell / Neither,,,,,,,,,,,,,,,,,,,,
97MN2X,0,1,fly,,,,,,,,,,,,,,,,,,,,,,,,,,,,,,,,,,,,,,,,,,,,,,,,,,,,,,,,,,,,,,,,,,,,,,,,,,,,,,,,,,,,,,,,,,,,,,,,,,,,,,,,,,,,,,,,,,,,,,,,,,,,,,,,,,,,,,,,,,,,,,,,,,,,,,,,,One-off label,,,,,,,,Systematic label,,,,,One-off label,,,,,
97MN2X,0,2,dance,,,,,,,,,,,,,,,,,,,,,,,,,,,,,,,,,,,,,,,,,,,,,,,,,,,,,,,,,,,,,,,,,,,,,,,,,,,,,,,,,,,,,,,,,,,,,,,,,,,,,,,,,,,,,,,,,,,,,,,,,,,,,,,,,,,,,,,,,,,,,,,,,,,,,,,,,One-off label,,,,,,,,One-off label,,,,,One-off label,,,,,
97MN2X,0,3,girl,,,,,,,,,,,,,,,,,,,,,,,,,,,,,,,,,,,,,,,,,,,,,,,,,,,,,,,,,,,,,,,,,,,,,,,,,,,,,,,,,,,,,,,,,,,,,,,,,,,,,,,,,,,,,,,,,,,,,,,,,,,,,,,,,,,,,,,,,,,,,,,,,,,,,,,,,One-off label,,,,,,,,Systematic label,,,,,One-off label,,,,,
97MN2X,0,4,kick,,,,,,,,,,,,,,,,,,,,,,,,,,,,,,,,,,,,,,,,,,,,,,,,,,,,,,,,,,,,,,,,,,,,,,,,,,,,,,,,,,,,,,,,,,,,,,,,,,,,,,,,,,,,,,,,,,,,,,,,,,,,,,,,,,,,,,,,,,,,,,,,,,,,,,,,,One-off label,,,,,,,,One-off label,,,,,One-off label,,,,,
97MN2X,0,5,left,,,,,,,,,,,,,,,,,,,,,,,,,,,,,,,,,,,,,,,,,,,,,,,,,,,,,,,,,,,,,,,,,,,,,,,,,,,,,,,,,,,,,,,,,,,,,,,,,,,,,,,,,,,,,,,,,,,,,,,,,,,,,,,,,,,,,,,,,,,,,,,,,,,,,,,,,One-off label,,,,,,,,Systematic label,,,,,Can't tell / Neither,,,,,
97MN2X,0,6,right,,,,,,,,,,,,,,,,,,,,,,,,,,,,,,,,,,,,,,,,,,,,,,,,,,,,,,,,,,,,,,,,,,,,,,,,,,,,,,,,,,,,,,,,,,,,,,,,,,,,,,,,,,,,,,,,,,,,,,,,,,,,,,,,,,,,,,,,,,,,,,,,,,,,,,,,,One-off label,,,,,,,,Systematic label,,,,,Can't tell / Neither,,,,,
97MN2X,0,7,kneeing,,,,,,,,,,,,,,,,,,,,,,,,,,,,,,,,,,,,,,,,,,,,,,,,,,,,,,,,,,,,,,,,,,,,,,,,,,,,,,,,,,,,,,,,,,,,,,,,,,,,,,,,,,,,,,,,,,,,,,,,,,,,,,,,,,,,,,,,,,,,,,,,,,,,,,,,,One-off label,,,,,,,,Systematic label,,,,,One-off label,,,,,
97MN2X,0,8,pointy right,,,,,,,,,,,,,,,,,,,,,,,,,,,,,,,,,,,,,,,,,,,,,,,,,,,,,,,,,,,,,,,,,,,,,,,,,,,,,,,,,,,,,,,,,,,,,,,,,,,,,,,,,,,,,,,,,,,,,,,,,,,,,,,,,,,,,,,,,,,,,,,,,,,,,,,,,Systematic label,,,,,,,,One-off label,,,,,One-off label,,,,,
97MN2X,1,1,fly,,,,,,,,,,,,,,,,,,,,,,,,,,,One-off label,,,,,,,,,,,,,,,,,,,,,,,,,,,,,,,,,,,,,,,,,,,,,,,,,,,,,,,,,,,,,,,,,,,,,,,,,,,,One-off label,,,,,,,,,Can't tell / Neither,,,,,,,,,,,,,,,,,,,,,,,,,,,,,,,,,,,,,,,,,,,,,,,,,,,,,,,,,,,
97MN2X,1,2,dance,,,,,,,,,,,,,,,,,,,,,,,,,,,One-off label,,,,,,,,,,,,,,,,,,,,,,,,,,,,,,,,,,,,,,,,,,,,,,,,,,,,,,,,,,,,,,,,,,,,,,,,,,,,Systematic label,,,,,,,,,Can't tell / Neither,,,,,,,,,,,,,,,,,,,,,,,,,,,,,,,,,,,,,,,,,,,,,,,,,,,,,,,,,,,
97MN2X,1,3,girl,,,,,,,,,,,,,,,,,,,,,,,,,,,One-off label,,,,,,,,,,,,,,,,,,,,,,,,,,,,,,,,,,,,,,,,,,,,,,,,,,,,,,,,,,,,,,,,,,,,,,,,,,,,One-off label,,,,,,,,,Systematic label,,,,,,,,,,,,,,,,,,,,,,,,,,,,,,,,,,,,,,,,,,,,,,,,,,,,,,,,,,,
97MN2X,1,4,kick,,,,,,,,,,,,,,,,,,,,,,,,,,,One-off label,,,,,,,,,,,,,,,,,,,,,,,,,,,,,,,,,,,,,,,,,,,,,,,,,,,,,,,,,,,,,,,,,,,,,,,,,,,,Systematic label,,,,,,,,,Systematic label,,,,,,,,,,,,,,,,,,,,,,,,,,,,,,,,,,,,,,,,,,,,,,,,,,,,,,,,,,,
97MN2X,1,5,left,,,,,,,,,,,,,,,,,,,,,,,,,,,One-off label,,,,,,,,,,,,,,,,,,,,,,,,,,,,,,,,,,,,,,,,,,,,,,,,,,,,,,,,,,,,,,,,,,,,,,,,,,,,Systematic label,,,,,,,,,Systematic label,,,,,,,,,,,,,,,,,,,,,,,,,,,,,,,,,,,,,,,,,,,,,,,,,,,,,,,,,,,
97MN2X,1,6,right,,,,,,,,,,,,,,,,,,,,,,,,,,,One-off label,,,,,,,,,,,,,,,,,,,,,,,,,,,,,,,,,,,,,,,,,,,,,,,,,,,,,,,,,,,,,,,,,,,,,,,,,,,,Systematic label,,,,,,,,,Systematic label,,,,,,,,,,,,,,,,,,,,,,,,,,,,,,,,,,,,,,,,,,,,,,,,,,,,,,,,,,,
97MN2X,1,7,kneeing,,,,,,,,,,,,,,,,,,,,,,,,,,,One-off label,,,,,,,,,,,,,,,,,,,,,,,,,,,,,,,,,,,,,,,,,,,,,,,,,,,,,,,,,,,,,,,,,,,,,,,,,,,,Can't tell / Neither,,,,,,,,,Can't tell / Neither,,,,,,,,,,,,,,,,,,,,,,,,,,,,,,,,,,,,,,,,,,,,,,,,,,,,,,,,,,,
97MN2X,1,8,pointy right,,,,,,,,,,,,,,,,,,,,,,,,,,,Systematic label,,,,,,,,,,,,,,,,,,,,,,,,,,,,,,,,,,,,,,,,,,,,,,,,,,,,,,,,,,,,,,,,,,,,,,,,,,,,Systematic label,,,,,,,,,Systematic label,,,,,,,,,,,,,,,,,,,,,,,,,,,,,,,,,,,,,,,,,,,,,,,,,,,,,,,,,,,
9DTMJQ,0,1,purple,,,,,,,,,,,,Systematic label,,,,,,,,,,,,,,,,,,,,,,,,,,,,,,,,,,,,,,,,,,,,,,,,,,,,,,,,,,,,,,,,,,,,,,,,,,,,,,,,,,,,,,,,,,,,,,,,,,,,,,,,,,,,,,,,,,,,,,,,,,,,,,,,,,,,,,,Systematic label,,,,,,,,,,,,,,Systematic label,,,,,,,,,,
9DTMJQ,0,2,baby,,,,,,,,,,,,One-off label,,,,,,,,,,,,,,,,,,,,,,,,,,,,,,,,,,,,,,,,,,,,,,,,,,,,,,,,,,,,,,,,,,,,,,,,,,,,,,,,,,,,,,,,,,,,,,,,,,,,,,,,,,,,,,,,,,,,,,,,,,,,,,,,,,,,,,,One-off label,,,,,,,,,,,,,,One-off label,,,,,,,,,,
9DTMJQ,0,3,yellow,,,,,,,,,,,,Systematic label,,,,,,,,,,,,,,,,,,,,,,,,,,,,,,,,,,,,,,,,,,,,,,,,,,,,,,,,,,,,,,,,,,,,,,,,,,,,,,,,,,,,,,,,,,,,,,,,,,,,,,,,,,,,,,,,,,,,,,,,,,,,,,,,,,,,,,,Systematic label,,,,,,,,,,,,,,Systematic label,,,,,,,,,,
9DTMJQ,0,4,brown,,,,,,,,,,,,Systematic label,,,,,,,,,,,,,,,,,,,,,,,,,,,,,,,,,,,,,,,,,,,,,,,,,,,,,,,,,,,,,,,,,,,,,,,,,,,,,,,,,,,,,,,,,,,,,,,,,,,,,,,,,,,,,,,,,,,,,,,,,,,,,,,,,,,,,,,Systematic label,,,,,,,,,,,,,,Systematic label,,,,,,,,,,
9DTMJQ,0,5,blue,,,,,,,,,,,,Systematic label,,,,,,,,,,,,,,,,,,,,,,,,,,,,,,,,,,,,,,,,,,,,,,,,,,,,,,,,,,,,,,,,,,,,,,,,,,,,,,,,,,,,,,,,,,,,,,,,,,,,,,,,,,,,,,,,,,,,,,,,,,,,,,,,,,,,,,,Systematic label,,,,,,,,,,,,,,Systematic label,,,,,,,,,,
9DTMJQ,0,6,minion,,,,,,,,,,,,One-off label,,,,,,,,,,,,,,,,,,,,,,,,,,,,,,,,,,,,,,,,,,,,,,,,,,,,,,,,,,,,,,,,,,,,,,,,,,,,,,,,,,,,,,,,,,,,,,,,,,,,,,,,,,,,,,,,,,,,,,,,,,,,,,,,,,,,,,,One-off label,,,,,,,,,,,,,,One-off label,,,,,,,,,,
9DTMJQ,0,7,ninja,,,,,,,,,,,,One-off label,,,,,,,,,,,,,,,,,,,,,,,,,,,,,,,,,,,,,,,,,,,,,,,,,,,,,,,,,,,,,,,,,,,,,,,,,,,,,,,,,,,,,,,,,,,,,,,,,,,,,,,,,,,,,,,,,,,,,,,,,,,,,,,,,,,,,,,One-off label,,,,,,,,,,,,,,One-off label,,,,,,,,,,
9DTMJQ,0,8,robot,,,,,,,,,,,,One-off label,,,,,,,,,,,,,,,,,,,,,,,,,,,,,,,,,,,,,,,,,,,,,,,,,,,,,,,,,,,,,,,,,,,,,,,,,,,,,,,,,,,,,,,,,,,,,,,,,,,,,,,,,,,,,,,,,,,,,,,,,,,,,,,,,,,,,,,One-off label,,,,,,,,,,,,,,One-off label,,,,,,,,,,
9DTMJQ,1,1,purple,,,,,,,,,,,,,,,,,,,,,,,,,,,,,,,,,,,,,,,,,,,,,,,,,,,,,,,,,,,,,,,,,,,,,,,,,,,,,,,,,,,,,,,,,,,,,,,,,,One-off label,,,,,,,,,,,,,,,,,,,,,,,,,,,,,,,,,,,,,,,,,,,One-off label,,,,,,,,,,,One-off label,,,,,,,,,,,,,,,,,,,
9DTMJQ,1,2,baby,,,,,,,,,,,,,,,,,,,,,,,,,,,,,,,,,,,,,,,,,,,,,,,,,,,,,,,,,,,,,,,,,,,,,,,,,,,,,,,,,,,,,,,,,,,,,,,,,,One-off label,,,,,,,,,,,,,,,,,,,,,,,,,,,,,,,,,,,,,,,,,,,One-off label,,,,,,,,,,,One-off label,,,,,,,,,,,,,,,,,,,
9DTMJQ,1,3,yellow,,,,,,,,,,,,,,,,,,,,,,,,,,,,,,,,,,,,,,,,,,,,,,,,,,,,,,,,,,,,,,,,,,,,,,,,,,,,,,,,,,,,,,,,,,,,,,,,,,One-off label,,,,,,,,,,,,,,,,,,,,,,,,,,,,,,,,,,,,,,,,,,,One-off label,,,,,,,,,,,One-off label,,,,,,,,,,,,,,,,,,,
9DTMJQ,1,4,brown,,,,,,,,,,,,,,,,,,,,,,,,,,,,,,,,,,,,,,,,,,,,,,,,,,,,,,,,,,,,,,,,,,,,,,,,,,,,,,,,,,,,,,,,,,,,,,,,,,One-off label,,,,,,,,,,,,,,,,,,,,,,,,,,,,,,,,,,,,,,,,,,,One-off label,,,,,,,,,,,One-off label,,,,,,,,,,,,,,,,,,,
9DTMJQ,1,5,blue,,,,,,,,,,,,,,,,,,,,,,,,,,,,,,,,,,,,,,,,,,,,,,,,,,,,,,,,,,,,,,,,,,,,,,,,,,,,,,,,,,,,,,,,,,,,,,,,,,One-off label,,,,,,,,,,,,,,,,,,,,,,,,,,,,,,,,,,,,,,,,,,,One-off label,,,,,,,,,,,One-off label,,,,,,,,,,,,,,,,,,,
9DTMJQ,1,6,minion,,,,,,,,,,,,,,,,,,,,,,,,,,,,,,,,,,,,,,,,,,,,,,,,,,,,,,,,,,,,,,,,,,,,,,,,,,,,,,,,,,,,,,,,,,,,,,,,,,One-off label,,,,,,,,,,,,,,,,,,,,,,,,,,,,,,,,,,,,,,,,,,,One-off label,,,,,,,,,,,One-off label,,,,,,,,,,,,,,,,,,,
9DTMJQ,1,7,ninja,,,,,,,,,,,,,,,,,,,,,,,,,,,,,,,,,,,,,,,,,,,,,,,,,,,,,,,,,,,,,,,,,,,,,,,,,,,,,,,,,,,,,,,,,,,,,,,,,,One-off label,,,,,,,,,,,,,,,,,,,,,,,,,,,,,,,,,,,,,,,,,,,One-off label,,,,,,,,,,,One-off label,,,,,,,,,,,,,,,,,,,
9DTMJQ,1,8,robot,,,,,,,,,,,,,,,,,,,,,,,,,,,,,,,,,,,,,,,,,,,,,,,,,,,,,,,,,,,,,,,,,,,,,,,,,,,,,,,,,,,,,,,,,,,,,,,,,,One-off label,,,,,,,,,,,,,,,,,,,,,,,,,,,,,,,,,,,,,,,,,,,One-off label,,,,,,,,,,,One-off label,,,,,,,,,,,,,,,,,,,
9FGBVX,0,1,angel,One-off label,,,,,,,,,,,,,,,,,,,,,,,,,,,,,,,,,,,,,,,,,,,,,,,,,,,,,,,,,,,,,,,,,,,,,,,,,,,,,,,,,,One-off label,,,,,,,,,,,,One-off label,,,,,,,,,,,,,,,,,,,,,,,,,,,,,,,,,,,,,,,,,,,,,,,,,,,,,,,,,,,,,,,,,,,,,,,,,,,,
9FGBVX,0,2,fall,One-off label,,,,,,,,,,,,,,,,,,,,,,,,,,,,,,,,,,,,,,,,,,,,,,,,,,,,,,,,,,,,,,,,,,,,,,,,,,,,,,,,,,Systematic label,,,,,,,,,,,,One-off label,,,,,,,,,,,,,,,,,,,,,,,,,,,,,,,,,,,,,,,,,,,,,,,,,,,,,,,,,,,,,,,,,,,,,,,,,,,,
9FGBVX,0,3,spread,One-off label,,,,,,,,,,,,,,,,,,,,,,,,,,,,,,,,,,,,,,,,,,,,,,,,,,,,,,,,,,,,,,,,,,,,,,,,,,,,,,,,,,One-off label,,,,,,,,,,,,One-off label,,,,,,,,,,,,,,,,,,,,,,,,,,,,,,,,,,,,,,,,,,,,,,,,,,,,,,,,,,,,,,,,,,,,,,,,,,,,
9FGBVX,0,4,dance,One-off label,,,,,,,,,,,,,,,,,,,,,,,,,,,,,,,,,,,,,,,,,,,,,,,,,,,,,,,,,,,,,,,,,,,,,,,,,,,,,,,,,,Systematic label,,,,,,,,,,,,One-off label,,,,,,,,,,,,,,,,,,,,,,,,,,,,,,,,,,,,,,,,,,,,,,,,,,,,,,,,,,,,,,,,,,,,,,,,,,,,
9FGBVX,0,5,pray,One-off label,,,,,,,,,,,,,,,,,,,,,,,,,,,,,,,,,,,,,,,,,,,,,,,,,,,,,,,,,,,,,,,,,,,,,,,,,,,,,,,,,,Systematic label,,,,,,,,,,,,One-off label,,,,,,,,,,,,,,,,,,,,,,,,,,,,,,,,,,,,,,,,,,,,,,,,,,,,,,,,,,,,,,,,,,,,,,,,,,,,
9FGBVX,0,6,squat,One-off label,,,,,,,,,,,,,,,,,,,,,,,,,,,,,,,,,,,,,,,,,,,,,,,,,,,,,,,,,,,,,,,,,,,,,,,,,,,,,,,,,,Systematic label,,,,,,,,,,,,One-off label,,,,,,,,,,,,,,,,,,,,,,,,,,,,,,,,,,,,,,,,,,,,,,,,,,,,,,,,,,,,,,,,,,,,,,,,,,,,
9FGBVX,0,7,faint,One-off label,,,,,,,,,,,,,,,,,,,,,,,,,,,,,,,,,,,,,,,,,,,,,,,,,,,,,,,,,,,,,,,,,,,,,,,,,,,,,,,,,,Systematic label,,,,,,,,,,,,One-off label,,,,,,,,,,,,,,,,,,,,,,,,,,,,,,,,,,,,,,,,,,,,,,,,,,,,,,,,,,,,,,,,,,,,,,,,,,,,
9FGBVX,0,8,kneel,One-off label,,,,,,,,,,,,,,,,,,,,,,,,,,,,,,,,,,,,,,,,,,,,,,,,,,,,,,,,,,,,,,,,,,,,,,,,,,,,,,,,,,Systematic label,,,,,,,,,,,,One-off label,,,,,,,,,,,,,,,,,,,,,,,,,,,,,,,,,,,,,,,,,,,,,,,,,,,,,,,,,,,,,,,,,,,,,,,,,,,,
9FGBVX,1,1,angel,,,,,,,,,,,,,,One-off label,,,,,,,,,,,,,,,,,,,,,,,,,,,,,,,,,,,,,,,,,,,,,,,,One-off label,,,,,,,,,,,,,,,,,,,,,,,,,,,,,,,One-off label,,,,,,,,,,,,,,,,,,,,,,,,,,,,,,,,,,,,,,,,,,,,,,,,,,,,,,,,,,,,,,,,,,,,,,,,,,,,,,
9FGBVX,1,2,fall,,,,,,,,,,,,,,One-off label,,,,,,,,,,,,,,,,,,,,,,,,,,,,,,,,,,,,,,,,,,,,,,,,One-off label,,,,,,,,,,,,,,,,,,,,,,,,,,,,,,,One-off label,,,,,,,,,,,,,,,,,,,,,,,,,,,,,,,,,,,,,,,,,,,,,,,,,,,,,,,,,,,,,,,,,,,,,,,,,,,,,,
9FGBVX,1,3,spread,,,,,,,,,,,,,,One-off label,,,,,,,,,,,,,,,,,,,,,,,,,,,,,,,,,,,,,,,,,,,,,,,,Systematic label,,,,,,,,,,,,,,,,,,,,,,,,,,,,,,,One-off label,,,,,,,,,,,,,,,,,,,,,,,,,,,,,,,,,,,,,,,,,,,,,,,,,,,,,,,,,,,,,,,,,,,,,,,,,,,,,,
9FGBVX,1,4,dance,,,,,,,,,,,,,,One-off label,,,,,,,,,,,,,,,,,,,,,,,,,,,,,,,,,,,,,,,,,,,,,,,,One-off label,,,,,,,,,,,,,,,,,,,,,,,,,,,,,,,One-off label,,,,,,,,,,,,,,,,,,,,,,,,,,,,,,,,,,,,,,,,,,,,,,,,,,,,,,,,,,,,,,,,,,,,,,,,,,,,,,
9FGBVX,1,5,pray,,,,,,,,,,,,,,Systematic label,,,,,,,,,,,,,,,,,,,,,,,,,,,,,,,,,,,,,,,,,,,,,,,,One-off label,,,,,,,,,,,,,,,,,,,,,,,,,,,,,,,One-off label,,,,,,,,,,,,,,,,,,,,,,,,,,,,,,,,,,,,,,,,,,,,,,,,,,,,,,,,,,,,,,,,,,,,,,,,,,,,,,
9FGBVX,1,6,kneel,,,,,,,,,,,,,,One-off label,,,,,,,,,,,,,,,,,,,,,,,,,,,,,,,,,,,,,,,,,,,,,,,,One-off label,,,,,,,,,,,,,,,,,,,,,,,,,,,,,,,One-off label,,,,,,,,,,,,,,,,,,,,,,,,,,,,,,,,,,,,,,,,,,,,,,,,,,,,,,,,,,,,,,,,,,,,,,,,,,,,,,
9FGBVX,1,7,faint,,,,,,,,,,,,,,One-off label,,,,,,,,,,,,,,,,,,,,,,,,,,,,,,,,,,,,,,,,,,,,,,,,One-off label,,,,,,,,,,,,,,,,,,,,,,,,,,,,,,,One-off label,,,,,,,,,,,,,,,,,,,,,,,,,,,,,,,,,,,,,,,,,,,,,,,,,,,,,,,,,,,,,,,,,,,,,,,,,,,,,,
9FGBVX,1,8,kneel,,,,,,,,,,,,,,One-off label,,,,,,,,,,,,,,,,,,,,,,,,,,,,,,,,,,,,,,,,,,,,,,,,One-off label,,,,,,,,,,,,,,,,,,,,,,,,,,,,,,,One-off label,,,,,,,,,,,,,,,,,,,,,,,,,,,,,,,,,,,,,,,,,,,,,,,,,,,,,,,,,,,,,,,,,,,,,,,,,,,,,,
9NQWJN,1,1,purple man,,,,,,,,,,Systematic label,,,,,,,,,,,,,,,,,,,,,,,,,,,,,,,,,,,,,,,,,,,,,,,,,,,,,,,,,,,,,,,,,,,,,,,,,,,,,,,,,,,,,,,,,,Systematic label,,,,,,,,,,,,,,,,,,,,,,,,,,,,,,,,,,,,,,,,,,,,,,,,,,Systematic label,,,,,,,,,,,,,,,,,,,,,
9NQWJN,1,2,puppy,,,,,,,,,,One-off label,,,,,,,,,,,,,,,,,,,,,,,,,,,,,,,,,,,,,,,,,,,,,,,,,,,,,,,,,,,,,,,,,,,,,,,,,,,,,,,,,,,,,,,,,,One-off label,,,,,,,,,,,,,,,,,,,,,,,,,,,,,,,,,,,,,,,,,,,,,,,,,,One-off label,,,,,,,,,,,,,,,,,,,,,
9NQWJN,1,3,yellow man,,,,,,,,,,Systematic label,,,,,,,,,,,,,,,,,,,,,,,,,,,,,,,,,,,,,,,,,,,,,,,,,,,,,,,,,,,,,,,,,,,,,,,,,,,,,,,,,,,,,,,,,,Systematic label,,,,,,,,,,,,,,,,,,,,,,,,,,,,,,,,,,,,,,,,,,,,,,,,,,Systematic label,,,,,,,,,,,,,,,,,,,,,
9NQWJN,1,4,brown man,,,,,,,,,,Systematic label,,,,,,,,,,,,,,,,,,,,,,,,,,,,,,,,,,,,,,,,,,,,,,,,,,,,,,,,,,,,,,,,,,,,,,,,,,,,,,,,,,,,,,,,,,Systematic label,,,,,,,,,,,,,,,,,,,,,,,,,,,,,,,,,,,,,,,,,,,,,,,,,,Systematic label,,,,,,,,,,,,,,,,,,,,,
9NQWJN,1,5,chicken,,,,,,,,,,One-off label,,,,,,,,,,,,,,,,,,,,,,,,,,,,,,,,,,,,,,,,,,,,,,,,,,,,,,,,,,,,,,,,,,,,,,,,,,,,,,,,,,,,,,,,,,One-off label,,,,,,,,,,,,,,,,,,,,,,,,,,,,,,,,,,,,,,,,,,,,,,,,,,One-off label,,,,,,,,,,,,,,,,,,,,,
9NQWJN,1,6,spider,,,,,,,,,,One-off label,,,,,,,,,,,,,,,,,,,,,,,,,,,,,,,,,,,,,,,,,,,,,,,,,,,,,,,,,,,,,,,,,,,,,,,,,,,,,,,,,,,,,,,,,,One-off label,,,,,,,,,,,,,,,,,,,,,,,,,,,,,,,,,,,,,,,,,,,,,,,,,,One-off label,,,,,,,,,,,,,,,,,,,,,
9NQWJN,1,7,chicken,,,,,,,,,,One-off label,,,,,,,,,,,,,,,,,,,,,,,,,,,,,,,,,,,,,,,,,,,,,,,,,,,,,,,,,,,,,,,,,,,,,,,,,,,,,,,,,,,,,,,,,,One-off label,,,,,,,,,,,,,,,,,,,,,,,,,,,,,,,,,,,,,,,,,,,,,,,,,,One-off label,,,,,,,,,,,,,,,,,,,,,
9NQWJN,1,8,i dont rememebr,,,,,,,,,,Can't tell / Neither,,,,,,,,,,,,,,,,,,,,,,,,,,,,,,,,,,,,,,,,,,,,,,,,,,,,,,,,,,,,,,,,,,,,,,,,,,,,,,,,,,,,,,,,,,Can't tell / Neither,,,,,,,,,,,,,,,,,,,,,,,,,,,,,,,,,,,,,,,,,,,,,,,,,,Can't tell / Neither,,,,,,,,,,,,,,,,,,,,,
9YG10X,0,1,score,,,,,,,,,,,,,,,,,,,,,,,,,,,,,,,,,,,,One-off label,,,,,,,,,,,,,,,,One-off label,,,,,,,,,,,,,,,,,,,,,,,,,,,,,,,,,,,,,,,,,,,,,,,,,,,,,,,,,,,,,,,,,One-off label,,,,,,,,,,,,,,,,,,,,,,,,,,,,,,,,,,,,,,,,,,,,,,,,,,,,,,
9YG10X,0,2,walk,,,,,,,,,,,,,,,,,,,,,,,,,,,,,,,,,,,,One-off label,,,,,,,,,,,,,,,,One-off label,,,,,,,,,,,,,,,,,,,,,,,,,,,,,,,,,,,,,,,,,,,,,,,,,,,,,,,,,,,,,,,,,One-off label,,,,,,,,,,,,,,,,,,,,,,,,,,,,,,,,,,,,,,,,,,,,,,,,,,,,,,
9YG10X,0,3,pray,,,,,,,,,,,,,,,,,,,,,,,,,,,,,,,,,,,,One-off label,,,,,,,,,,,,,,,,One-off label,,,,,,,,,,,,,,,,,,,,,,,,,,,,,,,,,,,,,,,,,,,,,,,,,,,,,,,,,,,,,,,,,One-off label,,,,,,,,,,,,,,,,,,,,,,,,,,,,,,,,,,,,,,,,,,,,,,,,,,,,,,
9YG10X,0,4,skate,,,,,,,,,,,,,,,,,,,,,,,,,,,,,,,,,,,,One-off label,,,,,,,,,,,,,,,,One-off label,,,,,,,,,,,,,,,,,,,,,,,,,,,,,,,,,,,,,,,,,,,,,,,,,,,,,,,,,,,,,,,,,One-off label,,,,,,,,,,,,,,,,,,,,,,,,,,,,,,,,,,,,,,,,,,,,,,,,,,,,,,
9YG10X,0,5,speech,,,,,,,,,,,,,,,,,,,,,,,,,,,,,,,,,,,,One-off label,,,,,,,,,,,,,,,,One-off label,,,,,,,,,,,,,,,,,,,,,,,,,,,,,,,,,,,,,,,,,,,,,,,,,,,,,,,,,,,,,,,,,One-off label,,,,,,,,,,,,,,,,,,,,,,,,,,,,,,,,,,,,,,,,,,,,,,,,,,,,,,
9YG10X,0,6,bend,,,,,,,,,,,,,,,,,,,,,,,,,,,,,,,,,,,,One-off label,,,,,,,,,,,,,,,,One-off label,,,,,,,,,,,,,,,,,,,,,,,,,,,,,,,,,,,,,,,,,,,,,,,,,,,,,,,,,,,,,,,,,One-off label,,,,,,,,,,,,,,,,,,,,,,,,,,,,,,,,,,,,,,,,,,,,,,,,,,,,,,
9YG10X,0,7,(no response),,,,,,,,,,,,,,,,,,,,,,,,,,,,,,,,,,,,Can't tell / Neither,,,,,,,,,,,,,,,,Can't tell / Neither,,,,,,,,,,,,,,,,,,,,,,,,,,,,,,,,,,,,,,,,,,,,,,,,,,,,,,,,,,,,,,,,,Can't tell / Neither,,,,,,,,,,,,,,,,,,,,,,,,,,,,,,,,,,,,,,,,,,,,,,,,,,,,,,
9YG10X,0,8,kneel,,,,,,,,,,,,,,,,,,,,,,,,,,,,,,,,,,,,One-off label,,,,,,,,,,,,,,,,One-off label,,,,,,,,,,,,,,,,,,,,,,,,,,,,,,,,,,,,,,,,,,,,,,,,,,,,,,,,,,,,,,,,,One-off label,,,,,,,,,,,,,,,,,,,,,,,,,,,,,,,,,,,,,,,,,,,,,,,,,,,,,,
9YG10X,1,1,score,,,,,,,,,,,,,,,,,,,,,,,,,,,One-off label,,,,,,,,,,,,,,,,,,,,One-off label,,,,,,,,,,,,,,,,,,,,,,,,Can't tell / Neither,,,,,,,,,,,,,,,,,,,,,,,,,,,,,,,,,,,,,,,,,,,,,,,,,,,,,,,,,,,,,,,,,,,,,,,,,,,,,,,,,,,,,,,,,,,,,,,,,,,,
9YG10X,1,2,walk,,,,,,,,,,,,,,,,,,,,,,,,,,,One-off label,,,,,,,,,,,,,,,,,,,,One-off label,,,,,,,,,,,,,,,,,,,,,,,,One-off label,,,,,,,,,,,,,,,,,,,,,,,,,,,,,,,,,,,,,,,,,,,,,,,,,,,,,,,,,,,,,,,,,,,,,,,,,,,,,,,,,,,,,,,,,,,,,,,,,,,,
9YG10X,1,3,pray,,,,,,,,,,,,,,,,,,,,,,,,,,,One-off label,,,,,,,,,,,,,,,,,,,,One-off label,,,,,,,,,,,,,,,,,,,,,,,,One-off label,,,,,,,,,,,,,,,,,,,,,,,,,,,,,,,,,,,,,,,,,,,,,,,,,,,,,,,,,,,,,,,,,,,,,,,,,,,,,,,,,,,,,,,,,,,,,,,,,,,,
9YG10X,1,4,skate,,,,,,,,,,,,,,,,,,,,,,,,,,,One-off label,,,,,,,,,,,,,,,,,,,,One-off label,,,,,,,,,,,,,,,,,,,,,,,,One-off label,,,,,,,,,,,,,,,,,,,,,,,,,,,,,,,,,,,,,,,,,,,,,,,,,,,,,,,,,,,,,,,,,,,,,,,,,,,,,,,,,,,,,,,,,,,,,,,,,,,,
9YG10X,1,5,speak,,,,,,,,,,,,,,,,,,,,,,,,,,,One-off label,,,,,,,,,,,,,,,,,,,,One-off label,,,,,,,,,,,,,,,,,,,,,,,,One-off label,,,,,,,,,,,,,,,,,,,,,,,,,,,,,,,,,,,,,,,,,,,,,,,,,,,,,,,,,,,,,,,,,,,,,,,,,,,,,,,,,,,,,,,,,,,,,,,,,,,,
9YG10X,1,6,bend,,,,,,,,,,,,,,,,,,,,,,,,,,,One-off label,,,,,,,,,,,,,,,,,,,,One-off label,,,,,,,,,,,,,,,,,,,,,,,,One-off label,,,,,,,,,,,,,,,,,,,,,,,,,,,,,,,,,,,,,,,,,,,,,,,,,,,,,,,,,,,,,,,,,,,,,,,,,,,,,,,,,,,,,,,,,,,,,,,,,,,,
9YG10X,1,7,stretch,,,,,,,,,,,,,,,,,,,,,,,,,,,One-off label,,,,,,,,,,,,,,,,,,,,One-off label,,,,,,,,,,,,,,,,,,,,,,,,One-off label,,,,,,,,,,,,,,,,,,,,,,,,,,,,,,,,,,,,,,,,,,,,,,,,,,,,,,,,,,,,,,,,,,,,,,,,,,,,,,,,,,,,,,,,,,,,,,,,,,,,
9YG10X,1,8,kneel,,,,,,,,,,,,,,,,,,,,,,,,,,,One-off label,,,,,,,,,,,,,,,,,,,,One-off label,,,,,,,,,,,,,,,,,,,,,,,,One-off label,,,,,,,,,,,,,,,,,,,,,,,,,,,,,,,,,,,,,,,,,,,,,,,,,,,,,,,,,,,,,,,,,,,,,,,,,,,,,,,,,,,,,,,,,,,,,,,,,,,,
A5QAQ8,0,1,fall,,,,,One-off label,,,,,,,,,,,,,,,,,,,,,,,,,,,,,,,,,,,,,,,,,,,,,,,,,,,,,,Can't tell / Neither,,,,,,,,,,,,,,,,,,,,,,,,,,,,,,,,,,,,,,,,,,,,,,,,,,,,,,,,,,,,,,,,,,,,,,,,,,,,,,,,,,,,,,,,,,,,,,,,One-off label,,,,,,,,,,,,,,,,
A5QAQ8,0,2,kick,,,,,One-off label,,,,,,,,,,,,,,,,,,,,,,,,,,,,,,,,,,,,,,,,,,,,,,,,,,,,,,One-off label,,,,,,,,,,,,,,,,,,,,,,,,,,,,,,,,,,,,,,,,,,,,,,,,,,,,,,,,,,,,,,,,,,,,,,,,,,,,,,,,,,,,,,,,,,,,,,,,One-off label,,,,,,,,,,,,,,,,
A5QAQ8,0,3,kneel,,,,,One-off label,,,,,,,,,,,,,,,,,,,,,,,,,,,,,,,,,,,,,,,,,,,,,,,,,,,,,,One-off label,,,,,,,,,,,,,,,,,,,,,,,,,,,,,,,,,,,,,,,,,,,,,,,,,,,,,,,,,,,,,,,,,,,,,,,,,,,,,,,,,,,,,,,,,,,,,,,,One-off label,,,,,,,,,,,,,,,,
A5QAQ8,0,4,kick,,,,,One-off label,,,,,,,,,,,,,,,,,,,,,,,,,,,,,,,,,,,,,,,,,,,,,,,,,,,,,,One-off label,,,,,,,,,,,,,,,,,,,,,,,,,,,,,,,,,,,,,,,,,,,,,,,,,,,,,,,,,,,,,,,,,,,,,,,,,,,,,,,,,,,,,,,,,,,,,,,,One-off label,,,,,,,,,,,,,,,,
A5QAQ8,0,5,read,,,,,Can't tell / Neither,,,,,,,,,,,,,,,,,,,,,,,,,,,,,,,,,,,,,,,,,,,,,,,,,,,,,,Can't tell / Neither,,,,,,,,,,,,,,,,,,,,,,,,,,,,,,,,,,,,,,,,,,,,,,,,,,,,,,,,,,,,,,,,,,,,,,,,,,,,,,,,,,,,,,,,,,,,,,,,One-off label,,,,,,,,,,,,,,,,
A5QAQ8,0,6,read,,,,,Can't tell / Neither,,,,,,,,,,,,,,,,,,,,,,,,,,,,,,,,,,,,,,,,,,,,,,,,,,,,,,Can't tell / Neither,,,,,,,,,,,,,,,,,,,,,,,,,,,,,,,,,,,,,,,,,,,,,,,,,,,,,,,,,,,,,,,,,,,,,,,,,,,,,,,,,,,,,,,,,,,,,,,,One-off label,,,,,,,,,,,,,,,,
A5QAQ8,0,7,dance,,,,,One-off label,,,,,,,,,,,,,,,,,,,,,,,,,,,,,,,,,,,,,,,,,,,,,,,,,,,,,,One-off label,,,,,,,,,,,,,,,,,,,,,,,,,,,,,,,,,,,,,,,,,,,,,,,,,,,,,,,,,,,,,,,,,,,,,,,,,,,,,,,,,,,,,,,,,,,,,,,,One-off label,,,,,,,,,,,,,,,,
A5QAQ8,0,8,kneel,,,,,One-off label,,,,,,,,,,,,,,,,,,,,,,,,,,,,,,,,,,,,,,,,,,,,,,,,,,,,,,One-off label,,,,,,,,,,,,,,,,,,,,,,,,,,,,,,,,,,,,,,,,,,,,,,,,,,,,,,,,,,,,,,,,,,,,,,,,,,,,,,,,,,,,,,,,,,,,,,,,One-off label,,,,,,,,,,,,,,,,
A5QAQ8,1,1,fall,,,,,,,,,,,,,,,,,,,,,,,,,,,,,,,,,,,,,,,,,,,,,,,,,,,,,One-off label,,,,,,,,,,Can't tell / Neither,,,,,,,,,,,,,,,,,,,,,,,,,,,,,,,,,,,,,,,,,,,,,,,,,,,,,,,,,,,,,,,,,,,,,,,,,,,,,,,,,,,,,,,,,,,,,,,,,,,,One-off label,,,,,,,,
A5QAQ8,1,2,kick,,,,,,,,,,,,,,,,,,,,,,,,,,,,,,,,,,,,,,,,,,,,,,,,,,,,,One-off label,,,,,,,,,,Can't tell / Neither,,,,,,,,,,,,,,,,,,,,,,,,,,,,,,,,,,,,,,,,,,,,,,,,,,,,,,,,,,,,,,,,,,,,,,,,,,,,,,,,,,,,,,,,,,,,,,,,,,,,One-off label,,,,,,,,
A5QAQ8,1,3,kneel,,,,,,,,,,,,,,,,,,,,,,,,,,,,,,,,,,,,,,,,,,,,,,,,,,,,,One-off label,,,,,,,,,,Can't tell / Neither,,,,,,,,,,,,,,,,,,,,,,,,,,,,,,,,,,,,,,,,,,,,,,,,,,,,,,,,,,,,,,,,,,,,,,,,,,,,,,,,,,,,,,,,,,,,,,,,,,,,One-off label,,,,,,,,
A5QAQ8,1,4,dance,,,,,,,,,,,,,,,,,,,,,,,,,,,,,,,,,,,,,,,,,,,,,,,,,,,,,One-off label,,,,,,,,,,Systematic label,,,,,,,,,,,,,,,,,,,,,,,,,,,,,,,,,,,,,,,,,,,,,,,,,,,,,,,,,,,,,,,,,,,,,,,,,,,,,,,,,,,,,,,,,,,,,,,,,,,,One-off label,,,,,,,,
A5QAQ8,1,5,point,,,,,,,,,,,,,,,,,,,,,,,,,,,,,,,,,,,,,,,,,,,,,,,,,,,,,One-off label,,,,,,,,,,Can't tell / Neither,,,,,,,,,,,,,,,,,,,,,,,,,,,,,,,,,,,,,,,,,,,,,,,,,,,,,,,,,,,,,,,,,,,,,,,,,,,,,,,,,,,,,,,,,,,,,,,,,,,,One-off label,,,,,,,,
A5QAQ8,1,6,read,,,,,,,,,,,,,,,,,,,,,,,,,,,,,,,,,,,,,,,,,,,,,,,,,,,,,One-off label,,,,,,,,,,Can't tell / Neither,,,,,,,,,,,,,,,,,,,,,,,,,,,,,,,,,,,,,,,,,,,,,,,,,,,,,,,,,,,,,,,,,,,,,,,,,,,,,,,,,,,,,,,,,,,,,,,,,,,,Can't tell / Neither,,,,,,,,
A5QAQ8,1,7,leap,,,,,,,,,,,,,,,,,,,,,,,,,,,,,,,,,,,,,,,,,,,,,,,,,,,,,One-off label,,,,,,,,,,Can't tell / Neither,,,,,,,,,,,,,,,,,,,,,,,,,,,,,,,,,,,,,,,,,,,,,,,,,,,,,,,,,,,,,,,,,,,,,,,,,,,,,,,,,,,,,,,,,,,,,,,,,,,,One-off label,,,,,,,,
A5QAQ8,1,8,pray,,,,,,,,,,,,,,,,,,,,,,,,,,,,,,,,,,,,,,,,,,,,,,,,,,,,,One-off label,,,,,,,,,,Can't tell / Neither,,,,,,,,,,,,,,,,,,,,,,,,,,,,,,,,,,,,,,,,,,,,,,,,,,,,,,,,,,,,,,,,,,,,,,,,,,,,,,,,,,,,,,,,,,,,,,,,,,,,One-off label,,,,,,,,
A99BAG,0,1,girl,,,,,,,,,,,,,,,,,,,,,,,,,,,,,,,,,One-off label,,,,,,,,,,,,,,,,,,,,,,,,,,,,,,,,,,,,,,,,,,,,,,,,,,,,,,,,,,,,,,,One-off label,,,,,,,,,,,,,,,,,,,,,,,,,,,,,,,,,,,,,,,,,,,,,,,,,,,One-off label,,,,,,,,,,,,,,,,,,,,,,,,
A99BAG,0,2,baby,,,,,,,,,,,,,,,,,,,,,,,,,,,,,,,,,One-off label,,,,,,,,,,,,,,,,,,,,,,,,,,,,,,,,,,,,,,,,,,,,,,,,,,,,,,,,,,,,,,,One-off label,,,,,,,,,,,,,,,,,,,,,,,,,,,,,,,,,,,,,,,,,,,,,,,,,,,One-off label,,,,,,,,,,,,,,,,,,,,,,,,
A99BAG,0,3,yellow,,,,,,,,,,,,,,,,,,,,,,,,,,,,,,,,,Can't tell / Neither,,,,,,,,,,,,,,,,,,,,,,,,,,,,,,,,,,,,,,,,,,,,,,,,,,,,,,,,,,,,,,,Systematic label,,,,,,,,,,,,,,,,,,,,,,,,,,,,,,,,,,,,,,,,,,,,,,,,,,,Systematic label,,,,,,,,,,,,,,,,,,,,,,,,
A99BAG,0,4,legs,,,,,,,,,,,,,,,,,,,,,,,,,,,,,,,,,One-off label,,,,,,,,,,,,,,,,,,,,,,,,,,,,,,,,,,,,,,,,,,,,,,,,,,,,,,,,,,,,,,,One-off label,,,,,,,,,,,,,,,,,,,,,,,,,,,,,,,,,,,,,,,,,,,,,,,,,,,Systematic label,,,,,,,,,,,,,,,,,,,,,,,,
A99BAG,0,5,clock,,,,,,,,,,,,,,,,,,,,,,,,,,,,,,,,,One-off label,,,,,,,,,,,,,,,,,,,,,,,,,,,,,,,,,,,,,,,,,,,,,,,,,,,,,,,,,,,,,,,One-off label,,,,,,,,,,,,,,,,,,,,,,,,,,,,,,,,,,,,,,,,,,,,,,,,,,,Systematic label,,,,,,,,,,,,,,,,,,,,,,,,
A99BAG,0,6,glasses,,,,,,,,,,,,,,,,,,,,,,,,,,,,,,,,,One-off label,,,,,,,,,,,,,,,,,,,,,,,,,,,,,,,,,,,,,,,,,,,,,,,,,,,,,,,,,,,,,,,One-off label,,,,,,,,,,,,,,,,,,,,,,,,,,,,,,,,,,,,,,,,,,,,,,,,,,,Systematic label,,,,,,,,,,,,,,,,,,,,,,,,
A99BAG,0,7,white,,,,,,,,,,,,,,,,,,,,,,,,,,,,,,,,,Can't tell / Neither,,,,,,,,,,,,,,,,,,,,,,,,,,,,,,,,,,,,,,,,,,,,,,,,,,,,,,,,,,,,,,,Systematic label,,,,,,,,,,,,,,,,,,,,,,,,,,,,,,,,,,,,,,,,,,,,,,,,,,,Systematic label,,,,,,,,,,,,,,,,,,,,,,,,
A99BAG,0,8,owl,,,,,,,,,,,,,,,,,,,,,,,,,,,,,,,,,One-off label,,,,,,,,,,,,,,,,,,,,,,,,,,,,,,,,,,,,,,,,,,,,,,,,,,,,,,,,,,,,,,,One-off label,,,,,,,,,,,,,,,,,,,,,,,,,,,,,,,,,,,,,,,,,,,,,,,,,,,One-off label,,,,,,,,,,,,,,,,,,,,,,,,
A99BAG,1,1,girl,,,,,,,,,,,,,,,,,,,,,,,,,,,,,,,,,,,,,,,,,,,,,,,,,,,,,,,,Can't tell / Neither,,,,,,,,,,,,,,,,,,,,,,,,,,,,,,,,,,,,,,,,,,,,,,,,,,,,,,,,,,,,,,,,,,,,,,,,,,Systematic label,,,,,,,,,,,,,,,,,,,,,,,,,,,,One-off label,,,,,,,,,,,,,
A99BAG,1,2,baby,,,,,,,,,,,,,,,,,,,,,,,,,,,,,,,,,,,,,,,,,,,,,,,,,,,,,,,,Can't tell / Neither,,,,,,,,,,,,,,,,,,,,,,,,,,,,,,,,,,,,,,,,,,,,,,,,,,,,,,,,,,,,,,,,,,,,,,,,,,Systematic label,,,,,,,,,,,,,,,,,,,,,,,,,,,,One-off label,,,,,,,,,,,,,
A99BAG,1,3,yellow,,,,,,,,,,,,,,,,,,,,,,,,,,,,,,,,,,,,,,,,,,,,,,,,,,,,,,,,One-off label,,,,,,,,,,,,,,,,,,,,,,,,,,,,,,,,,,,,,,,,,,,,,,,,,,,,,,,,,,,,,,,,,,,,,,,,,,One-off label,,,,,,,,,,,,,,,,,,,,,,,,,,,,One-off label,,,,,,,,,,,,,
A99BAG,1,4,legs,,,,,,,,,,,,,,,,,,,,,,,,,,,,,,,,,,,,,,,,,,,,,,,,,,,,,,,,One-off label,,,,,,,,,,,,,,,,,,,,,,,,,,,,,,,,,,,,,,,,,,,,,,,,,,,,,,,,,,,,,,,,,,,,,,,,,,Systematic label,,,,,,,,,,,,,,,,,,,,,,,,,,,,One-off label,,,,,,,,,,,,,
A99BAG,1,5,clock,,,,,,,,,,,,,,,,,,,,,,,,,,,,,,,,,,,,,,,,,,,,,,,,,,,,,,,,One-off label,,,,,,,,,,,,,,,,,,,,,,,,,,,,,,,,,,,,,,,,,,,,,,,,,,,,,,,,,,,,,,,,,,,,,,,,,,One-off label,,,,,,,,,,,,,,,,,,,,,,,,,,,,One-off label,,,,,,,,,,,,,
A99BAG,1,6,glasses,,,,,,,,,,,,,,,,,,,,,,,,,,,,,,,,,,,,,,,,,,,,,,,,,,,,,,,,One-off label,,,,,,,,,,,,,,,,,,,,,,,,,,,,,,,,,,,,,,,,,,,,,,,,,,,,,,,,,,,,,,,,,,,,,,,,,,Systematic label,,,,,,,,,,,,,,,,,,,,,,,,,,,,One-off label,,,,,,,,,,,,,
A99BAG,1,7,owl,,,,,,,,,,,,,,,,,,,,,,,,,,,,,,,,,,,,,,,,,,,,,,,,,,,,,,,,Can't tell / Neither,,,,,,,,,,,,,,,,,,,,,,,,,,,,,,,,,,,,,,,,,,,,,,,,,,,,,,,,,,,,,,,,,,,,,,,,,,Systematic label,,,,,,,,,,,,,,,,,,,,,,,,,,,,One-off label,,,,,,,,,,,,,
A99BAG,1,8,owl,,,,,,,,,,,,,,,,,,,,,,,,,,,,,,,,,,,,,,,,,,,,,,,,,,,,,,,,Can't tell / Neither,,,,,,,,,,,,,,,,,,,,,,,,,,,,,,,,,,,,,,,,,,,,,,,,,,,,,,,,,,,,,,,,,,,,,,,,,,Systematic label,,,,,,,,,,,,,,,,,,,,,,,,,,,,One-off label,,,,,,,,,,,,,
AAA1CK,0,1,ninja bend,,,,,,,,,,,,,,,,,,,,,,,,,One-off label,,,,,,,,,,,,,,,,,,,,,,,,,,,,,,,,,,,,,,,,,,,,,,,,,,,,,,,,,,,,,,,,,,,,,,,,,,,,,,,,,,,,,,,,,,,,,,,,,,,,,,,,,,,,,,,,,,,,,,,,,,,,,One-off label,,,,,,,,,,,,,,,,,,,,,
AAA1CK,0,2,ninja dance,,,,,,,,,,,,,,,,,,,,,,,,,One-off label,,,,,,,,,,,,,,,,,,,,,,,,,,,,,,,,,,,,,,,,,,,,,,,,,,,,,,,,,,,,,,,,,,,,,,,,,,,,,,,,,,,,,,,,,,,,,,,,,,,,,,,,,,,,,,,,,,,,,,,,,,,,,One-off label,,,,,,,,,,,,,,,,,,,,,
AAA1CK,0,3,ninja sit,,,,,,,,,,,,,,,,,,,,,,,,,One-off label,,,,,,,,,,,,,,,,,,,,,,,,,,,,,,,,,,,,,,,,,,,,,,,,,,,,,,,,,,,,,,,,,,,,,,,,,,,,,,,,,,,,,,,,,,,,,,,,,,,,,,,,,,,,,,,,,,,,,,,,,,,,,One-off label,,,,,,,,,,,,,,,,,,,,,
AAA1CK,0,4,ninja fall,,,,,,,,,,,,,,,,,,,,,,,,,One-off label,,,,,,,,,,,,,,,,,,,,,,,,,,,,,,,,,,,,,,,,,,,,,,,,,,,,,,,,,,,,,,,,,,,,,,,,,,,,,,,,,,,,,,,,,,,,,,,,,,,,,,,,,,,,,,,,,,,,,,,,,,,,,One-off label,,,,,,,,,,,,,,,,,,,,,
AAA1CK,0,5,ninja bowl,,,,,,,,,,,,,,,,,,,,,,,,,One-off label,,,,,,,,,,,,,,,,,,,,,,,,,,,,,,,,,,,,,,,,,,,,,,,,,,,,,,,,,,,,,,,,,,,,,,,,,,,,,,,,,,,,,,,,,,,,,,,,,,,,,,,,,,,,,,,,,,,,,,,,,,,,,One-off label,,,,,,,,,,,,,,,,,,,,,
AAA1CK,0,6,ninja bend,,,,,,,,,,,,,,,,,,,,,,,,,One-off label,,,,,,,,,,,,,,,,,,,,,,,,,,,,,,,,,,,,,,,,,,,,,,,,,,,,,,,,,,,,,,,,,,,,,,,,,,,,,,,,,,,,,,,,,,,,,,,,,,,,,,,,,,,,,,,,,,,,,,,,,,,,,One-off label,,,,,,,,,,,,,,,,,,,,,
AAA1CK,0,7,ninja fight,,,,,,,,,,,,,,,,,,,,,,,,,One-off label,,,,,,,,,,,,,,,,,,,,,,,,,,,,,,,,,,,,,,,,,,,,,,,,,,,,,,,,,,,,,,,,,,,,,,,,,,,,,,,,,,,,,,,,,,,,,,,,,,,,,,,,,,,,,,,,,,,,,,,,,,,,,One-off label,,,,,,,,,,,,,,,,,,,,,
AAA1CK,0,8,ninja kneel,,,,,,,,,,,,,,,,,,,,,,,,,One-off label,,,,,,,,,,,,,,,,,,,,,,,,,,,,,,,,,,,,,,,,,,,,,,,,,,,,,,,,,,,,,,,,,,,,,,,,,,,,,,,,,,,,,,,,,,,,,,,,,,,,,,,,,,,,,,,,,,,,,,,,,,,,,One-off label,,,,,,,,,,,,,,,,,,,,,
AAA1CK,1,1,ninja fall,,,,,,,,,,,,,,,,,,,,,,,,,,,,,,,,,,,,,,,,,,,,,,,,,,,,,,,,,,,,,,,,,,,,,,,,,,,,,,,,,,,,,,,,,,,,,,,,,,,,,,,,,,,,,,,,,,,,,,,,,,,,,Systematic label,,,Systematic label,,,,,,,,,,,,,,,,,,,,,,,,,,Can't tell / Neither,,,,,,,,,,,,,,,,,
AAA1CK,1,2,ninja dance,,,,,,,,,,,,,,,,,,,,,,,,,,,,,,,,,,,,,,,,,,,,,,,,,,,,,,,,,,,,,,,,,,,,,,,,,,,,,,,,,,,,,,,,,,,,,,,,,,,,,,,,,,,,,,,,,,,,,,,,,,,,,Systematic label,,,Systematic label,,,,,,,,,,,,,,,,,,,,,,,,,,One-off label,,,,,,,,,,,,,,,,,
AAA1CK,1,3,ninja kneel,,,,,,,,,,,,,,,,,,,,,,,,,,,,,,,,,,,,,,,,,,,,,,,,,,,,,,,,,,,,,,,,,,,,,,,,,,,,,,,,,,,,,,,,,,,,,,,,,,,,,,,,,,,,,,,,,,,,,,,,,,,,,Systematic label,,,Systematic label,,,,,,,,,,,,,,,,,,,,,,,,,,Systematic label,,,,,,,,,,,,,,,,,
AAA1CK,1,4,ninja two hand,,,,,,,,,,,,,,,,,,,,,,,,,,,,,,,,,,,,,,,,,,,,,,,,,,,,,,,,,,,,,,,,,,,,,,,,,,,,,,,,,,,,,,,,,,,,,,,,,,,,,,,,,,,,,,,,,,,,,,,,,,,,,Systematic label,,,Systematic label,,,,,,,,,,,,,,,,,,,,,,,,,,One-off label,,,,,,,,,,,,,,,,,
AAA1CK,1,5,ninja bowl,,,,,,,,,,,,,,,,,,,,,,,,,,,,,,,,,,,,,,,,,,,,,,,,,,,,,,,,,,,,,,,,,,,,,,,,,,,,,,,,,,,,,,,,,,,,,,,,,,,,,,,,,,,,,,,,,,,,,,,,,,,,,Systematic label,,,Systematic label,,,,,,,,,,,,,,,,,,,,,,,,,,One-off label,,,,,,,,,,,,,,,,,
AAA1CK,1,6,ninja bend le,,,,,,,,,,,,,,,,,,,,,,,,,,,,,,,,,,,,,,,,,,,,,,,,,,,,,,,,,,,,,,,,,,,,,,,,,,,,,,,,,,,,,,,,,,,,,,,,,,,,,,,,,,,,,,,,,,,,,,,,,,,,,Can't tell / Neither,,,Systematic label,,,,,,,,,,,,,,,,,,,,,,,,,,Can't tell / Neither,,,,,,,,,,,,,,,,,
AAA1CK,1,7,ninja fight,,,,,,,,,,,,,,,,,,,,,,,,,,,,,,,,,,,,,,,,,,,,,,,,,,,,,,,,,,,,,,,,,,,,,,,,,,,,,,,,,,,,,,,,,,,,,,,,,,,,,,,,,,,,,,,,,,,,,,,,,,,,,Systematic label,,,Systematic label,,,,,,,,,,,,,,,,,,,,,,,,,,One-off label,,,,,,,,,,,,,,,,,
AAA1CK,1,8,ninja kneel,,,,,,,,,,,,,,,,,,,,,,,,,,,,,,,,,,,,,,,,,,,,,,,,,,,,,,,,,,,,,,,,,,,,,,,,,,,,,,,,,,,,,,,,,,,,,,,,,,,,,,,,,,,,,,,,,,,,,,,,,,,,,Systematic label,,,Systematic label,,,,,,,,,,,,,,,,,,,,,,,,,,Systematic label,,,,,,,,,,,,,,,,,
AAE49H,0,1,fall,,,,,,,,,,,,,,,,,,,,,,,,,,,,,,,,,,,,,,,,,,,,,,,,,,,,,,,,,,,,,,,,,,,,,,,,,,,,,,,,,,,,,,,,,,,,,,,,,,,,,,,,,,,,,,,,,,,,,,,One-off label,,,,,,,,,,,,,,,,,,,,,,,,,,,,,,,,,,One-off label,,,,,,,,,,,Can't tell / Neither,,,,,,,
AAE49H,0,2,kick,,,,,,,,,,,,,,,,,,,,,,,,,,,,,,,,,,,,,,,,,,,,,,,,,,,,,,,,,,,,,,,,,,,,,,,,,,,,,,,,,,,,,,,,,,,,,,,,,,,,,,,,,,,,,,,,,,,,,,,One-off label,,,,,,,,,,,,,,,,,,,,,,,,,,,,,,,,,,One-off label,,,,,,,,,,,Can't tell / Neither,,,,,,,
AAE49H,0,3,kneel,,,,,,,,,,,,,,,,,,,,,,,,,,,,,,,,,,,,,,,,,,,,,,,,,,,,,,,,,,,,,,,,,,,,,,,,,,,,,,,,,,,,,,,,,,,,,,,,,,,,,,,,,,,,,,,,,,,,,,,Can't tell / Neither,,,,,,,,,,,,,,,,,,,,,,,,,,,,,,,,,,One-off label,,,,,,,,,,,One-off label,,,,,,,
AAE49H,0,4,balance,,,,,,,,,,,,,,,,,,,,,,,,,,,,,,,,,,,,,,,,,,,,,,,,,,,,,,,,,,,,,,,,,,,,,,,,,,,,,,,,,,,,,,,,,,,,,,,,,,,,,,,,,,,,,,,,,,,,,,,Systematic label,,,,,,,,,,,,,,,,,,,,,,,,,,,,,,,,,,One-off label,,,,,,,,,,,One-off label,,,,,,,
AAE49H,0,5,stand,,,,,,,,,,,,,,,,,,,,,,,,,,,,,,,,,,,,,,,,,,,,,,,,,,,,,,,,,,,,,,,,,,,,,,,,,,,,,,,,,,,,,,,,,,,,,,,,,,,,,,,,,,,,,,,,,,,,,,,One-off label,,,,,,,,,,,,,,,,,,,,,,,,,,,,,,,,,,One-off label,,,,,,,,,,,One-off label,,,,,,,
AAE49H,0,6,crouch,,,,,,,,,,,,,,,,,,,,,,,,,,,,,,,,,,,,,,,,,,,,,,,,,,,,,,,,,,,,,,,,,,,,,,,,,,,,,,,,,,,,,,,,,,,,,,,,,,,,,,,,,,,,,,,,,,,,,,,One-off label,,,,,,,,,,,,,,,,,,,,,,,,,,,,,,,,,,One-off label,,,,,,,,,,,One-off label,,,,,,,
AAE49H,0,7,stretch,,,,,,,,,,,,,,,,,,,,,,,,,,,,,,,,,,,,,,,,,,,,,,,,,,,,,,,,,,,,,,,,,,,,,,,,,,,,,,,,,,,,,,,,,,,,,,,,,,,,,,,,,,,,,,,,,,,,,,,Can't tell / Neither,,,,,,,,,,,,,,,,,,,,,,,,,,,,,,,,,,One-off label,,,,,,,,,,,One-off label,,,,,,,
AAE49H,0,8,bow,,,,,,,,,,,,,,,,,,,,,,,,,,,,,,,,,,,,,,,,,,,,,,,,,,,,,,,,,,,,,,,,,,,,,,,,,,,,,,,,,,,,,,,,,,,,,,,,,,,,,,,,,,,,,,,,,,,,,,,Can't tell / Neither,,,,,,,,,,,,,,,,,,,,,,,,,,,,,,,,,,One-off label,,,,,,,,,,,One-off label,,,,,,,
AAE49H,1,1,fall,,,,,One-off label,,,,,,,,,,,,,,,,,,,,,,,,,,,One-off label,,,,,One-off label,,,,,,,,,,,,,,,,,,,,,,,,,,,,,,,,,,,,,,,,,,,,,,,,,,,,,,,,,,,,,,,,,,,,,,,,,,,,,,,,,,,,,,,,,,,,,,,,,,,,,,,,,,,,,,,,,,,,,,,,,,,,,,,,,,,,,,
AAE49H,1,2,kick,,,,,One-off label,,,,,,,,,,,,,,,,,,,,,,,,,,,One-off label,,,,,One-off label,,,,,,,,,,,,,,,,,,,,,,,,,,,,,,,,,,,,,,,,,,,,,,,,,,,,,,,,,,,,,,,,,,,,,,,,,,,,,,,,,,,,,,,,,,,,,,,,,,,,,,,,,,,,,,,,,,,,,,,,,,,,,,,,,,,,,,
AAE49H,1,3,kneel,,,,,One-off label,,,,,,,,,,,,,,,,,,,,,,,,,,,One-off label,,,,,One-off label,,,,,,,,,,,,,,,,,,,,,,,,,,,,,,,,,,,,,,,,,,,,,,,,,,,,,,,,,,,,,,,,,,,,,,,,,,,,,,,,,,,,,,,,,,,,,,,,,,,,,,,,,,,,,,,,,,,,,,,,,,,,,,,,,,,,,,
AAE49H,1,4,balance,,,,,One-off label,,,,,,,,,,,,,,,,,,,,,,,,,,,One-off label,,,,,One-off label,,,,,,,,,,,,,,,,,,,,,,,,,,,,,,,,,,,,,,,,,,,,,,,,,,,,,,,,,,,,,,,,,,,,,,,,,,,,,,,,,,,,,,,,,,,,,,,,,,,,,,,,,,,,,,,,,,,,,,,,,,,,,,,,,,,,,,
AAE49H,1,5,stand,,,,,One-off label,,,,,,,,,,,,,,,,,,,,,,,,,,,One-off label,,,,,One-off label,,,,,,,,,,,,,,,,,,,,,,,,,,,,,,,,,,,,,,,,,,,,,,,,,,,,,,,,,,,,,,,,,,,,,,,,,,,,,,,,,,,,,,,,,,,,,,,,,,,,,,,,,,,,,,,,,,,,,,,,,,,,,,,,,,,,,,
AAE49H,1,6,crouch,,,,,One-off label,,,,,,,,,,,,,,,,,,,,,,,,,,,One-off label,,,,,One-off label,,,,,,,,,,,,,,,,,,,,,,,,,,,,,,,,,,,,,,,,,,,,,,,,,,,,,,,,,,,,,,,,,,,,,,,,,,,,,,,,,,,,,,,,,,,,,,,,,,,,,,,,,,,,,,,,,,,,,,,,,,,,,,,,,,,,,,
AAE49H,1,7,stretch,,,,,One-off label,,,,,,,,,,,,,,,,,,,,,,,,,,,One-off label,,,,,One-off label,,,,,,,,,,,,,,,,,,,,,,,,,,,,,,,,,,,,,,,,,,,,,,,,,,,,,,,,,,,,,,,,,,,,,,,,,,,,,,,,,,,,,,,,,,,,,,,,,,,,,,,,,,,,,,,,,,,,,,,,,,,,,,,,,,,,,,
AAE49H,1,8,stand,,,,,One-off label,,,,,,,,,,,,,,,,,,,,,,,,,,,One-off label,,,,,One-off label,,,,,,,,,,,,,,,,,,,,,,,,,,,,,,,,,,,,,,,,,,,,,,,,,,,,,,,,,,,,,,,,,,,,,,,,,,,,,,,,,,,,,,,,,,,,,,,,,,,,,,,,,,,,,,,,,,,,,,,,,,,,,,,,,,,,,,
ARZGAA,0,1,save,,,,,,,,,,,,,,,,,,,,,,,,,,,One-off label,,,,,,,,,,,,,,,,,,,,,,,,,,,,,,,,,,,,,,,,,,,,,,,,,,,,,,,,,,,,,,,,One-off label,,,,,,,,,,,,,,,,,,,,,,,,,,,,,,One-off label,,,,,,,,,,,,,,,,,,,,,,,,,,,,,,,,,,,,,,,,,,,,,,,,,,
ARZGAA,0,2,down,,,,,,,,,,,,,,,,,,,,,,,,,,,One-off label,,,,,,,,,,,,,,,,,,,,,,,,,,,,,,,,,,,,,,,,,,,,,,,,,,,,,,,,,,,,,,,,One-off label,,,,,,,,,,,,,,,,,,,,,,,,,,,,,,One-off label,,,,,,,,,,,,,,,,,,,,,,,,,,,,,,,,,,,,,,,,,,,,,,,,,,
ARZGAA,0,3,strike,,,,,,,,,,,,,,,,,,,,,,,,,,,One-off label,,,,,,,,,,,,,,,,,,,,,,,,,,,,,,,,,,,,,,,,,,,,,,,,,,,,,,,,,,,,,,,,One-off label,,,,,,,,,,,,,,,,,,,,,,,,,,,,,,One-off label,,,,,,,,,,,,,,,,,,,,,,,,,,,,,,,,,,,,,,,,,,,,,,,,,,
ARZGAA,0,4,kick,,,,,,,,,,,,,,,,,,,,,,,,,,,One-off label,,,,,,,,,,,,,,,,,,,,,,,,,,,,,,,,,,,,,,,,,,,,,,,,,,,,,,,,,,,,,,,,One-off label,,,,,,,,,,,,,,,,,,,,,,,,,,,,,,One-off label,,,,,,,,,,,,,,,,,,,,,,,,,,,,,,,,,,,,,,,,,,,,,,,,,,
ARZGAA,0,5,pray,,,,,,,,,,,,,,,,,,,,,,,,,,,One-off label,,,,,,,,,,,,,,,,,,,,,,,,,,,,,,,,,,,,,,,,,,,,,,,,,,,,,,,,,,,,,,,,Can't tell / Neither,,,,,,,,,,,,,,,,,,,,,,,,,,,,,,One-off label,,,,,,,,,,,,,,,,,,,,,,,,,,,,,,,,,,,,,,,,,,,,,,,,,,
ARZGAA,0,6,squat,,,,,,,,,,,,,,,,,,,,,,,,,,,One-off label,,,,,,,,,,,,,,,,,,,,,,,,,,,,,,,,,,,,,,,,,,,,,,,,,,,,,,,,,,,,,,,,One-off label,,,,,,,,,,,,,,,,,,,,,,,,,,,,,,One-off label,,,,,,,,,,,,,,,,,,,,,,,,,,,,,,,,,,,,,,,,,,,,,,,,,,
ARZGAA,0,7,dance,,,,,,,,,,,,,,,,,,,,,,,,,,,One-off label,,,,,,,,,,,,,,,,,,,,,,,,,,,,,,,,,,,,,,,,,,,,,,,,,,,,,,,,,,,,,,,,One-off label,,,,,,,,,,,,,,,,,,,,,,,,,,,,,,One-off label,,,,,,,,,,,,,,,,,,,,,,,,,,,,,,,,,,,,,,,,,,,,,,,,,,
ARZGAA,0,8,kneel,,,,,,,,,,,,,,,,,,,,,,,,,,,One-off label,,,,,,,,,,,,,,,,,,,,,,,,,,,,,,,,,,,,,,,,,,,,,,,,,,,,,,,,,,,,,,,,One-off label,,,,,,,,,,,,,,,,,,,,,,,,,,,,,,One-off label,,,,,,,,,,,,,,,,,,,,,,,,,,,,,,,,,,,,,,,,,,,,,,,,,,
ARZGAA,1,1,save,,,,,,,,,,,,,,,,,,,,,,,,,,,,,,,,,,,,,,,,,,,,,,,,,,,,,,,,,,,,,,,,,,,,,,,,,,,,,,,,,,,,,,,,,,,,,,,,,,,,,,,,,,,,,,,,,,,,,,,,,,,,,,,,,,,,,,,,,,,,Can't tell / Neither,,,,,Can't tell / Neither,,,One-off label,,,,,,,,,,,,,,,,,,,,,,,
ARZGAA,1,2,down,,,,,,,,,,,,,,,,,,,,,,,,,,,,,,,,,,,,,,,,,,,,,,,,,,,,,,,,,,,,,,,,,,,,,,,,,,,,,,,,,,,,,,,,,,,,,,,,,,,,,,,,,,,,,,,,,,,,,,,,,,,,,,,,,,,,,,,,,,,,Can't tell / Neither,,,,,Can't tell / Neither,,,One-off label,,,,,,,,,,,,,,,,,,,,,,,
ARZGAA,1,3,strike,,,,,,,,,,,,,,,,,,,,,,,,,,,,,,,,,,,,,,,,,,,,,,,,,,,,,,,,,,,,,,,,,,,,,,,,,,,,,,,,,,,,,,,,,,,,,,,,,,,,,,,,,,,,,,,,,,,,,,,,,,,,,,,,,,,,,,,,,,,,One-off label,,,,,Can't tell / Neither,,,One-off label,,,,,,,,,,,,,,,,,,,,,,,
ARZGAA,1,4,kick,,,,,,,,,,,,,,,,,,,,,,,,,,,,,,,,,,,,,,,,,,,,,,,,,,,,,,,,,,,,,,,,,,,,,,,,,,,,,,,,,,,,,,,,,,,,,,,,,,,,,,,,,,,,,,,,,,,,,,,,,,,,,,,,,,,,,,,,,,,,One-off label,,,,,Can't tell / Neither,,,One-off label,,,,,,,,,,,,,,,,,,,,,,,
ARZGAA,1,5,pray,,,,,,,,,,,,,,,,,,,,,,,,,,,,,,,,,,,,,,,,,,,,,,,,,,,,,,,,,,,,,,,,,,,,,,,,,,,,,,,,,,,,,,,,,,,,,,,,,,,,,,,,,,,,,,,,,,,,,,,,,,,,,,,,,,,,,,,,,,,,One-off label,,,,,Can't tell / Neither,,,One-off label,,,,,,,,,,,,,,,,,,,,,,,
ARZGAA,1,6,squat,,,,,,,,,,,,,,,,,,,,,,,,,,,,,,,,,,,,,,,,,,,,,,,,,,,,,,,,,,,,,,,,,,,,,,,,,,,,,,,,,,,,,,,,,,,,,,,,,,,,,,,,,,,,,,,,,,,,,,,,,,,,,,,,,,,,,,,,,,,,One-off label,,,,,Can't tell / Neither,,,One-off label,,,,,,,,,,,,,,,,,,,,,,,
ARZGAA,1,7,dance,,,,,,,,,,,,,,,,,,,,,,,,,,,,,,,,,,,,,,,,,,,,,,,,,,,,,,,,,,,,,,,,,,,,,,,,,,,,,,,,,,,,,,,,,,,,,,,,,,,,,,,,,,,,,,,,,,,,,,,,,,,,,,,,,,,,,,,,,,,,Systematic label,,,,,One-off label,,,One-off label,,,,,,,,,,,,,,,,,,,,,,,
ARZGAA,1,8,kneel,,,,,,,,,,,,,,,,,,,,,,,,,,,,,,,,,,,,,,,,,,,,,,,,,,,,,,,,,,,,,,,,,,,,,,,,,,,,,,,,,,,,,,,,,,,,,,,,,,,,,,,,,,,,,,,,,,,,,,,,,,,,,,,,,,,,,,,,,,,,One-off label,,,,,Can't tell / Neither,,,One-off label,,,,,,,,,,,,,,,,,,,,,,,
BF7TZW,0,1,2 1 2,,,,,,,,,,,,,,,,,,,,,,,,,,,,,,,,,,,,,,,,,,,,,,,,,,,,,,,,,,,,,,,,One-off label,,,,,,,,,,,,,,,,,,,,,,,,,,,,,,,,,Can't tell / Neither,,,,,,,,,,,,,,,,,,,,,,,,,,,,,,,,,,,,,,,,,Systematic label,,,,,,,,,,,,,,,,,,,,,,,,,,,,,,,,,
BF7TZW,0,2,1 2 1,,,,,,,,,,,,,,,,,,,,,,,,,,,,,,,,,,,,,,,,,,,,,,,,,,,,,,,,,,,,,,,,Systematic label,,,,,,,,,,,,,,,,,,,,,,,,,,,,,,,,,Can't tell / Neither,,,,,,,,,,,,,,,,,,,,,,,,,,,,,,,,,,,,,,,,,Systematic label,,,,,,,,,,,,,,,,,,,,,,,,,,,,,,,,,
BF7TZW,0,3,2 1 2,,,,,,,,,,,,,,,,,,,,,,,,,,,,,,,,,,,,,,,,,,,,,,,,,,,,,,,,,,,,,,,,Systematic label,,,,,,,,,,,,,,,,,,,,,,,,,,,,,,,,,Can't tell / Neither,,,,,,,,,,,,,,,,,,,,,,,,,,,,,,,,,,,,,,,,,Systematic label,,,,,,,,,,,,,,,,,,,,,,,,,,,,,,,,,
BF7TZW,0,4,2 2 1,,,,,,,,,,,,,,,,,,,,,,,,,,,,,,,,,,,,,,,,,,,,,,,,,,,,,,,,,,,,,,,,One-off label,,,,,,,,,,,,,,,,,,,,,,,,,,,,,,,,,Can't tell / Neither,,,,,,,,,,,,,,,,,,,,,,,,,,,,,,,,,,,,,,,,,Systematic label,,,,,,,,,,,,,,,,,,,,,,,,,,,,,,,,,
BF7TZW,0,5,1 1 1,,,,,,,,,,,,,,,,,,,,,,,,,,,,,,,,,,,,,,,,,,,,,,,,,,,,,,,,,,,,,,,,Systematic label,,,,,,,,,,,,,,,,,,,,,,,,,,,,,,,,,Can't tell / Neither,,,,,,,,,,,,,,,,,,,,,,,,,,,,,,,,,,,,,,,,,Can't tell / Neither,,,,,,,,,,,,,,,,,,,,,,,,,,,,,,,,,
BF7TZW,0,6,1 1 2,,,,,,,,,,,,,,,,,,,,,,,,,,,,,,,,,,,,,,,,,,,,,,,,,,,,,,,,,,,,,,,,One-off label,,,,,,,,,,,,,,,,,,,,,,,,,,,,,,,,,Can't tell / Neither,,,,,,,,,,,,,,,,,,,,,,,,,,,,,,,,,,,,,,,,,Systematic label,,,,,,,,,,,,,,,,,,,,,,,,,,,,,,,,,
BF7TZW,0,7,1 2 2,,,,,,,,,,,,,,,,,,,,,,,,,,,,,,,,,,,,,,,,,,,,,,,,,,,,,,,,,,,,,,,,One-off label,,,,,,,,,,,,,,,,,,,,,,,,,,,,,,,,,Can't tell / Neither,,,,,,,,,,,,,,,,,,,,,,,,,,,,,,,,,,,,,,,,,Systematic label,,,,,,,,,,,,,,,,,,,,,,,,,,,,,,,,,
BF7TZW,0,8,1 1 3,,,,,,,,,,,,,,,,,,,,,,,,,,,,,,,,,,,,,,,,,,,,,,,,,,,,,,,,,,,,,,,,One-off label,,,,,,,,,,,,,,,,,,,,,,,,,,,,,,,,,Can't tell / Neither,,,,,,,,,,,,,,,,,,,,,,,,,,,,,,,,,,,,,,,,,Systematic label,,,,,,,,,,,,,,,,,,,,,,,,,,,,,,,,,
BF7TZW,1,1,2 1 1,,,,,,,,,,,,,,,,,,,,,,,,,,,,,,,,,,,,,,,,,,,,,,,,,,,,,,,,,,,,,,,,,,,,,,,,Can't tell / Neither,,,,,,,,,,,,,,,,,,,,,,,,,,,,,,,,,,,,,,,,,,,,,,,,,,,,,,,,,,,,,,,,,,,,,,,,,,,,,,,,Systematic label,,Can't tell / Neither,,,,,,,,,,,,,,,,,
BF7TZW,1,2,1 2 1,,,,,,,,,,,,,,,,,,,,,,,,,,,,,,,,,,,,,,,,,,,,,,,,,,,,,,,,,,,,,,,,,,,,,,,,Can't tell / Neither,,,,,,,,,,,,,,,,,,,,,,,,,,,,,,,,,,,,,,,,,,,,,,,,,,,,,,,,,,,,,,,,,,,,,,,,,,,,,,,,Systematic label,,Can't tell / Neither,,,,,,,,,,,,,,,,,
BF7TZW,1,3,2 1 1,,,,,,,,,,,,,,,,,,,,,,,,,,,,,,,,,,,,,,,,,,,,,,,,,,,,,,,,,,,,,,,,,,,,,,,,Can't tell / Neither,,,,,,,,,,,,,,,,,,,,,,,,,,,,,,,,,,,,,,,,,,,,,,,,,,,,,,,,,,,,,,,,,,,,,,,,,,,,,,,,Systematic label,,Can't tell / Neither,,,,,,,,,,,,,,,,,
BF7TZW,1,4,2 2 1,,,,,,,,,,,,,,,,,,,,,,,,,,,,,,,,,,,,,,,,,,,,,,,,,,,,,,,,,,,,,,,,,,,,,,,,Can't tell / Neither,,,,,,,,,,,,,,,,,,,,,,,,,,,,,,,,,,,,,,,,,,,,,,,,,,,,,,,,,,,,,,,,,,,,,,,,,,,,,,,,Systematic label,,Can't tell / Neither,,,,,,,,,,,,,,,,,
BF7TZW,1,5,1 1 1,,,,,,,,,,,,,,,,,,,,,,,,,,,,,,,,,,,,,,,,,,,,,,,,,,,,,,,,,,,,,,,,,,,,,,,,Can't tell / Neither,,,,,,,,,,,,,,,,,,,,,,,,,,,,,,,,,,,,,,,,,,,,,,,,,,,,,,,,,,,,,,,,,,,,,,,,,,,,,,,,Systematic label,,Can't tell / Neither,,,,,,,,,,,,,,,,,
BF7TZW,1,6,1 1 2,,,,,,,,,,,,,,,,,,,,,,,,,,,,,,,,,,,,,,,,,,,,,,,,,,,,,,,,,,,,,,,,,,,,,,,,Can't tell / Neither,,,,,,,,,,,,,,,,,,,,,,,,,,,,,,,,,,,,,,,,,,,,,,,,,,,,,,,,,,,,,,,,,,,,,,,,,,,,,,,,Systematic label,,Can't tell / Neither,,,,,,,,,,,,,,,,,
BF7TZW,1,7,1 2 2,,,,,,,,,,,,,,,,,,,,,,,,,,,,,,,,,,,,,,,,,,,,,,,,,,,,,,,,,,,,,,,,,,,,,,,,Can't tell / Neither,,,,,,,,,,,,,,,,,,,,,,,,,,,,,,,,,,,,,,,,,,,,,,,,,,,,,,,,,,,,,,,,,,,,,,,,,,,,,,,,Systematic label,,Can't tell / Neither,,,,,,,,,,,,,,,,,
BF7TZW,1,8,1 1 3,,,,,,,,,,,,,,,,,,,,,,,,,,,,,,,,,,,,,,,,,,,,,,,,,,,,,,,,,,,,,,,,,,,,,,,,Can't tell / Neither,,,,,,,,,,,,,,,,,,,,,,,,,,,,,,,,,,,,,,,,,,,,,,,,,,,,,,,,,,,,,,,,,,,,,,,,,,,,,,,,Systematic label,,Can't tell / Neither,,,,,,,,,,,,,,,,,
BHVX5Z,0,1,y,,,,,,,,,,,,,,,,,,,,,,,,,,,,,,,,,,,,,,,,,,,,,,,,,,,,,,,,,,,,,,,,,Can't tell / Neither,,,,,,,,,,,,,,,,,,,,,,,,,,,,,,,,,,,,,,,,,,,,,,,,,,,,,,,,,,,,,,,,,,,,,,,,,,,,,,,,,,,,,,,,,,,,,,,,,,,,,,,,,,
BHVX5Z,0,2,kick,,,,,,,,,,,,,,,,,,,,,,,,,,,,,,,,,,,,,,,,,,,,,,,,,,,,,,,,,,,,,,,,,One-off label,,,,,,,,,,,,,,,,,,,,,,,,,,,,,,,,,,,,,,,,,,,,,,,,,,,,,,,,,,,,,,,,,,,,,,,,,,,,,,,,,,,,,,,,,,,,,,,,,,,,,,,,,,
BHVX5Z,0,3,dog,,,,,,,,,,,,,,,,,,,,,,,,,,,,,,,,,,,,,,,,,,,,,,,,,,,,,,,,,,,,,,,,,One-off label,,,,,,,,,,,,,,,,,,,,,,,,,,,,,,,,,,,,,,,,,,,,,,,,,,,,,,,,,,,,,,,,,,,,,,,,,,,,,,,,,,,,,,,,,,,,,,,,,,,,,,,,,,
BHVX5Z,0,4,bird,,,,,,,,,,,,,,,,,,,,,,,,,,,,,,,,,,,,,,,,,,,,,,,,,,,,,,,,,,,,,,,,,One-off label,,,,,,,,,,,,,,,,,,,,,,,,,,,,,,,,,,,,,,,,,,,,,,,,,,,,,,,,,,,,,,,,,,,,,,,,,,,,,,,,,,,,,,,,,,,,,,,,,,,,,,,,,,
BHVX5Z,0,5,priest,,,,,,,,,,,,,,,,,,,,,,,,,,,,,,,,,,,,,,,,,,,,,,,,,,,,,,,,,,,,,,,,,One-off label,,,,,,,,,,,,,,,,,,,,,,,,,,,,,,,,,,,,,,,,,,,,,,,,,,,,,,,,,,,,,,,,,,,,,,,,,,,,,,,,,,,,,,,,,,,,,,,,,,,,,,,,,,
BHVX5Z,0,6,knees,,,,,,,,,,,,,,,,,,,,,,,,,,,,,,,,,,,,,,,,,,,,,,,,,,,,,,,,,,,,,,,,,One-off label,,,,,,,,,,,,,,,,,,,,,,,,,,,,,,,,,,,,,,,,,,,,,,,,,,,,,,,,,,,,,,,,,,,,,,,,,,,,,,,,,,,,,,,,,,,,,,,,,,,,,,,,,,
BHVX5Z,0,7,seal,,,,,,,,,,,,,,,,,,,,,,,,,,,,,,,,,,,,,,,,,,,,,,,,,,,,,,,,,,,,,,,,,One-off label,,,,,,,,,,,,,,,,,,,,,,,,,,,,,,,,,,,,,,,,,,,,,,,,,,,,,,,,,,,,,,,,,,,,,,,,,,,,,,,,,,,,,,,,,,,,,,,,,,,,,,,,,,
BHVX5Z,0,8,2 diamonds,,,,,,,,,,,,,,,,,,,,,,,,,,,,,,,,,,,,,,,,,,,,,,,,,,,,,,,,,,,,,,,,,One-off label,,,,,,,,,,,,,,,,,,,,,,,,,,,,,,,,,,,,,,,,,,,,,,,,,,,,,,,,,,,,,,,,,,,,,,,,,,,,,,,,,,,,,,,,,,,,,,,,,,,,,,,,,,
BHVX5Z,1,1,y,,,,,,,,Can't tell / Neither,,Can't tell / Neither,,,,,,,,,,,,,,,,,,,,,,,,,,,,,,,,,,,,,,,,,,,,,,,,,,,,,,,,,,,,,,,,,,,,,,,,,,,,,,,,,,,,,,,,,,,,,,,,,,,,,,,,,,,,,Can't tell / Neither,,,,,,,,,,,,,,,,,,,,,,,,,,,,,,,,,,,,,,,,,,,,,,,,,,,,
BHVX5Z,1,2,kick,,,,,,,,Can't tell / Neither,,One-off label,,,,,,,,,,,,,,,,,,,,,,,,,,,,,,,,,,,,,,,,,,,,,,,,,,,,,,,,,,,,,,,,,,,,,,,,,,,,,,,,,,,,,,,,,,,,,,,,,,,,,,,,,,,,,Systematic label,,,,,,,,,,,,,,,,,,,,,,,,,,,,,,,,,,,,,,,,,,,,,,,,,,,,
BHVX5Z,1,3,dog,,,,,,,,One-off label,,One-off label,,,,,,,,,,,,,,,,,,,,,,,,,,,,,,,,,,,,,,,,,,,,,,,,,,,,,,,,,,,,,,,,,,,,,,,,,,,,,,,,,,,,,,,,,,,,,,,,,,,,,,,,,,,,,One-off label,,,,,,,,,,,,,,,,,,,,,,,,,,,,,,,,,,,,,,,,,,,,,,,,,,,,
BHVX5Z,1,4,bird,,,,,,,,One-off label,,One-off label,,,,,,,,,,,,,,,,,,,,,,,,,,,,,,,,,,,,,,,,,,,,,,,,,,,,,,,,,,,,,,,,,,,,,,,,,,,,,,,,,,,,,,,,,,,,,,,,,,,,,,,,,,,,,One-off label,,,,,,,,,,,,,,,,,,,,,,,,,,,,,,,,,,,,,,,,,,,,,,,,,,,,
BHVX5Z,1,5,priest,,,,,,,,One-off label,,One-off label,,,,,,,,,,,,,,,,,,,,,,,,,,,,,,,,,,,,,,,,,,,,,,,,,,,,,,,,,,,,,,,,,,,,,,,,,,,,,,,,,,,,,,,,,,,,,,,,,,,,,,,,,,,,,One-off label,,,,,,,,,,,,,,,,,,,,,,,,,,,,,,,,,,,,,,,,,,,,,,,,,,,,
BHVX5Z,1,6,knees,,,,,,,,One-off label,,One-off label,,,,,,,,,,,,,,,,,,,,,,,,,,,,,,,,,,,,,,,,,,,,,,,,,,,,,,,,,,,,,,,,,,,,,,,,,,,,,,,,,,,,,,,,,,,,,,,,,,,,,,,,,,,,,Systematic label,,,,,,,,,,,,,,,,,,,,,,,,,,,,,,,,,,,,,,,,,,,,,,,,,,,,
BHVX5Z,1,7,seal,,,,,,,,One-off label,,One-off label,,,,,,,,,,,,,,,,,,,,,,,,,,,,,,,,,,,,,,,,,,,,,,,,,,,,,,,,,,,,,,,,,,,,,,,,,,,,,,,,,,,,,,,,,,,,,,,,,,,,,,,,,,,,,Can't tell / Neither,,,,,,,,,,,,,,,,,,,,,,,,,,,,,,,,,,,,,,,,,,,,,,,,,,,,
BHVX5Z,1,8,2 diamonds,,,,,,,,One-off label,,Systematic label,,,,,,,,,,,,,,,,,,,,,,,,,,,,,,,,,,,,,,,,,,,,,,,,,,,,,,,,,,,,,,,,,,,,,,,,,,,,,,,,,,,,,,,,,,,,,,,,,,,,,,,,,,,,,Systematic label,,,,,,,,,,,,,,,,,,,,,,,,,,,,,,,,,,,,,,,,,,,,,,,,,,,,
BK8QW3,0,1,fly,,One-off label,,,,,,,,,,,,,,,,,,,,,,,,,,,,,,,,,,,,,,,,,,,,,,,,,,,,,,,,,,,,,,,,,,,,,,,,,,,,,One-off label,,,,,,,,,,,,,,,,,,,,,,,,,,,,,,,,,,,,,,,,,,,,,,,One-off label,,,,,,,,,,,,,,,,,,,,,,,,,,,,,,,,,,,,,,,,,,,,,
BK8QW3,0,2,kick,,One-off label,,,,,,,,,,,,,,,,,,,,,,,,,,,,,,,,,,,,,,,,,,,,,,,,,,,,,,,,,,,,,,,,,,,,,,,,,,,,,One-off label,,,,,,,,,,,,,,,,,,,,,,,,,,,,,,,,,,,,,,,,,,,,,,,One-off label,,,,,,,,,,,,,,,,,,,,,,,,,,,,,,,,,,,,,,,,,,,,,
BK8QW3,0,3,kneel,,One-off label,,,,,,,,,,,,,,,,,,,,,,,,,,,,,,,,,,,,,,,,,,,,,,,,,,,,,,,,,,,,,,,,,,,,,,,,,,,,,One-off label,,,,,,,,,,,,,,,,,,,,,,,,,,,,,,,,,,,,,,,,,,,,,,,One-off label,,,,,,,,,,,,,,,,,,,,,,,,,,,,,,,,,,,,,,,,,,,,,
BK8QW3,0,4,skate,,One-off label,,,,,,,,,,,,,,,,,,,,,,,,,,,,,,,,,,,,,,,,,,,,,,,,,,,,,,,,,,,,,,,,,,,,,,,,,,,,,One-off label,,,,,,,,,,,,,,,,,,,,,,,,,,,,,,,,,,,,,,,,,,,,,,,One-off label,,,,,,,,,,,,,,,,,,,,,,,,,,,,,,,,,,,,,,,,,,,,,
BK8QW3,0,5,read,,One-off label,,,,,,,,,,,,,,,,,,,,,,,,,,,,,,,,,,,,,,,,,,,,,,,,,,,,,,,,,,,,,,,,,,,,,,,,,,,,,One-off label,,,,,,,,,,,,,,,,,,,,,,,,,,,,,,,,,,,,,,,,,,,,,,,One-off label,,,,,,,,,,,,,,,,,,,,,,,,,,,,,,,,,,,,,,,,,,,,,
BK8QW3,0,6,propose,,One-off label,,,,,,,,,,,,,,,,,,,,,,,,,,,,,,,,,,,,,,,,,,,,,,,,,,,,,,,,,,,,,,,,,,,,,,,,,,,,,Systematic label,,,,,,,,,,,,,,,,,,,,,,,,,,,,,,,,,,,,,,,,,,,,,,,One-off label,,,,,,,,,,,,,,,,,,,,,,,,,,,,,,,,,,,,,,,,,,,,,
BK8QW3,0,7,propose,,One-off label,,,,,,,,,,,,,,,,,,,,,,,,,,,,,,,,,,,,,,,,,,,,,,,,,,,,,,,,,,,,,,,,,,,,,,,,,,,,,Systematic label,,,,,,,,,,,,,,,,,,,,,,,,,,,,,,,,,,,,,,,,,,,,,,,One-off label,,,,,,,,,,,,,,,,,,,,,,,,,,,,,,,,,,,,,,,,,,,,,
BK8QW3,0,8,kneel,,One-off label,,,,,,,,,,,,,,,,,,,,,,,,,,,,,,,,,,,,,,,,,,,,,,,,,,,,,,,,,,,,,,,,,,,,,,,,,,,,,One-off label,,,,,,,,,,,,,,,,,,,,,,,,,,,,,,,,,,,,,,,,,,,,,,,One-off label,,,,,,,,,,,,,,,,,,,,,,,,,,,,,,,,,,,,,,,,,,,,,
BK8QW3,1,1,fly,,,,,,,,,,,,,,,,,,,,,,,,,,,,,,,,,,,,,,,,,,One-off label,,,,,,,,,,,,,,Can't tell / Neither,,,,,,,,,,,,,,,,,,,,,,,,,One-off label,,,,,,,,,,,,,,,,,,,,,,,,,,,,,,,,,,,,,,,,,,,,,,,,,,,,,,,,,,,,,,,,,,,,,,,,,,,,,,,,,,,,,,,,,,
BK8QW3,1,2,kick,,,,,,,,,,,,,,,,,,,,,,,,,,,,,,,,,,,,,,,,,,One-off label,,,,,,,,,,,,,,Can't tell / Neither,,,,,,,,,,,,,,,,,,,,,,,,,One-off label,,,,,,,,,,,,,,,,,,,,,,,,,,,,,,,,,,,,,,,,,,,,,,,,,,,,,,,,,,,,,,,,,,,,,,,,,,,,,,,,,,,,,,,,,,
BK8QW3,1,3,dan,,,,,,,,,,,,,,,,,,,,,,,,,,,,,,,,,,,,,,,,,,One-off label,,,,,,,,,,,,,,Can't tell / Neither,,,,,,,,,,,,,,,,,,,,,,,,,Can't tell / Neither,,,,,,,,,,,,,,,,,,,,,,,,,,,,,,,,,,,,,,,,,,,,,,,,,,,,,,,,,,,,,,,,,,,,,,,,,,,,,,,,,,,,,,,,,,
BK8QW3,1,4,skate,,,,,,,,,,,,,,,,,,,,,,,,,,,,,,,,,,,,,,,,,,One-off label,,,,,,,,,,,,,,Can't tell / Neither,,,,,,,,,,,,,,,,,,,,,,,,,One-off label,,,,,,,,,,,,,,,,,,,,,,,,,,,,,,,,,,,,,,,,,,,,,,,,,,,,,,,,,,,,,,,,,,,,,,,,,,,,,,,,,,,,,,,,,,
BK8QW3,1,5,reading,,,,,,,,,,,,,,,,,,,,,,,,,,,,,,,,,,,,,,,,,,One-off label,,,,,,,,,,,,,,Can't tell / Neither,,,,,,,,,,,,,,,,,,,,,,,,,One-off label,,,,,,,,,,,,,,,,,,,,,,,,,,,,,,,,,,,,,,,,,,,,,,,,,,,,,,,,,,,,,,,,,,,,,,,,,,,,,,,,,,,,,,,,,,
BK8QW3,1,6,sit,,,,,,,,,,,,,,,,,,,,,,,,,,,,,,,,,,,,,,,,,,One-off label,,,,,,,,,,,,,,One-off label,,,,,,,,,,,,,,,,,,,,,,,,,One-off label,,,,,,,,,,,,,,,,,,,,,,,,,,,,,,,,,,,,,,,,,,,,,,,,,,,,,,,,,,,,,,,,,,,,,,,,,,,,,,,,,,,,,,,,,,
BK8QW3,1,7,propose,,,,,,,,,,,,,,,,,,,,,,,,,,,,,,,,,,,,,,,,,,One-off label,,,,,,,,,,,,,,Can't tell / Neither,,,,,,,,,,,,,,,,,,,,,,,,,One-off label,,,,,,,,,,,,,,,,,,,,,,,,,,,,,,,,,,,,,,,,,,,,,,,,,,,,,,,,,,,,,,,,,,,,,,,,,,,,,,,,,,,,,,,,,,
BK8QW3,1,8,kneel,,,,,,,,,,,,,,,,,,,,,,,,,,,,,,,,,,,,,,,,,,One-off label,,,,,,,,,,,,,,One-off label,,,,,,,,,,,,,,,,,,,,,,,,,One-off label,,,,,,,,,,,,,,,,,,,,,,,,,,,,,,,,,,,,,,,,,,,,,,,,,,,,,,,,,,,,,,,,,,,,,,,,,,,,,,,,,,,,,,,,,,
C6CY8X,0,1,cute,,,,,,,,,,,,,,,,,,,,,,,,,,,,,,,,,,,,,,,,,,,,,,One-off label,,,,,,,,,,,,,,,,,,,,,,,,,,,,,,Can't tell / Neither,,,,,,,,,,,,,,,,,,,,,,,,,,,,,,,,,,,,,,,,,,,,,,,,,,,,,,,,,,,,,,,,,,,,,,,,,,,,,,,,Can't tell / Neither,,,,,,,,,,,,,,,
C6CY8X,0,2,post,,,,,,,,,,,,,,,,,,,,,,,,,,,,,,,,,,,,,,,,,,,,,,One-off label,,,,,,,,,,,,,,,,,,,,,,,,,,,,,,Can't tell / Neither,,,,,,,,,,,,,,,,,,,,,,,,,,,,,,,,,,,,,,,,,,,,,,,,,,,,,,,,,,,,,,,,,,,,,,,,,,,,,,,,Systematic label,,,,,,,,,,,,,,,
C6CY8X,0,3,cheese,,,,,,,,,,,,,,,,,,,,,,,,,,,,,,,,,,,,,,,,,,,,,,One-off label,,,,,,,,,,,,,,,,,,,,,,,,,,,,,,One-off label,,,,,,,,,,,,,,,,,,,,,,,,,,,,,,,,,,,,,,,,,,,,,,,,,,,,,,,,,,,,,,,,,,,,,,,,,,,,,,,,Can't tell / Neither,,,,,,,,,,,,,,,
C6CY8X,0,4,chicken,,,,,,,,,,,,,,,,,,,,,,,,,,,,,,,,,,,,,,,,,,,,,,One-off label,,,,,,,,,,,,,,,,,,,,,,,,,,,,,,One-off label,,,,,,,,,,,,,,,,,,,,,,,,,,,,,,,,,,,,,,,,,,,,,,,,,,,,,,,,,,,,,,,,,,,,,,,,,,,,,,,,Systematic label,,,,,,,,,,,,,,,
C6CY8X,0,5,float,,,,,,,,,,,,,,,,,,,,,,,,,,,,,,,,,,,,,,,,,,,,,,Can't tell / Neither,,,,,,,,,,,,,,,,,,,,,,,,,,,,,,Can't tell / Neither,,,,,,,,,,,,,,,,,,,,,,,,,,,,,,,,,,,,,,,,,,,,,,,,,,,,,,,,,,,,,,,,,,,,,,,,,,,,,,,,Can't tell / Neither,,,,,,,,,,,,,,,
C6CY8X,0,6,rock,,,,,,,,,,,,,,,,,,,,,,,,,,,,,,,,,,,,,,,,,,,,,,One-off label,,,,,,,,,,,,,,,,,,,,,,,,,,,,,,One-off label,,,,,,,,,,,,,,,,,,,,,,,,,,,,,,,,,,,,,,,,,,,,,,,,,,,,,,,,,,,,,,,,,,,,,,,,,,,,,,,,Can't tell / Neither,,,,,,,,,,,,,,,
C6CY8X,0,7,inverted,,,,,,,,,,,,,,,,,,,,,,,,,,,,,,,,,,,,,,,,,,,,,,One-off label,,,,,,,,,,,,,,,,,,,,,,,,,,,,,,Can't tell / Neither,,,,,,,,,,,,,,,,,,,,,,,,,,,,,,,,,,,,,,,,,,,,,,,,,,,,,,,,,,,,,,,,,,,,,,,,,,,,,,,,Can't tell / Neither,,,,,,,,,,,,,,,
C6CY8X,0,8,tower,,,,,,,,,,,,,,,,,,,,,,,,,,,,,,,,,,,,,,,,,,,,,,One-off label,,,,,,,,,,,,,,,,,,,,,,,,,,,,,,One-off label,,,,,,,,,,,,,,,,,,,,,,,,,,,,,,,,,,,,,,,,,,,,,,,,,,,,,,,,,,,,,,,,,,,,,,,,,,,,,,,,One-off label,,,,,,,,,,,,,,,
C6CY8X,1,1,cute,,,,,,,,,,,,,,,,,,,,,,,One-off label,,,,,,One-off label,,,,,,,,,,,,,,,,,,,,,,,,,,,,,,,,,,,,,,,,,,,,,,,,,,,,,,,,,,,,,,,,,,,,,,,,,,,,,,,,,,,,,,,,,,,,,,,,,,,,,,,,,,,,,,,,,,,,,,,,,,,,,,,,,,,,,,,,,,,,,One-off label,
C6CY8X,1,2,post,,,,,,,,,,,,,,,,,,,,,,,One-off label,,,,,,One-off label,,,,,,,,,,,,,,,,,,,,,,,,,,,,,,,,,,,,,,,,,,,,,,,,,,,,,,,,,,,,,,,,,,,,,,,,,,,,,,,,,,,,,,,,,,,,,,,,,,,,,,,,,,,,,,,,,,,,,,,,,,,,,,,,,,,,,,,,,,,,,One-off label,
C6CY8X,1,3,cheese,,,,,,,,,,,,,,,,,,,,,,,One-off label,,,,,,One-off label,,,,,,,,,,,,,,,,,,,,,,,,,,,,,,,,,,,,,,,,,,,,,,,,,,,,,,,,,,,,,,,,,,,,,,,,,,,,,,,,,,,,,,,,,,,,,,,,,,,,,,,,,,,,,,,,,,,,,,,,,,,,,,,,,,,,,,,,,,,,,One-off label,
C6CY8X,1,4,chicken,,,,,,,,,,,,,,,,,,,,,,,One-off label,,,,,,One-off label,,,,,,,,,,,,,,,,,,,,,,,,,,,,,,,,,,,,,,,,,,,,,,,,,,,,,,,,,,,,,,,,,,,,,,,,,,,,,,,,,,,,,,,,,,,,,,,,,,,,,,,,,,,,,,,,,,,,,,,,,,,,,,,,,,,,,,,,,,,,,One-off label,
C6CY8X,1,5,float,,,,,,,,,,,,,,,,,,,,,,,One-off label,,,,,,One-off label,,,,,,,,,,,,,,,,,,,,,,,,,,,,,,,,,,,,,,,,,,,,,,,,,,,,,,,,,,,,,,,,,,,,,,,,,,,,,,,,,,,,,,,,,,,,,,,,,,,,,,,,,,,,,,,,,,,,,,,,,,,,,,,,,,,,,,,,,,,,,One-off label,
C6CY8X,1,6,rock,,,,,,,,,,,,,,,,,,,,,,,One-off label,,,,,,One-off label,,,,,,,,,,,,,,,,,,,,,,,,,,,,,,,,,,,,,,,,,,,,,,,,,,,,,,,,,,,,,,,,,,,,,,,,,,,,,,,,,,,,,,,,,,,,,,,,,,,,,,,,,,,,,,,,,,,,,,,,,,,,,,,,,,,,,,,,,,,,,One-off label,
C6CY8X,1,7,inverted,,,,,,,,,,,,,,,,,,,,,,,One-off label,,,,,,One-off label,,,,,,,,,,,,,,,,,,,,,,,,,,,,,,,,,,,,,,,,,,,,,,,,,,,,,,,,,,,,,,,,,,,,,,,,,,,,,,,,,,,,,,,,,,,,,,,,,,,,,,,,,,,,,,,,,,,,,,,,,,,,,,,,,,,,,,,,,,,,,One-off label,
C6CY8X,1,8,tower,,,,,,,,,,,,,,,,,,,,,,,One-off label,,,,,,One-off label,,,,,,,,,,,,,,,,,,,,,,,,,,,,,,,,,,,,,,,,,,,,,,,,,,,,,,,,,,,,,,,,,,,,,,,,,,,,,,,,,,,,,,,,,,,,,,,,,,,,,,,,,,,,,,,,,,,,,,,,,,,,,,,,,,,,,,,,,,,,,One-off label,
C85FMG,0,1,snowman,,,,,,,,,,,,,,,,,,,One-off label,,,,,,,,,,,,,,,,,,,,,,,,,,,,,,,,,,,,,,,,,,,,,,,,,,,,,,,,,,,,,,,,,,,,,One-off label,,,,,,,,,,,,,,,,,,,,,,,,,,,,,,,,,,,,,,,,,,,,,,,,,,,,,,,One-off label,,,,,,,,,,,,,,,,,,,,,,,,,,,,
C85FMG,0,2,crab,,,,,,,,,,,,,,,,,,,One-off label,,,,,,,,,,,,,,,,,,,,,,,,,,,,,,,,,,,,,,,,,,,,,,,,,,,,,,,,,,,,,,,,,,,,,One-off label,,,,,,,,,,,,,,,,,,,,,,,,,,,,,,,,,,,,,,,,,,,,,,,,,,,,,,,One-off label,,,,,,,,,,,,,,,,,,,,,,,,,,,,
C85FMG,0,3,snowman,,,,,,,,,,,,,,,,,,,One-off label,,,,,,,,,,,,,,,,,,,,,,,,,,,,,,,,,,,,,,,,,,,,,,,,,,,,,,,,,,,,,,,,,,,,,One-off label,,,,,,,,,,,,,,,,,,,,,,,,,,,,,,,,,,,,,,,,,,,,,,,,,,,,,,,One-off label,,,,,,,,,,,,,,,,,,,,,,,,,,,,
C85FMG,0,4,legs,,,,,,,,,,,,,,,,,,,One-off label,,,,,,,,,,,,,,,,,,,,,,,,,,,,,,,,,,,,,,,,,,,,,,,,,,,,,,,,,,,,,,,,,,,,,One-off label,,,,,,,,,,,,,,,,,,,,,,,,,,,,,,,,,,,,,,,,,,,,,,,,,,,,,,,One-off label,,,,,,,,,,,,,,,,,,,,,,,,,,,,
C85FMG,0,5,blue,,,,,,,,,,,,,,,,,,,One-off label,,,,,,,,,,,,,,,,,,,,,,,,,,,,,,,,,,,,,,,,,,,,,,,,,,,,,,,,,,,,,,,,,,,,,One-off label,,,,,,,,,,,,,,,,,,,,,,,,,,,,,,,,,,,,,,,,,,,,,,,,,,,,,,,One-off label,,,,,,,,,,,,,,,,,,,,,,,,,,,,
C85FMG,0,6,crab,,,,,,,,,,,,,,,,,,,One-off label,,,,,,,,,,,,,,,,,,,,,,,,,,,,,,,,,,,,,,,,,,,,,,,,,,,,,,,,,,,,,,,,,,,,,One-off label,,,,,,,,,,,,,,,,,,,,,,,,,,,,,,,,,,,,,,,,,,,,,,,,,,,,,,,One-off label,,,,,,,,,,,,,,,,,,,,,,,,,,,,
C85FMG,0,7,robot,,,,,,,,,,,,,,,,,,,One-off label,,,,,,,,,,,,,,,,,,,,,,,,,,,,,,,,,,,,,,,,,,,,,,,,,,,,,,,,,,,,,,,,,,,,,One-off label,,,,,,,,,,,,,,,,,,,,,,,,,,,,,,,,,,,,,,,,,,,,,,,,,,,,,,,One-off label,,,,,,,,,,,,,,,,,,,,,,,,,,,,
C85FMG,0,8,snowman,,,,,,,,,,,,,,,,,,,One-off label,,,,,,,,,,,,,,,,,,,,,,,,,,,,,,,,,,,,,,,,,,,,,,,,,,,,,,,,,,,,,,,,,,,,,One-off label,,,,,,,,,,,,,,,,,,,,,,,,,,,,,,,,,,,,,,,,,,,,,,,,,,,,,,,One-off label,,,,,,,,,,,,,,,,,,,,,,,,,,,,
C85FMG,1,1,pink,,,,,,,,,,,,,,,,,,,,,,Systematic label,,,,,,,,,,,,,,,,,,,One-off label,,,,,,,,,,,,,,,,,,,,,,,,,,,,,,,,,,,,,,,,,,,,,,,,,,,,,,,,,,,,,,,,,,,,,,,,,,,,,,,,,,,,,,,,,,,,,,,,,,,,,,,,,,,,,,,,,,,,,,,,,,Systematic label,,,,,,,,
C85FMG,1,2,yellow pink,,,,,,,,,,,,,,,,,,,,,,Systematic label,,,,,,,,,,,,,,,,,,,Systematic label,,,,,,,,,,,,,,,,,,,,,,,,,,,,,,,,,,,,,,,,,,,,,,,,,,,,,,,,,,,,,,,,,,,,,,,,,,,,,,,,,,,,,,,,,,,,,,,,,,,,,,,,,,,,,,,,,,,,,,,,,,Systematic label,,,,,,,,
C85FMG,1,3,yellow,,,,,,,,,,,,,,,,,,,,,,Systematic label,,,,,,,,,,,,,,,,,,,One-off label,,,,,,,,,,,,,,,,,,,,,,,,,,,,,,,,,,,,,,,,,,,,,,,,,,,,,,,,,,,,,,,,,,,,,,,,,,,,,,,,,,,,,,,,,,,,,,,,,,,,,,,,,,,,,,,,,,,,,,,,,,Systematic label,,,,,,,,
C85FMG,1,4,legs,,,,,,,,,,,,,,,,,,,,,,Systematic label,,,,,,,,,,,,,,,,,,,One-off label,,,,,,,,,,,,,,,,,,,,,,,,,,,,,,,,,,,,,,,,,,,,,,,,,,,,,,,,,,,,,,,,,,,,,,,,,,,,,,,,,,,,,,,,,,,,,,,,,,,,,,,,,,,,,,,,,,,,,,,,,,One-off label,,,,,,,,
C85FMG,1,5,blue,,,,,,,,,,,,,,,,,,,,,,Systematic label,,,,,,,,,,,,,,,,,,,One-off label,,,,,,,,,,,,,,,,,,,,,,,,,,,,,,,,,,,,,,,,,,,,,,,,,,,,,,,,,,,,,,,,,,,,,,,,,,,,,,,,,,,,,,,,,,,,,,,,,,,,,,,,,,,,,,,,,,,,,,,,,,Systematic label,,,,,,,,
C85FMG,1,6,crab,,,,,,,,,,,,,,,,,,,,,,One-off label,,,,,,,,,,,,,,,,,,,One-off label,,,,,,,,,,,,,,,,,,,,,,,,,,,,,,,,,,,,,,,,,,,,,,,,,,,,,,,,,,,,,,,,,,,,,,,,,,,,,,,,,,,,,,,,,,,,,,,,,,,,,,,,,,,,,,,,,,,,,,,,,,Systematic label,,,,,,,,
C85FMG,1,7,robot,,,,,,,,,,,,,,,,,,,,,,One-off label,,,,,,,,,,,,,,,,,,,One-off label,,,,,,,,,,,,,,,,,,,,,,,,,,,,,,,,,,,,,,,,,,,,,,,,,,,,,,,,,,,,,,,,,,,,,,,,,,,,,,,,,,,,,,,,,,,,,,,,,,,,,,,,,,,,,,,,,,,,,,,,,,Systematic label,,,,,,,,
C85FMG,1,8,snowman,,,,,,,,,,,,,,,,,,,,,,One-off label,,,,,,,,,,,,,,,,,,,One-off label,,,,,,,,,,,,,,,,,,,,,,,,,,,,,,,,,,,,,,,,,,,,,,,,,,,,,,,,,,,,,,,,,,,,,,,,,,,,,,,,,,,,,,,,,,,,,,,,,,,,,,,,,,,,,,,,,,,,,,,,,,Systematic label,,,,,,,,
CH2EM4,0,1,catch,,,,,,,,,,,,,,,,,,,,,,,,,,,,,,,,,,,,,,,,,,,,,,,,One-off label,,,,,,,,,,,,,,,,,,,,,One-off label,,,,,,,,,,,,,,,One-off label,,,,,,,,,,,,,,,,,,,,,,,,,,One-off label,,,,,,,,,,,,,,,,,,,,,,,,,,One-off label,,,,,,,,,,,,,,,,,,,,,,,One-off label,,,,,,,,,,One-off label,,
CH2EM4,0,2,kick,,,,,,,,,,,,,,,,,,,,,,,,,,,,,,,,,,,,,,,,,,,,,,,,One-off label,,,,,,,,,,,,,,,,,,,,,One-off label,,,,,,,,,,,,,,,One-off label,,,,,,,,,,,,,,,,,,,,,,,,,,One-off label,,,,,,,,,,,,,,,,,,,,,,,,,,Can't tell / Neither,,,,,,,,,,,,,,,,,,,,,,,One-off label,,,,,,,,,,One-off label,,
CH2EM4,0,3,knee,,,,,,,,,,,,,,,,,,,,,,,,,,,,,,,,,,,,,,,,,,,,,,,,Systematic label,,,,,,,,,,,,,,,,,,,,,One-off label,,,,,,,,,,,,,,,One-off label,,,,,,,,,,,,,,,,,,,,,,,,,,One-off label,,,,,,,,,,,,,,,,,,,,,,,,,,Can't tell / Neither,,,,,,,,,,,,,,,,,,,,,,,One-off label,,,,,,,,,,One-off label,,
CH2EM4,0,4,skate,,,,,,,,,,,,,,,,,,,,,,,,,,,,,,,,,,,,,,,,,,,,,,,,One-off label,,,,,,,,,,,,,,,,,,,,,One-off label,,,,,,,,,,,,,,,One-off label,,,,,,,,,,,,,,,,,,,,,,,,,,One-off label,,,,,,,,,,,,,,,,,,,,,,,,,,Can't tell / Neither,,,,,,,,,,,,,,,,,,,,,,,One-off label,,,,,,,,,,One-off label,,
CH2EM4,0,5,priest,,,,,,,,,,,,,,,,,,,,,,,,,,,,,,,,,,,,,,,,,,,,,,,,One-off label,,,,,,,,,,,,,,,,,,,,,One-off label,,,,,,,,,,,,,,,One-off label,,,,,,,,,,,,,,,,,,,,,,,,,,One-off label,,,,,,,,,,,,,,,,,,,,,,,,,,Can't tell / Neither,,,,,,,,,,,,,,,,,,,,,,,One-off label,,,,,,,,,,One-off label,,
CH2EM4,0,6,beg,,,,,,,,,,,,,,,,,,,,,,,,,,,,,,,,,,,,,,,,,,,,,,,,One-off label,,,,,,,,,,,,,,,,,,,,,One-off label,,,,,,,,,,,,,,,Can't tell / Neither,,,,,,,,,,,,,,,,,,,,,,,,,,One-off label,,,,,,,,,,,,,,,,,,,,,,,,,,Can't tell / Neither,,,,,,,,,,,,,,,,,,,,,,,One-off label,,,,,,,,,,One-off label,,
CH2EM4,0,7,dab,,,,,,,,,,,,,,,,,,,,,,,,,,,,,,,,,,,,,,,,,,,,,,,,Systematic label,,,,,,,,,,,,,,,,,,,,,One-off label,,,,,,,,,,,,,,,Can't tell / Neither,,,,,,,,,,,,,,,,,,,,,,,,,,One-off label,,,,,,,,,,,,,,,,,,,,,,,,,,Can't tell / Neither,,,,,,,,,,,,,,,,,,,,,,,One-off label,,,,,,,,,,One-off label,,
CH2EM4,0,8,pray,,,,,,,,,,,,,,,,,,,,,,,,,,,,,,,,,,,,,,,,,,,,,,,,One-off label,,,,,,,,,,,,,,,,,,,,,One-off label,,,,,,,,,,,,,,,Can't tell / Neither,,,,,,,,,,,,,,,,,,,,,,,,,,One-off label,,,,,,,,,,,,,,,,,,,,,,,,,,Can't tell / Neither,,,,,,,,,,,,,,,,,,,,,,,One-off label,,,,,,,,,,One-off label,,
CH2EM4,1,1,catch,,,,,,,,,,,,,,,,,,,,,,,,,One-off label,,,,,,,,,,,,,,,,,,,,,,,,,,,,,,,,,,,,,,,,,,,,,,,,,,,,,,,One-off label,,,,,,,,,,,,,,,,,,,,,,,,,,,,,,,,,,,,,,,,,,,,,,,,,,,,,,,,,,,,,,,,,,,,,,One-off label,,,,,,,,,,,,,,,,,,,,,
CH2EM4,1,2,kick,,,,,,,,,,,,,,,,,,,,,,,,,One-off label,,,,,,,,,,,,,,,,,,,,,,,,,,,,,,,,,,,,,,,,,,,,,,,,,,,,,,,One-off label,,,,,,,,,,,,,,,,,,,,,,,,,,,,,,,,,,,,,,,,,,,,,,,,,,,,,,,,,,,,,,,,,,,,,,One-off label,,,,,,,,,,,,,,,,,,,,,
CH2EM4,1,3,knee,,,,,,,,,,,,,,,,,,,,,,,,,One-off label,,,,,,,,,,,,,,,,,,,,,,,,,,,,,,,,,,,,,,,,,,,,,,,,,,,,,,,Systematic label,,,,,,,,,,,,,,,,,,,,,,,,,,,,,,,,,,,,,,,,,,,,,,,,,,,,,,,,,,,,,,,,,,,,,,One-off label,,,,,,,,,,,,,,,,,,,,,
CH2EM4,1,4,skate,,,,,,,,,,,,,,,,,,,,,,,,,One-off label,,,,,,,,,,,,,,,,,,,,,,,,,,,,,,,,,,,,,,,,,,,,,,,,,,,,,,,One-off label,,,,,,,,,,,,,,,,,,,,,,,,,,,,,,,,,,,,,,,,,,,,,,,,,,,,,,,,,,,,,,,,,,,,,,One-off label,,,,,,,,,,,,,,,,,,,,,
CH2EM4,1,5,priest,,,,,,,,,,,,,,,,,,,,,,,,,One-off label,,,,,,,,,,,,,,,,,,,,,,,,,,,,,,,,,,,,,,,,,,,,,,,,,,,,,,,One-off label,,,,,,,,,,,,,,,,,,,,,,,,,,,,,,,,,,,,,,,,,,,,,,,,,,,,,,,,,,,,,,,,,,,,,,Can't tell / Neither,,,,,,,,,,,,,,,,,,,,,
CH2EM4,1,6,beg,,,,,,,,,,,,,,,,,,,,,,,,,One-off label,,,,,,,,,,,,,,,,,,,,,,,,,,,,,,,,,,,,,,,,,,,,,,,,,,,,,,,One-off label,,,,,,,,,,,,,,,,,,,,,,,,,,,,,,,,,,,,,,,,,,,,,,,,,,,,,,,,,,,,,,,,,,,,,,Can't tell / Neither,,,,,,,,,,,,,,,,,,,,,
CH2EM4,1,7,dab,,,,,,,,,,,,,,,,,,,,,,,,,One-off label,,,,,,,,,,,,,,,,,,,,,,,,,,,,,,,,,,,,,,,,,,,,,,,,,,,,,,,One-off label,,,,,,,,,,,,,,,,,,,,,,,,,,,,,,,,,,,,,,,,,,,,,,,,,,,,,,,,,,,,,,,,,,,,,,Can't tell / Neither,,,,,,,,,,,,,,,,,,,,,
CH2EM4,1,8,pray,,,,,,,,,,,,,,,,,,,,,,,,,One-off label,,,,,,,,,,,,,,,,,,,,,,,,,,,,,,,,,,,,,,,,,,,,,,,,,,,,,,,One-off label,,,,,,,,,,,,,,,,,,,,,,,,,,,,,,,,,,,,,,,,,,,,,,,,,,,,,,,,,,,,,,,,,,,,,,Can't tell / Neither,,,,,,,,,,,,,,,,,,,,,
CP5QZ0,0,1,flying,,,,,,,,,,,,,,,,,,,,,,,,,,,,,,,,,,,,,,,,,,,,,,,,,,,,,,,,,,,,Systematic label,One-off label,,,,,,,,,,,,,,,,,,,,,,,,,,,,,,,One-off label,,,,,,,,,,,,,,,,,,,,,,,,,,,,,,,,,,,,,,,,,,,,,,,,,,,,,,,,,,,,,,,,,,,,,,,,,,,,,,,
CP5QZ0,0,2,kicking,,,,,,,,,,,,,,,,,,,,,,,,,,,,,,,,,,,,,,,,,,,,,,,,,,,,,,,,,,,,Systematic label,One-off label,,,,,,,,,,,,,,,,,,,,,,,,,,,,,,,One-off label,,,,,,,,,,,,,,,,,,,,,,,,,,,,,,,,,,,,,,,,,,,,,,,,,,,,,,,,,,,,,,,,,,,,,,,,,,,,,,,
CP5QZ0,0,3,titanic,,,,,,,,,,,,,,,,,,,,,,,,,,,,,,,,,,,,,,,,,,,,,,,,,,,,,,,,,,,,One-off label,One-off label,,,,,,,,,,,,,,,,,,,,,,,,,,,,,,,One-off label,,,,,,,,,,,,,,,,,,,,,,,,,,,,,,,,,,,,,,,,,,,,,,,,,,,,,,,,,,,,,,,,,,,,,,,,,,,,,,,
CP5QZ0,0,4,skating,,,,,,,,,,,,,,,,,,,,,,,,,,,,,,,,,,,,,,,,,,,,,,,,,,,,,,,,,,,,Systematic label,One-off label,,,,,,,,,,,,,,,,,,,,,,,,,,,,,,,One-off label,,,,,,,,,,,,,,,,,,,,,,,,,,,,,,,,,,,,,,,,,,,,,,,,,,,,,,,,,,,,,,,,,,,,,,,,,,,,,,,
CP5QZ0,0,5,reading,,,,,,,,,,,,,,,,,,,,,,,,,,,,,,,,,,,,,,,,,,,,,,,,,,,,,,,,,,,,Systematic label,One-off label,,,,,,,,,,,,,,,,,,,,,,,,,,,,,,,One-off label,,,,,,,,,,,,,,,,,,,,,,,,,,,,,,,,,,,,,,,,,,,,,,,,,,,,,,,,,,,,,,,,,,,,,,,,,,,,,,,
CP5QZ0,0,6,praying,,,,,,,,,,,,,,,,,,,,,,,,,,,,,,,,,,,,,,,,,,,,,,,,,,,,,,,,,,,,Systematic label,One-off label,,,,,,,,,,,,,,,,,,,,,,,,,,,,,,,One-off label,,,,,,,,,,,,,,,,,,,,,,,,,,,,,,,,,,,,,,,,,,,,,,,,,,,,,,,,,,,,,,,,,,,,,,,,,,,,,,,
CP5QZ0,0,7,dancing,,,,,,,,,,,,,,,,,,,,,,,,,,,,,,,,,,,,,,,,,,,,,,,,,,,,,,,,,,,,Systematic label,One-off label,,,,,,,,,,,,,,,,,,,,,,,,,,,,,,,One-off label,,,,,,,,,,,,,,,,,,,,,,,,,,,,,,,,,,,,,,,,,,,,,,,,,,,,,,,,,,,,,,,,,,,,,,,,,,,,,,,
CP5QZ0,0,8,praying,,,,,,,,,,,,,,,,,,,,,,,,,,,,,,,,,,,,,,,,,,,,,,,,,,,,,,,,,,,,Systematic label,One-off label,,,,,,,,,,,,,,,,,,,,,,,,,,,,,,,One-off label,,,,,,,,,,,,,,,,,,,,,,,,,,,,,,,,,,,,,,,,,,,,,,,,,,,,,,,,,,,,,,,,,,,,,,,,,,,,,,,
CP5QZ0,1,1,flying,,,,,,,,,,One-off label,,,,,,,,,,,,,,,,,,,,,,,,,,,,,,,,,,,,,,,,,,,,,,,,,,,,,,,,,,,,,,,,,,,,,,,,One-off label,,,,,,,,,,,,,,,,,,,,,,,,,,,,,,,,,,,,,,,,,,,,,,,,,,,,,,,,,,,,,,,,,,One-off label,,,,,,,,,,,,,,,,,,,,,,,
CP5QZ0,1,2,kicking,,,,,,,,,,One-off label,,,,,,,,,,,,,,,,,,,,,,,,,,,,,,,,,,,,,,,,,,,,,,,,,,,,,,,,,,,,,,,,,,,,,,,,One-off label,,,,,,,,,,,,,,,,,,,,,,,,,,,,,,,,,,,,,,,,,,,,,,,,,,,,,,,,,,,,,,,,,,One-off label,,,,,,,,,,,,,,,,,,,,,,,
CP5QZ0,1,3,dancing,,,,,,,,,,One-off label,,,,,,,,,,,,,,,,,,,,,,,,,,,,,,,,,,,,,,,,,,,,,,,,,,,,,,,,,,,,,,,,,,,,,,,,One-off label,,,,,,,,,,,,,,,,,,,,,,,,,,,,,,,,,,,,,,,,,,,,,,,,,,,,,,,,,,,,,,,,,,One-off label,,,,,,,,,,,,,,,,,,,,,,,
CP5QZ0,1,4,skating,,,,,,,,,,One-off label,,,,,,,,,,,,,,,,,,,,,,,,,,,,,,,,,,,,,,,,,,,,,,,,,,,,,,,,,,,,,,,,,,,,,,,,One-off label,,,,,,,,,,,,,,,,,,,,,,,,,,,,,,,,,,,,,,,,,,,,,,,,,,,,,,,,,,,,,,,,,,One-off label,,,,,,,,,,,,,,,,,,,,,,,
CP5QZ0,1,5,standing,,,,,,,,,,One-off label,,,,,,,,,,,,,,,,,,,,,,,,,,,,,,,,,,,,,,,,,,,,,,,,,,,,,,,,,,,,,,,,,,,,,,,,One-off label,,,,,,,,,,,,,,,,,,,,,,,,,,,,,,,,,,,,,,,,,,,,,,,,,,,,,,,,,,,,,,,,,,One-off label,,,,,,,,,,,,,,,,,,,,,,,
CP5QZ0,1,6,sitting,,,,,,,,,,One-off label,,,,,,,,,,,,,,,,,,,,,,,,,,,,,,,,,,,,,,,,,,,,,,,,,,,,,,,,,,,,,,,,,,,,,,,,One-off label,,,,,,,,,,,,,,,,,,,,,,,,,,,,,,,,,,,,,,,,,,,,,,,,,,,,,,,,,,,,,,,,,,One-off label,,,,,,,,,,,,,,,,,,,,,,,
CP5QZ0,1,7,dancing,,,,,,,,,,One-off label,,,,,,,,,,,,,,,,,,,,,,,,,,,,,,,,,,,,,,,,,,,,,,,,,,,,,,,,,,,,,,,,,,,,,,,,One-off label,,,,,,,,,,,,,,,,,,,,,,,,,,,,,,,,,,,,,,,,,,,,,,,,,,,,,,,,,,,,,,,,,,One-off label,,,,,,,,,,,,,,,,,,,,,,,
CP5QZ0,1,8,praying,,,,,,,,,,One-off label,,,,,,,,,,,,,,,,,,,,,,,,,,,,,,,,,,,,,,,,,,,,,,,,,,,,,,,,,,,,,,,,,,,,,,,,One-off label,,,,,,,,,,,,,,,,,,,,,,,,,,,,,,,,,,,,,,,,,,,,,,,,,,,,,,,,,,,,,,,,,,One-off label,,,,,,,,,,,,,,,,,,,,,,,
D390AY,0,1,yay,,,,,,,,,,,,,,,,,,,,,,,,,,,,,,,,,,,,,,,,,,,,,,,,,,,,,,,,,,,,,,,,,,,,,,,,,,,,,,,,,,,,,,,,,,,,,,,,,,,,,,,,,,,,,,,,,,,,Can't tell / Neither,,,,,,,,,,,,,Systematic label,,,,,,,,,,,,,,,,,,,,,,,,,,,Can't tell / Neither,,,,,,,,,,,,,,,
D390AY,0,2,kick,,,,,,,,,,,,,,,,,,,,,,,,,,,,,,,,,,,,,,,,,,,,,,,,,,,,,,,,,,,,,,,,,,,,,,,,,,,,,,,,,,,,,,,,,,,,,,,,,,,,,,,,,,,,,,,,,,,,Can't tell / Neither,,,,,,,,,,,,,One-off label,,,,,,,,,,,,,,,,,,,,,,,,,,,One-off label,,,,,,,,,,,,,,,
D390AY,0,3,shoe,,,,,,,,,,,,,,,,,,,,,,,,,,,,,,,,,,,,,,,,,,,,,,,,,,,,,,,,,,,,,,,,,,,,,,,,,,,,,,,,,,,,,,,,,,,,,,,,,,,,,,,,,,,,,,,,,,,,Can't tell / Neither,,,,,,,,,,,,,One-off label,,,,,,,,,,,,,,,,,,,,,,,,,,,Systematic label,,,,,,,,,,,,,,,
D390AY,0,4,skater,,,,,,,,,,,,,,,,,,,,,,,,,,,,,,,,,,,,,,,,,,,,,,,,,,,,,,,,,,,,,,,,,,,,,,,,,,,,,,,,,,,,,,,,,,,,,,,,,,,,,,,,,,,,,,,,,,,,Can't tell / Neither,,,,,,,,,,,,,One-off label,,,,,,,,,,,,,,,,,,,,,,,,,,,One-off label,,,,,,,,,,,,,,,
D390AY,0,5,nun,,,,,,,,,,,,,,,,,,,,,,,,,,,,,,,,,,,,,,,,,,,,,,,,,,,,,,,,,,,,,,,,,,,,,,,,,,,,,,,,,,,,,,,,,,,,,,,,,,,,,,,,,,,,,,,,,,,,One-off label,,,,,,,,,,,,,One-off label,,,,,,,,,,,,,,,,,,,,,,,,,,,One-off label,,,,,,,,,,,,,,,
D390AY,0,6,nun,,,,,,,,,,,,,,,,,,,,,,,,,,,,,,,,,,,,,,,,,,,,,,,,,,,,,,,,,,,,,,,,,,,,,,,,,,,,,,,,,,,,,,,,,,,,,,,,,,,,,,,,,,,,,,,,,,,,One-off label,,,,,,,,,,,,,One-off label,,,,,,,,,,,,,,,,,,,,,,,,,,,One-off label,,,,,,,,,,,,,,,
D390AY,0,7,shoe,,,,,,,,,,,,,,,,,,,,,,,,,,,,,,,,,,,,,,,,,,,,,,,,,,,,,,,,,,,,,,,,,,,,,,,,,,,,,,,,,,,,,,,,,,,,,,,,,,,,,,,,,,,,,,,,,,,,One-off label,,,,,,,,,,,,,One-off label,,,,,,,,,,,,,,,,,,,,,,,,,,,Systematic label,,,,,,,,,,,,,,,
D390AY,0,8,nun,,,,,,,,,,,,,,,,,,,,,,,,,,,,,,,,,,,,,,,,,,,,,,,,,,,,,,,,,,,,,,,,,,,,,,,,,,,,,,,,,,,,,,,,,,,,,,,,,,,,,,,,,,,,,,,,,,,,One-off label,,,,,,,,,,,,,One-off label,,,,,,,,,,,,,,,,,,,,,,,,,,,One-off label,,,,,,,,,,,,,,,
D390AY,1,1,yay,,,,,,,,,,,,,,,,,,,,,,,,,,,Can't tell / Neither,,,,,,,,,,,,,,,,,,,,,,,,,,,,,,,,,,,,,,,,,,,,,,,,,,,,,,,,,,,,,,,,,,,,,,,,,,,One-off label,,,,,,,,,,,,,,,One-off label,,,,,,,,,,,,,,,,,,,,,,,,,,,,,,,,,,,,,,,,,,,,,,,,,,,,,,
D390AY,1,2,kick,,,,,,,,,,,,,,,,,,,,,,,,,,,One-off label,,,,,,,,,,,,,,,,,,,,,,,,,,,,,,,,,,,,,,,,,,,,,,,,,,,,,,,,,,,,,,,,,,,,,,,,,,,One-off label,,,,,,,,,,,,,,,One-off label,,,,,,,,,,,,,,,,,,,,,,,,,,,,,,,,,,,,,,,,,,,,,,,,,,,,,,
D390AY,1,3,dance,,,,,,,,,,,,,,,,,,,,,,,,,,,One-off label,,,,,,,,,,,,,,,,,,,,,,,,,,,,,,,,,,,,,,,,,,,,,,,,,,,,,,,,,,,,,,,,,,,,,,,,,,,One-off label,,,,,,,,,,,,,,,One-off label,,,,,,,,,,,,,,,,,,,,,,,,,,,,,,,,,,,,,,,,,,,,,,,,,,,,,,
D390AY,1,4,skater,,,,,,,,,,,,,,,,,,,,,,,,,,,One-off label,,,,,,,,,,,,,,,,,,,,,,,,,,,,,,,,,,,,,,,,,,,,,,,,,,,,,,,,,,,,,,,,,,,,,,,,,,,One-off label,,,,,,,,,,,,,,,One-off label,,,,,,,,,,,,,,,,,,,,,,,,,,,,,,,,,,,,,,,,,,,,,,,,,,,,,,
D390AY,1,5,graduate,,,,,,,,,,,,,,,,,,,,,,,,,,,One-off label,,,,,,,,,,,,,,,,,,,,,,,,,,,,,,,,,,,,,,,,,,,,,,,,,,,,,,,,,,,,,,,,,,,,,,,,,,,One-off label,,,,,,,,,,,,,,,One-off label,,,,,,,,,,,,,,,,,,,,,,,,,,,,,,,,,,,,,,,,,,,,,,,,,,,,,,
D390AY,1,6,sitting,,,,,,,,,,,,,,,,,,,,,,,,,,,One-off label,,,,,,,,,,,,,,,,,,,,,,,,,,,,,,,,,,,,,,,,,,,,,,,,,,,,,,,,,,,,,,,,,,,,,,,,,,,One-off label,,,,,,,,,,,,,,,One-off label,,,,,,,,,,,,,,,,,,,,,,,,,,,,,,,,,,,,,,,,,,,,,,,,,,,,,,
D390AY,1,7,shoe,,,,,,,,,,,,,,,,,,,,,,,,,,,One-off label,,,,,,,,,,,,,,,,,,,,,,,,,,,,,,,,,,,,,,,,,,,,,,,,,,,,,,,,,,,,,,,,,,,,,,,,,,,One-off label,,,,,,,,,,,,,,,One-off label,,,,,,,,,,,,,,,,,,,,,,,,,,,,,,,,,,,,,,,,,,,,,,,,,,,,,,
D390AY,1,8,nun,,,,,,,,,,,,,,,,,,,,,,,,,,,One-off label,,,,,,,,,,,,,,,,,,,,,,,,,,,,,,,,,,,,,,,,,,,,,,,,,,,,,,,,,,,,,,,,,,,,,,,,,,,One-off label,,,,,,,,,,,,,,,One-off label,,,,,,,,,,,,,,,,,,,,,,,,,,,,,,,,,,,,,,,,,,,,,,,,,,,,,,
DJB2VW,0,1,praying,,,,,,,,,,One-off label,,,,,,,,,,,,,,,,,,,,,,,,,,,,,,,,,,,,,,,,,,,,,,,,,,,,,,,,,,,,,,,,,,,,,,,,,,,,,,,,,,,,,,,,,,,,,,,,,,,,,,,,,,,One-off label,,,,,,One-off label,,,,,,,,,,,,,,,,,,,,,,,,,,,,,,,,,,,,,,,,,,,,,,,,
DJB2VW,0,2,sld,,,,,,,,,,Can't tell / Neither,,,,,,,,,,,,,,,,,,,,,,,,,,,,,,,,,,,,,,,,,,,,,,,,,,,,,,,,,,,,,,,,,,,,,,,,,,,,,,,,,,,,,,,,,,,,,,,,,,,,,,,,,,,Systematic label,,,,,,Can't tell / Neither,,,,,,,,,,,,,,,,,,,,,,,,,,,,,,,,,,,,,,,,,,,,,,,,
DJB2VW,0,3,flu,,,,,,,,,,One-off label,,,,,,,,,,,,,,,,,,,,,,,,,,,,,,,,,,,,,,,,,,,,,,,,,,,,,,,,,,,,,,,,,,,,,,,,,,,,,,,,,,,,,,,,,,,,,,,,,,,,,,,,,,,One-off label,,,,,,Can't tell / Neither,,,,,,,,,,,,,,,,,,,,,,,,,,,,,,,,,,,,,,,,,,,,,,,,
DJB2VW,0,4,skating,,,,,,,,,,Systematic label,,,,,,,,,,,,,,,,,,,,,,,,,,,,,,,,,,,,,,,,,,,,,,,,,,,,,,,,,,,,,,,,,,,,,,,,,,,,,,,,,,,,,,,,,,,,,,,,,,,,,,,,,,,One-off label,,,,,,One-off label,,,,,,,,,,,,,,,,,,,,,,,,,,,,,,,,,,,,,,,,,,,,,,,,
DJB2VW,0,5,slu,,,,,,,,,,Can't tell / Neither,,,,,,,,,,,,,,,,,,,,,,,,,,,,,,,,,,,,,,,,,,,,,,,,,,,,,,,,,,,,,,,,,,,,,,,,,,,,,,,,,,,,,,,,,,,,,,,,,,,,,,,,,,,Systematic label,,,,,,Can't tell / Neither,,,,,,,,,,,,,,,,,,,,,,,,,,,,,,,,,,,,,,,,,,,,,,,,
DJB2VW,0,6,fru,,,,,,,,,,Can't tell / Neither,,,,,,,,,,,,,,,,,,,,,,,,,,,,,,,,,,,,,,,,,,,,,,,,,,,,,,,,,,,,,,,,,,,,,,,,,,,,,,,,,,,,,,,,,,,,,,,,,,,,,,,,,,,Systematic label,,,,,,Can't tell / Neither,,,,,,,,,,,,,,,,,,,,,,,,,,,,,,,,,,,,,,,,,,,,,,,,
DJB2VW,0,7,srd,,,,,,,,,,Can't tell / Neither,,,,,,,,,,,,,,,,,,,,,,,,,,,,,,,,,,,,,,,,,,,,,,,,,,,,,,,,,,,,,,,,,,,,,,,,,,,,,,,,,,,,,,,,,,,,,,,,,,,,,,,,,,,Systematic label,,,,,,Can't tell / Neither,,,,,,,,,,,,,,,,,,,,,,,,,,,,,,,,,,,,,,,,,,,,,,,,
DJB2VW,0,8,fru,,,,,,,,,,Can't tell / Neither,,,,,,,,,,,,,,,,,,,,,,,,,,,,,,,,,,,,,,,,,,,,,,,,,,,,,,,,,,,,,,,,,,,,,,,,,,,,,,,,,,,,,,,,,,,,,,,,,,,,,,,,,,,Systematic label,,,,,,Can't tell / Neither,,,,,,,,,,,,,,,,,,,,,,,,,,,,,,,,,,,,,,,,,,,,,,,,
DJB2VW,1,1,praying,,,,,,,,,,,,,,,,,,,,,,,,,,,,,,,,,,,,,,,,,,,,,,,,,,,,,,,,,,,,One-off label,,,,,,,,,,,,,,,,,,,,,,,,,,,,,,,,,,,,,,,,,,,,,,,,,,,,,,,,,One-off label,,,,,,,,,,,,,,,,,,,,,,,,,,,,,,,,,,,,,,,,,,,,Systematic label,,,,,,,,,,
DJB2VW,1,2,sld,,,,,,,,,,,,,,,,,,,,,,,,,,,,,,,,,,,,,,,,,,,,,,,,,,,,,,,,,,,,Can't tell / Neither,,,,,,,,,,,,,,,,,,,,,,,,,,,,,,,,,,,,,,,,,,,,,,,,,,,,,,,,,Systematic label,,,,,,,,,,,,,,,,,,,,,,,,,,,,,,,,,,,,,,,,,,,,Can't tell / Neither,,,,,,,,,,
DJB2VW,1,3,flu,,,,,,,,,,,,,,,,,,,,,,,,,,,,,,,,,,,,,,,,,,,,,,,,,,,,,,,,,,,,One-off label,,,,,,,,,,,,,,,,,,,,,,,,,,,,,,,,,,,,,,,,,,,,,,,,,,,,,,,,,Can't tell / Neither,,,,,,,,,,,,,,,,,,,,,,,,,,,,,,,,,,,,,,,,,,,,Systematic label,,,,,,,,,,
DJB2VW,1,4,skating,,,,,,,,,,,,,,,,,,,,,,,,,,,,,,,,,,,,,,,,,,,,,,,,,,,,,,,,,,,,Systematic label,,,,,,,,,,,,,,,,,,,,,,,,,,,,,,,,,,,,,,,,,,,,,,,,,,,,,,,,,One-off label,,,,,,,,,,,,,,,,,,,,,,,,,,,,,,,,,,,,,,,,,,,,Systematic label,,,,,,,,,,
DJB2VW,1,5,slu,,,,,,,,,,,,,,,,,,,,,,,,,,,,,,,,,,,,,,,,,,,,,,,,,,,,,,,,,,,,One-off label,,,,,,,,,,,,,,,,,,,,,,,,,,,,,,,,,,,,,,,,,,,,,,,,,,,,,,,,,Systematic label,,,,,,,,,,,,,,,,,,,,,,,,,,,,,,,,,,,,,,,,,,,,Can't tell / Neither,,,,,,,,,,
DJB2VW,1,6,sru,,,,,,,,,,,,,,,,,,,,,,,,,,,,,,,,,,,,,,,,,,,,,,,,,,,,,,,,,,,,One-off label,,,,,,,,,,,,,,,,,,,,,,,,,,,,,,,,,,,,,,,,,,,,,,,,,,,,,,,,,Systematic label,,,,,,,,,,,,,,,,,,,,,,,,,,,,,,,,,,,,,,,,,,,,Can't tell / Neither,,,,,,,,,,
DJB2VW,1,7,frd,,,,,,,,,,,,,,,,,,,,,,,,,,,,,,,,,,,,,,,,,,,,,,,,,,,,,,,,,,,,Systematic label,,,,,,,,,,,,,,,,,,,,,,,,,,,,,,,,,,,,,,,,,,,,,,,,,,,,,,,,,Systematic label,,,,,,,,,,,,,,,,,,,,,,,,,,,,,,,,,,,,,,,,,,,,Can't tell / Neither,,,,,,,,,,
DJB2VW,1,8,fru,,,,,,,,,,,,,,,,,,,,,,,,,,,,,,,,,,,,,,,,,,,,,,,,,,,,,,,,,,,,One-off label,,,,,,,,,,,,,,,,,,,,,,,,,,,,,,,,,,,,,,,,,,,,,,,,,,,,,,,,,Systematic label,,,,,,,,,,,,,,,,,,,,,,,,,,,,,,,,,,,,,,,,,,,,Can't tell / Neither,,,,,,,,,,
DSCVVJ,0,1,fly,,,,,,,,,,,,,,,,,,,,,,,,,,,,One-off label,,,,,,,,,,,,,,,,,,,,,,,,,,,,,,,,,,,,,,,,,,,,,,,,,,,,,,,,,,,,,,,,,,,,,,,,,,,,,,,,,,,,,,,,,,,,One-off label,,,,,,,,,,,,,One-off label,,,,,,,,,,,,,,,,,,,,,,,,,,,,,,,,,,,,,,
DSCVVJ,0,2,two,,,,,,,,,,,,,,,,,,,,,,,,,,,,One-off label,,,,,,,,,,,,,,,,,,,,,,,,,,,,,,,,,,,,,,,,,,,,,,,,,,,,,,,,,,,,,,,,,,,,,,,,,,,,,,,,,,,,,,,,,,,,One-off label,,,,,,,,,,,,,Systematic label,,,,,,,,,,,,,,,,,,,,,,,,,,,,,,,,,,,,,,
DSCVVJ,0,3,three,,,,,,,,,,,,,,,,,,,,,,,,,,,,One-off label,,,,,,,,,,,,,,,,,,,,,,,,,,,,,,,,,,,,,,,,,,,,,,,,,,,,,,,,,,,,,,,,,,,,,,,,,,,,,,,,,,,,,,,,,,,,One-off label,,,,,,,,,,,,,Systematic label,,,,,,,,,,,,,,,,,,,,,,,,,,,,,,,,,,,,,,
DSCVVJ,0,4,leg,,,,,,,,,,,,,,,,,,,,,,,,,,,,One-off label,,,,,,,,,,,,,,,,,,,,,,,,,,,,,,,,,,,,,,,,,,,,,,,,,,,,,,,,,,,,,,,,,,,,,,,,,,,,,,,,,,,,,,,,,,,,One-off label,,,,,,,,,,,,,One-off label,,,,,,,,,,,,,,,,,,,,,,,,,,,,,,,,,,,,,,
DSCVVJ,0,5,priest,,,,,,,,,,,,,,,,,,,,,,,,,,,,One-off label,,,,,,,,,,,,,,,,,,,,,,,,,,,,,,,,,,,,,,,,,,,,,,,,,,,,,,,,,,,,,,,,,,,,,,,,,,,,,,,,,,,,,,,,,,,,One-off label,,,,,,,,,,,,,One-off label,,,,,,,,,,,,,,,,,,,,,,,,,,,,,,,,,,,,,,
DSCVVJ,0,6,beg,,,,,,,,,,,,,,,,,,,,,,,,,,,,One-off label,,,,,,,,,,,,,,,,,,,,,,,,,,,,,,,,,,,,,,,,,,,,,,,,,,,,,,,,,,,,,,,,,,,,,,,,,,,,,,,,,,,,,,,,,,,,One-off label,,,,,,,,,,,,,One-off label,,,,,,,,,,,,,,,,,,,,,,,,,,,,,,,,,,,,,,
DSCVVJ,0,7,leg,,,,,,,,,,,,,,,,,,,,,,,,,,,,One-off label,,,,,,,,,,,,,,,,,,,,,,,,,,,,,,,,,,,,,,,,,,,,,,,,,,,,,,,,,,,,,,,,,,,,,,,,,,,,,,,,,,,,,,,,,,,,One-off label,,,,,,,,,,,,,One-off label,,,,,,,,,,,,,,,,,,,,,,,,,,,,,,,,,,,,,,
DSCVVJ,0,8,pray,,,,,,,,,,,,,,,,,,,,,,,,,,,,One-off label,,,,,,,,,,,,,,,,,,,,,,,,,,,,,,,,,,,,,,,,,,,,,,,,,,,,,,,,,,,,,,,,,,,,,,,,,,,,,,,,,,,,,,,,,,,,One-off label,,,,,,,,,,,,,One-off label,,,,,,,,,,,,,,,,,,,,,,,,,,,,,,,,,,,,,,
DSCVVJ,1,1,fly,,,,,,,,,,,,,,,,,,,,,,,,,,,,,,,,,,,,,,,,,,,,,,,,,,,,,,,,,,,,,,,,,,,,,,,,,Can't tell / Neither,,,,,,,,,,One-off label,,,,,,,,,,,,,,,,,,,,,,,,,,,,,,,,,,,,,,,,,,,,,,,,,,,,,,,,,,,,,,,,,,,One-off label,,,,,,,,,,,,,,,,,,,,,
DSCVVJ,1,2,two,,,,,,,,,,,,,,,,,,,,,,,,,,,,,,,,,,,,,,,,,,,,,,,,,,,,,,,,,,,,,,,,,,,,,,,,,Can't tell / Neither,,,,,,,,,,Systematic label,,,,,,,,,,,,,,,,,,,,,,,,,,,,,,,,,,,,,,,,,,,,,,,,,,,,,,,,,,,,,,,,,,,One-off label,,,,,,,,,,,,,,,,,,,,,
DSCVVJ,1,3,three,,,,,,,,,,,,,,,,,,,,,,,,,,,,,,,,,,,,,,,,,,,,,,,,,,,,,,,,,,,,,,,,,,,,,,,,,Can't tell / Neither,,,,,,,,,,Systematic label,,,,,,,,,,,,,,,,,,,,,,,,,,,,,,,,,,,,,,,,,,,,,,,,,,,,,,,,,,,,,,,,,,,One-off label,,,,,,,,,,,,,,,,,,,,,
DSCVVJ,1,4,leg,,,,,,,,,,,,,,,,,,,,,,,,,,,,,,,,,,,,,,,,,,,,,,,,,,,,,,,,,,,,,,,,,,,,,,,,,Can't tell / Neither,,,,,,,,,,One-off label,,,,,,,,,,,,,,,,,,,,,,,,,,,,,,,,,,,,,,,,,,,,,,,,,,,,,,,,,,,,,,,,,,,One-off label,,,,,,,,,,,,,,,,,,,,,
DSCVVJ,1,5,pray,,,,,,,,,,,,,,,,,,,,,,,,,,,,,,,,,,,,,,,,,,,,,,,,,,,,,,,,,,,,,,,,,,,,,,,,,Can't tell / Neither,,,,,,,,,,One-off label,,,,,,,,,,,,,,,,,,,,,,,,,,,,,,,,,,,,,,,,,,,,,,,,,,,,,,,,,,,,,,,,,,,One-off label,,,,,,,,,,,,,,,,,,,,,
DSCVVJ,1,6,beg,,,,,,,,,,,,,,,,,,,,,,,,,,,,,,,,,,,,,,,,,,,,,,,,,,,,,,,,,,,,,,,,,,,,,,,,,Can't tell / Neither,,,,,,,,,,Can't tell / Neither,,,,,,,,,,,,,,,,,,,,,,,,,,,,,,,,,,,,,,,,,,,,,,,,,,,,,,,,,,,,,,,,,,,One-off label,,,,,,,,,,,,,,,,,,,,,
DSCVVJ,1,7,lay,,,,,,,,,,,,,,,,,,,,,,,,,,,,,,,,,,,,,,,,,,,,,,,,,,,,,,,,,,,,,,,,,,,,,,,,,Can't tell / Neither,,,,,,,,,,One-off label,,,,,,,,,,,,,,,,,,,,,,,,,,,,,,,,,,,,,,,,,,,,,,,,,,,,,,,,,,,,,,,,,,,One-off label,,,,,,,,,,,,,,,,,,,,,
DSCVVJ,1,8,beg,,,,,,,,,,,,,,,,,,,,,,,,,,,,,,,,,,,,,,,,,,,,,,,,,,,,,,,,,,,,,,,,,,,,,,,,,Can't tell / Neither,,,,,,,,,,Can't tell / Neither,,,,,,,,,,,,,,,,,,,,,,,,,,,,,,,,,,,,,,,,,,,,,,,,,,,,,,,,,,,,,,,,,,,One-off label,,,,,,,,,,,,,,,,,,,,,
DY36DF,0,1,fly,,,,,,,,,,,,,,,,,,,,,,,,,,,,,,,,,,,,,,,,,,,,,,,,,One-off label,,,,,,,,,,,,,,,,,,,,,,,,,,,,,,,,,,,,,,,One-off label,,,,,,,Systematic label,,,,,,,,,,,,,,,,,,,,,,,,,,,,,,,,,,,,,,,,,,,,,,,,,,,,,,,,,,,,,,,,,,,,,,,,,,,,
DY36DF,0,2,brucelee,,,,,,,,,,,,,,,,,,,,,,,,,,,,,,,,,,,,,,,,,,,,,,,,,One-off label,,,,,,,,,,,,,,,,,,,,,,,,,,,,,,,,,,,,,,,Can't tell / Neither,,,,,,,Systematic label,,,,,,,,,,,,,,,,,,,,,,,,,,,,,,,,,,,,,,,,,,,,,,,,,,,,,,,,,,,,,,,,,,,,,,,,,,,,
DY36DF,0,3,twirl,,,,,,,,,,,,,,,,,,,,,,,,,,,,,,,,,,,,,,,,,,,,,,,,,One-off label,,,,,,,,,,,,,,,,,,,,,,,,,,,,,,,,,,,,,,,One-off label,,,,,,,Systematic label,,,,,,,,,,,,,,,,,,,,,,,,,,,,,,,,,,,,,,,,,,,,,,,,,,,,,,,,,,,,,,,,,,,,,,,,,,,,
DY36DF,0,4,superman,,,,,,,,,,,,,,,,,,,,,,,,,,,,,,,,,,,,,,,,,,,,,,,,,Can't tell / Neither,,,,,,,,,,,,,,,,,,,,,,,,,,,,,,,,,,,,,,,One-off label,,,,,,,Systematic label,,,,,,,,,,,,,,,,,,,,,,,,,,,,,,,,,,,,,,,,,,,,,,,,,,,,,,,,,,,,,,,,,,,,,,,,,,,,
DY36DF,0,5,box,,,,,,,,,,,,,,,,,,,,,,,,,,,,,,,,,,,,,,,,,,,,,,,,,One-off label,,,,,,,,,,,,,,,,,,,,,,,,,,,,,,,,,,,,,,,One-off label,,,,,,,Systematic label,,,,,,,,,,,,,,,,,,,,,,,,,,,,,,,,,,,,,,,,,,,,,,,,,,,,,,,,,,,,,,,,,,,,,,,,,,,,
DY36DF,0,6,pray,,,,,,,,,,,,,,,,,,,,,,,,,,,,,,,,,,,,,,,,,,,,,,,,,One-off label,,,,,,,,,,,,,,,,,,,,,,,,,,,,,,,,,,,,,,,One-off label,,,,,,,Systematic label,,,,,,,,,,,,,,,,,,,,,,,,,,,,,,,,,,,,,,,,,,,,,,,,,,,,,,,,,,,,,,,,,,,,,,,,,,,,
DY36DF,0,7,leep,,,,,,,,,,,,,,,,,,,,,,,,,,,,,,,,,,,,,,,,,,,,,,,,,One-off label,,,,,,,,,,,,,,,,,,,,,,,,,,,,,,,,,,,,,,,Can't tell / Neither,,,,,,,Systematic label,,,,,,,,,,,,,,,,,,,,,,,,,,,,,,,,,,,,,,,,,,,,,,,,,,,,,,,,,,,,,,,,,,,,,,,,,,,,
DY36DF,0,8,pray,,,,,,,,,,,,,,,,,,,,,,,,,,,,,,,,,,,,,,,,,,,,,,,,,One-off label,,,,,,,,,,,,,,,,,,,,,,,,,,,,,,,,,,,,,,,One-off label,,,,,,,Systematic label,,,,,,,,,,,,,,,,,,,,,,,,,,,,,,,,,,,,,,,,,,,,,,,,,,,,,,,,,,,,,,,,,,,,,,,,,,,,
DY36DF,1,1,fly,,,,,,,,,,,,,,,,,,,,,,,,,,,,,,,,,,,,,,,,,,,,,,,,,,,,,,,,,,,,,,,,,,,,,,,,,,,,,,,,,,,,,,,,,,,,One-off label,,,,,,,,,,,One-off label,,,,,,,,,,,,,,,,,,,,,,,,,,,,,,,One-off label,,,,,,,,,,,,,,,,,,,,,,,,,,,,,,,,,,,,,
DY36DF,1,2,brucelee,,,,,,,,,,,,,,,,,,,,,,,,,,,,,,,,,,,,,,,,,,,,,,,,,,,,,,,,,,,,,,,,,,,,,,,,,,,,,,,,,,,,,,,,,,,,Can't tell / Neither,,,,,,,,,,,Can't tell / Neither,,,,,,,,,,,,,,,,,,,,,,,,,,,,,,,One-off label,,,,,,,,,,,,,,,,,,,,,,,,,,,,,,,,,,,,,
DY36DF,1,3,twirl,,,,,,,,,,,,,,,,,,,,,,,,,,,,,,,,,,,,,,,,,,,,,,,,,,,,,,,,,,,,,,,,,,,,,,,,,,,,,,,,,,,,,,,,,,,,One-off label,,,,,,,,,,,Can't tell / Neither,,,,,,,,,,,,,,,,,,,,,,,,,,,,,,,One-off label,,,,,,,,,,,,,,,,,,,,,,,,,,,,,,,,,,,,,
DY36DF,1,4,superman,,,,,,,,,,,,,,,,,,,,,,,,,,,,,,,,,,,,,,,,,,,,,,,,,,,,,,,,,,,,,,,,,,,,,,,,,,,,,,,,,,,,,,,,,,,,One-off label,,,,,,,,,,,One-off label,,,,,,,,,,,,,,,,,,,,,,,,,,,,,,,One-off label,,,,,,,,,,,,,,,,,,,,,,,,,,,,,,,,,,,,,
DY36DF,1,5,box,,,,,,,,,,,,,,,,,,,,,,,,,,,,,,,,,,,,,,,,,,,,,,,,,,,,,,,,,,,,,,,,,,,,,,,,,,,,,,,,,,,,,,,,,,,,One-off label,,,,,,,,,,,One-off label,,,,,,,,,,,,,,,,,,,,,,,,,,,,,,,One-off label,,,,,,,,,,,,,,,,,,,,,,,,,,,,,,,,,,,,,
DY36DF,1,6,bend,,,,,,,,,,,,,,,,,,,,,,,,,,,,,,,,,,,,,,,,,,,,,,,,,,,,,,,,,,,,,,,,,,,,,,,,,,,,,,,,,,,,,,,,,,,,One-off label,,,,,,,,,,,Can't tell / Neither,,,,,,,,,,,,,,,,,,,,,,,,,,,,,,,One-off label,,,,,,,,,,,,,,,,,,,,,,,,,,,,,,,,,,,,,
DY36DF,1,7,leap,,,,,,,,,,,,,,,,,,,,,,,,,,,,,,,,,,,,,,,,,,,,,,,,,,,,,,,,,,,,,,,,,,,,,,,,,,,,,,,,,,,,,,,,,,,,One-off label,,,,,,,,,,,Can't tell / Neither,,,,,,,,,,,,,,,,,,,,,,,,,,,,,,,One-off label,,,,,,,,,,,,,,,,,,,,,,,,,,,,,,,,,,,,,
DY36DF,1,8,pray,,,,,,,,,,,,,,,,,,,,,,,,,,,,,,,,,,,,,,,,,,,,,,,,,,,,,,,,,,,,,,,,,,,,,,,,,,,,,,,,,,,,,,,,,,,,One-off label,,,,,,,,,,,Can't tell / Neither,,,,,,,,,,,,,,,,,,,,,,,,,,,,,,,One-off label,,,,,,,,,,,,,,,,,,,,,,,,,,,,,,,,,,,,,
E1QE4B,0,1,purple cap right yellow pink,,,,,,,,,,,,,,,,,Systematic label,,,,,,,,,,,,,,,,,,,,,,,,,,Systematic label,,,,,,,,,,,,,,,,,,,,,,,,,,,,,,,,,,,,,,,,,,,,,,,,,,,,,,,,,,,,,,,,,,,,,,,,,,,,,,,,,,,,,,,,,,,,,,,,,,Systematic label,,,,,,,,,,,,,,,,,,,,,,,,,,,,,,
E1QE4B,0,2,purple cap right yellow pink,,,,,,,,,,,,,,,,,Systematic label,,,,,,,,,,,,,,,,,,,,,,,,,,Systematic label,,,,,,,,,,,,,,,,,,,,,,,,,,,,,,,,,,,,,,,,,,,,,,,,,,,,,,,,,,,,,,,,,,,,,,,,,,,,,,,,,,,,,,,,,,,,,,,,,,Systematic label,,,,,,,,,,,,,,,,,,,,,,,,,,,,,,
E1QE4B,0,3,orange cap left brown yellow,,,,,,,,,,,,,,,,,Systematic label,,,,,,,,,,,,,,,,,,,,,,,,,,Systematic label,,,,,,,,,,,,,,,,,,,,,,,,,,,,,,,,,,,,,,,,,,,,,,,,,,,,,,,,,,,,,,,,,,,,,,,,,,,,,,,,,,,,,,,,,,,,,,,,,,Systematic label,,,,,,,,,,,,,,,,,,,,,,,,,,,,,,
E1QE4B,0,4,orange cap left brown brown,,,,,,,,,,,,,,,,,Systematic label,,,,,,,,,,,,,,,,,,,,,,,,,,Systematic label,,,,,,,,,,,,,,,,,,,,,,,,,,,,,,,,,,,,,,,,,,,,,,,,,,,,,,,,,,,,,,,,,,,,,,,,,,,,,,,,,,,,,,,,,,,,,,,,,,Systematic label,,,,,,,,,,,,,,,,,,,,,,,,,,,,,,
E1QE4B,0,5,orange cap left brown blue,,,,,,,,,,,,,,,,,Systematic label,,,,,,,,,,,,,,,,,,,,,,,,,,Systematic label,,,,,,,,,,,,,,,,,,,,,,,,,,,,,,,,,,,,,,,,,,,,,,,,,,,,,,,,,,,,,,,,,,,,,,,,,,,,,,,,,,,,,,,,,,,,,,,,,,Systematic label,,,,,,,,,,,,,,,,,,,,,,,,,,,,,,
E1QE4B,0,6,orange cap left brown black,,,,,,,,,,,,,,,,,Systematic label,,,,,,,,,,,,,,,,,,,,,,,,,,Systematic label,,,,,,,,,,,,,,,,,,,,,,,,,,,,,,,,,,,,,,,,,,,,,,,,,,,,,,,,,,,,,,,,,,,,,,,,,,,,,,,,,,,,,,,,,,,,,,,,,,Systematic label,,,,,,,,,,,,,,,,,,,,,,,,,,,,,,
E1QE4B,0,7,purple cap right yellow grey,,,,,,,,,,,,,,,,,Systematic label,,,,,,,,,,,,,,,,,,,,,,,,,,Systematic label,,,,,,,,,,,,,,,,,,,,,,,,,,,,,,,,,,,,,,,,,,,,,,,,,,,,,,,,,,,,,,,,,,,,,,,,,,,,,,,,,,,,,,,,,,,,,,,,,,Systematic label,,,,,,,,,,,,,,,,,,,,,,,,,,,,,,
E1QE4B,0,8,purple cap right yellow grey,,,,,,,,,,,,,,,,,Systematic label,,,,,,,,,,,,,,,,,,,,,,,,,,Systematic label,,,,,,,,,,,,,,,,,,,,,,,,,,,,,,,,,,,,,,,,,,,,,,,,,,,,,,,,,,,,,,,,,,,,,,,,,,,,,,,,,,,,,,,,,,,,,,,,,,Systematic label,,,,,,,,,,,,,,,,,,,,,,,,,,,,,,
E1QE4B,1,1,purple cap right yellow pink,,,,,,,,Systematic label,,,,,,,,,,,,,,,,,,,,Systematic label,,,,,,,,,,,,,,,,,,,,,,,,,,,Systematic label,,,,,,,,,,,,,,,,,,,,,,,,,,,,,,,,,,,,,,,,,,,,,,,,,,,,,,,,,,,,,,,,,,,,,,,,,,,,,,,,,,,,,,,,,,,,,,,,,,,,,,,,,,,,,,,,,,,,
E1QE4B,1,2,purple cap right yellow pink,,,,,,,,Can't tell / Neither,,,,,,,,,,,,,,,,,,,,Systematic label,,,,,,,,,,,,,,,,,,,,,,,,,,,Systematic label,,,,,,,,,,,,,,,,,,,,,,,,,,,,,,,,,,,,,,,,,,,,,,,,,,,,,,,,,,,,,,,,,,,,,,,,,,,,,,,,,,,,,,,,,,,,,,,,,,,,,,,,,,,,,,,,,,,,
E1QE4B,1,3,orange cap left brown yellow,,,,,,,,Systematic label,,,,,,,,,,,,,,,,,,,,Systematic label,,,,,,,,,,,,,,,,,,,,,,,,,,,Systematic label,,,,,,,,,,,,,,,,,,,,,,,,,,,,,,,,,,,,,,,,,,,,,,,,,,,,,,,,,,,,,,,,,,,,,,,,,,,,,,,,,,,,,,,,,,,,,,,,,,,,,,,,,,,,,,,,,,,,
E1QE4B,1,4,orange cap left brown brown,,,,,,,,Systematic label,,,,,,,,,,,,,,,,,,,,Systematic label,,,,,,,,,,,,,,,,,,,,,,,,,,,Systematic label,,,,,,,,,,,,,,,,,,,,,,,,,,,,,,,,,,,,,,,,,,,,,,,,,,,,,,,,,,,,,,,,,,,,,,,,,,,,,,,,,,,,,,,,,,,,,,,,,,,,,,,,,,,,,,,,,,,,
E1QE4B,1,5,orange cap left brown blue,,,,,,,,Systematic label,,,,,,,,,,,,,,,,,,,,Systematic label,,,,,,,,,,,,,,,,,,,,,,,,,,,Systematic label,,,,,,,,,,,,,,,,,,,,,,,,,,,,,,,,,,,,,,,,,,,,,,,,,,,,,,,,,,,,,,,,,,,,,,,,,,,,,,,,,,,,,,,,,,,,,,,,,,,,,,,,,,,,,,,,,,,,
E1QE4B,1,6,orange cap left brown black,,,,,,,,Systematic label,,,,,,,,,,,,,,,,,,,,Systematic label,,,,,,,,,,,,,,,,,,,,,,,,,,,Systematic label,,,,,,,,,,,,,,,,,,,,,,,,,,,,,,,,,,,,,,,,,,,,,,,,,,,,,,,,,,,,,,,,,,,,,,,,,,,,,,,,,,,,,,,,,,,,,,,,,,,,,,,,,,,,,,,,,,,,
E1QE4B,1,7,purple cap right yellow grey,,,,,,,,Systematic label,,,,,,,,,,,,,,,,,,,,Systematic label,,,,,,,,,,,,,,,,,,,,,,,,,,,Systematic label,,,,,,,,,,,,,,,,,,,,,,,,,,,,,,,,,,,,,,,,,,,,,,,,,,,,,,,,,,,,,,,,,,,,,,,,,,,,,,,,,,,,,,,,,,,,,,,,,,,,,,,,,,,,,,,,,,,,
E1QE4B,1,8,purple cap right yellow grey,,,,,,,,Can't tell / Neither,,,,,,,,,,,,,,,,,,,,Systematic label,,,,,,,,,,,,,,,,,,,,,,,,,,,Systematic label,,,,,,,,,,,,,,,,,,,,,,,,,,,,,,,,,,,,,,,,,,,,,,,,,,,,,,,,,,,,,,,,,,,,,,,,,,,,,,,,,,,,,,,,,,,,,,,,,,,,,,,,,,,,,,,,,,,,
E6EPZX,0,1,falling,One-off label,,,,,,,,,,,,,,,,,,,,,,,,,,,,,,,,,,,,,,One-off label,,,,,,,,,,,,,,,,,,,,,,,,,,,,,,,,,,,,,,,,,,,,,,,,,,,,,,,,,,,,,,,,,,,,,,,,,,,,,,,,,,,,,,,,,,,,,,,,,,,,,,,,,,,,,One-off label,,,,,,,,,,,,,,,,,,,,,,,
E6EPZX,0,2,monster,One-off label,,,,,,,,,,,,,,,,,,,,,,,,,,,,,,,,,,,,,,One-off label,,,,,,,,,,,,,,,,,,,,,,,,,,,,,,,,,,,,,,,,,,,,,,,,,,,,,,,,,,,,,,,,,,,,,,,,,,,,,,,,,,,,,,,,,,,,,,,,,,,,,,,,,,,,,One-off label,,,,,,,,,,,,,,,,,,,,,,,
E6EPZX,0,3,ladygaga,One-off label,,,,,,,,,,,,,,,,,,,,,,,,,,,,,,,,,,,,,,One-off label,,,,,,,,,,,,,,,,,,,,,,,,,,,,,,,,,,,,,,,,,,,,,,,,,,,,,,,,,,,,,,,,,,,,,,,,,,,,,,,,,,,,,,,,,,,,,,,,,,,,,,,,,,,,,One-off label,,,,,,,,,,,,,,,,,,,,,,,
E6EPZX,0,4,skating,One-off label,,,,,,,,,,,,,,,,,,,,,,,,,,,,,,,,,,,,,,One-off label,,,,,,,,,,,,,,,,,,,,,,,,,,,,,,,,,,,,,,,,,,,,,,,,,,,,,,,,,,,,,,,,,,,,,,,,,,,,,,,,,,,,,,,,,,,,,,,,,,,,,,,,,,,,,One-off label,,,,,,,,,,,,,,,,,,,,,,,
E6EPZX,0,5,giving,One-off label,,,,,,,,,,,,,,,,,,,,,,,,,,,,,,,,,,,,,,One-off label,,,,,,,,,,,,,,,,,,,,,,,,,,,,,,,,,,,,,,,,,,,,,,,,,,,,,,,,,,,,,,,,,,,,,,,,,,,,,,,,,,,,,,,,,,,,,,,,,,,,,,,,,,,,,One-off label,,,,,,,,,,,,,,,,,,,,,,,
E6EPZX,0,6,himpraying,One-off label,,,,,,,,,,,,,,,,,,,,,,,,,,,,,,,,,,,,,,One-off label,,,,,,,,,,,,,,,,,,,,,,,,,,,,,,,,,,,,,,,,,,,,,,,,,,,,,,,,,,,,,,,,,,,,,,,,,,,,,,,,,,,,,,,,,,,,,,,,,,,,,,,,,,,,,One-off label,,,,,,,,,,,,,,,,,,,,,,,
E6EPZX,0,7,confused,One-off label,,,,,,,,,,,,,,,,,,,,,,,,,,,,,,,,,,,,,,One-off label,,,,,,,,,,,,,,,,,,,,,,,,,,,,,,,,,,,,,,,,,,,,,,,,,,,,,,,,,,,,,,,,,,,,,,,,,,,,,,,,,,,,,,,,,,,,,,,,,,,,,,,,,,,,,One-off label,,,,,,,,,,,,,,,,,,,,,,,
E6EPZX,0,8,prayingwoman,One-off label,,,,,,,,,,,,,,,,,,,,,,,,,,,,,,,,,,,,,,One-off label,,,,,,,,,,,,,,,,,,,,,,,,,,,,,,,,,,,,,,,,,,,,,,,,,,,,,,,,,,,,,,,,,,,,,,,,,,,,,,,,,,,,,,,,,,,,,,,,,,,,,,,,,,,,,One-off label,,,,,,,,,,,,,,,,,,,,,,,
E6EPZX,1,1,falling,,,,,,,,,,,,,,,,,,,,,,,,,,,,,,,,,,,,,,,,,,,,,,,,,One-off label,,,,,,,,,,,,,One-off label,,,,,,,,,,,,,,,,,,,,,,,,,,,,,,One-off label,,,,,,,,,,,,,,,,,,,,,,,,,,,,,,,,,,,,,,,,,,,,,,,,,,,,,,,,,,,,,,,,,,,,,,,,,,,,,,,
E6EPZX,1,2,monster,,,,,,,,,,,,,,,,,,,,,,,,,,,,,,,,,,,,,,,,,,,,,,,,,One-off label,,,,,,,,,,,,,One-off label,,,,,,,,,,,,,,,,,,,,,,,,,,,,,,One-off label,,,,,,,,,,,,,,,,,,,,,,,,,,,,,,,,,,,,,,,,,,,,,,,,,,,,,,,,,,,,,,,,,,,,,,,,,,,,,,,
E6EPZX,1,3,ladygaga,,,,,,,,,,,,,,,,,,,,,,,,,,,,,,,,,,,,,,,,,,,,,,,,,One-off label,,,,,,,,,,,,,Systematic label,,,,,,,,,,,,,,,,,,,,,,,,,,,,,,Can't tell / Neither,,,,,,,,,,,,,,,,,,,,,,,,,,,,,,,,,,,,,,,,,,,,,,,,,,,,,,,,,,,,,,,,,,,,,,,,,,,,,,,
E6EPZX,1,4,skating,,,,,,,,,,,,,,,,,,,,,,,,,,,,,,,,,,,,,,,,,,,,,,,,,One-off label,,,,,,,,,,,,,One-off label,,,,,,,,,,,,,,,,,,,,,,,,,,,,,,One-off label,,,,,,,,,,,,,,,,,,,,,,,,,,,,,,,,,,,,,,,,,,,,,,,,,,,,,,,,,,,,,,,,,,,,,,,,,,,,,,,
E6EPZX,1,5,giving,,,,,,,,,,,,,,,,,,,,,,,,,,,,,,,,,,,,,,,,,,,,,,,,,One-off label,,,,,,,,,,,,,One-off label,,,,,,,,,,,,,,,,,,,,,,,,,,,,,,One-off label,,,,,,,,,,,,,,,,,,,,,,,,,,,,,,,,,,,,,,,,,,,,,,,,,,,,,,,,,,,,,,,,,,,,,,,,,,,,,,,
E6EPZX,1,6,prayingman,,,,,,,,,,,,,,,,,,,,,,,,,,,,,,,,,,,,,,,,,,,,,,,,,One-off label,,,,,,,,,,,,,Systematic label,,,,,,,,,,,,,,,,,,,,,,,,,,,,,,One-off label,,,,,,,,,,,,,,,,,,,,,,,,,,,,,,,,,,,,,,,,,,,,,,,,,,,,,,,,,,,,,,,,,,,,,,,,,,,,,,,
E6EPZX,1,7,confusing,,,,,,,,,,,,,,,,,,,,,,,,,,,,,,,,,,,,,,,,,,,,,,,,,One-off label,,,,,,,,,,,,,One-off label,,,,,,,,,,,,,,,,,,,,,,,,,,,,,,One-off label,,,,,,,,,,,,,,,,,,,,,,,,,,,,,,,,,,,,,,,,,,,,,,,,,,,,,,,,,,,,,,,,,,,,,,,,,,,,,,,
E6EPZX,1,8,prayinggirl,,,,,,,,,,,,,,,,,,,,,,,,,,,,,,,,,,,,,,,,,,,,,,,,,One-off label,,,,,,,,,,,,,Systematic label,,,,,,,,,,,,,,,,,,,,,,,,,,,,,,One-off label,,,,,,,,,,,,,,,,,,,,,,,,,,,,,,,,,,,,,,,,,,,,,,,,,,,,,,,,,,,,,,,,,,,,,,,,,,,,,,,
FNZD3K,0,1,why,,,,,,,,,,,,,,,,,,,,,,,,,,,,,,,,,,,,,,,,,,,,,,,,,,,,,,,,,,,,,,,,,,,,,,,,,,,,,,,,,,,,,,,,,Systematic label,,,Systematic label,,,,,,,One-off label,,,,,,,,,,,,,,,,,,,,,,,,,,,,,,,,,,,,,,,,,,,,,,,,,,,,,,,,,,,,,,,,,,,,,,,,
FNZD3K,0,2,zoom,,,,,,,,,,,,,,,,,,,,,,,,,,,,,,,,,,,,,,,,,,,,,,,,,,,,,,,,,,,,,,,,,,,,,,,,,,,,,,,,,,,,,,,,,Systematic label,,,One-off label,,,,,,,One-off label,,,,,,,,,,,,,,,,,,,,,,,,,,,,,,,,,,,,,,,,,,,,,,,,,,,,,,,,,,,,,,,,,,,,,,,,
FNZD3K,0,3,kneeling,,,,,,,,,,,,,,,,,,,,,,,,,,,,,,,,,,,,,,,,,,,,,,,,,,,,,,,,,,,,,,,,,,,,,,,,,,,,,,,,,,,,,,,,,Systematic label,,,One-off label,,,,,,,One-off label,,,,,,,,,,,,,,,,,,,,,,,,,,,,,,,,,,,,,,,,,,,,,,,,,,,,,,,,,,,,,,,,,,,,,,,,
FNZD3K,0,4,skating,,,,,,,,,,,,,,,,,,,,,,,,,,,,,,,,,,,,,,,,,,,,,,,,,,,,,,,,,,,,,,,,,,,,,,,,,,,,,,,,,,,,,,,,,Systematic label,,,One-off label,,,,,,,One-off label,,,,,,,,,,,,,,,,,,,,,,,,,,,,,,,,,,,,,,,,,,,,,,,,,,,,,,,,,,,,,,,,,,,,,,,,
FNZD3K,0,5,priest,,,,,,,,,,,,,,,,,,,,,,,,,,,,,,,,,,,,,,,,,,,,,,,,,,,,,,,,,,,,,,,,,,,,,,,,,,,,,,,,,,,,,,,,,Systematic label,,,One-off label,,,,,,,One-off label,,,,,,,,,,,,,,,,,,,,,,,,,,,,,,,,,,,,,,,,,,,,,,,,,,,,,,,,,,,,,,,,,,,,,,,,
FNZD3K,0,6,hands in the air,,,,,,,,,,,,,,,,,,,,,,,,,,,,,,,,,,,,,,,,,,,,,,,,,,,,,,,,,,,,,,,,,,,,,,,,,,,,,,,,,,,,,,,,,Systematic label,,,Systematic label,,,,,,,One-off label,,,,,,,,,,,,,,,,,,,,,,,,,,,,,,,,,,,,,,,,,,,,,,,,,,,,,,,,,,,,,,,,,,,,,,,,
FNZD3K,0,7,pointing,,,,,,,,,,,,,,,,,,,,,,,,,,,,,,,,,,,,,,,,,,,,,,,,,,,,,,,,,,,,,,,,,,,,,,,,,,,,,,,,,,,,,,,,,Systematic label,,,One-off label,,,,,,,Systematic label,,,,,,,,,,,,,,,,,,,,,,,,,,,,,,,,,,,,,,,,,,,,,,,,,,,,,,,,,,,,,,,,,,,,,,,,
FNZD3K,0,8,pointing,,,,,,,,,,,,,,,,,,,,,,,,,,,,,,,,,,,,,,,,,,,,,,,,,,,,,,,,,,,,,,,,,,,,,,,,,,,,,,,,,,,,,,,,,Systematic label,,,One-off label,,,,,,,Systematic label,,,,,,,,,,,,,,,,,,,,,,,,,,,,,,,,,,,,,,,,,,,,,,,,,,,,,,,,,,,,,,,,,,,,,,,,
FNZD3K,1,1,why,Can't tell / Neither,,,,,,,,,,,,,,,,,,,,,,,,,,,,,,,,,,,,,,,,,,,,One-off label,,,,,,,,,,,,,,,,,,,,,,,,,,,,,,,,,,,,,,,,,,,,,,,,,,,,,,,,,,,Can't tell / Neither,,,,,,,,,,,,,,,,,,,,,,,,,,,,,,,,,,,,,,,,,,,,,,,,,,,,,,,,,,,,,,,,,,,
FNZD3K,1,2,zoom,One-off label,,,,,,,,,,,,,,,,,,,,,,,,,,,,,,,,,,,,,,,,,,,,One-off label,,,,,,,,,,,,,,,,,,,,,,,,,,,,,,,,,,,,,,,,,,,,,,,,,,,,,,,,,,,One-off label,,,,,,,,,,,,,,,,,,,,,,,,,,,,,,,,,,,,,,,,,,,,,,,,,,,,,,,,,,,,,,,,,,,
FNZD3K,1,3,kneeling,One-off label,,,,,,,,,,,,,,,,,,,,,,,,,,,,,,,,,,,,,,,,,,,,Systematic label,,,,,,,,,,,,,,,,,,,,,,,,,,,,,,,,,,,,,,,,,,,,,,,,,,,,,,,,,,,One-off label,,,,,,,,,,,,,,,,,,,,,,,,,,,,,,,,,,,,,,,,,,,,,,,,,,,,,,,,,,,,,,,,,,,
FNZD3K,1,4,skating,One-off label,,,,,,,,,,,,,,,,,,,,,,,,,,,,,,,,,,,,,,,,,,,,Systematic label,,,,,,,,,,,,,,,,,,,,,,,,,,,,,,,,,,,,,,,,,,,,,,,,,,,,,,,,,,,Can't tell / Neither,,,,,,,,,,,,,,,,,,,,,,,,,,,,,,,,,,,,,,,,,,,,,,,,,,,,,,,,,,,,,,,,,,,
FNZD3K,1,5,priest,One-off label,,,,,,,,,,,,,,,,,,,,,,,,,,,,,,,,,,,,,,,,,,,,One-off label,,,,,,,,,,,,,,,,,,,,,,,,,,,,,,,,,,,,,,,,,,,,,,,,,,,,,,,,,,,Can't tell / Neither,,,,,,,,,,,,,,,,,,,,,,,,,,,,,,,,,,,,,,,,,,,,,,,,,,,,,,,,,,,,,,,,,,,
FNZD3K,1,6,pointing,One-off label,,,,,,,,,,,,,,,,,,,,,,,,,,,,,,,,,,,,,,,,,,,,Systematic label,,,,,,,,,,,,,,,,,,,,,,,,,,,,,,,,,,,,,,,,,,,,,,,,,,,,,,,,,,,One-off label,,,,,,,,,,,,,,,,,,,,,,,,,,,,,,,,,,,,,,,,,,,,,,,,,,,,,,,,,,,,,,,,,,,
FNZD3K,1,7,dancing,One-off label,,,,,,,,,,,,,,,,,,,,,,,,,,,,,,,,,,,,,,,,,,,,Systematic label,,,,,,,,,,,,,,,,,,,,,,,,,,,,,,,,,,,,,,,,,,,,,,,,,,,,,,,,,,,One-off label,,,,,,,,,,,,,,,,,,,,,,,,,,,,,,,,,,,,,,,,,,,,,,,,,,,,,,,,,,,,,,,,,,,
FNZD3K,1,8,pointing,One-off label,,,,,,,,,,,,,,,,,,,,,,,,,,,,,,,,,,,,,,,,,,,,Systematic label,,,,,,,,,,,,,,,,,,,,,,,,,,,,,,,,,,,,,,,,,,,,,,,,,,,,,,,,,,,One-off label,,,,,,,,,,,,,,,,,,,,,,,,,,,,,,,,,,,,,,,,,,,,,,,,,,,,,,,,,,,,,,,,,,,
FSR0XH,0,1,purple pink yellow,,,,,,,,,,Systematic label,,,,,,,,,,,,,,,,,,,,,,,,,,,Systematic label,Systematic label,,,,,,,,,,,,,,,,,,,,,,,,,,,,,,,,,,,,,,,,,,,,,,,,,,,,,,,,,,,,,,,,,,,,,,,,,,,,,,,,,,,,,,,,,,,,,,,,,,,,,,,,,,,,,,,,,,,,,,,,,,,,,,,,,,,,,
FSR0XH,0,2,purple yellow yellow,,,,,,,,,,Systematic label,,,,,,,,,,,,,,,,,,,,,,,,,,,Systematic label,Systematic label,,,,,,,,,,,,,,,,,,,,,,,,,,,,,,,,,,,,,,,,,,,,,,,,,,,,,,,,,,,,,,,,,,,,,,,,,,,,,,,,,,,,,,,,,,,,,,,,,,,,,,,,,,,,,,,,,,,,,,,,,,,,,,,,,,,,,
FSR0XH,0,3,orange yellow brown,,,,,,,,,,Systematic label,,,,,,,,,,,,,,,,,,,,,,,,,,,Systematic label,Systematic label,,,,,,,,,,,,,,,,,,,,,,,,,,,,,,,,,,,,,,,,,,,,,,,,,,,,,,,,,,,,,,,,,,,,,,,,,,,,,,,,,,,,,,,,,,,,,,,,,,,,,,,,,,,,,,,,,,,,,,,,,,,,,,,,,,,,,
FSR0XH,0,4,orange,,,,,,,,,,Systematic label,,,,,,,,,,,,,,,,,,,,,,,,,,,One-off label,Systematic label,,,,,,,,,,,,,,,,,,,,,,,,,,,,,,,,,,,,,,,,,,,,,,,,,,,,,,,,,,,,,,,,,,,,,,,,,,,,,,,,,,,,,,,,,,,,,,,,,,,,,,,,,,,,,,,,,,,,,,,,,,,,,,,,,,,,,
FSR0XH,0,5,orange blue brown,,,,,,,,,,Systematic label,,,,,,,,,,,,,,,,,,,,,,,,,,,Systematic label,Systematic label,,,,,,,,,,,,,,,,,,,,,,,,,,,,,,,,,,,,,,,,,,,,,,,,,,,,,,,,,,,,,,,,,,,,,,,,,,,,,,,,,,,,,,,,,,,,,,,,,,,,,,,,,,,,,,,,,,,,,,,,,,,,,,,,,,,,,
FSR0XH,0,6,orange black brown,,,,,,,,,,Systematic label,,,,,,,,,,,,,,,,,,,,,,,,,,,Systematic label,Systematic label,,,,,,,,,,,,,,,,,,,,,,,,,,,,,,,,,,,,,,,,,,,,,,,,,,,,,,,,,,,,,,,,,,,,,,,,,,,,,,,,,,,,,,,,,,,,,,,,,,,,,,,,,,,,,,,,,,,,,,,,,,,,,,,,,,,,,
FSR0XH,0,7,purple white yellow,,,,,,,,,,Systematic label,,,,,,,,,,,,,,,,,,,,,,,,,,,Systematic label,Systematic label,,,,,,,,,,,,,,,,,,,,,,,,,,,,,,,,,,,,,,,,,,,,,,,,,,,,,,,,,,,,,,,,,,,,,,,,,,,,,,,,,,,,,,,,,,,,,,,,,,,,,,,,,,,,,,,,,,,,,,,,,,,,,,,,,,,,,
FSR0XH,0,8,purple brown brown yellow,,,,,,,,,,Systematic label,,,,,,,,,,,,,,,,,,,,,,,,,,,Systematic label,Systematic label,,,,,,,,,,,,,,,,,,,,,,,,,,,,,,,,,,,,,,,,,,,,,,,,,,,,,,,,,,,,,,,,,,,,,,,,,,,,,,,,,,,,,,,,,,,,,,,,,,,,,,,,,,,,,,,,,,,,,,,,,,,,,,,,,,,,,
FSR0XH,1,1,purple purple yellow,,,,,,,,,,,,,,,,,,,,,,,,,,,,,,,Systematic label,,,,,,,,,Systematic label,,,,,,,,,,,,,,,,,,,,,,,,,,,,,,,,,,,,,,,,,,,,,,,,,,,,,,,,,,,,,,,,,,Systematic label,,,,,,,,,,,,,,,,,,,,,,,,,,,,,,,,,,,,,,,,,,,,,,,,,,,,,,,,,,,,,,,,,
FSR0XH,1,2,purple yellow yellow,,,,,,,,,,,,,,,,,,,,,,,,,,,,,,,Systematic label,,,,,,,,,Systematic label,,,,,,,,,,,,,,,,,,,,,,,,,,,,,,,,,,,,,,,,,,,,,,,,,,,,,,,,,,,,,,,,,,Systematic label,,,,,,,,,,,,,,,,,,,,,,,,,,,,,,,,,,,,,,,,,,,,,,,,,,,,,,,,,,,,,,,,,
FSR0XH,1,3,orange yellow brown,,,,,,,,,,,,,,,,,,,,,,,,,,,,,,,Systematic label,,,,,,,,,Systematic label,,,,,,,,,,,,,,,,,,,,,,,,,,,,,,,,,,,,,,,,,,,,,,,,,,,,,,,,,,,,,,,,,,Systematic label,,,,,,,,,,,,,,,,,,,,,,,,,,,,,,,,,,,,,,,,,,,,,,,,,,,,,,,,,,,,,,,,,
FSR0XH,1,4,orange brown brown,,,,,,,,,,,,,,,,,,,,,,,,,,,,,,,Systematic label,,,,,,,,,Systematic label,,,,,,,,,,,,,,,,,,,,,,,,,,,,,,,,,,,,,,,,,,,,,,,,,,,,,,,,,,,,,,,,,,Systematic label,,,,,,,,,,,,,,,,,,,,,,,,,,,,,,,,,,,,,,,,,,,,,,,,,,,,,,,,,,,,,,,,,
FSR0XH,1,5,orange blue brown,,,,,,,,,,,,,,,,,,,,,,,,,,,,,,,Systematic label,,,,,,,,,Systematic label,,,,,,,,,,,,,,,,,,,,,,,,,,,,,,,,,,,,,,,,,,,,,,,,,,,,,,,,,,,,,,,,,,Systematic label,,,,,,,,,,,,,,,,,,,,,,,,,,,,,,,,,,,,,,,,,,,,,,,,,,,,,,,,,,,,,,,,,
FSR0XH,1,6,orange black brown,,,,,,,,,,,,,,,,,,,,,,,,,,,,,,,Systematic label,,,,,,,,,Systematic label,,,,,,,,,,,,,,,,,,,,,,,,,,,,,,,,,,,,,,,,,,,,,,,,,,,,,,,,,,,,,,,,,,Systematic label,,,,,,,,,,,,,,,,,,,,,,,,,,,,,,,,,,,,,,,,,,,,,,,,,,,,,,,,,,,,,,,,,
FSR0XH,1,7,purple white yellow,,,,,,,,,,,,,,,,,,,,,,,,,,,,,,,Systematic label,,,,,,,,,Systematic label,,,,,,,,,,,,,,,,,,,,,,,,,,,,,,,,,,,,,,,,,,,,,,,,,,,,,,,,,,,,,,,,,,Systematic label,,,,,,,,,,,,,,,,,,,,,,,,,,,,,,,,,,,,,,,,,,,,,,,,,,,,,,,,,,,,,,,,,
FSR0XH,1,8,purple brown brown yellow,,,,,,,,,,,,,,,,,,,,,,,,,,,,,,,Systematic label,,,,,,,,,Systematic label,,,,,,,,,,,,,,,,,,,,,,,,,,,,,,,,,,,,,,,,,,,,,,,,,,,,,,,,,,,,,,,,,,Systematic label,,,,,,,,,,,,,,,,,,,,,,,,,,,,,,,,,,,,,,,,,,,,,,,,,,,,,,,,,,,,,,,,,
FTGT9R,0,1,raver,,,,,,,,,,,,,,,,,,,,,,,One-off label,,,,,,,,,,,,,,,,,,,,,,,,,,,,,,,,,,,,,,,,,,,,,,,,,,,,,,,,,,,,,,,,,,,,,,,,,,,,,,,,,,,,,,,,,,,,,,,,,,,,,,,,,,,,,,,,,,,,,,,,,,,,,,,,,,,,,,,,,,,,,,,,,,,,
FTGT9R,0,2,kick up,,,,,,,,,,,,,,,,,,,,,,,One-off label,,,,,,,,,,,,,,,,,,,,,,,,,,,,,,,,,,,,,,,,,,,,,,,,,,,,,,,,,,,,,,,,,,,,,,,,,,,,,,,,,,,,,,,,,,,,,,,,,,,,,,,,,,,,,,,,,,,,,,,,,,,,,,,,,,,,,,,,,,,,,,,,,,,,
FTGT9R,0,3,angel,,,,,,,,,,,,,,,,,,,,,,,One-off label,,,,,,,,,,,,,,,,,,,,,,,,,,,,,,,,,,,,,,,,,,,,,,,,,,,,,,,,,,,,,,,,,,,,,,,,,,,,,,,,,,,,,,,,,,,,,,,,,,,,,,,,,,,,,,,,,,,,,,,,,,,,,,,,,,,,,,,,,,,,,,,,,,,,
FTGT9R,0,4,ice skater,,,,,,,,,,,,,,,,,,,,,,,One-off label,,,,,,,,,,,,,,,,,,,,,,,,,,,,,,,,,,,,,,,,,,,,,,,,,,,,,,,,,,,,,,,,,,,,,,,,,,,,,,,,,,,,,,,,,,,,,,,,,,,,,,,,,,,,,,,,,,,,,,,,,,,,,,,,,,,,,,,,,,,,,,,,,,,,
FTGT9R,0,5,bishop,,,,,,,,,,,,,,,,,,,,,,,One-off label,,,,,,,,,,,,,,,,,,,,,,,,,,,,,,,,,,,,,,,,,,,,,,,,,,,,,,,,,,,,,,,,,,,,,,,,,,,,,,,,,,,,,,,,,,,,,,,,,,,,,,,,,,,,,,,,,,,,,,,,,,,,,,,,,,,,,,,,,,,,,,,,,,,,
FTGT9R,0,6,man praying,,,,,,,,,,,,,,,,,,,,,,,One-off label,,,,,,,,,,,,,,,,,,,,,,,,,,,,,,,,,,,,,,,,,,,,,,,,,,,,,,,,,,,,,,,,,,,,,,,,,,,,,,,,,,,,,,,,,,,,,,,,,,,,,,,,,,,,,,,,,,,,,,,,,,,,,,,,,,,,,,,,,,,,,,,,,,,,
FTGT9R,0,7,random,,,,,,,,,,,,,,,,,,,,,,,One-off label,,,,,,,,,,,,,,,,,,,,,,,,,,,,,,,,,,,,,,,,,,,,,,,,,,,,,,,,,,,,,,,,,,,,,,,,,,,,,,,,,,,,,,,,,,,,,,,,,,,,,,,,,,,,,,,,,,,,,,,,,,,,,,,,,,,,,,,,,,,,,,,,,,,,
FTGT9R,0,8,woman praying,,,,,,,,,,,,,,,,,,,,,,,One-off label,,,,,,,,,,,,,,,,,,,,,,,,,,,,,,,,,,,,,,,,,,,,,,,,,,,,,,,,,,,,,,,,,,,,,,,,,,,,,,,,,,,,,,,,,,,,,,,,,,,,,,,,,,,,,,,,,,,,,,,,,,,,,,,,,,,,,,,,,,,,,,,,,,,,
FTGT9R,1,1,raver,,,,,,,,,,,,,,,,,,,,,,One-off label,,,,,,,,,,,,,Systematic label,,,,,,,,,,,,,,,,,,,,,,,,,,,,,,,,,,,,,,,,,,,,,,,,,,,,,,,,,,,,,,,,,One-off label,,,,,,,,,,,,,,,,,,,,,,,,,,,,,,,,,,,,,,,,,,,,,,,,,,,,,,,,,,,,,,,,,,,,,,,
FTGT9R,1,2,kick up,,,,,,,,,,,,,,,,,,,,,,Systematic label,,,,,,,,,,,,,One-off label,,,,,,,,,,,,,,,,,,,,,,,,,,,,,,,,,,,,,,,,,,,,,,,,,,,,,,,,,,,,,,,,,One-off label,,,,,,,,,,,,,,,,,,,,,,,,,,,,,,,,,,,,,,,,,,,,,,,,,,,,,,,,,,,,,,,,,,,,,,,
FTGT9R,1,3,angel,,,,,,,,,,,,,,,,,,,,,,One-off label,,,,,,,,,,,,,One-off label,,,,,,,,,,,,,,,,,,,,,,,,,,,,,,,,,,,,,,,,,,,,,,,,,,,,,,,,,,,,,,,,,One-off label,,,,,,,,,,,,,,,,,,,,,,,,,,,,,,,,,,,,,,,,,,,,,,,,,,,,,,,,,,,,,,,,,,,,,,,
FTGT9R,1,4,ice skater,,,,,,,,,,,,,,,,,,,,,,One-off label,,,,,,,,,,,,,Systematic label,,,,,,,,,,,,,,,,,,,,,,,,,,,,,,,,,,,,,,,,,,,,,,,,,,,,,,,,,,,,,,,,,One-off label,,,,,,,,,,,,,,,,,,,,,,,,,,,,,,,,,,,,,,,,,,,,,,,,,,,,,,,,,,,,,,,,,,,,,,,
FTGT9R,1,5,bishop,,,,,,,,,,,,,,,,,,,,,,One-off label,,,,,,,,,,,,,Systematic label,,,,,,,,,,,,,,,,,,,,,,,,,,,,,,,,,,,,,,,,,,,,,,,,,,,,,,,,,,,,,,,,,One-off label,,,,,,,,,,,,,,,,,,,,,,,,,,,,,,,,,,,,,,,,,,,,,,,,,,,,,,,,,,,,,,,,,,,,,,,
FTGT9R,1,6,man praying,,,,,,,,,,,,,,,,,,,,,,One-off label,,,,,,,,,,,,,Systematic label,,,,,,,,,,,,,,,,,,,,,,,,,,,,,,,,,,,,,,,,,,,,,,,,,,,,,,,,,,,,,,,,,One-off label,,,,,,,,,,,,,,,,,,,,,,,,,,,,,,,,,,,,,,,,,,,,,,,,,,,,,,,,,,,,,,,,,,,,,,,
FTGT9R,1,7,random,,,,,,,,,,,,,,,,,,,,,,One-off label,,,,,,,,,,,,,Can't tell / Neither,,,,,,,,,,,,,,,,,,,,,,,,,,,,,,,,,,,,,,,,,,,,,,,,,,,,,,,,,,,,,,,,,One-off label,,,,,,,,,,,,,,,,,,,,,,,,,,,,,,,,,,,,,,,,,,,,,,,,,,,,,,,,,,,,,,,,,,,,,,,
FTGT9R,1,8,woman praying,,,,,,,,,,,,,,,,,,,,,,One-off label,,,,,,,,,,,,,Systematic label,,,,,,,,,,,,,,,,,,,,,,,,,,,,,,,,,,,,,,,,,,,,,,,,,,,,,,,,,,,,,,,,,One-off label,,,,,,,,,,,,,,,,,,,,,,,,,,,,,,,,,,,,,,,,,,,,,,,,,,,,,,,,,,,,,,,,,,,,,,,
G1XHHG,0,1,owl,,,,,,,,,,,,,,,,,,,,,,,,,,,,,,,,,,,,,,,One-off label,,,,,,,,,,,,,,,,,,,,,,,One-off label,,,,,,,,,,,,,,,,,,,,,,,,,,,,,,,,,,,,,,,,,,,,,,,,,,,,,,,,,,,,,,,,,,,,,,,,,One-off label,,,,,,,,,,,,,,,,,,,,,,,,,,,,,,,,,,,,
G1XHHG,0,2,sticky,,,,,,,,,,,,,,,,,,,,,,,,,,,,,,,,,,,,,,,One-off label,,,,,,,,,,,,,,,,,,,,,,,One-off label,,,,,,,,,,,,,,,,,,,,,,,,,,,,,,,,,,,,,,,,,,,,,,,,,,,,,,,,,,,,,,,,,,,,,,,,,One-off label,,,,,,,,,,,,,,,,,,,,,,,,,,,,,,,,,,,,
G1XHHG,0,3,stapler,,,,,,,,,,,,,,,,,,,,,,,,,,,,,,,,,,,,,,,One-off label,,,,,,,,,,,,,,,,,,,,,,,One-off label,,,,,,,,,,,,,,,,,,,,,,,,,,,,,,,,,,,,,,,,,,,,,,,,,,,,,,,,,,,,,,,,,,,,,,,,,One-off label,,,,,,,,,,,,,,,,,,,,,,,,,,,,,,,,,,,,
G1XHHG,0,4,brownie,,,,,,,,,,,,,,,,,,,,,,,,,,,,,,,,,,,,,,,One-off label,,,,,,,,,,,,,,,,,,,,,,,One-off label,,,,,,,,,,,,,,,,,,,,,,,,,,,,,,,,,,,,,,,,,,,,,,,,,,,,,,,,,,,,,,,,,,,,,,,,,One-off label,,,,,,,,,,,,,,,,,,,,,,,,,,,,,,,,,,,,
G1XHHG,0,5,blue,,,,,,,,,,,,,,,,,,,,,,,,,,,,,,,,,,,,,,,One-off label,,,,,,,,,,,,,,,,,,,,,,,One-off label,,,,,,,,,,,,,,,,,,,,,,,,,,,,,,,,,,,,,,,,,,,,,,,,,,,,,,,,,,,,,,,,,,,,,,,,,One-off label,,,,,,,,,,,,,,,,,,,,,,,,,,,,,,,,,,,,
G1XHHG,0,6,bean,,,,,,,,,,,,,,,,,,,,,,,,,,,,,,,,,,,,,,,One-off label,,,,,,,,,,,,,,,,,,,,,,,One-off label,,,,,,,,,,,,,,,,,,,,,,,,,,,,,,,,,,,,,,,,,,,,,,,,,,,,,,,,,,,,,,,,,,,,,,,,,One-off label,,,,,,,,,,,,,,,,,,,,,,,,,,,,,,,,,,,,
G1XHHG,0,7,surprise,,,,,,,,,,,,,,,,,,,,,,,,,,,,,,,,,,,,,,,One-off label,,,,,,,,,,,,,,,,,,,,,,,One-off label,,,,,,,,,,,,,,,,,,,,,,,,,,,,,,,,,,,,,,,,,,,,,,,,,,,,,,,,,,,,,,,,,,,,,,,,,One-off label,,,,,,,,,,,,,,,,,,,,,,,,,,,,,,,,,,,,
G1XHHG,0,8,duck,,,,,,,,,,,,,,,,,,,,,,,,,,,,,,,,,,,,,,,One-off label,,,,,,,,,,,,,,,,,,,,,,,One-off label,,,,,,,,,,,,,,,,,,,,,,,,,,,,,,,,,,,,,,,,,,,,,,,,,,,,,,,,,,,,,,,,,,,,,,,,,One-off label,,,,,,,,,,,,,,,,,,,,,,,,,,,,,,,,,,,,
G1XHHG,1,1,owl,,,,,,,,,,,,,,,,,,,,,,,,,,,,,,,,,,,,,,,,,,,,One-off label,,,,,,,,,,,,,,,,,,,One-off label,,,,,,,,,,,,,,,,,,,,,,,,,,,,,,,,,,,,,,,,,,,,,,,,,,,,,,,,,,,,,,,,One-off label,,,,,,,,,,,,,,,,,,,,,,,,,,,,,,,,,,,,,,,,,,,,
G1XHHG,1,2,sticky,,,,,,,,,,,,,,,,,,,,,,,,,,,,,,,,,,,,,,,,,,,,One-off label,,,,,,,,,,,,,,,,,,,Can't tell / Neither,,,,,,,,,,,,,,,,,,,,,,,,,,,,,,,,,,,,,,,,,,,,,,,,,,,,,,,,,,,,,,,,One-off label,,,,,,,,,,,,,,,,,,,,,,,,,,,,,,,,,,,,,,,,,,,,
G1XHHG,1,3,stapler,,,,,,,,,,,,,,,,,,,,,,,,,,,,,,,,,,,,,,,,,,,,One-off label,,,,,,,,,,,,,,,,,,,One-off label,,,,,,,,,,,,,,,,,,,,,,,,,,,,,,,,,,,,,,,,,,,,,,,,,,,,,,,,,,,,,,,,One-off label,,,,,,,,,,,,,,,,,,,,,,,,,,,,,,,,,,,,,,,,,,,,
G1XHHG,1,4,brownie,,,,,,,,,,,,,,,,,,,,,,,,,,,,,,,,,,,,,,,,,,,,One-off label,,,,,,,,,,,,,,,,,,,One-off label,,,,,,,,,,,,,,,,,,,,,,,,,,,,,,,,,,,,,,,,,,,,,,,,,,,,,,,,,,,,,,,,One-off label,,,,,,,,,,,,,,,,,,,,,,,,,,,,,,,,,,,,,,,,,,,,
G1XHHG,1,5,blue,,,,,,,,,,,,,,,,,,,,,,,,,,,,,,,,,,,,,,,,,,,,Can't tell / Neither,,,,,,,,,,,,,,,,,,,Can't tell / Neither,,,,,,,,,,,,,,,,,,,,,,,,,,,,,,,,,,,,,,,,,,,,,,,,,,,,,,,,,,,,,,,,One-off label,,,,,,,,,,,,,,,,,,,,,,,,,,,,,,,,,,,,,,,,,,,,
G1XHHG,1,6,bean,,,,,,,,,,,,,,,,,,,,,,,,,,,,,,,,,,,,,,,,,,,,One-off label,,,,,,,,,,,,,,,,,,,One-off label,,,,,,,,,,,,,,,,,,,,,,,,,,,,,,,,,,,,,,,,,,,,,,,,,,,,,,,,,,,,,,,,One-off label,,,,,,,,,,,,,,,,,,,,,,,,,,,,,,,,,,,,,,,,,,,,
G1XHHG,1,7,surprise,,,,,,,,,,,,,,,,,,,,,,,,,,,,,,,,,,,,,,,,,,,,One-off label,,,,,,,,,,,,,,,,,,,Can't tell / Neither,,,,,,,,,,,,,,,,,,,,,,,,,,,,,,,,,,,,,,,,,,,,,,,,,,,,,,,,,,,,,,,,One-off label,,,,,,,,,,,,,,,,,,,,,,,,,,,,,,,,,,,,,,,,,,,,
G1XHHG,1,8,duck,,,,,,,,,,,,,,,,,,,,,,,,,,,,,,,,,,,,,,,,,,,,One-off label,,,,,,,,,,,,,,,,,,,One-off label,,,,,,,,,,,,,,,,,,,,,,,,,,,,,,,,,,,,,,,,,,,,,,,,,,,,,,,,,,,,,,,,One-off label,,,,,,,,,,,,,,,,,,,,,,,,,,,,,,,,,,,,,,,,,,,,
G6JMJJ,0,1,gum,,,,,,,,,,,,,,,,,,,,,,,,,,,,,,,,,,,,,,,,,,,,,,,,,,,,,,,,,,,,,,,,,,,,,,One-off label,,,,,,,,One-off label,,,,,,,,,,,,,,,,,,,,,,,,,,,,,,,,,,,,,,,,,,One-off label,,,,,,,,,,,,,,,,,,,,,,,,,,,,,,,,,,,,,,,,,,,,,,,,,,,
G6JMJJ,0,2,truck,,,,,,,,,,,,,,,,,,,,,,,,,,,,,,,,,,,,,,,,,,,,,,,,,,,,,,,,,,,,,,,,,,,,,,One-off label,,,,,,,,One-off label,,,,,,,,,,,,,,,,,,,,,,,,,,,,,,,,,,,,,,,,,,One-off label,,,,,,,,,,,,,,,,,,,,,,,,,,,,,,,,,,,,,,,,,,,,,,,,,,,
G6JMJJ,0,3,lighter,,,,,,,,,,,,,,,,,,,,,,,,,,,,,,,,,,,,,,,,,,,,,,,,,,,,,,,,,,,,,,,,,,,,,,One-off label,,,,,,,,One-off label,,,,,,,,,,,,,,,,,,,,,,,,,,,,,,,,,,,,,,,,,,One-off label,,,,,,,,,,,,,,,,,,,,,,,,,,,,,,,,,,,,,,,,,,,,,,,,,,,
G6JMJJ,0,4,chocolate,,,,,,,,,,,,,,,,,,,,,,,,,,,,,,,,,,,,,,,,,,,,,,,,,,,,,,,,,,,,,,,,,,,,,,One-off label,,,,,,,,One-off label,,,,,,,,,,,,,,,,,,,,,,,,,,,,,,,,,,,,,,,,,,One-off label,,,,,,,,,,,,,,,,,,,,,,,,,,,,,,,,,,,,,,,,,,,,,,,,,,,
G6JMJJ,0,5,manhole,,,,,,,,,,,,,,,,,,,,,,,,,,,,,,,,,,,,,,,,,,,,,,,,,,,,,,,,,,,,,,,,,,,,,,One-off label,,,,,,,,One-off label,,,,,,,,,,,,,,,,,,,,,,,,,,,,,,,,,,,,,,,,,,One-off label,,,,,,,,,,,,,,,,,,,,,,,,,,,,,,,,,,,,,,,,,,,,,,,,,,,
G6JMJJ,0,6,crab,,,,,,,,,,,,,,,,,,,,,,,,,,,,,,,,,,,,,,,,,,,,,,,,,,,,,,,,,,,,,,,,,,,,,,One-off label,,,,,,,,One-off label,,,,,,,,,,,,,,,,,,,,,,,,,,,,,,,,,,,,,,,,,,One-off label,,,,,,,,,,,,,,,,,,,,,,,,,,,,,,,,,,,,,,,,,,,,,,,,,,,
G6JMJJ,0,7,assistant,,,,,,,,,,,,,,,,,,,,,,,,,,,,,,,,,,,,,,,,,,,,,,,,,,,,,,,,,,,,,,,,,,,,,,One-off label,,,,,,,,One-off label,,,,,,,,,,,,,,,,,,,,,,,,,,,,,,,,,,,,,,,,,,One-off label,,,,,,,,,,,,,,,,,,,,,,,,,,,,,,,,,,,,,,,,,,,,,,,,,,,
G6JMJJ,0,8,scientist,,,,,,,,,,,,,,,,,,,,,,,,,,,,,,,,,,,,,,,,,,,,,,,,,,,,,,,,,,,,,,,,,,,,,,One-off label,,,,,,,,One-off label,,,,,,,,,,,,,,,,,,,,,,,,,,,,,,,,,,,,,,,,,,One-off label,,,,,,,,,,,,,,,,,,,,,,,,,,,,,,,,,,,,,,,,,,,,,,,,,,,
G6JMJJ,1,1,gum,,,,,,,,,,,Can't tell / Neither,,,,,,,,,,,,,,,,,,,,,,,,,,,,,,,,,,,,,,,,,,,,,,,,,,,,,,,One-off label,,,,,,,,,,,,,,,,,,,,,,,,,,,,,,,,,,,,,,,,,,,,,,,,,,,,,,,,,,,,,,,,,,,,,,,,,,,,,,,,,,,,,,,,,,,,,,,,One-off label,,,,,,,,,
G6JMJJ,1,2,truck,,,,,,,,,,,One-off label,,,,,,,,,,,,,,,,,,,,,,,,,,,,,,,,,,,,,,,,,,,,,,,,,,,,,,,One-off label,,,,,,,,,,,,,,,,,,,,,,,,,,,,,,,,,,,,,,,,,,,,,,,,,,,,,,,,,,,,,,,,,,,,,,,,,,,,,,,,,,,,,,,,,,,,,,,,One-off label,,,,,,,,,
G6JMJJ,1,3,lighter,,,,,,,,,,,One-off label,,,,,,,,,,,,,,,,,,,,,,,,,,,,,,,,,,,,,,,,,,,,,,,,,,,,,,,One-off label,,,,,,,,,,,,,,,,,,,,,,,,,,,,,,,,,,,,,,,,,,,,,,,,,,,,,,,,,,,,,,,,,,,,,,,,,,,,,,,,,,,,,,,,,,,,,,,,One-off label,,,,,,,,,
G6JMJJ,1,4,chocolate,,,,,,,,,,,One-off label,,,,,,,,,,,,,,,,,,,,,,,,,,,,,,,,,,,,,,,,,,,,,,,,,,,,,,,One-off label,,,,,,,,,,,,,,,,,,,,,,,,,,,,,,,,,,,,,,,,,,,,,,,,,,,,,,,,,,,,,,,,,,,,,,,,,,,,,,,,,,,,,,,,,,,,,,,,One-off label,,,,,,,,,
G6JMJJ,1,5,manhole,,,,,,,,,,,One-off label,,,,,,,,,,,,,,,,,,,,,,,,,,,,,,,,,,,,,,,,,,,,,,,,,,,,,,,One-off label,,,,,,,,,,,,,,,,,,,,,,,,,,,,,,,,,,,,,,,,,,,,,,,,,,,,,,,,,,,,,,,,,,,,,,,,,,,,,,,,,,,,,,,,,,,,,,,,One-off label,,,,,,,,,
G6JMJJ,1,6,crab,,,,,,,,,,,One-off label,,,,,,,,,,,,,,,,,,,,,,,,,,,,,,,,,,,,,,,,,,,,,,,,,,,,,,,One-off label,,,,,,,,,,,,,,,,,,,,,,,,,,,,,,,,,,,,,,,,,,,,,,,,,,,,,,,,,,,,,,,,,,,,,,,,,,,,,,,,,,,,,,,,,,,,,,,,One-off label,,,,,,,,,
G6JMJJ,1,7,assistant,,,,,,,,,,,Can't tell / Neither,,,,,,,,,,,,,,,,,,,,,,,,,,,,,,,,,,,,,,,,,,,,,,,,,,,,,,,One-off label,,,,,,,,,,,,,,,,,,,,,,,,,,,,,,,,,,,,,,,,,,,,,,,,,,,,,,,,,,,,,,,,,,,,,,,,,,,,,,,,,,,,,,,,,,,,,,,,One-off label,,,,,,,,,
G6JMJJ,1,8,scientist,,,,,,,,,,,One-off label,,,,,,,,,,,,,,,,,,,,,,,,,,,,,,,,,,,,,,,,,,,,,,,,,,,,,,,One-off label,,,,,,,,,,,,,,,,,,,,,,,,,,,,,,,,,,,,,,,,,,,,,,,,,,,,,,,,,,,,,,,,,,,,,,,,,,,,,,,,,,,,,,,,,,,,,,,,One-off label,,,,,,,,,
GM9Y3M,0,1,bpsyr,,,Can't tell / Neither,,,,,,,,,,,,,,,,,,,,,,,,,,,,,,,,,,,,,,,,,,,,,,,,,,,,,,,,,,,,,,,,,,,,,,,,,,,,,,,,,,,,,,,,,,,,Can't tell / Neither,,,,,,,,,,,,,,,,,,,,,,,,,,,,,,,,,,,,,,,,,,,,,,Systematic label,,,,,,,,,,,,,,,,,,,,,,,,,,,,,,
GM9Y3M,0,2,bpsyp,,,Can't tell / Neither,,,,,,,,,,,,,,,,,,,,,,,,,,,,,,,,,,,,,,,,,,,,,,,,,,,,,,,,,,,,,,,,,,,,,,,,,,,,,,,,,,,,,,,,,,,,Can't tell / Neither,,,,,,,,,,,,,,,,,,,,,,,,,,,,,,,,,,,,,,,,,,,,,,Systematic label,,,,,,,,,,,,,,,,,,,,,,,,,,,,,,
GM9Y3M,0,3,rosby,,,Can't tell / Neither,,,,,,,,,,,,,,,,,,,,,,,,,,,,,,,,,,,,,,,,,,,,,,,,,,,,,,,,,,,,,,,,,,,,,,,,,,,,,,,,,,,,,,,,,,,,One-off label,,,,,,,,,,,,,,,,,,,,,,,,,,,,,,,,,,,,,,,,,,,,,,Systematic label,,,,,,,,,,,,,,,,,,,,,,,,,,,,,,
GM9Y3M,0,4,rosbb,,,Can't tell / Neither,,,,,,,,,,,,,,,,,,,,,,,,,,,,,,,,,,,,,,,,,,,,,,,,,,,,,,,,,,,,,,,,,,,,,,,,,,,,,,,,,,,,,,,,,,,,One-off label,,,,,,,,,,,,,,,,,,,,,,,,,,,,,,,,,,,,,,,,,,,,,,Systematic label,,,,,,,,,,,,,,,,,,,,,,,,,,,,,,
GM9Y3M,0,5,rosbb,,,Can't tell / Neither,,,,,,,,,,,,,,,,,,,,,,,,,,,,,,,,,,,,,,,,,,,,,,,,,,,,,,,,,,,,,,,,,,,,,,,,,,,,,,,,,,,,,,,,,,,,One-off label,,,,,,,,,,,,,,,,,,,,,,,,,,,,,,,,,,,,,,,,,,,,,,Systematic label,,,,,,,,,,,,,,,,,,,,,,,,,,,,,,
GM9Y3M,0,6,rosbb,,,Can't tell / Neither,,,,,,,,,,,,,,,,,,,,,,,,,,,,,,,,,,,,,,,,,,,,,,,,,,,,,,,,,,,,,,,,,,,,,,,,,,,,,,,,,,,,,,,,,,,,One-off label,,,,,,,,,,,,,,,,,,,,,,,,,,,,,,,,,,,,,,,,,,,,,,Systematic label,,,,,,,,,,,,,,,,,,,,,,,,,,,,,,
GM9Y3M,0,7,bpsyw,,,Can't tell / Neither,,,,,,,,,,,,,,,,,,,,,,,,,,,,,,,,,,,,,,,,,,,,,,,,,,,,,,,,,,,,,,,,,,,,,,,,,,,,,,,,,,,,,,,,,,,,Can't tell / Neither,,,,,,,,,,,,,,,,,,,,,,,,,,,,,,,,,,,,,,,,,,,,,,Systematic label,,,,,,,,,,,,,,,,,,,,,,,,,,,,,,
GM9Y3M,0,8,bpsyw,,,Can't tell / Neither,,,,,,,,,,,,,,,,,,,,,,,,,,,,,,,,,,,,,,,,,,,,,,,,,,,,,,,,,,,,,,,,,,,,,,,,,,,,,,,,,,,,,,,,,,,,Can't tell / Neither,,,,,,,,,,,,,,,,,,,,,,,,,,,,,,,,,,,,,,,,,,,,,,Systematic label,,,,,,,,,,,,,,,,,,,,,,,,,,,,,,
GM9Y3M,1,1,bpsyr,,Can't tell / Neither,,,,,,,,,,,,,,,,,,,,,,Can't tell / Neither,,,,,,,,,,,,,Can't tell / Neither,,,,,,,,,,,,,,,,,,,,,,,,,,,,,,,,,,,,,,,,,,,,,,,,,,,,,,,,,,,,,,,,,,,,,,,,,,,,,,,,,,,,,,,,,,,,,,,,,,,,,,,,,,,,,,,,,,,,,,,,,,,,,,,,,,,,,,
GM9Y3M,1,2,bpsyp,,Can't tell / Neither,,,,,,,,,,,,,,,,,,,,,,Can't tell / Neither,,,,,,,,,,,,,Can't tell / Neither,,,,,,,,,,,,,,,,,,,,,,,,,,,,,,,,,,,,,,,,,,,,,,,,,,,,,,,,,,,,,,,,,,,,,,,,,,,,,,,,,,,,,,,,,,,,,,,,,,,,,,,,,,,,,,,,,,,,,,,,,,,,,,,,,,,,,,
GM9Y3M,1,3,rosby,,Can't tell / Neither,,,,,,,,,,,,,,,,,,,,,,One-off label,,,,,,,,,,,,,Can't tell / Neither,,,,,,,,,,,,,,,,,,,,,,,,,,,,,,,,,,,,,,,,,,,,,,,,,,,,,,,,,,,,,,,,,,,,,,,,,,,,,,,,,,,,,,,,,,,,,,,,,,,,,,,,,,,,,,,,,,,,,,,,,,,,,,,,,,,,,,
GM9Y3M,1,4,rosbb,,Can't tell / Neither,,,,,,,,,,,,,,,,,,,,,,Can't tell / Neither,,,,,,,,,,,,,Can't tell / Neither,,,,,,,,,,,,,,,,,,,,,,,,,,,,,,,,,,,,,,,,,,,,,,,,,,,,,,,,,,,,,,,,,,,,,,,,,,,,,,,,,,,,,,,,,,,,,,,,,,,,,,,,,,,,,,,,,,,,,,,,,,,,,,,,,,,,,,
GM9Y3M,1,5,rosbb,,Can't tell / Neither,,,,,,,,,,,,,,,,,,,,,,Can't tell / Neither,,,,,,,,,,,,,Can't tell / Neither,,,,,,,,,,,,,,,,,,,,,,,,,,,,,,,,,,,,,,,,,,,,,,,,,,,,,,,,,,,,,,,,,,,,,,,,,,,,,,,,,,,,,,,,,,,,,,,,,,,,,,,,,,,,,,,,,,,,,,,,,,,,,,,,,,,,,,
GM9Y3M,1,6,rosbb,,Can't tell / Neither,,,,,,,,,,,,,,,,,,,,,,Can't tell / Neither,,,,,,,,,,,,,Can't tell / Neither,,,,,,,,,,,,,,,,,,,,,,,,,,,,,,,,,,,,,,,,,,,,,,,,,,,,,,,,,,,,,,,,,,,,,,,,,,,,,,,,,,,,,,,,,,,,,,,,,,,,,,,,,,,,,,,,,,,,,,,,,,,,,,,,,,,,,,
GM9Y3M,1,7,bpsyw,,Can't tell / Neither,,,,,,,,,,,,,,,,,,,,,,One-off label,,,,,,,,,,,,,Can't tell / Neither,,,,,,,,,,,,,,,,,,,,,,,,,,,,,,,,,,,,,,,,,,,,,,,,,,,,,,,,,,,,,,,,,,,,,,,,,,,,,,,,,,,,,,,,,,,,,,,,,,,,,,,,,,,,,,,,,,,,,,,,,,,,,,,,,,,,,,
GM9Y3M,1,8,bpsyw,,Can't tell / Neither,,,,,,,,,,,,,,,,,,,,,,One-off label,,,,,,,,,,,,,Can't tell / Neither,,,,,,,,,,,,,,,,,,,,,,,,,,,,,,,,,,,,,,,,,,,,,,,,,,,,,,,,,,,,,,,,,,,,,,,,,,,,,,,,,,,,,,,,,,,,,,,,,,,,,,,,,,,,,,,,,,,,,,,,,,,,,,,,,,,,,,
GWNNPQ,0,1,pbyp,,,,,,,,,,,,,,,,,,,,,,,,,,,,,,,,Systematic label,,,,,,,,,,,,,,,,,,,,,,,,,,,,,,,,One-off label,,,,,,,,,,,,,,,,,,,,,,,,,,,,,,,,,,,,,,,,,,,,,,,,,,,,,,,,,,,,,,Systematic label,,,,,,,,,,,,,,,,,,,,,,,,,,,,,,,,,,,,,,,,,,,,,
GWNNPQ,0,2,pby,,,,,,,,,,,,,,,,,,,,,,,,,,,,,,,,Systematic label,,,,,,,,,,,,,,,,,,,,,,,,,,,,,,,,Systematic label,,,,,,,,,,,,,,,,,,,,,,,,,,,,,,,,,,,,,,,,,,,,,,,,,,,,,,,,,,,,,,Systematic label,,,,,,,,,,,,,,,,,,,,,,,,,,,,,,,,,,,,,,,,,,,,,
GWNNPQ,0,3,orbt,,,,,,,,,,,,,,,,,,,,,,,,,,,,,,,,Systematic label,,,,,,,,,,,,,,,,,,,,,,,,,,,,,,,,Systematic label,,,,,,,,,,,,,,,,,,,,,,,,,,,,,,,,,,,,,,,,,,,,,,,,,,,,,,,,,,,,,,Systematic label,,,,,,,,,,,,,,,,,,,,,,,,,,,,,,,,,,,,,,,,,,,,,
GWNNPQ,0,4,orb,,,,,,,,,,,,,,,,,,,,,,,,,,,,,,,,Systematic label,,,,,,,,,,,,,,,,,,,,,,,,,,,,,,,,Systematic label,,,,,,,,,,,,,,,,,,,,,,,,,,,,,,,,,,,,,,,,,,,,,,,,,,,,,,,,,,,,,,Can't tell / Neither,,,,,,,,,,,,,,,,,,,,,,,,,,,,,,,,,,,,,,,,,,,,,
GWNNPQ,0,5,orb,,,,,,,,,,,,,,,,,,,,,,,,,,,,,,,,Systematic label,,,,,,,,,,,,,,,,,,,,,,,,,,,,,,,,Systematic label,,,,,,,,,,,,,,,,,,,,,,,,,,,,,,,,,,,,,,,,,,,,,,,,,,,,,,,,,,,,,,Can't tell / Neither,,,,,,,,,,,,,,,,,,,,,,,,,,,,,,,,,,,,,,,,,,,,,
GWNNPQ,0,6,orb,,,,,,,,,,,,,,,,,,,,,,,,,,,,,,,,Systematic label,,,,,,,,,,,,,,,,,,,,,,,,,,,,,,,,Systematic label,,,,,,,,,,,,,,,,,,,,,,,,,,,,,,,,,,,,,,,,,,,,,,,,,,,,,,,,,,,,,,Can't tell / Neither,,,,,,,,,,,,,,,,,,,,,,,,,,,,,,,,,,,,,,,,,,,,,
GWNNPQ,0,7,pby,,,,,,,,,,,,,,,,,,,,,,,,,,,,,,,,Systematic label,,,,,,,,,,,,,,,,,,,,,,,,,,,,,,,,One-off label,,,,,,,,,,,,,,,,,,,,,,,,,,,,,,,,,,,,,,,,,,,,,,,,,,,,,,,,,,,,,,Systematic label,,,,,,,,,,,,,,,,,,,,,,,,,,,,,,,,,,,,,,,,,,,,,
GWNNPQ,0,8,pbyt,,,,,,,,,,,,,,,,,,,,,,,,,,,,,,,,Systematic label,,,,,,,,,,,,,,,,,,,,,,,,,,,,,,,,One-off label,,,,,,,,,,,,,,,,,,,,,,,,,,,,,,,,,,,,,,,,,,,,,,,,,,,,,,,,,,,,,,Systematic label,,,,,,,,,,,,,,,,,,,,,,,,,,,,,,,,,,,,,,,,,,,,,
GWNNPQ,1,1,pbyp,,,,,,,,,,,,Systematic label,,,,,,,,,,,,,,,,,,,,,,,,,,,Systematic label,,,,,,,,,,,,,,,,,,,,,,,,,,,,,,,,,,,,,,,,,,,,,,,,,,,,,,,,,,,Can't tell / Neither,,,,,,,,,,,,,,,,,,,,,,,,,,,,,,,,,,,,,,,,,,,,,,,,,,,,,,,,,,,,,,,,,,,,,,,,,
GWNNPQ,1,2,pby,,,,,,,,,,,,Systematic label,,,,,,,,,,,,,,,,,,,,,,,,,,,Systematic label,,,,,,,,,,,,,,,,,,,,,,,,,,,,,,,,,,,,,,,,,,,,,,,,,,,,,,,,,,,Can't tell / Neither,,,,,,,,,,,,,,,,,,,,,,,,,,,,,,,,,,,,,,,,,,,,,,,,,,,,,,,,,,,,,,,,,,,,,,,,,
GWNNPQ,1,3,orbt,,,,,,,,,,,,Systematic label,,,,,,,,,,,,,,,,,,,,,,,,,,,Systematic label,,,,,,,,,,,,,,,,,,,,,,,,,,,,,,,,,,,,,,,,,,,,,,,,,,,,,,,,,,,Can't tell / Neither,,,,,,,,,,,,,,,,,,,,,,,,,,,,,,,,,,,,,,,,,,,,,,,,,,,,,,,,,,,,,,,,,,,,,,,,,
GWNNPQ,1,4,orbt,,,,,,,,,,,,Systematic label,,,,,,,,,,,,,,,,,,,,,,,,,,,Systematic label,,,,,,,,,,,,,,,,,,,,,,,,,,,,,,,,,,,,,,,,,,,,,,,,,,,,,,,,,,,Can't tell / Neither,,,,,,,,,,,,,,,,,,,,,,,,,,,,,,,,,,,,,,,,,,,,,,,,,,,,,,,,,,,,,,,,,,,,,,,,,
GWNNPQ,1,5,orb,,,,,,,,,,,,Systematic label,,,,,,,,,,,,,,,,,,,,,,,,,,,Systematic label,,,,,,,,,,,,,,,,,,,,,,,,,,,,,,,,,,,,,,,,,,,,,,,,,,,,,,,,,,,Can't tell / Neither,,,,,,,,,,,,,,,,,,,,,,,,,,,,,,,,,,,,,,,,,,,,,,,,,,,,,,,,,,,,,,,,,,,,,,,,,
GWNNPQ,1,6,orbb,,,,,,,,,,,,Systematic label,,,,,,,,,,,,,,,,,,,,,,,,,,,Systematic label,,,,,,,,,,,,,,,,,,,,,,,,,,,,,,,,,,,,,,,,,,,,,,,,,,,,,,,,,,,Can't tell / Neither,,,,,,,,,,,,,,,,,,,,,,,,,,,,,,,,,,,,,,,,,,,,,,,,,,,,,,,,,,,,,,,,,,,,,,,,,
GWNNPQ,1,7,pby,,,,,,,,,,,,Systematic label,,,,,,,,,,,,,,,,,,,,,,,,,,,Systematic label,,,,,,,,,,,,,,,,,,,,,,,,,,,,,,,,,,,,,,,,,,,,,,,,,,,,,,,,,,,Can't tell / Neither,,,,,,,,,,,,,,,,,,,,,,,,,,,,,,,,,,,,,,,,,,,,,,,,,,,,,,,,,,,,,,,,,,,,,,,,,
GWNNPQ,1,8,pbyt,,,,,,,,,,,,Systematic label,,,,,,,,,,,,,,,,,,,,,,,,,,,Systematic label,,,,,,,,,,,,,,,,,,,,,,,,,,,,,,,,,,,,,,,,,,,,,,,,,,,,,,,,,,,Can't tell / Neither,,,,,,,,,,,,,,,,,,,,,,,,,,,,,,,,,,,,,,,,,,,,,,,,,,,,,,,,,,,,,,,,,,,,,,,,,
H82ZJ4,0,1,(no response),,,,,,,,,,,,,,,,Can't tell / Neither,,,,,,,,,,,,,,,,,,,,,,,,,,,,,,,,,,,,,,,,,,,,,,,,,,,,,,,,,,,,,,,,,,,,,,,,,,,,Can't tell / Neither,,,,,,,,,,,,,,,,,,,,,,,,,,,,Can't tell / Neither,,,,,,,,,,,,,,,,,,,,,,,,,,,,,,,,,,,,,,,,,,,,,,,,,,,
H82ZJ4,0,2,ll,,,,,,,,,,,,,,,,Systematic label,,,,,,,,,,,,,,,,,,,,,,,,,,,,,,,,,,,,,,,,,,,,,,,,,,,,,,,,,,,,,,,,,,,,,,,,,,,,Can't tell / Neither,,,,,,,,,,,,,,,,,,,,,,,,,,,,Can't tell / Neither,,,,,,,,,,,,,,,,,,,,,,,,,,,,,,,,,,,,,,,,,,,,,,,,,,,
H82ZJ4,0,3,ar,,,,,,,,,,,,,,,,Systematic label,,,,,,,,,,,,,,,,,,,,,,,,,,,,,,,,,,,,,,,,,,,,,,,,,,,,,,,,,,,,,,,,,,,,,,,,,,,,Systematic label,,,,,,,,,,,,,,,,,,,,,,,,,,,,Can't tell / Neither,,,,,,,,,,,,,,,,,,,,,,,,,,,,,,,,,,,,,,,,,,,,,,,,,,,
H82ZJ4,0,4,lr,,,,,,,,,,,,,,,,Systematic label,,,,,,,,,,,,,,,,,,,,,,,,,,,,,,,,,,,,,,,,,,,,,,,,,,,,,,,,,,,,,,,,,,,,,,,,,,,,Systematic label,,,,,,,,,,,,,,,,,,,,,,,,,,,,Can't tell / Neither,,,,,,,,,,,,,,,,,,,,,,,,,,,,,,,,,,,,,,,,,,,,,,,,,,,
H82ZJ4,0,5,al,,,,,,,,,,,,,,,,Systematic label,,,,,,,,,,,,,,,,,,,,,,,,,,,,,,,,,,,,,,,,,,,,,,,,,,,,,,,,,,,,,,,,,,,,,,,,,,,,Systematic label,,,,,,,,,,,,,,,,,,,,,,,,,,,,Can't tell / Neither,,,,,,,,,,,,,,,,,,,,,,,,,,,,,,,,,,,,,,,,,,,,,,,,,,,
H82ZJ4,0,6,ar,,,,,,,,,,,,,,,,Systematic label,,,,,,,,,,,,,,,,,,,,,,,,,,,,,,,,,,,,,,,,,,,,,,,,,,,,,,,,,,,,,,,,,,,,,,,,,,,,Systematic label,,,,,,,,,,,,,,,,,,,,,,,,,,,,Can't tell / Neither,,,,,,,,,,,,,,,,,,,,,,,,,,,,,,,,,,,,,,,,,,,,,,,,,,,
H82ZJ4,0,7,ar,,,,,,,,,,,,,,,,Systematic label,,,,,,,,,,,,,,,,,,,,,,,,,,,,,,,,,,,,,,,,,,,,,,,,,,,,,,,,,,,,,,,,,,,,,,,,,,,,Systematic label,,,,,,,,,,,,,,,,,,,,,,,,,,,,Can't tell / Neither,,,,,,,,,,,,,,,,,,,,,,,,,,,,,,,,,,,,,,,,,,,,,,,,,,,
H82ZJ4,0,8,ar,,,,,,,,,,,,,,,,Systematic label,,,,,,,,,,,,,,,,,,,,,,,,,,,,,,,,,,,,,,,,,,,,,,,,,,,,,,,,,,,,,,,,,,,,,,,,,,,,Systematic label,,,,,,,,,,,,,,,,,,,,,,,,,,,,Can't tell / Neither,,,,,,,,,,,,,,,,,,,,,,,,,,,,,,,,,,,,,,,,,,,,,,,,,,,
H82ZJ4,1,1,al,,,,,,,,,,,,,,,,,,,,,,,,,,,,,,,,,,,,,,,,,,,,,,,,,,,,,,,,,,,,,,,,,Systematic label,,,,,,,,,,Can't tell / Neither,,,,,,,,,,,,,,,,,,,,,,,,,,,,,,,,,,,,,,,,,,,,,,,,,,,,,,,,,,,,,,,,,,,,,,,,,,,,,,,,,,,,,,,,,,,,,,,,
H82ZJ4,1,2,al,,,,,,,,,,,,,,,,,,,,,,,,,,,,,,,,,,,,,,,,,,,,,,,,,,,,,,,,,,,,,,,,,Systematic label,,,,,,,,,,Can't tell / Neither,,,,,,,,,,,,,,,,,,,,,,,,,,,,,,,,,,,,,,,,,,,,,,,,,,,,,,,,,,,,,,,,,,,,,,,,,,,,,,,,,,,,,,,,,,,,,,,,
H82ZJ4,1,3,af,,,,,,,,,,,,,,,,,,,,,,,,,,,,,,,,,,,,,,,,,,,,,,,,,,,,,,,,,,,,,,,,,Systematic label,,,,,,,,,,Can't tell / Neither,,,,,,,,,,,,,,,,,,,,,,,,,,,,,,,,,,,,,,,,,,,,,,,,,,,,,,,,,,,,,,,,,,,,,,,,,,,,,,,,,,,,,,,,,,,,,,,,
H82ZJ4,1,4,ar,,,,,,,,,,,,,,,,,,,,,,,,,,,,,,,,,,,,,,,,,,,,,,,,,,,,,,,,,,,,,,,,,Systematic label,,,,,,,,,,Can't tell / Neither,,,,,,,,,,,,,,,,,,,,,,,,,,,,,,,,,,,,,,,,,,,,,,,,,,,,,,,,,,,,,,,,,,,,,,,,,,,,,,,,,,,,,,,,,,,,,,,,
H82ZJ4,1,5,al,,,,,,,,,,,,,,,,,,,,,,,,,,,,,,,,,,,,,,,,,,,,,,,,,,,,,,,,,,,,,,,,,Systematic label,,,,,,,,,,Can't tell / Neither,,,,,,,,,,,,,,,,,,,,,,,,,,,,,,,,,,,,,,,,,,,,,,,,,,,,,,,,,,,,,,,,,,,,,,,,,,,,,,,,,,,,,,,,,,,,,,,,
H82ZJ4,1,6,ar,,,,,,,,,,,,,,,,,,,,,,,,,,,,,,,,,,,,,,,,,,,,,,,,,,,,,,,,,,,,,,,,,Systematic label,,,,,,,,,,Can't tell / Neither,,,,,,,,,,,,,,,,,,,,,,,,,,,,,,,,,,,,,,,,,,,,,,,,,,,,,,,,,,,,,,,,,,,,,,,,,,,,,,,,,,,,,,,,,,,,,,,,
H82ZJ4,1,7,al,,,,,,,,,,,,,,,,,,,,,,,,,,,,,,,,,,,,,,,,,,,,,,,,,,,,,,,,,,,,,,,,,Systematic label,,,,,,,,,,Can't tell / Neither,,,,,,,,,,,,,,,,,,,,,,,,,,,,,,,,,,,,,,,,,,,,,,,,,,,,,,,,,,,,,,,,,,,,,,,,,,,,,,,,,,,,,,,,,,,,,,,,
H82ZJ4,1,8,ar,,,,,,,,,,,,,,,,,,,,,,,,,,,,,,,,,,,,,,,,,,,,,,,,,,,,,,,,,,,,,,,,,Systematic label,,,,,,,,,,Can't tell / Neither,,,,,,,,,,,,,,,,,,,,,,,,,,,,,,,,,,,,,,,,,,,,,,,,,,,,,,,,,,,,,,,,,,,,,,,,,,,,,,,,,,,,,,,,,,,,,,,,
HDK8KE,0,1,celebrating,,,One-off label,,,,,,,,,,,,,,,,,,,,,,,,,,,,,,,,,,,,,,,,,,,,,,,,,,,,,,,,,,,,,,,,,,,,,,,,,,,,,,,,,,,,,,,,,,,,,,,,,,,,,,,,,,,,,,,,,,,,,,,,,,,,,,,,,,,,,,,,,,,,,,,,,,,,,,,,One-off label,,,,,,,,,,One-off label,,,,,,
HDK8KE,0,2,kicking,,,One-off label,,,,,,,,,,,,,,,,,,,,,,,,,,,,,,,,,,,,,,,,,,,,,,,,,,,,,,,,,,,,,,,,,,,,,,,,,,,,,,,,,,,,,,,,,,,,,,,,,,,,,,,,,,,,,,,,,,,,,,,,,,,,,,,,,,,,,,,,,,,,,,,,,,,,,,,,One-off label,,,,,,,,,,One-off label,,,,,,
HDK8KE,0,3,yoga,,,One-off label,,,,,,,,,,,,,,,,,,,,,,,,,,,,,,,,,,,,,,,,,,,,,,,,,,,,,,,,,,,,,,,,,,,,,,,,,,,,,,,,,,,,,,,,,,,,,,,,,,,,,,,,,,,,,,,,,,,,,,,,,,,,,,,,,,,,,,,,,,,,,,,,,,,,,,,,One-off label,,,,,,,,,,One-off label,,,,,,
HDK8KE,0,4,gymnastics,,,One-off label,,,,,,,,,,,,,,,,,,,,,,,,,,,,,,,,,,,,,,,,,,,,,,,,,,,,,,,,,,,,,,,,,,,,,,,,,,,,,,,,,,,,,,,,,,,,,,,,,,,,,,,,,,,,,,,,,,,,,,,,,,,,,,,,,,,,,,,,,,,,,,,,,,,,,,,,One-off label,,,,,,,,,,One-off label,,,,,,
HDK8KE,0,5,standing,,,One-off label,,,,,,,,,,,,,,,,,,,,,,,,,,,,,,,,,,,,,,,,,,,,,,,,,,,,,,,,,,,,,,,,,,,,,,,,,,,,,,,,,,,,,,,,,,,,,,,,,,,,,,,,,,,,,,,,,,,,,,,,,,,,,,,,,,,,,,,,,,,,,,,,,,,,,,,,One-off label,,,,,,,,,,One-off label,,,,,,
HDK8KE,0,6,praying,,,One-off label,,,,,,,,,,,,,,,,,,,,,,,,,,,,,,,,,,,,,,,,,,,,,,,,,,,,,,,,,,,,,,,,,,,,,,,,,,,,,,,,,,,,,,,,,,,,,,,,,,,,,,,,,,,,,,,,,,,,,,,,,,,,,,,,,,,,,,,,,,,,,,,,,,,,,,,,One-off label,,,,,,,,,,One-off label,,,,,,
HDK8KE,0,7,yoga,,,One-off label,,,,,,,,,,,,,,,,,,,,,,,,,,,,,,,,,,,,,,,,,,,,,,,,,,,,,,,,,,,,,,,,,,,,,,,,,,,,,,,,,,,,,,,,,,,,,,,,,,,,,,,,,,,,,,,,,,,,,,,,,,,,,,,,,,,,,,,,,,,,,,,,,,,,,,,,One-off label,,,,,,,,,,One-off label,,,,,,
HDK8KE,0,8,praying,,,One-off label,,,,,,,,,,,,,,,,,,,,,,,,,,,,,,,,,,,,,,,,,,,,,,,,,,,,,,,,,,,,,,,,,,,,,,,,,,,,,,,,,,,,,,,,,,,,,,,,,,,,,,,,,,,,,,,,,,,,,,,,,,,,,,,,,,,,,,,,,,,,,,,,,,,,,,,,One-off label,,,,,,,,,,One-off label,,,,,,
HDK8KE,1,1,celebrating,,,,,,,,,,,,,,,,,,One-off label,,,,,,,,,,,,,,,,,,,,,,,Can't tell / Neither,,,,,,,,,,,,,,,,,One-off label,,,,,,,,,,,,,,,,,,,,,,,,,,,,,,,,,,,,,,,,,,,,,,,,,,,,,,,,,,,,,,,,,,,,,,,,,,,,,,,,,,,,,,,,,,,,,,,,,,,,,,,,,,,,,,,,,
HDK8KE,1,2,kicking,,,,,,,,,,,,,,,,,,One-off label,,,,,,,,,,,,,,,,,,,,,,,One-off label,,,,,,,,,,,,,,,,,One-off label,,,,,,,,,,,,,,,,,,,,,,,,,,,,,,,,,,,,,,,,,,,,,,,,,,,,,,,,,,,,,,,,,,,,,,,,,,,,,,,,,,,,,,,,,,,,,,,,,,,,,,,,,,,,,,,,,
HDK8KE,1,3,kneeling,,,,,,,,,,,,,,,,,,One-off label,,,,,,,,,,,,,,,,,,,,,,,One-off label,,,,,,,,,,,,,,,,,One-off label,,,,,,,,,,,,,,,,,,,,,,,,,,,,,,,,,,,,,,,,,,,,,,,,,,,,,,,,,,,,,,,,,,,,,,,,,,,,,,,,,,,,,,,,,,,,,,,,,,,,,,,,,,,,,,,,,
HDK8KE,1,4,yoga,,,,,,,,,,,,,,,,,,One-off label,,,,,,,,,,,,,,,,,,,,,,,One-off label,,,,,,,,,,,,,,,,,Systematic label,,,,,,,,,,,,,,,,,,,,,,,,,,,,,,,,,,,,,,,,,,,,,,,,,,,,,,,,,,,,,,,,,,,,,,,,,,,,,,,,,,,,,,,,,,,,,,,,,,,,,,,,,,,,,,,,,
HDK8KE,1,5,praying,,,,,,,,,,,,,,,,,,One-off label,,,,,,,,,,,,,,,,,,,,,,,Can't tell / Neither,,,,,,,,,,,,,,,,,One-off label,,,,,,,,,,,,,,,,,,,,,,,,,,,,,,,,,,,,,,,,,,,,,,,,,,,,,,,,,,,,,,,,,,,,,,,,,,,,,,,,,,,,,,,,,,,,,,,,,,,,,,,,,,,,,,,,,
HDK8KE,1,6,praying,,,,,,,,,,,,,,,,,,One-off label,,,,,,,,,,,,,,,,,,,,,,,One-off label,,,,,,,,,,,,,,,,,One-off label,,,,,,,,,,,,,,,,,,,,,,,,,,,,,,,,,,,,,,,,,,,,,,,,,,,,,,,,,,,,,,,,,,,,,,,,,,,,,,,,,,,,,,,,,,,,,,,,,,,,,,,,,,,,,,,,,
HDK8KE,1,7,yoga,,,,,,,,,,,,,,,,,,One-off label,,,,,,,,,,,,,,,,,,,,,,,Can't tell / Neither,,,,,,,,,,,,,,,,,Systematic label,,,,,,,,,,,,,,,,,,,,,,,,,,,,,,,,,,,,,,,,,,,,,,,,,,,,,,,,,,,,,,,,,,,,,,,,,,,,,,,,,,,,,,,,,,,,,,,,,,,,,,,,,,,,,,,,,
HDK8KE,1,8,praying,,,,,,,,,,,,,,,,,,One-off label,,,,,,,,,,,,,,,,,,,,,,,Can't tell / Neither,,,,,,,,,,,,,,,,,One-off label,,,,,,,,,,,,,,,,,,,,,,,,,,,,,,,,,,,,,,,,,,,,,,,,,,,,,,,,,,,,,,,,,,,,,,,,,,,,,,,,,,,,,,,,,,,,,,,,,,,,,,,,,,,,,,,,,
HJAME1,0,1,fly,,,,,,,,,,,,,,One-off label,,,,,,,,,,,,,,,,,,,,,,,,,,,,,,,,,,,,,,,,,,,,,,,,,,,,,,,,One-off label,,,,,,,One-off label,,,,,,,,,,,,,,,,,,,,,,,,,,,,,,,,,,,,,,,,,,,,,,,,,,,,,,,,,,,,,,,,,,,,,,,,,,,,,,,,,,,,,,,,,,,,,,
HJAME1,0,2,dancer,,,,,,,,,,,,,,One-off label,,,,,,,,,,,,,,,,,,,,,,,,,,,,,,,,,,,,,,,,,,,,,,,,,,,,,,,,One-off label,,,,,,,Systematic label,,,,,,,,,,,,,,,,,,,,,,,,,,,,,,,,,,,,,,,,,,,,,,,,,,,,,,,,,,,,,,,,,,,,,,,,,,,,,,,,,,,,,,,,,,,,,,
HJAME1,0,3,cross,,,,,,,,,,,,,,Can't tell / Neither,,,,,,,,,,,,,,,,,,,,,,,,,,,,,,,,,,,,,,,,,,,,,,,,,,,,,,,,One-off label,,,,,,,One-off label,,,,,,,,,,,,,,,,,,,,,,,,,,,,,,,,,,,,,,,,,,,,,,,,,,,,,,,,,,,,,,,,,,,,,,,,,,,,,,,,,,,,,,,,,,,,,,
HJAME1,0,4,ballet,,,,,,,,,,,,,,One-off label,,,,,,,,,,,,,,,,,,,,,,,,,,,,,,,,,,,,,,,,,,,,,,,,,,,,,,,,One-off label,,,,,,,Systematic label,,,,,,,,,,,,,,,,,,,,,,,,,,,,,,,,,,,,,,,,,,,,,,,,,,,,,,,,,,,,,,,,,,,,,,,,,,,,,,,,,,,,,,,,,,,,,,
HJAME1,0,5,bishop,,,,,,,,,,,,,,One-off label,,,,,,,,,,,,,,,,,,,,,,,,,,,,,,,,,,,,,,,,,,,,,,,,,,,,,,,,One-off label,,,,,,,One-off label,,,,,,,,,,,,,,,,,,,,,,,,,,,,,,,,,,,,,,,,,,,,,,,,,,,,,,,,,,,,,,,,,,,,,,,,,,,,,,,,,,,,,,,,,,,,,,
HJAME1,0,6,zigzag,,,,,,,,,,,,,,Can't tell / Neither,,,,,,,,,,,,,,,,,,,,,,,,,,,,,,,,,,,,,,,,,,,,,,,,,,,,,,,,One-off label,,,,,,,One-off label,,,,,,,,,,,,,,,,,,,,,,,,,,,,,,,,,,,,,,,,,,,,,,,,,,,,,,,,,,,,,,,,,,,,,,,,,,,,,,,,,,,,,,,,,,,,,,
HJAME1,0,7,bride,,,,,,,,,,,,,,One-off label,,,,,,,,,,,,,,,,,,,,,,,,,,,,,,,,,,,,,,,,,,,,,,,,,,,,,,,,One-off label,,,,,,,One-off label,,,,,,,,,,,,,,,,,,,,,,,,,,,,,,,,,,,,,,,,,,,,,,,,,,,,,,,,,,,,,,,,,,,,,,,,,,,,,,,,,,,,,,,,,,,,,,
HJAME1,0,8,swan,,,,,,,,,,,,,,One-off label,,,,,,,,,,,,,,,,,,,,,,,,,,,,,,,,,,,,,,,,,,,,,,,,,,,,,,,,One-off label,,,,,,,Systematic label,,,,,,,,,,,,,,,,,,,,,,,,,,,,,,,,,,,,,,,,,,,,,,,,,,,,,,,,,,,,,,,,,,,,,,,,,,,,,,,,,,,,,,,,,,,,,,
HJAME1,1,1,fly,,,,,,,,,,,,,,,,,,,,,,,,,,,,,,,,,,,One-off label,,,,,,,,,,,,,,,,,,,,,,One-off label,,,,,,,,,,,,,,,,,,,,,,,,,,,,,,,,,,,,,,,,,,,,,,,,,,,,,,,,,,,,,,,,,,,,,,,,,,,,,,,,,,,,,,,,,,,,,,,,One-off label,,,,,,,,,,,,,,,,,,
HJAME1,1,2,zigzag,,,,,,,,,,,,,,,,,,,,,,,,,,,,,,,,,,,Systematic label,,,,,,,,,,,,,,,,,,,,,,One-off label,,,,,,,,,,,,,,,,,,,,,,,,,,,,,,,,,,,,,,,,,,,,,,,,,,,,,,,,,,,,,,,,,,,,,,,,,,,,,,,,,,,,,,,,,,,,,,,,One-off label,,,,,,,,,,,,,,,,,,
HJAME1,1,3,bishop,,,,,,,,,,,,,,,,,,,,,,,,,,,,,,,,,,,Can't tell / Neither,,,,,,,,,,,,,,,,,,,,,,One-off label,,,,,,,,,,,,,,,,,,,,,,,,,,,,,,,,,,,,,,,,,,,,,,,,,,,,,,,,,,,,,,,,,,,,,,,,,,,,,,,,,,,,,,,,,,,,,,,,One-off label,,,,,,,,,,,,,,,,,,
HJAME1,1,4,ballet,,,,,,,,,,,,,,,,,,,,,,,,,,,,,,,,,,,Systematic label,,,,,,,,,,,,,,,,,,,,,,One-off label,,,,,,,,,,,,,,,,,,,,,,,,,,,,,,,,,,,,,,,,,,,,,,,,,,,,,,,,,,,,,,,,,,,,,,,,,,,,,,,,,,,,,,,,,,,,,,,,One-off label,,,,,,,,,,,,,,,,,,
HJAME1,1,5,bishop,,,,,,,,,,,,,,,,,,,,,,,,,,,,,,,,,,,Can't tell / Neither,,,,,,,,,,,,,,,,,,,,,,One-off label,,,,,,,,,,,,,,,,,,,,,,,,,,,,,,,,,,,,,,,,,,,,,,,,,,,,,,,,,,,,,,,,,,,,,,,,,,,,,,,,,,,,,,,,,,,,,,,,One-off label,,,,,,,,,,,,,,,,,,
HJAME1,1,6,zigzag,,,,,,,,,,,,,,,,,,,,,,,,,,,,,,,,,,,Systematic label,,,,,,,,,,,,,,,,,,,,,,One-off label,,,,,,,,,,,,,,,,,,,,,,,,,,,,,,,,,,,,,,,,,,,,,,,,,,,,,,,,,,,,,,,,,,,,,,,,,,,,,,,,,,,,,,,,,,,,,,,,One-off label,,,,,,,,,,,,,,,,,,
HJAME1,1,7,swan,,,,,,,,,,,,,,,,,,,,,,,,,,,,,,,,,,,One-off label,,,,,,,,,,,,,,,,,,,,,,One-off label,,,,,,,,,,,,,,,,,,,,,,,,,,,,,,,,,,,,,,,,,,,,,,,,,,,,,,,,,,,,,,,,,,,,,,,,,,,,,,,,,,,,,,,,,,,,,,,,One-off label,,,,,,,,,,,,,,,,,,
HJAME1,1,8,swan,,,,,,,,,,,,,,,,,,,,,,,,,,,,,,,,,,,One-off label,,,,,,,,,,,,,,,,,,,,,,One-off label,,,,,,,,,,,,,,,,,,,,,,,,,,,,,,,,,,,,,,,,,,,,,,,,,,,,,,,,,,,,,,,,,,,,,,,,,,,,,,,,,,,,,,,,,,,,,,,,One-off label,,,,,,,,,,,,,,,,,,
HKFCMX,0,1,stand one,,,,,,,Systematic label,,,,,,,,,,,,,,,,,,,,,,,,,,Can't tell / Neither,,,,,,,,,,,,,,,,,,,,,,,,,,,,,,,,,,,,,One-off label,,,,,,,,,,,,,,,,,,,,,,,,,,,,,,,,,,,,,,,,,,,,,,,,,,,,,,,,,,,,,,,,,,,,,,,,,,,,,,,,,,,,,,,,,,,,,,,,,,,,,
HKFCMX,0,2,stand two,,,,,,,Systematic label,,,,,,,,,,,,,,,,,,,,,,,,,,Can't tell / Neither,,,,,,,,,,,,,,,,,,,,,,,,,,,,,,,,,,,,,One-off label,,,,,,,,,,,,,,,,,,,,,,,,,,,,,,,,,,,,,,,,,,,,,,,,,,,,,,,,,,,,,,,,,,,,,,,,,,,,,,,,,,,,,,,,,,,,,,,,,,,,,
HKFCMX,0,3,kneel three,,,,,,,Systematic label,,,,,,,,,,,,,,,,,,,,,,,,,,Can't tell / Neither,,,,,,,,,,,,,,,,,,,,,,,,,,,,,,,,,,,,,One-off label,,,,,,,,,,,,,,,,,,,,,,,,,,,,,,,,,,,,,,,,,,,,,,,,,,,,,,,,,,,,,,,,,,,,,,,,,,,,,,,,,,,,,,,,,,,,,,,,,,,,,
HKFCMX,0,4,stand four,,,,,,,Systematic label,,,,,,,,,,,,,,,,,,,,,,,,,,Can't tell / Neither,,,,,,,,,,,,,,,,,,,,,,,,,,,,,,,,,,,,,One-off label,,,,,,,,,,,,,,,,,,,,,,,,,,,,,,,,,,,,,,,,,,,,,,,,,,,,,,,,,,,,,,,,,,,,,,,,,,,,,,,,,,,,,,,,,,,,,,,,,,,,,
HKFCMX,0,5,stand five,,,,,,,Systematic label,,,,,,,,,,,,,,,,,,,,,,,,,,Can't tell / Neither,,,,,,,,,,,,,,,,,,,,,,,,,,,,,,,,,,,,,One-off label,,,,,,,,,,,,,,,,,,,,,,,,,,,,,,,,,,,,,,,,,,,,,,,,,,,,,,,,,,,,,,,,,,,,,,,,,,,,,,,,,,,,,,,,,,,,,,,,,,,,,
HKFCMX,0,6,kneel six,,,,,,,Systematic label,,,,,,,,,,,,,,,,,,,,,,,,,,Can't tell / Neither,,,,,,,,,,,,,,,,,,,,,,,,,,,,,,,,,,,,,One-off label,,,,,,,,,,,,,,,,,,,,,,,,,,,,,,,,,,,,,,,,,,,,,,,,,,,,,,,,,,,,,,,,,,,,,,,,,,,,,,,,,,,,,,,,,,,,,,,,,,,,,
HKFCMX,0,7,stand seven,,,,,,,Systematic label,,,,,,,,,,,,,,,,,,,,,,,,,,Can't tell / Neither,,,,,,,,,,,,,,,,,,,,,,,,,,,,,,,,,,,,,One-off label,,,,,,,,,,,,,,,,,,,,,,,,,,,,,,,,,,,,,,,,,,,,,,,,,,,,,,,,,,,,,,,,,,,,,,,,,,,,,,,,,,,,,,,,,,,,,,,,,,,,,
HKFCMX,0,8,kneel eight,,,,,,,Systematic label,,,,,,,,,,,,,,,,,,,,,,,,,,Can't tell / Neither,,,,,,,,,,,,,,,,,,,,,,,,,,,,,,,,,,,,,One-off label,,,,,,,,,,,,,,,,,,,,,,,,,,,,,,,,,,,,,,,,,,,,,,,,,,,,,,,,,,,,,,,,,,,,,,,,,,,,,,,,,,,,,,,,,,,,,,,,,,,,,
HKFCMX,1,1,stand six,,,,,,,,,,,,,,,,,,,,,,,,,,,,,,,,,,,Systematic label,,,,Systematic label,,,,,,,,,,,,,,,,,,,,Systematic label,,,,,,,,,,,,,,,,,,,,,,,,,,,,,,,,,,,,,,,,,,,,,,,,,,,,,,,,,,,,,,,,,,,,,,,,,,,,,,,,,,,,,,,,,,,,,,,,,,,,,,,,,,,,,,,,
HKFCMX,1,2,stand two,,,,,,,,,,,,,,,,,,,,,,,,,,,,,,,,,,,Systematic label,,,,Systematic label,,,,,,,,,,,,,,,,,,,,Systematic label,,,,,,,,,,,,,,,,,,,,,,,,,,,,,,,,,,,,,,,,,,,,,,,,,,,,,,,,,,,,,,,,,,,,,,,,,,,,,,,,,,,,,,,,,,,,,,,,,,,,,,,,,,,,,,,,
HKFCMX,1,3,kneel three,,,,,,,,,,,,,,,,,,,,,,,,,,,,,,,,,,,Systematic label,,,,Systematic label,,,,,,,,,,,,,,,,,,,,Systematic label,,,,,,,,,,,,,,,,,,,,,,,,,,,,,,,,,,,,,,,,,,,,,,,,,,,,,,,,,,,,,,,,,,,,,,,,,,,,,,,,,,,,,,,,,,,,,,,,,,,,,,,,,,,,,,,,
HKFCMX,1,4,stand eight,,,,,,,,,,,,,,,,,,,,,,,,,,,,,,,,,,,Systematic label,,,,Systematic label,,,,,,,,,,,,,,,,,,,,Systematic label,,,,,,,,,,,,,,,,,,,,,,,,,,,,,,,,,,,,,,,,,,,,,,,,,,,,,,,,,,,,,,,,,,,,,,,,,,,,,,,,,,,,,,,,,,,,,,,,,,,,,,,,,,,,,,,,
HKFCMX,1,5,stand one,,,,,,,,,,,,,,,,,,,,,,,,,,,,,,,,,,,Systematic label,,,,Systematic label,,,,,,,,,,,,,,,,,,,,Systematic label,,,,,,,,,,,,,,,,,,,,,,,,,,,,,,,,,,,,,,,,,,,,,,,,,,,,,,,,,,,,,,,,,,,,,,,,,,,,,,,,,,,,,,,,,,,,,,,,,,,,,,,,,,,,,,,,
HKFCMX,1,6,kneel four,,,,,,,,,,,,,,,,,,,,,,,,,,,,,,,,,,,Systematic label,,,,Systematic label,,,,,,,,,,,,,,,,,,,,Systematic label,,,,,,,,,,,,,,,,,,,,,,,,,,,,,,,,,,,,,,,,,,,,,,,,,,,,,,,,,,,,,,,,,,,,,,,,,,,,,,,,,,,,,,,,,,,,,,,,,,,,,,,,,,,,,,,,
HKFCMX,1,7,kneel five,,,,,,,,,,,,,,,,,,,,,,,,,,,,,,,,,,,Systematic label,,,,Systematic label,,,,,,,,,,,,,,,,,,,,Systematic label,,,,,,,,,,,,,,,,,,,,,,,,,,,,,,,,,,,,,,,,,,,,,,,,,,,,,,,,,,,,,,,,,,,,,,,,,,,,,,,,,,,,,,,,,,,,,,,,,,,,,,,,,,,,,,,,
HKFCMX,1,8,kneel three,,,,,,,,,,,,,,,,,,,,,,,,,,,,,,,,,,,Systematic label,,,,Systematic label,,,,,,,,,,,,,,,,,,,,Systematic label,,,,,,,,,,,,,,,,,,,,,,,,,,,,,,,,,,,,,,,,,,,,,,,,,,,,,,,,,,,,,,,,,,,,,,,,,,,,,,,,,,,,,,,,,,,,,,,,,,,,,,,,,,,,,,,,
HMN4B3,0,1,pray,,,,,,,,,,,,,,,,,,,,,,,,,,,,,,,,,,,,,,,,,,,,,,,,,One-off label,,,,,,,,,,,,,,,,,,,,,,,,,,,,,,,,,,,,,,,,,,,,,,,,,,,,,,,,,,,,,,,,,,,,,,,,,,,,,,,,,,One-off label,,,,,,,,,,,,Systematic label,,,,,,,,,,,,,,,,,,,,,,,,,,,,
HMN4B3,0,2,fu,,,,,,,,,,,,,,,,,,,,,,,,,,,,,,,,,,,,,,,,,,,,,,,,,Can't tell / Neither,,,,,,,,,,,,,,,,,,,,,,,,,,,,,,,,,,,,,,,,,,,,,,,,,,,,,,,,,,,,,,,,,,,,,,,,,,,,,,,,,,Systematic label,,,,,,,,,,,,One-off label,,,,,,,,,,,,,,,,,,,,,,,,,,,,
HMN4B3,0,3,frb,,,,,,,,,,,,,,,,,,,,,,,,,,,,,,,,,,,,,,,,,,,,,,,,,Systematic label,,,,,,,,,,,,,,,,,,,,,,,,,,,,,,,,,,,,,,,,,,,,,,,,,,,,,,,,,,,,,,,,,,,,,,,,,,,,,,,,,,Systematic label,,,,,,,,,,,,Systematic label,,,,,,,,,,,,,,,,,,,,,,,,,,,,
HMN4B3,0,4,skate,,,,,,,,,,,,,,,,,,,,,,,,,,,,,,,,,,,,,,,,,,,,,,,,,One-off label,,,,,,,,,,,,,,,,,,,,,,,,,,,,,,,,,,,,,,,,,,,,,,,,,,,,,,,,,,,,,,,,,,,,,,,,,,,,,,,,,,One-off label,,,,,,,,,,,,One-off label,,,,,,,,,,,,,,,,,,,,,,,,,,,,
HMN4B3,0,5,fl,,,,,,,,,,,,,,,,,,,,,,,,,,,,,,,,,,,,,,,,,,,,,,,,,Can't tell / Neither,,,,,,,,,,,,,,,,,,,,,,,,,,,,,,,,,,,,,,,,,,,,,,,,,,,,,,,,,,,,,,,,,,,,,,,,,,,,,,,,,,Systematic label,,,,,,,,,,,,Systematic label,,,,,,,,,,,,,,,,,,,,,,,,,,,,
HMN4B3,0,6,frs,,,,,,,,,,,,,,,,,,,,,,,,,,,,,,,,,,,,,,,,,,,,,,,,,Systematic label,,,,,,,,,,,,,,,,,,,,,,,,,,,,,,,,,,,,,,,,,,,,,,,,,,,,,,,,,,,,,,,,,,,,,,,,,,,,,,,,,,Systematic label,,,,,,,,,,,,Systematic label,,,,,,,,,,,,,,,,,,,,,,,,,,,,
HMN4B3,0,7,fu,,,,,,,,,,,,,,,,,,,,,,,,,,,,,,,,,,,,,,,,,,,,,,,,,Can't tell / Neither,,,,,,,,,,,,,,,,,,,,,,,,,,,,,,,,,,,,,,,,,,,,,,,,,,,,,,,,,,,,,,,,,,,,,,,,,,,,,,,,,,Systematic label,,,,,,,,,,,,One-off label,,,,,,,,,,,,,,,,,,,,,,,,,,,,
HMN4B3,0,8,frb,,,,,,,,,,,,,,,,,,,,,,,,,,,,,,,,,,,,,,,,,,,,,,,,,Systematic label,,,,,,,,,,,,,,,,,,,,,,,,,,,,,,,,,,,,,,,,,,,,,,,,,,,,,,,,,,,,,,,,,,,,,,,,,,,,,,,,,,Systematic label,,,,,,,,,,,,One-off label,,,,,,,,,,,,,,,,,,,,,,,,,,,,
HMN4B3,1,1,pray,,,,,,,,,,,,,,,,,,,,,,,,,,,,,,,,,,,,,,,,,,,,,,,,,,,,,,,,,,,,,,,,,,,,,,,One-off label,,,,,,,,,,,,,,,,,,,,,,,,,,,,,One-off label,,,,,,,,,,,,,,,,,,,,,,,,,,,,,,,,,,,,,One-off label,,,,,,,,,,,,,,,,,,,,,,,,,,,,,,,,,,
HMN4B3,1,2,fb,,,,,,,,,,,,,,,,,,,,,,,,,,,,,,,,,,,,,,,,,,,,,,,,,,,,,,,,,,,,,,,,,,,,,,,Systematic label,,,,,,,,,,,,,,,,,,,,,,,,,,,,,Systematic label,,,,,,,,,,,,,,,,,,,,,,,,,,,,,,,,,,,,,One-off label,,,,,,,,,,,,,,,,,,,,,,,,,,,,,,,,,,
HMN4B3,1,3,frb,,,,,,,,,,,,,,,,,,,,,,,,,,,,,,,,,,,,,,,,,,,,,,,,,,,,,,,,,,,,,,,,,,,,,,,Systematic label,,,,,,,,,,,,,,,,,,,,,,,,,,,,,Systematic label,,,,,,,,,,,,,,,,,,,,,,,,,,,,,,,,,,,,,Can't tell / Neither,,,,,,,,,,,,,,,,,,,,,,,,,,,,,,,,,,
HMN4B3,1,4,skate,,,,,,,,,,,,,,,,,,,,,,,,,,,,,,,,,,,,,,,,,,,,,,,,,,,,,,,,,,,,,,,,,,,,,,,One-off label,,,,,,,,,,,,,,,,,,,,,,,,,,,,,One-off label,,,,,,,,,,,,,,,,,,,,,,,,,,,,,,,,,,,,,One-off label,,,,,,,,,,,,,,,,,,,,,,,,,,,,,,,,,,
HMN4B3,1,5,fl,,,,,,,,,,,,,,,,,,,,,,,,,,,,,,,,,,,,,,,,,,,,,,,,,,,,,,,,,,,,,,,,,,,,,,,Systematic label,,,,,,,,,,,,,,,,,,,,,,,,,,,,,Systematic label,,,,,,,,,,,,,,,,,,,,,,,,,,,,,,,,,,,,,Can't tell / Neither,,,,,,,,,,,,,,,,,,,,,,,,,,,,,,,,,,
HMN4B3,1,6,frs,,,,,,,,,,,,,,,,,,,,,,,,,,,,,,,,,,,,,,,,,,,,,,,,,,,,,,,,,,,,,,,,,,,,,,,Systematic label,,,,,,,,,,,,,,,,,,,,,,,,,,,,,Systematic label,,,,,,,,,,,,,,,,,,,,,,,,,,,,,,,,,,,,,Can't tell / Neither,,,,,,,,,,,,,,,,,,,,,,,,,,,,,,,,,,
HMN4B3,1,7,fu,,,,,,,,,,,,,,,,,,,,,,,,,,,,,,,,,,,,,,,,,,,,,,,,,,,,,,,,,,,,,,,,,,,,,,,Systematic label,,,,,,,,,,,,,,,,,,,,,,,,,,,,,Systematic label,,,,,,,,,,,,,,,,,,,,,,,,,,,,,,,,,,,,,Can't tell / Neither,,,,,,,,,,,,,,,,,,,,,,,,,,,,,,,,,,
HMN4B3,1,8,fr,,,,,,,,,,,,,,,,,,,,,,,,,,,,,,,,,,,,,,,,,,,,,,,,,,,,,,,,,,,,,,,,,,,,,,,Systematic label,,,,,,,,,,,,,,,,,,,,,,,,,,,,,Systematic label,,,,,,,,,,,,,,,,,,,,,,,,,,,,,,,,,,,,,Can't tell / Neither,,,,,,,,,,,,,,,,,,,,,,,,,,,,,,,,,,
HWSWDK,0,1,falling,,,,,,,,,,,,,,,,,,,,,,,,,,,,,,,,,Can't tell / Neither,,,,,,,,,,,One-off label,,,,,,,,,,,,,,,,,,,,,,,,,,,,,,,,,,,,,,,,,,,,,,,,,,,,,,,,,,,,,,,,,,,,,,,,,,,,,,,,,,,,,,,,,,,,,,,,,,,,,,,,,,,,,,,,,,,,,,,,,,,,,,,
HWSWDK,0,2,zombie,,,,,,,,,,,,,,,,,,,,,,,,,,,,,,,,,One-off label,,,,,,,,,,,One-off label,,,,,,,,,,,,,,,,,,,,,,,,,,,,,,,,,,,,,,,,,,,,,,,,,,,,,,,,,,,,,,,,,,,,,,,,,,,,,,,,,,,,,,,,,,,,,,,,,,,,,,,,,,,,,,,,,,,,,,,,,,,,,,,
HWSWDK,0,3,tai chi,,,,,,,,,,,,,,,,,,,,,,,,,,,,,,,,,One-off label,,,,,,,,,,,One-off label,,,,,,,,,,,,,,,,,,,,,,,,,,,,,,,,,,,,,,,,,,,,,,,,,,,,,,,,,,,,,,,,,,,,,,,,,,,,,,,,,,,,,,,,,,,,,,,,,,,,,,,,,,,,,,,,,,,,,,,,,,,,,,,
HWSWDK,0,4,ballerina,,,,,,,,,,,,,,,,,,,,,,,,,,,,,,,,,One-off label,,,,,,,,,,,One-off label,,,,,,,,,,,,,,,,,,,,,,,,,,,,,,,,,,,,,,,,,,,,,,,,,,,,,,,,,,,,,,,,,,,,,,,,,,,,,,,,,,,,,,,,,,,,,,,,,,,,,,,,,,,,,,,,,,,,,,,,,,,,,,,
HWSWDK,0,5,priest,,,,,,,,,,,,,,,,,,,,,,,,,,,,,,,,,One-off label,,,,,,,,,,,One-off label,,,,,,,,,,,,,,,,,,,,,,,,,,,,,,,,,,,,,,,,,,,,,,,,,,,,,,,,,,,,,,,,,,,,,,,,,,,,,,,,,,,,,,,,,,,,,,,,,,,,,,,,,,,,,,,,,,,,,,,,,,,,,,,
HWSWDK,0,6,sitting,,,,,,,,,,,,,,,,,,,,,,,,,,,,,,,,,One-off label,,,,,,,,,,,One-off label,,,,,,,,,,,,,,,,,,,,,,,,,,,,,,,,,,,,,,,,,,,,,,,,,,,,,,,,,,,,,,,,,,,,,,,,,,,,,,,,,,,,,,,,,,,,,,,,,,,,,,,,,,,,,,,,,,,,,,,,,,,,,,,
HWSWDK,0,7,samurai,,,,,,,,,,,,,,,,,,,,,,,,,,,,,,,,,One-off label,,,,,,,,,,,One-off label,,,,,,,,,,,,,,,,,,,,,,,,,,,,,,,,,,,,,,,,,,,,,,,,,,,,,,,,,,,,,,,,,,,,,,,,,,,,,,,,,,,,,,,,,,,,,,,,,,,,,,,,,,,,,,,,,,,,,,,,,,,,,,,
HWSWDK,0,8,kneeling,,,,,,,,,,,,,,,,,,,,,,,,,,,,,,,,,One-off label,,,,,,,,,,,One-off label,,,,,,,,,,,,,,,,,,,,,,,,,,,,,,,,,,,,,,,,,,,,,,,,,,,,,,,,,,,,,,,,,,,,,,,,,,,,,,,,,,,,,,,,,,,,,,,,,,,,,,,,,,,,,,,,,,,,,,,,,,,,,,,
HWSWDK,1,1,falling,,One-off label,,,,,,,,,,,,,,,,,,,,,,,,,,,,,,,,,,,,,,,,,,,,,,,,,,,,,,,,,,,,,,,,,,,,,,,,,,,,,,,,,,,,,One-off label,,,,,,,,,,,,,,,,,,,,,,,,,,,,,,,,,,,,,,,,,,,,One-off label,,,,,,,,,,,,,,,,,,,,,,,,,,,,,,,,,,,,,,,,
HWSWDK,1,2,zombie,,One-off label,,,,,,,,,,,,,,,,,,,,,,,,,,,,,,,,,,,,,,,,,,,,,,,,,,,,,,,,,,,,,,,,,,,,,,,,,,,,,,,,,,,,,One-off label,,,,,,,,,,,,,,,,,,,,,,,,,,,,,,,,,,,,,,,,,,,,One-off label,,,,,,,,,,,,,,,,,,,,,,,,,,,,,,,,,,,,,,,,
HWSWDK,1,3,sitting,,One-off label,,,,,,,,,,,,,,,,,,,,,,,,,,,,,,,,,,,,,,,,,,,,,,,,,,,,,,,,,,,,,,,,,,,,,,,,,,,,,,,,,,,,,One-off label,,,,,,,,,,,,,,,,,,,,,,,,,,,,,,,,,,,,,,,,,,,,One-off label,,,,,,,,,,,,,,,,,,,,,,,,,,,,,,,,,,,,,,,,
HWSWDK,1,4,ballerina,,One-off label,,,,,,,,,,,,,,,,,,,,,,,,,,,,,,,,,,,,,,,,,,,,,,,,,,,,,,,,,,,,,,,,,,,,,,,,,,,,,,,,,,,,,One-off label,,,,,,,,,,,,,,,,,,,,,,,,,,,,,,,,,,,,,,,,,,,,One-off label,,,,,,,,,,,,,,,,,,,,,,,,,,,,,,,,,,,,,,,,
HWSWDK,1,5,priest,,One-off label,,,,,,,,,,,,,,,,,,,,,,,,,,,,,,,,,,,,,,,,,,,,,,,,,,,,,,,,,,,,,,,,,,,,,,,,,,,,,,,,,,,,,One-off label,,,,,,,,,,,,,,,,,,,,,,,,,,,,,,,,,,,,,,,,,,,,One-off label,,,,,,,,,,,,,,,,,,,,,,,,,,,,,,,,,,,,,,,,
HWSWDK,1,6,kneeling,,One-off label,,,,,,,,,,,,,,,,,,,,,,,,,,,,,,,,,,,,,,,,,,,,,,,,,,,,,,,,,,,,,,,,,,,,,,,,,,,,,,,,,,,,,One-off label,,,,,,,,,,,,,,,,,,,,,,,,,,,,,,,,,,,,,,,,,,,,One-off label,,,,,,,,,,,,,,,,,,,,,,,,,,,,,,,,,,,,,,,,
HWSWDK,1,7,samurai,,One-off label,,,,,,,,,,,,,,,,,,,,,,,,,,,,,,,,,,,,,,,,,,,,,,,,,,,,,,,,,,,,,,,,,,,,,,,,,,,,,,,,,,,,,One-off label,,,,,,,,,,,,,,,,,,,,,,,,,,,,,,,,,,,,,,,,,,,,Systematic label,,,,,,,,,,,,,,,,,,,,,,,,,,,,,,,,,,,,,,,,
HWSWDK,1,8,sitting,,One-off label,,,,,,,,,,,,,,,,,,,,,,,,,,,,,,,,,,,,,,,,,,,,,,,,,,,,,,,,,,,,,,,,,,,,,,,,,,,,,,,,,,,,,One-off label,,,,,,,,,,,,,,,,,,,,,,,,,,,,,,,,,,,,,,,,,,,,One-off label,,,,,,,,,,,,,,,,,,,,,,,,,,,,,,,,,,,,,,,,
HXSNZK,0,1,pink,,,,,,,,,,,,,,,,,,,,,,,,,,,,,,,,,,,,,,,,,,,,Systematic label,,,,,,,,,,,,,,,,,,,,,,,,,,,,,,,,,,,,,,,,,,,,,,,,,,,,,,,,,,,,,,,,,,,,,,,,,,,,,,,,,,,,,,,,,,,,,,,,,,,,,,,,,,,,,,,,,,,,,,,,One-off label,,,One-off label,,,,
HXSNZK,0,2,purple,,,,,,,,,,,,,,,,,,,,,,,,,,,,,,,,,,,,,,,,,,,,Systematic label,,,,,,,,,,,,,,,,,,,,,,,,,,,,,,,,,,,,,,,,,,,,,,,,,,,,,,,,,,,,,,,,,,,,,,,,,,,,,,,,,,,,,,,,,,,,,,,,,,,,,,,,,,,,,,,,,,,,,,,,One-off label,,,One-off label,,,,
HXSNZK,0,3,orange,,,,,,,,,,,,,,,,,,,,,,,,,,,,,,,,,,,,,,,,,,,,Systematic label,,,,,,,,,,,,,,,,,,,,,,,,,,,,,,,,,,,,,,,,,,,,,,,,,,,,,,,,,,,,,,,,,,,,,,,,,,,,,,,,,,,,,,,,,,,,,,,,,,,,,,,,,,,,,,,,,,,,,,,,One-off label,,,One-off label,,,,
HXSNZK,0,4,brown,,,,,,,,,,,,,,,,,,,,,,,,,,,,,,,,,,,,,,,,,,,,Systematic label,,,,,,,,,,,,,,,,,,,,,,,,,,,,,,,,,,,,,,,,,,,,,,,,,,,,,,,,,,,,,,,,,,,,,,,,,,,,,,,,,,,,,,,,,,,,,,,,,,,,,,,,,,,,,,,,,,,,,,,,One-off label,,,One-off label,,,,
HXSNZK,0,5,blue,,,,,,,,,,,,,,,,,,,,,,,,,,,,,,,,,,,,,,,,,,,,Systematic label,,,,,,,,,,,,,,,,,,,,,,,,,,,,,,,,,,,,,,,,,,,,,,,,,,,,,,,,,,,,,,,,,,,,,,,,,,,,,,,,,,,,,,,,,,,,,,,,,,,,,,,,,,,,,,,,,,,,,,,,One-off label,,,One-off label,,,,
HXSNZK,0,6,black,,,,,,,,,,,,,,,,,,,,,,,,,,,,,,,,,,,,,,,,,,,,Systematic label,,,,,,,,,,,,,,,,,,,,,,,,,,,,,,,,,,,,,,,,,,,,,,,,,,,,,,,,,,,,,,,,,,,,,,,,,,,,,,,,,,,,,,,,,,,,,,,,,,,,,,,,,,,,,,,,,,,,,,,,One-off label,,,One-off label,,,,
HXSNZK,0,7,white,,,,,,,,,,,,,,,,,,,,,,,,,,,,,,,,,,,,,,,,,,,,Systematic label,,,,,,,,,,,,,,,,,,,,,,,,,,,,,,,,,,,,,,,,,,,,,,,,,,,,,,,,,,,,,,,,,,,,,,,,,,,,,,,,,,,,,,,,,,,,,,,,,,,,,,,,,,,,,,,,,,,,,,,,One-off label,,,One-off label,,,,
HXSNZK,0,8,white brown,,,,,,,,,,,,,,,,,,,,,,,,,,,,,,,,,,,,,,,,,,,,Systematic label,,,,,,,,,,,,,,,,,,,,,,,,,,,,,,,,,,,,,,,,,,,,,,,,,,,,,,,,,,,,,,,,,,,,,,,,,,,,,,,,,,,,,,,,,,,,,,,,,,,,,,,,,,,,,,,,,,,,,,,,One-off label,,,One-off label,,,,
HXSNZK,1,1,pink,,,,,,,,,,,,,,,,,,,,,,,,,,,,,,,,,,,,,,,,,,,,,,,,,,,,,,,,,,,,,,,,,,,,,,,,,,,,,,,,,,,,,,,,,,,,,,,,,,,,,,,,,,,,,,,,Systematic label,,,Systematic label,,,,,,,,,,,,,,,,,,,,,,One-off label,,,,,,,,,,,,,,,,,,,,,,,,,,,,,,,,,,
HXSNZK,1,2,purple,,,,,,,,,,,,,,,,,,,,,,,,,,,,,,,,,,,,,,,,,,,,,,,,,,,,,,,,,,,,,,,,,,,,,,,,,,,,,,,,,,,,,,,,,,,,,,,,,,,,,,,,,,,,,,,,Systematic label,,,Systematic label,,,,,,,,,,,,,,,,,,,,,,One-off label,,,,,,,,,,,,,,,,,,,,,,,,,,,,,,,,,,
HXSNZK,1,3,orange,,,,,,,,,,,,,,,,,,,,,,,,,,,,,,,,,,,,,,,,,,,,,,,,,,,,,,,,,,,,,,,,,,,,,,,,,,,,,,,,,,,,,,,,,,,,,,,,,,,,,,,,,,,,,,,,Systematic label,,,Systematic label,,,,,,,,,,,,,,,,,,,,,,One-off label,,,,,,,,,,,,,,,,,,,,,,,,,,,,,,,,,,
HXSNZK,1,4,brown,,,,,,,,,,,,,,,,,,,,,,,,,,,,,,,,,,,,,,,,,,,,,,,,,,,,,,,,,,,,,,,,,,,,,,,,,,,,,,,,,,,,,,,,,,,,,,,,,,,,,,,,,,,,,,,,Systematic label,,,Systematic label,,,,,,,,,,,,,,,,,,,,,,One-off label,,,,,,,,,,,,,,,,,,,,,,,,,,,,,,,,,,
HXSNZK,1,5,blue,,,,,,,,,,,,,,,,,,,,,,,,,,,,,,,,,,,,,,,,,,,,,,,,,,,,,,,,,,,,,,,,,,,,,,,,,,,,,,,,,,,,,,,,,,,,,,,,,,,,,,,,,,,,,,,,Systematic label,,,Systematic label,,,,,,,,,,,,,,,,,,,,,,One-off label,,,,,,,,,,,,,,,,,,,,,,,,,,,,,,,,,,
HXSNZK,1,6,black,,,,,,,,,,,,,,,,,,,,,,,,,,,,,,,,,,,,,,,,,,,,,,,,,,,,,,,,,,,,,,,,,,,,,,,,,,,,,,,,,,,,,,,,,,,,,,,,,,,,,,,,,,,,,,,,Systematic label,,,Systematic label,,,,,,,,,,,,,,,,,,,,,,One-off label,,,,,,,,,,,,,,,,,,,,,,,,,,,,,,,,,,
HXSNZK,1,7,white,,,,,,,,,,,,,,,,,,,,,,,,,,,,,,,,,,,,,,,,,,,,,,,,,,,,,,,,,,,,,,,,,,,,,,,,,,,,,,,,,,,,,,,,,,,,,,,,,,,,,,,,,,,,,,,,Systematic label,,,Systematic label,,,,,,,,,,,,,,,,,,,,,,One-off label,,,,,,,,,,,,,,,,,,,,,,,,,,,,,,,,,,
HXSNZK,1,8,white brown,,,,,,,,,,,,,,,,,,,,,,,,,,,,,,,,,,,,,,,,,,,,,,,,,,,,,,,,,,,,,,,,,,,,,,,,,,,,,,,,,,,,,,,,,,,,,,,,,,,,,,,,,,,,,,,,Systematic label,,,Systematic label,,,,,,,,,,,,,,,,,,,,,,Can't tell / Neither,,,,,,,,,,,,,,,,,,,,,,,,,,,,,,,,,,
HZ6KJH,0,1,gum,,,,,,,,,,,,,,,,,,,,,,,,,,,,,,,,,,,,,,,,,,,,,,,,,,,,,,,,,,,,,,,,,,,,,,,,,,,,,,,One-off label,,,,,,,,,,,,,,,,,,,,,,,,,,,,,,,,,,,,,,,,,,,,,,,,,,,,,,,,One-off label,,,,,,,,,,,,,,,,,,,,,,,,,,,,,,,,,One-off label,,,
HZ6KJH,0,2,slug,,,,,,,,,,,,,,,,,,,,,,,,,,,,,,,,,,,,,,,,,,,,,,,,,,,,,,,,,,,,,,,,,,,,,,,,,,,,,,,One-off label,,,,,,,,,,,,,,,,,,,,,,,,,,,,,,,,,,,,,,,,,,,,,,,,,,,,,,,,One-off label,,,,,,,,,,,,,,,,,,,,,,,,,,,,,,,,,One-off label,,,
HZ6KJH,0,3,ruler,,,,,,,,,,,,,,,,,,,,,,,,,,,,,,,,,,,,,,,,,,,,,,,,,,,,,,,,,,,,,,,,,,,,,,,,,,,,,,,One-off label,,,,,,,,,,,,,,,,,,,,,,,,,,,,,,,,,,,,,,,,,,,,,,,,,,,,,,,,One-off label,,,,,,,,,,,,,,,,,,,,,,,,,,,,,,,,,One-off label,,,
HZ6KJH,0,4,stick,,,,,,,,,,,,,,,,,,,,,,,,,,,,,,,,,,,,,,,,,,,,,,,,,,,,,,,,,,,,,,,,,,,,,,,,,,,,,,,One-off label,,,,,,,,,,,,,,,,,,,,,,,,,,,,,,,,,,,,,,,,,,,,,,,,,,,,,,,,One-off label,,,,,,,,,,,,,,,,,,,,,,,,,,,,,,,,,One-off label,,,
HZ6KJH,0,5,pirate,,,,,,,,,,,,,,,,,,,,,,,,,,,,,,,,,,,,,,,,,,,,,,,,,,,,,,,,,,,,,,,,,,,,,,,,,,,,,,,One-off label,,,,,,,,,,,,,,,,,,,,,,,,,,,,,,,,,,,,,,,,,,,,,,,,,,,,,,,,One-off label,,,,,,,,,,,,,,,,,,,,,,,,,,,,,,,,,One-off label,,,
HZ6KJH,0,6,spider,,,,,,,,,,,,,,,,,,,,,,,,,,,,,,,,,,,,,,,,,,,,,,,,,,,,,,,,,,,,,,,,,,,,,,,,,,,,,,,One-off label,,,,,,,,,,,,,,,,,,,,,,,,,,,,,,,,,,,,,,,,,,,,,,,,,,,,,,,,One-off label,,,,,,,,,,,,,,,,,,,,,,,,,,,,,,,,,One-off label,,,
HZ6KJH,0,7,whiteboard,,,,,,,,,,,,,,,,,,,,,,,,,,,,,,,,,,,,,,,,,,,,,,,,,,,,,,,,,,,,,,,,,,,,,,,,,,,,,,,One-off label,,,,,,,,,,,,,,,,,,,,,,,,,,,,,,,,,,,,,,,,,,,,,,,,,,,,,,,,One-off label,,,,,,,,,,,,,,,,,,,,,,,,,,,,,,,,,One-off label,,,
HZ6KJH,0,8,eraser,,,,,,,,,,,,,,,,,,,,,,,,,,,,,,,,,,,,,,,,,,,,,,,,,,,,,,,,,,,,,,,,,,,,,,,,,,,,,,,One-off label,,,,,,,,,,,,,,,,,,,,,,,,,,,,,,,,,,,,,,,,,,,,,,,,,,,,,,,,One-off label,,,,,,,,,,,,,,,,,,,,,,,,,,,,,,,,,One-off label,,,
HZ6KJH,1,1,gum,,,,,,,,,,,,,,,,,,,,,,,,,,,,,,,,,,,,,,,,,,,,,Can't tell / Neither,,,,,,,,,,,,,,,,,,,,,,,,,,,,,,,,,,,,,,,,,,,,,,,,,,,,,,,,,,,One-off label,,,,,,,,,,,,,,,,,,,,,,,,,,,,,,,,,,,,,,,,,,,,,,,,,,,,,,,,,,,,,,,,One-off label,,,
HZ6KJH,1,2,slug,,,,,,,,,,,,,,,,,,,,,,,,,,,,,,,,,,,,,,,,,,,,,One-off label,,,,,,,,,,,,,,,,,,,,,,,,,,,,,,,,,,,,,,,,,,,,,,,,,,,,,,,,,,,Can't tell / Neither,,,,,,,,,,,,,,,,,,,,,,,,,,,,,,,,,,,,,,,,,,,,,,,,,,,,,,,,,,,,,,,,One-off label,,,
HZ6KJH,1,3,ruler,,,,,,,,,,,,,,,,,,,,,,,,,,,,,,,,,,,,,,,,,,,,,One-off label,,,,,,,,,,,,,,,,,,,,,,,,,,,,,,,,,,,,,,,,,,,,,,,,,,,,,,,,,,,One-off label,,,,,,,,,,,,,,,,,,,,,,,,,,,,,,,,,,,,,,,,,,,,,,,,,,,,,,,,,,,,,,,,One-off label,,,
HZ6KJH,1,4,stick,,,,,,,,,,,,,,,,,,,,,,,,,,,,,,,,,,,,,,,,,,,,,Can't tell / Neither,,,,,,,,,,,,,,,,,,,,,,,,,,,,,,,,,,,,,,,,,,,,,,,,,,,,,,,,,,,One-off label,,,,,,,,,,,,,,,,,,,,,,,,,,,,,,,,,,,,,,,,,,,,,,,,,,,,,,,,,,,,,,,,One-off label,,,
HZ6KJH,1,5,pirate,,,,,,,,,,,,,,,,,,,,,,,,,,,,,,,,,,,,,,,,,,,,,Can't tell / Neither,,,,,,,,,,,,,,,,,,,,,,,,,,,,,,,,,,,,,,,,,,,,,,,,,,,,,,,,,,,One-off label,,,,,,,,,,,,,,,,,,,,,,,,,,,,,,,,,,,,,,,,,,,,,,,,,,,,,,,,,,,,,,,,One-off label,,,
HZ6KJH,1,6,spider,,,,,,,,,,,,,,,,,,,,,,,,,,,,,,,,,,,,,,,,,,,,,Can't tell / Neither,,,,,,,,,,,,,,,,,,,,,,,,,,,,,,,,,,,,,,,,,,,,,,,,,,,,,,,,,,,One-off label,,,,,,,,,,,,,,,,,,,,,,,,,,,,,,,,,,,,,,,,,,,,,,,,,,,,,,,,,,,,,,,,One-off label,,,
HZ6KJH,1,7,whiteboard,,,,,,,,,,,,,,,,,,,,,,,,,,,,,,,,,,,,,,,,,,,,,One-off label,,,,,,,,,,,,,,,,,,,,,,,,,,,,,,,,,,,,,,,,,,,,,,,,,,,,,,,,,,,Can't tell / Neither,,,,,,,,,,,,,,,,,,,,,,,,,,,,,,,,,,,,,,,,,,,,,,,,,,,,,,,,,,,,,,,,One-off label,,,
HZ6KJH,1,8,eraser,,,,,,,,,,,,,,,,,,,,,,,,,,,,,,,,,,,,,,,,,,,,,One-off label,,,,,,,,,,,,,,,,,,,,,,,,,,,,,,,,,,,,,,,,,,,,,,,,,,,,,,,,,,,One-off label,,,,,,,,,,,,,,,,,,,,,,,,,,,,,,,,,,,,,,,,,,,,,,,,,,,,,,,,,,,,,,,,One-off label,,,
JCFKXA,0,1,sausage,,,,,,,,,,,,,,,,,,,,,One-off label,,,,,,,,,,,,,,,,,,,,,,,,,,,,,,,,,,,,,,,,,,,,,,,,,,,,,,,,,,,,,,,,,,,,,,,,,,,,,,,,,,,,,,,,,,,,,,,,,,,,,,,,,,,,,,,,,,,,One-off label,,,,,,,,,,,,,,,,,,One-off label,,,,,,,,,,,,,,,,
JCFKXA,0,2,worm,,,,,,,,,,,,,,,,,,,,,One-off label,,,,,,,,,,,,,,,,,,,,,,,,,,,,,,,,,,,,,,,,,,,,,,,,,,,,,,,,,,,,,,,,,,,,,,,,,,,,,,,,,,,,,,,,,,,,,,,,,,,,,,,,,,,,,,,,,,,,One-off label,,,,,,,,,,,,,,,,,,One-off label,,,,,,,,,,,,,,,,
JCFKXA,0,3,yellow,,,,,,,,,,,,,,,,,,,,,Systematic label,,,,,,,,,,,,,,,,,,,,,,,,,,,,,,,,,,,,,,,,,,,,,,,,,,,,,,,,,,,,,,,,,,,,,,,,,,,,,,,,,,,,,,,,,,,,,,,,,,,,,,,,,,,,,,,,,,,,One-off label,,,,,,,,,,,,,,,,,,One-off label,,,,,,,,,,,,,,,,
JCFKXA,0,4,chocolate,,,,,,,,,,,,,,,,,,,,,One-off label,,,,,,,,,,,,,,,,,,,,,,,,,,,,,,,,,,,,,,,,,,,,,,,,,,,,,,,,,,,,,,,,,,,,,,,,,,,,,,,,,,,,,,,,,,,,,,,,,,,,,,,,,,,,,,,,,,,,One-off label,,,,,,,,,,,,,,,,,,One-off label,,,,,,,,,,,,,,,,
JCFKXA,0,5,toilet,,,,,,,,,,,,,,,,,,,,,One-off label,,,,,,,,,,,,,,,,,,,,,,,,,,,,,,,,,,,,,,,,,,,,,,,,,,,,,,,,,,,,,,,,,,,,,,,,,,,,,,,,,,,,,,,,,,,,,,,,,,,,,,,,,,,,,,,,,,,,One-off label,,,,,,,,,,,,,,,,,,One-off label,,,,,,,,,,,,,,,,
JCFKXA,0,6,crab,,,,,,,,,,,,,,,,,,,,,One-off label,,,,,,,,,,,,,,,,,,,,,,,,,,,,,,,,,,,,,,,,,,,,,,,,,,,,,,,,,,,,,,,,,,,,,,,,,,,,,,,,,,,,,,,,,,,,,,,,,,,,,,,,,,,,,,,,,,,,One-off label,,,,,,,,,,,,,,,,,,One-off label,,,,,,,,,,,,,,,,
JCFKXA,0,7,bird,,,,,,,,,,,,,,,,,,,,,One-off label,,,,,,,,,,,,,,,,,,,,,,,,,,,,,,,,,,,,,,,,,,,,,,,,,,,,,,,,,,,,,,,,,,,,,,,,,,,,,,,,,,,,,,,,,,,,,,,,,,,,,,,,,,,,,,,,,,,,One-off label,,,,,,,,,,,,,,,,,,One-off label,,,,,,,,,,,,,,,,
JCFKXA,0,8,ferb,,,,,,,,,,,,,,,,,,,,,Can't tell / Neither,,,,,,,,,,,,,,,,,,,,,,,,,,,,,,,,,,,,,,,,,,,,,,,,,,,,,,,,,,,,,,,,,,,,,,,,,,,,,,,,,,,,,,,,,,,,,,,,,,,,,,,,,,,,,,,,,,,,Can't tell / Neither,,,,,,,,,,,,,,,,,,One-off label,,,,,,,,,,,,,,,,
JCFKXA,1,1,sausage,,,,,,,,,,,,,,,,,,,,,,,,,,,,,,,,,,,,,,,,,,,,,,One-off label,,,,,,,,,,,,,,,,,,,,,,,,,,,,,,,,,,,,One-off label,,,,,,,,,,,One-off label,,,,,,,,,,,,,,,,,,,,,,,,,,,,,,,,,,,,,,,,,,,,,,,,,,,,,,,,,,,,,,,,,,,,,,,,,,,,,,
JCFKXA,1,2,worm,,,,,,,,,,,,,,,,,,,,,,,,,,,,,,,,,,,,,,,,,,,,,,One-off label,,,,,,,,,,,,,,,,,,,,,,,,,,,,,,,,,,,,One-off label,,,,,,,,,,,One-off label,,,,,,,,,,,,,,,,,,,,,,,,,,,,,,,,,,,,,,,,,,,,,,,,,,,,,,,,,,,,,,,,,,,,,,,,,,,,,,
JCFKXA,1,3,yellow,,,,,,,,,,,,,,,,,,,,,,,,,,,,,,,,,,,,,,,,,,,,,,One-off label,,,,,,,,,,,,,,,,,,,,,,,,,,,,,,,,,,,,One-off label,,,,,,,,,,,One-off label,,,,,,,,,,,,,,,,,,,,,,,,,,,,,,,,,,,,,,,,,,,,,,,,,,,,,,,,,,,,,,,,,,,,,,,,,,,,,,
JCFKXA,1,4,chocolate,,,,,,,,,,,,,,,,,,,,,,,,,,,,,,,,,,,,,,,,,,,,,,One-off label,,,,,,,,,,,,,,,,,,,,,,,,,,,,,,,,,,,,One-off label,,,,,,,,,,,One-off label,,,,,,,,,,,,,,,,,,,,,,,,,,,,,,,,,,,,,,,,,,,,,,,,,,,,,,,,,,,,,,,,,,,,,,,,,,,,,,
JCFKXA,1,5,toilet,,,,,,,,,,,,,,,,,,,,,,,,,,,,,,,,,,,,,,,,,,,,,,One-off label,,,,,,,,,,,,,,,,,,,,,,,,,,,,,,,,,,,,One-off label,,,,,,,,,,,One-off label,,,,,,,,,,,,,,,,,,,,,,,,,,,,,,,,,,,,,,,,,,,,,,,,,,,,,,,,,,,,,,,,,,,,,,,,,,,,,,
JCFKXA,1,6,crab,,,,,,,,,,,,,,,,,,,,,,,,,,,,,,,,,,,,,,,,,,,,,,One-off label,,,,,,,,,,,,,,,,,,,,,,,,,,,,,,,,,,,,One-off label,,,,,,,,,,,One-off label,,,,,,,,,,,,,,,,,,,,,,,,,,,,,,,,,,,,,,,,,,,,,,,,,,,,,,,,,,,,,,,,,,,,,,,,,,,,,,
JCFKXA,1,7,bird,,,,,,,,,,,,,,,,,,,,,,,,,,,,,,,,,,,,,,,,,,,,,,One-off label,,,,,,,,,,,,,,,,,,,,,,,,,,,,,,,,,,,,One-off label,,,,,,,,,,,One-off label,,,,,,,,,,,,,,,,,,,,,,,,,,,,,,,,,,,,,,,,,,,,,,,,,,,,,,,,,,,,,,,,,,,,,,,,,,,,,,
JCFKXA,1,8,ferb,,,,,,,,,,,,,,,,,,,,,,,,,,,,,,,,,,,,,,,,,,,,,,Can't tell / Neither,,,,,,,,,,,,,,,,,,,,,,,,,,,,,,,,,,,,Can't tell / Neither,,,,,,,,,,,One-off label,,,,,,,,,,,,,,,,,,,,,,,,,,,,,,,,,,,,,,,,,,,,,,,,,,,,,,,,,,,,,,,,,,,,,,,,,,,,,,
JT5KTQ,0,1,l1,,,,,,,,,,,,,,,,,,,,,,,,,,,,,,,,,,,,,,,,,,,,,,,,,,,,,,,,,,,,,,,,,,,,,,,,,,,Systematic label,,,,,,,,,,,,,,,,,,,,,,,,,,,,,,,,,,,,,,,,,,,,,,,,,,,,,,,,,,,,,,,,,Can't tell / Neither,,,,Systematic label,,,,,,,,,,,,,,,,,,,,,,,,,,,
JT5KTQ,0,2,l2r,,,,,,,,,,,,,,,,,,,,,,,,,,,,,,,,,,,,,,,,,,,,,,,,,,,,,,,,,,,,,,,,,,,,,,,,,,,Systematic label,,,,,,,,,,,,,,,,,,,,,,,,,,,,,,,,,,,,,,,,,,,,,,,,,,,,,,,,,,,,,,,,,Systematic label,,,,Systematic label,,,,,,,,,,,,,,,,,,,,,,,,,,,
JT5KTQ,0,3,r1r,,,,,,,,,,,,,,,,,,,,,,,,,,,,,,,,,,,,,,,,,,,,,,,,,,,,,,,,,,,,,,,,,,,,,,,,,,,Systematic label,,,,,,,,,,,,,,,,,,,,,,,,,,,,,,,,,,,,,,,,,,,,,,,,,,,,,,,,,,,,,,,,,Systematic label,,,,Systematic label,,,,,,,,,,,,,,,,,,,,,,,,,,,
JT5KTQ,0,4,l2l,,,,,,,,,,,,,,,,,,,,,,,,,,,,,,,,,,,,,,,,,,,,,,,,,,,,,,,,,,,,,,,,,,,,,,,,,,,Systematic label,,,,,,,,,,,,,,,,,,,,,,,,,,,,,,,,,,,,,,,,,,,,,,,,,,,,,,,,,,,,,,,,,Systematic label,,,,Systematic label,,,,,,,,,,,,,,,,,,,,,,,,,,,
JT5KTQ,0,5,l1s,,,,,,,,,,,,,,,,,,,,,,,,,,,,,,,,,,,,,,,,,,,,,,,,,,,,,,,,,,,,,,,,,,,,,,,,,,,Systematic label,,,,,,,,,,,,,,,,,,,,,,,,,,,,,,,,,,,,,,,,,,,,,,,,,,,,,,,,,,,,,,,,,Systematic label,,,,Systematic label,,,,,,,,,,,,,,,,,,,,,,,,,,,
JT5KTQ,0,6,r1,,,,,,,,,,,,,,,,,,,,,,,,,,,,,,,,,,,,,,,,,,,,,,,,,,,,,,,,,,,,,,,,,,,,,,,,,,,Systematic label,,,,,,,,,,,,,,,,,,,,,,,,,,,,,,,,,,,,,,,,,,,,,,,,,,,,,,,,,,,,,,,,,Systematic label,,,,Systematic label,,,,,,,,,,,,,,,,,,,,,,,,,,,
JT5KTQ,0,7,r2l,,,,,,,,,,,,,,,,,,,,,,,,,,,,,,,,,,,,,,,,,,,,,,,,,,,,,,,,,,,,,,,,,,,,,,,,,,,Systematic label,,,,,,,,,,,,,,,,,,,,,,,,,,,,,,,,,,,,,,,,,,,,,,,,,,,,,,,,,,,,,,,,,Systematic label,,,,Systematic label,,,,,,,,,,,,,,,,,,,,,,,,,,,
JT5KTQ,0,8,r1s,,,,,,,,,,,,,,,,,,,,,,,,,,,,,,,,,,,,,,,,,,,,,,,,,,,,,,,,,,,,,,,,,,,,,,,,,,,Systematic label,,,,,,,,,,,,,,,,,,,,,,,,,,,,,,,,,,,,,,,,,,,,,,,,,,,,,,,,,,,,,,,,,Systematic label,,,,Systematic label,,,,,,,,,,,,,,,,,,,,,,,,,,,
JT5KTQ,1,1,l1r,,,,,,,,,,,,,,,,,,,,,,,,,,,,,,,,,,,,,,,,,,,,,,,,,,,,,,,,,,,,,,,,,,,,,,,,,,,,,,,Can't tell / Neither,,,,,,,,,,,,,,,,,,,,,,,,,,,,,,,,,,,,,,,,,,,,,,,,,Systematic label,,,,,,,,,,,,,,,,,,,,,,,,,,,,,,,,,,,,,,,,,,,
JT5KTQ,1,2,l2r,,,,,,,,,,,,,,,,,,,,,,,,,,,,,,,,,,,,,,,,,,,,,,,,,,,,,,,,,,,,,,,,,,,,,,,,,,,,,,,Can't tell / Neither,,,,,,,,,,,,,,,,,,,,,,,,,,,,,,,,,,,,,,,,,,,,,,,,,Systematic label,,,,,,,,,,,,,,,,,,,,,,,,,,,,,,,,,,,,,,,,,,,
JT5KTQ,1,3,l1s,,,,,,,,,,,,,,,,,,,,,,,,,,,,,,,,,,,,,,,,,,,,,,,,,,,,,,,,,,,,,,,,,,,,,,,,,,,,,,,Can't tell / Neither,,,,,,,,,,,,,,,,,,,,,,,,,,,,,,,,,,,,,,,,,,,,,,,,,Systematic label,,,,,,,,,,,,,,,,,,,,,,,,,,,,,,,,,,,,,,,,,,,
JT5KTQ,1,4,r2s,,,,,,,,,,,,,,,,,,,,,,,,,,,,,,,,,,,,,,,,,,,,,,,,,,,,,,,,,,,,,,,,,,,,,,,,,,,,,,,Can't tell / Neither,,,,,,,,,,,,,,,,,,,,,,,,,,,,,,,,,,,,,,,,,,,,,,,,,Systematic label,,,,,,,,,,,,,,,,,,,,,,,,,,,,,,,,,,,,,,,,,,,
JT5KTQ,1,5,l1s,,,,,,,,,,,,,,,,,,,,,,,,,,,,,,,,,,,,,,,,,,,,,,,,,,,,,,,,,,,,,,,,,,,,,,,,,,,,,,,Can't tell / Neither,,,,,,,,,,,,,,,,,,,,,,,,,,,,,,,,,,,,,,,,,,,,,,,,,Systematic label,,,,,,,,,,,,,,,,,,,,,,,,,,,,,,,,,,,,,,,,,,,
JT5KTQ,1,6,r1s,,,,,,,,,,,,,,,,,,,,,,,,,,,,,,,,,,,,,,,,,,,,,,,,,,,,,,,,,,,,,,,,,,,,,,,,,,,,,,,Can't tell / Neither,,,,,,,,,,,,,,,,,,,,,,,,,,,,,,,,,,,,,,,,,,,,,,,,,Systematic label,,,,,,,,,,,,,,,,,,,,,,,,,,,,,,,,,,,,,,,,,,,
JT5KTQ,1,7,r2,,,,,,,,,,,,,,,,,,,,,,,,,,,,,,,,,,,,,,,,,,,,,,,,,,,,,,,,,,,,,,,,,,,,,,,,,,,,,,,Can't tell / Neither,,,,,,,,,,,,,,,,,,,,,,,,,,,,,,,,,,,,,,,,,,,,,,,,,Can't tell / Neither,,,,,,,,,,,,,,,,,,,,,,,,,,,,,,,,,,,,,,,,,,,
JT5KTQ,1,8,l1s,,,,,,,,,,,,,,,,,,,,,,,,,,,,,,,,,,,,,,,,,,,,,,,,,,,,,,,,,,,,,,,,,,,,,,,,,,,,,,,Can't tell / Neither,,,,,,,,,,,,,,,,,,,,,,,,,,,,,,,,,,,,,,,,,,,,,,,,,Systematic label,,,,,,,,,,,,,,,,,,,,,,,,,,,,,,,,,,,,,,,,,,,
JVNR7F,0,1,penguin,,,,,,,,,,,,,,,,,,,,,,,,,,,,,,,,,,,,,,,,,,,,,,,,,,,,,,,,,,,,,,,,,,,,,,,,,,,,,,,,,,,,,,,,,,,,,,,,,,,,,,,,,,,,,,,,,,,,,,,,,,,,,One-off label,,,One-off label,,,,,,,,,,,,,,,,,,,,,,,,,,,,,,,,,,,,,,,,,,,
JVNR7F,0,2,robot,,,,,,,,,,,,,,,,,,,,,,,,,,,,,,,,,,,,,,,,,,,,,,,,,,,,,,,,,,,,,,,,,,,,,,,,,,,,,,,,,,,,,,,,,,,,,,,,,,,,,,,,,,,,,,,,,,,,,,,,,,,,,One-off label,,,Systematic label,,,,,,,,,,,,,,,,,,,,,,,,,,,,,,,,,,,,,,,,,,,
JVNR7F,0,3,cheese,,,,,,,,,,,,,,,,,,,,,,,,,,,,,,,,,,,,,,,,,,,,,,,,,,,,,,,,,,,,,,,,,,,,,,,,,,,,,,,,,,,,,,,,,,,,,,,,,,,,,,,,,,,,,,,,,,,,,,,,,,,,,One-off label,,,Can't tell / Neither,,,,,,,,,,,,,,,,,,,,,,,,,,,,,,,,,,,,,,,,,,,
JVNR7F,0,4,tree,,,,,,,,,,,,,,,,,,,,,,,,,,,,,,,,,,,,,,,,,,,,,,,,,,,,,,,,,,,,,,,,,,,,,,,,,,,,,,,,,,,,,,,,,,,,,,,,,,,,,,,,,,,,,,,,,,,,,,,,,,,,,One-off label,,,One-off label,,,,,,,,,,,,,,,,,,,,,,,,,,,,,,,,,,,,,,,,,,,
JVNR7F,0,5,blue,,,,,,,,,,,,,,,,,,,,,,,,,,,,,,,,,,,,,,,,,,,,,,,,,,,,,,,,,,,,,,,,,,,,,,,,,,,,,,,,,,,,,,,,,,,,,,,,,,,,,,,,,,,,,,,,,,,,,,,,,,,,,One-off label,,,Systematic label,,,,,,,,,,,,,,,,,,,,,,,,,,,,,,,,,,,,,,,,,,,
JVNR7F,0,6,chocolate,,,,,,,,,,,,,,,,,,,,,,,,,,,,,,,,,,,,,,,,,,,,,,,,,,,,,,,,,,,,,,,,,,,,,,,,,,,,,,,,,,,,,,,,,,,,,,,,,,,,,,,,,,,,,,,,,,,,,,,,,,,,,One-off label,,,One-off label,,,,,,,,,,,,,,,,,,,,,,,,,,,,,,,,,,,,,,,,,,,
JVNR7F,0,7,vanilla,,,,,,,,,,,,,,,,,,,,,,,,,,,,,,,,,,,,,,,,,,,,,,,,,,,,,,,,,,,,,,,,,,,,,,,,,,,,,,,,,,,,,,,,,,,,,,,,,,,,,,,,,,,,,,,,,,,,,,,,,,,,,One-off label,,,One-off label,,,,,,,,,,,,,,,,,,,,,,,,,,,,,,,,,,,,,,,,,,,
JVNR7F,0,8,french,,,,,,,,,,,,,,,,,,,,,,,,,,,,,,,,,,,,,,,,,,,,,,,,,,,,,,,,,,,,,,,,,,,,,,,,,,,,,,,,,,,,,,,,,,,,,,,,,,,,,,,,,,,,,,,,,,,,,,,,,,,,,One-off label,,,Can't tell / Neither,,,,,,,,,,,,,,,,,,,,,,,,,,,,,,,,,,,,,,,,,,,
JVNR7F,1,1,penguim,,,,,,,,,,,,,,,,,,,,,,,,,,,,,,,,,,,,,,,,,,,,,,,,,,,,,,,,,,,,,,,,,,,,,,,,,,,,,,,,,,,,,,,,,,,,,,,,,,,,,,,,,,,,,,,,,,,,,,,,,,,,,,,,,,,,,,,,,,,,,,One-off label,,,,,,,,,,,,,,,,,,,,,,,,One-off label,,,,,
JVNR7F,1,2,robot,,,,,,,,,,,,,,,,,,,,,,,,,,,,,,,,,,,,,,,,,,,,,,,,,,,,,,,,,,,,,,,,,,,,,,,,,,,,,,,,,,,,,,,,,,,,,,,,,,,,,,,,,,,,,,,,,,,,,,,,,,,,,,,,,,,,,,,,,,,,,,One-off label,,,,,,,,,,,,,,,,,,,,,,,,One-off label,,,,,
JVNR7F,1,3,cheese,,,,,,,,,,,,,,,,,,,,,,,,,,,,,,,,,,,,,,,,,,,,,,,,,,,,,,,,,,,,,,,,,,,,,,,,,,,,,,,,,,,,,,,,,,,,,,,,,,,,,,,,,,,,,,,,,,,,,,,,,,,,,,,,,,,,,,,,,,,,,,One-off label,,,,,,,,,,,,,,,,,,,,,,,,One-off label,,,,,
JVNR7F,1,4,tree,,,,,,,,,,,,,,,,,,,,,,,,,,,,,,,,,,,,,,,,,,,,,,,,,,,,,,,,,,,,,,,,,,,,,,,,,,,,,,,,,,,,,,,,,,,,,,,,,,,,,,,,,,,,,,,,,,,,,,,,,,,,,,,,,,,,,,,,,,,,,,One-off label,,,,,,,,,,,,,,,,,,,,,,,,One-off label,,,,,
JVNR7F,1,5,blue,,,,,,,,,,,,,,,,,,,,,,,,,,,,,,,,,,,,,,,,,,,,,,,,,,,,,,,,,,,,,,,,,,,,,,,,,,,,,,,,,,,,,,,,,,,,,,,,,,,,,,,,,,,,,,,,,,,,,,,,,,,,,,,,,,,,,,,,,,,,,,One-off label,,,,,,,,,,,,,,,,,,,,,,,,One-off label,,,,,
JVNR7F,1,6,chocolate,,,,,,,,,,,,,,,,,,,,,,,,,,,,,,,,,,,,,,,,,,,,,,,,,,,,,,,,,,,,,,,,,,,,,,,,,,,,,,,,,,,,,,,,,,,,,,,,,,,,,,,,,,,,,,,,,,,,,,,,,,,,,,,,,,,,,,,,,,,,,,One-off label,,,,,,,,,,,,,,,,,,,,,,,,One-off label,,,,,
JVNR7F,1,7,white,,,,,,,,,,,,,,,,,,,,,,,,,,,,,,,,,,,,,,,,,,,,,,,,,,,,,,,,,,,,,,,,,,,,,,,,,,,,,,,,,,,,,,,,,,,,,,,,,,,,,,,,,,,,,,,,,,,,,,,,,,,,,,,,,,,,,,,,,,,,,,One-off label,,,,,,,,,,,,,,,,,,,,,,,,One-off label,,,,,
JVNR7F,1,8,french,,,,,,,,,,,,,,,,,,,,,,,,,,,,,,,,,,,,,,,,,,,,,,,,,,,,,,,,,,,,,,,,,,,,,,,,,,,,,,,,,,,,,,,,,,,,,,,,,,,,,,,,,,,,,,,,,,,,,,,,,,,,,,,,,,,,,,,,,,,,,,One-off label,,,,,,,,,,,,,,,,,,,,,,,,One-off label,,,,,
JZRVR1,0,1,fly,,,,,,,,,,,,,,,,,,,,,,,,,,,,,,One-off label,,,,,,,,,,,,,,,,,,,,,,,,,,,,,,,,,,,,,,,,,,,,,,,,,,,,,,,,,,,,,,,,,,,,,,,One-off label,,,,,,,,,,,,,,,,,One-off label,,,,,,,,,,,,,,,,,,,,,,,,,,,,,,,,,,,,,,,,,,,,,,,,,,,,,
JZRVR1,0,2,lookback,,,,,,,,,,,,,,,,,,,,,,,,,,,,,,Can't tell / Neither,,,,,,,,,,,,,,,,,,,,,,,,,,,,,,,,,,,,,,,,,,,,,,,,,,,,,,,,,,,,,,,,,,,,,,,One-off label,,,,,,,,,,,,,,,,,Systematic label,,,,,,,,,,,,,,,,,,,,,,,,,,,,,,,,,,,,,,,,,,,,,,,,,,,,,
JZRVR1,0,3,runback,,,,,,,,,,,,,,,,,,,,,,,,,,,,,,Can't tell / Neither,,,,,,,,,,,,,,,,,,,,,,,,,,,,,,,,,,,,,,,,,,,,,,,,,,,,,,,,,,,,,,,,,,,,,,,One-off label,,,,,,,,,,,,,,,,,Systematic label,,,,,,,,,,,,,,,,,,,,,,,,,,,,,,,,,,,,,,,,,,,,,,,,,,,,,
JZRVR1,0,4,yoga,,,,,,,,,,,,,,,,,,,,,,,,,,,,,,One-off label,,,,,,,,,,,,,,,,,,,,,,,,,,,,,,,,,,,,,,,,,,,,,,,,,,,,,,,,,,,,,,,,,,,,,,,One-off label,,,,,,,,,,,,,,,,,One-off label,,,,,,,,,,,,,,,,,,,,,,,,,,,,,,,,,,,,,,,,,,,,,,,,,,,,,
JZRVR1,0,5,pastor,,,,,,,,,,,,,,,,,,,,,,,,,,,,,,One-off label,,,,,,,,,,,,,,,,,,,,,,,,,,,,,,,,,,,,,,,,,,,,,,,,,,,,,,,,,,,,,,,,,,,,,,,One-off label,,,,,,,,,,,,,,,,,One-off label,,,,,,,,,,,,,,,,,,,,,,,,,,,,,,,,,,,,,,,,,,,,,,,,,,,,,
JZRVR1,0,6,beg,,,,,,,,,,,,,,,,,,,,,,,,,,,,,,One-off label,,,,,,,,,,,,,,,,,,,,,,,,,,,,,,,,,,,,,,,,,,,,,,,,,,,,,,,,,,,,,,,,,,,,,,,One-off label,,,,,,,,,,,,,,,,,One-off label,,,,,,,,,,,,,,,,,,,,,,,,,,,,,,,,,,,,,,,,,,,,,,,,,,,,,
JZRVR1,0,7,happy,,,,,,,,,,,,,,,,,,,,,,,,,,,,,,One-off label,,,,,,,,,,,,,,,,,,,,,,,,,,,,,,,,,,,,,,,,,,,,,,,,,,,,,,,,,,,,,,,,,,,,,,,One-off label,,,,,,,,,,,,,,,,,Can't tell / Neither,,,,,,,,,,,,,,,,,,,,,,,,,,,,,,,,,,,,,,,,,,,,,,,,,,,,,
JZRVR1,0,8,goback,,,,,,,,,,,,,,,,,,,,,,,,,,,,,,Can't tell / Neither,,,,,,,,,,,,,,,,,,,,,,,,,,,,,,,,,,,,,,,,,,,,,,,,,,,,,,,,,,,,,,,,,,,,,,,One-off label,,,,,,,,,,,,,,,,,Systematic label,,,,,,,,,,,,,,,,,,,,,,,,,,,,,,,,,,,,,,,,,,,,,,,,,,,,,
JZRVR1,1,1,fly,,,,,,,,One-off label,,,,,,,,,,,,,,,,,,,,,,,,,,,,,,,One-off label,,,,,,,,,,One-off label,,,,,,,,,,,,,,,,,,,,,,,,,,,,,,,,,,,,,,,,,,,,,,,,,,,,,,,,,,,,,,,,,,,,,,,,,,,,,,,,,,,,,,,,,,,,,,,,,,,,,,,,,,,,,,,,,,,,,,,,,,
JZRVR1,1,2,goback,,,,,,,,One-off label,,,,,,,,,,,,,,,,,,,,,,,,,,,,,,,One-off label,,,,,,,,,,One-off label,,,,,,,,,,,,,,,,,,,,,,,,,,,,,,,,,,,,,,,,,,,,,,,,,,,,,,,,,,,,,,,,,,,,,,,,,,,,,,,,,,,,,,,,,,,,,,,,,,,,,,,,,,,,,,,,,,,,,,,,,,
JZRVR1,1,3,dance,,,,,,,,One-off label,,,,,,,,,,,,,,,,,,,,,,,,,,,,,,,One-off label,,,,,,,,,,One-off label,,,,,,,,,,,,,,,,,,,,,,,,,,,,,,,,,,,,,,,,,,,,,,,,,,,,,,,,,,,,,,,,,,,,,,,,,,,,,,,,,,,,,,,,,,,,,,,,,,,,,,,,,,,,,,,,,,,,,,,,,,
JZRVR1,1,4,goback,,,,,,,,Can't tell / Neither,,,,,,,,,,,,,,,,,,,,,,,,,,,,,,,One-off label,,,,,,,,,,One-off label,,,,,,,,,,,,,,,,,,,,,,,,,,,,,,,,,,,,,,,,,,,,,,,,,,,,,,,,,,,,,,,,,,,,,,,,,,,,,,,,,,,,,,,,,,,,,,,,,,,,,,,,,,,,,,,,,,,,,,,,,,
JZRVR1,1,5,dance,,,,,,,,Can't tell / Neither,,,,,,,,,,,,,,,,,,,,,,,,,,,,,,,One-off label,,,,,,,,,,One-off label,,,,,,,,,,,,,,,,,,,,,,,,,,,,,,,,,,,,,,,,,,,,,,,,,,,,,,,,,,,,,,,,,,,,,,,,,,,,,,,,,,,,,,,,,,,,,,,,,,,,,,,,,,,,,,,,,,,,,,,,,,
JZRVR1,1,6,run,,,,,,,,One-off label,,,,,,,,,,,,,,,,,,,,,,,,,,,,,,,One-off label,,,,,,,,,,One-off label,,,,,,,,,,,,,,,,,,,,,,,,,,,,,,,,,,,,,,,,,,,,,,,,,,,,,,,,,,,,,,,,,,,,,,,,,,,,,,,,,,,,,,,,,,,,,,,,,,,,,,,,,,,,,,,,,,,,,,,,,,
JZRVR1,1,7,lookback,,,,,,,,One-off label,,,,,,,,,,,,,,,,,,,,,,,,,,,,,,,One-off label,,,,,,,,,,One-off label,,,,,,,,,,,,,,,,,,,,,,,,,,,,,,,,,,,,,,,,,,,,,,,,,,,,,,,,,,,,,,,,,,,,,,,,,,,,,,,,,,,,,,,,,,,,,,,,,,,,,,,,,,,,,,,,,,,,,,,,,,
JZRVR1,1,8,pastle,,,,,,,,Can't tell / Neither,,,,,,,,,,,,,,,,,,,,,,,,,,,,,,,One-off label,,,,,,,,,,Can't tell / Neither,,,,,,,,,,,,,,,,,,,,,,,,,,,,,,,,,,,,,,,,,,,,,,,,,,,,,,,,,,,,,,,,,,,,,,,,,,,,,,,,,,,,,,,,,,,,,,,,,,,,,,,,,,,,,,,,,,,,,,,,,,
K8WC5N,0,1,hand,,,,,,,,,,,,,,,,,,,,,,,,,,,,,,,,,,,,,,,,,,,,,,,,,,Systematic label,,,,,,,,,,,,,,,,,,,,,,,,,,,,,,,One-off label,,,,,,,,,,,,,,,,,,,,,,,,,,,,,,,,,,,,,,,,,,,,,,,,,Systematic label,,,,,,,,,,,,,,,,,,,,,,,,,,,,,,,,,,,,,,,,,
K8WC5N,0,2,kick,,,,,,,,,,,,,,,,,,,,,,,,,,,,,,,,,,,,,,,,,,,,,,,,,,Systematic label,,,,,,,,,,,,,,,,,,,,,,,,,,,,,,,One-off label,,,,,,,,,,,,,,,,,,,,,,,,,,,,,,,,,,,,,,,,,,,,,,,,,One-off label,,,,,,,,,,,,,,,,,,,,,,,,,,,,,,,,,,,,,,,,,
K8WC5N,0,3,clueless,,,,,,,,,,,,,,,,,,,,,,,,,,,,,,,,,,,,,,,,,,,,,,,,,,Systematic label,,,,,,,,,,,,,,,,,,,,,,,,,,,,,,,Can't tell / Neither,,,,,,,,,,,,,,,,,,,,,,,,,,,,,,,,,,,,,,,,,,,,,,,,,One-off label,,,,,,,,,,,,,,,,,,,,,,,,,,,,,,,,,,,,,,,,,
K8WC5N,0,4,one leg,,,,,,,,,,,,,,,,,,,,,,,,,,,,,,,,,,,,,,,,,,,,,,,,,,Systematic label,,,,,,,,,,,,,,,,,,,,,,,,,,,,,,,One-off label,,,,,,,,,,,,,,,,,,,,,,,,,,,,,,,,,,,,,,,,,,,,,,,,,Systematic label,,,,,,,,,,,,,,,,,,,,,,,,,,,,,,,,,,,,,,,,,
K8WC5N,0,5,straight,,,,,,,,,,,,,,,,,,,,,,,,,,,,,,,,,,,,,,,,,,,,,,,,,,Systematic label,,,,,,,,,,,,,,,,,,,,,,,,,,,,,,,One-off label,,,,,,,,,,,,,,,,,,,,,,,,,,,,,,,,,,,,,,,,,,,,,,,,,Systematic label,,,,,,,,,,,,,,,,,,,,,,,,,,,,,,,,,,,,,,,,,
K8WC5N,0,6,almostkneel,,,,,,,,,,,,,,,,,,,,,,,,,,,,,,,,,,,,,,,,,,,,,,,,,,Systematic label,,,,,,,,,,,,,,,,,,,,,,,,,,,,,,,Can't tell / Neither,,,,,,,,,,,,,,,,,,,,,,,,,,,,,,,,,,,,,,,,,,,,,,,,,Systematic label,,,,,,,,,,,,,,,,,,,,,,,,,,,,,,,,,,,,,,,,,
K8WC5N,0,7,dance,,,,,,,,,,,,,,,,,,,,,,,,,,,,,,,,,,,,,,,,,,,,,,,,,,Systematic label,,,,,,,,,,,,,,,,,,,,,,,,,,,,,,,One-off label,,,,,,,,,,,,,,,,,,,,,,,,,,,,,,,,,,,,,,,,,,,,,,,,,One-off label,,,,,,,,,,,,,,,,,,,,,,,,,,,,,,,,,,,,,,,,,
K8WC5N,0,8,kneel,,,,,,,,,,,,,,,,,,,,,,,,,,,,,,,,,,,,,,,,,,,,,,,,,,Systematic label,,,,,,,,,,,,,,,,,,,,,,,,,,,,,,,One-off label,,,,,,,,,,,,,,,,,,,,,,,,,,,,,,,,,,,,,,,,,,,,,,,,,Systematic label,,,,,,,,,,,,,,,,,,,,,,,,,,,,,,,,,,,,,,,,,
K8WC5N,1,1,hand,,,,,,,,,,,,,,,,,,,,,,,,,,,,,,,,,,,,,,,,,One-off label,,,,,,,,,,,,,,,,,One-off label,,,,,,,,,,,,,,,,,,,,,,,,,,,,,,,,,,,,,,,,,,,,,,,,,,,,,,,,,,,,,,,,,,,,,,,,,One-off label,,,,,,,,,,,,,,,,,,,,,,,,,,,,,,,,,,,,,,,,
K8WC5N,1,2,kick,,,,,,,,,,,,,,,,,,,,,,,,,,,,,,,,,,,,,,,,,One-off label,,,,,,,,,,,,,,,,,One-off label,,,,,,,,,,,,,,,,,,,,,,,,,,,,,,,,,,,,,,,,,,,,,,,,,,,,,,,,,,,,,,,,,,,,,,,,,One-off label,,,,,,,,,,,,,,,,,,,,,,,,,,,,,,,,,,,,,,,,
K8WC5N,1,3,clueless,,,,,,,,,,,,,,,,,,,,,,,,,,,,,,,,,,,,,,,,,One-off label,,,,,,,,,,,,,,,,,One-off label,,,,,,,,,,,,,,,,,,,,,,,,,,,,,,,,,,,,,,,,,,,,,,,,,,,,,,,,,,,,,,,,,,,,,,,,,One-off label,,,,,,,,,,,,,,,,,,,,,,,,,,,,,,,,,,,,,,,,
K8WC5N,1,4,oneleg,,,,,,,,,,,,,,,,,,,,,,,,,,,,,,,,,,,,,,,,,One-off label,,,,,,,,,,,,,,,,,Systematic label,,,,,,,,,,,,,,,,,,,,,,,,,,,,,,,,,,,,,,,,,,,,,,,,,,,,,,,,,,,,,,,,,,,,,,,,,Systematic label,,,,,,,,,,,,,,,,,,,,,,,,,,,,,,,,,,,,,,,,
K8WC5N,1,5,straight,,,,,,,,,,,,,,,,,,,,,,,,,,,,,,,,,,,,,,,,,One-off label,,,,,,,,,,,,,,,,,Systematic label,,,,,,,,,,,,,,,,,,,,,,,,,,,,,,,,,,,,,,,,,,,,,,,,,,,,,,,,,,,,,,,,,,,,,,,,,One-off label,,,,,,,,,,,,,,,,,,,,,,,,,,,,,,,,,,,,,,,,
K8WC5N,1,6,almostkneel,,,,,,,,,,,,,,,,,,,,,,,,,,,,,,,,,,,,,,,,,Systematic label,,,,,,,,,,,,,,,,,One-off label,,,,,,,,,,,,,,,,,,,,,,,,,,,,,,,,,,,,,,,,,,,,,,,,,,,,,,,,,,,,,,,,,,,,,,,,,Systematic label,,,,,,,,,,,,,,,,,,,,,,,,,,,,,,,,,,,,,,,,
K8WC5N,1,7,dance,,,,,,,,,,,,,,,,,,,,,,,,,,,,,,,,,,,,,,,,,One-off label,,,,,,,,,,,,,,,,,One-off label,,,,,,,,,,,,,,,,,,,,,,,,,,,,,,,,,,,,,,,,,,,,,,,,,,,,,,,,,,,,,,,,,,,,,,,,,One-off label,,,,,,,,,,,,,,,,,,,,,,,,,,,,,,,,,,,,,,,,
K8WC5N,1,8,kneel,,,,,,,,,,,,,,,,,,,,,,,,,,,,,,,,,,,,,,,,,One-off label,,,,,,,,,,,,,,,,,One-off label,,,,,,,,,,,,,,,,,,,,,,,,,,,,,,,,,,,,,,,,,,,,,,,,,,,,,,,,,,,,,,,,,,,,,,,,,One-off label,,,,,,,,,,,,,,,,,,,,,,,,,,,,,,,,,,,,,,,,
KF4Y5F,0,1,leap,,,,,,,,,,,,,,,,,,,,,,,,,,,,,,,,,,,,,,,,,,,,,,,,,,,,,,,,,,,,,,,,,,,,,,,,,,,,,,,,,,,,,,,,,,,,,,,,,,,,,,,,,,,,,,,,,,Systematic label,,,,,,,,,,,,,,,,,,One-off label,,,,,One-off label,,,,,,,,,,,,,,,,,,,,,,,,,,,,,,,,,,
KF4Y5F,0,2,bird,,,,,,,,,,,,,,,,,,,,,,,,,,,,,,,,,,,,,,,,,,,,,,,,,,,,,,,,,,,,,,,,,,,,,,,,,,,,,,,,,,,,,,,,,,,,,,,,,,,,,,,,,,,,,,,,,,One-off label,,,,,,,,,,,,,,,,,,One-off label,,,,,One-off label,,,,,,,,,,,,,,,,,,,,,,,,,,,,,,,,,,
KF4Y5F,0,3,angel,,,,,,,,,,,,,,,,,,,,,,,,,,,,,,,,,,,,,,,,,,,,,,,,,,,,,,,,,,,,,,,,,,,,,,,,,,,,,,,,,,,,,,,,,,,,,,,,,,,,,,,,,,,,,,,,,,One-off label,,,,,,,,,,,,,,,,,,One-off label,,,,,One-off label,,,,,,,,,,,,,,,,,,,,,,,,,,,,,,,,,,
KF4Y5F,0,4,balance,,,,,,,,,,,,,,,,,,,,,,,,,,,,,,,,,,,,,,,,,,,,,,,,,,,,,,,,,,,,,,,,,,,,,,,,,,,,,,,,,,,,,,,,,,,,,,,,,,,,,,,,,,,,,,,,,,Systematic label,,,,,,,,,,,,,,,,,,One-off label,,,,,One-off label,,,,,,,,,,,,,,,,,,,,,,,,,,,,,,,,,,
KF4Y5F,0,5,priest,,,,,,,,,,,,,,,,,,,,,,,,,,,,,,,,,,,,,,,,,,,,,,,,,,,,,,,,,,,,,,,,,,,,,,,,,,,,,,,,,,,,,,,,,,,,,,,,,,,,,,,,,,,,,,,,,,One-off label,,,,,,,,,,,,,,,,,,One-off label,,,,,One-off label,,,,,,,,,,,,,,,,,,,,,,,,,,,,,,,,,,
KF4Y5F,0,6,monk,,,,,,,,,,,,,,,,,,,,,,,,,,,,,,,,,,,,,,,,,,,,,,,,,,,,,,,,,,,,,,,,,,,,,,,,,,,,,,,,,,,,,,,,,,,,,,,,,,,,,,,,,,,,,,,,,,One-off label,,,,,,,,,,,,,,,,,,One-off label,,,,,One-off label,,,,,,,,,,,,,,,,,,,,,,,,,,,,,,,,,,
KF4Y5F,0,7,dancer,,,,,,,,,,,,,,,,,,,,,,,,,,,,,,,,,,,,,,,,,,,,,,,,,,,,,,,,,,,,,,,,,,,,,,,,,,,,,,,,,,,,,,,,,,,,,,,,,,,,,,,,,,,,,,,,,,One-off label,,,,,,,,,,,,,,,,,,One-off label,,,,,One-off label,,,,,,,,,,,,,,,,,,,,,,,,,,,,,,,,,,
KF4Y5F,0,8,statue,,,,,,,,,,,,,,,,,,,,,,,,,,,,,,,,,,,,,,,,,,,,,,,,,,,,,,,,,,,,,,,,,,,,,,,,,,,,,,,,,,,,,,,,,,,,,,,,,,,,,,,,,,,,,,,,,,One-off label,,,,,,,,,,,,,,,,,,One-off label,,,,,One-off label,,,,,,,,,,,,,,,,,,,,,,,,,,,,,,,,,,
KF4Y5F,1,1,leap,,,,,,,,One-off label,,,,,,,,,,,,,,,,,,,,,,,,,,,,,,,,,,,,,,,,,,,,,,,,,,,,,,,,,,,,,,,,,,,,,,,,,,,,,,,,,,,,,,,,,,,,,,,,,,,,,,,,One-off label,,,,,,,,,,,,,,,,,,,,,,,,,,Can't tell / Neither,,,,,,,,,,,,,,,,,,,,,,,,,,,,,,,,,
KF4Y5F,1,2,bird,,,,,,,,One-off label,,,,,,,,,,,,,,,,,,,,,,,,,,,,,,,,,,,,,,,,,,,,,,,,,,,,,,,,,,,,,,,,,,,,,,,,,,,,,,,,,,,,,,,,,,,,,,,,,,,,,,,,One-off label,,,,,,,,,,,,,,,,,,,,,,,,,,One-off label,,,,,,,,,,,,,,,,,,,,,,,,,,,,,,,,,
KF4Y5F,1,3,angel,,,,,,,,One-off label,,,,,,,,,,,,,,,,,,,,,,,,,,,,,,,,,,,,,,,,,,,,,,,,,,,,,,,,,,,,,,,,,,,,,,,,,,,,,,,,,,,,,,,,,,,,,,,,,,,,,,,,One-off label,,,,,,,,,,,,,,,,,,,,,,,,,,One-off label,,,,,,,,,,,,,,,,,,,,,,,,,,,,,,,,,
KF4Y5F,1,4,balance,,,,,,,,One-off label,,,,,,,,,,,,,,,,,,,,,,,,,,,,,,,,,,,,,,,,,,,,,,,,,,,,,,,,,,,,,,,,,,,,,,,,,,,,,,,,,,,,,,,,,,,,,,,,,,,,,,,,One-off label,,,,,,,,,,,,,,,,,,,,,,,,,,Can't tell / Neither,,,,,,,,,,,,,,,,,,,,,,,,,,,,,,,,,
KF4Y5F,1,5,priest,,,,,,,,One-off label,,,,,,,,,,,,,,,,,,,,,,,,,,,,,,,,,,,,,,,,,,,,,,,,,,,,,,,,,,,,,,,,,,,,,,,,,,,,,,,,,,,,,,,,,,,,,,,,,,,,,,,,One-off label,,,,,,,,,,,,,,,,,,,,,,,,,,One-off label,,,,,,,,,,,,,,,,,,,,,,,,,,,,,,,,,
KF4Y5F,1,6,monk,,,,,,,,One-off label,,,,,,,,,,,,,,,,,,,,,,,,,,,,,,,,,,,,,,,,,,,,,,,,,,,,,,,,,,,,,,,,,,,,,,,,,,,,,,,,,,,,,,,,,,,,,,,,,,,,,,,,One-off label,,,,,,,,,,,,,,,,,,,,,,,,,,One-off label,,,,,,,,,,,,,,,,,,,,,,,,,,,,,,,,,
KF4Y5F,1,7,dancer,,,,,,,,One-off label,,,,,,,,,,,,,,,,,,,,,,,,,,,,,,,,,,,,,,,,,,,,,,,,,,,,,,,,,,,,,,,,,,,,,,,,,,,,,,,,,,,,,,,,,,,,,,,,,,,,,,,,One-off label,,,,,,,,,,,,,,,,,,,,,,,,,,One-off label,,,,,,,,,,,,,,,,,,,,,,,,,,,,,,,,,
KF4Y5F,1,8,statue,,,,,,,,One-off label,,,,,,,,,,,,,,,,,,,,,,,,,,,,,,,,,,,,,,,,,,,,,,,,,,,,,,,,,,,,,,,,,,,,,,,,,,,,,,,,,,,,,,,,,,,,,,,,,,,,,,,,One-off label,,,,,,,,,,,,,,,,,,,,,,,,,,One-off label,,,,,,,,,,,,,,,,,,,,,,,,,,,,,,,,,
KJBB6A,0,1,purple toy purple,,,,,,,,,,,,,,,,,,,,,,,,,,,,,,,,,,,,,,,,,,,,,,,,,,,,,,,,,,,,,,,,,,,,,,,,,,,,,,,,,,,,,,,,,,,,,,,,Systematic label,,,,,,,,,,Systematic label,,,,,,,,,,,,,,,,,,,,,,,,,,,,Systematic label,,,,,,,,,,,,,,,,,,,,,,,,,,,,,,,,,,,,,
KJBB6A,0,2,purple toy yellow,,,,,,,,,,,,,,,,,,,,,,,,,,,,,,,,,,,,,,,,,,,,,,,,,,,,,,,,,,,,,,,,,,,,,,,,,,,,,,,,,,,,,,,,,,,,,,,,Systematic label,,,,,,,,,,Systematic label,,,,,,,,,,,,,,,,,,,,,,,,,,,,Systematic label,,,,,,,,,,,,,,,,,,,,,,,,,,,,,,,,,,,,,
KJBB6A,0,3,orange toy yellow,,,,,,,,,,,,,,,,,,,,,,,,,,,,,,,,,,,,,,,,,,,,,,,,,,,,,,,,,,,,,,,,,,,,,,,,,,,,,,,,,,,,,,,,,,,,,,,,Systematic label,,,,,,,,,,Systematic label,,,,,,,,,,,,,,,,,,,,,,,,,,,,Systematic label,,,,,,,,,,,,,,,,,,,,,,,,,,,,,,,,,,,,,
KJBB6A,0,4,orange toy brown,,,,,,,,,,,,,,,,,,,,,,,,,,,,,,,,,,,,,,,,,,,,,,,,,,,,,,,,,,,,,,,,,,,,,,,,,,,,,,,,,,,,,,,,,,,,,,,,Systematic label,,,,,,,,,,Systematic label,,,,,,,,,,,,,,,,,,,,,,,,,,,,Systematic label,,,,,,,,,,,,,,,,,,,,,,,,,,,,,,,,,,,,,
KJBB6A,0,5,orange toy blue,,,,,,,,,,,,,,,,,,,,,,,,,,,,,,,,,,,,,,,,,,,,,,,,,,,,,,,,,,,,,,,,,,,,,,,,,,,,,,,,,,,,,,,,,,,,,,,,Systematic label,,,,,,,,,,Systematic label,,,,,,,,,,,,,,,,,,,,,,,,,,,,Systematic label,,,,,,,,,,,,,,,,,,,,,,,,,,,,,,,,,,,,,
KJBB6A,0,6,orange toy black,,,,,,,,,,,,,,,,,,,,,,,,,,,,,,,,,,,,,,,,,,,,,,,,,,,,,,,,,,,,,,,,,,,,,,,,,,,,,,,,,,,,,,,,,,,,,,,,Systematic label,,,,,,,,,,Systematic label,,,,,,,,,,,,,,,,,,,,,,,,,,,,Systematic label,,,,,,,,,,,,,,,,,,,,,,,,,,,,,,,,,,,,,
KJBB6A,0,7,purple toy white,,,,,,,,,,,,,,,,,,,,,,,,,,,,,,,,,,,,,,,,,,,,,,,,,,,,,,,,,,,,,,,,,,,,,,,,,,,,,,,,,,,,,,,,,,,,,,,,Systematic label,,,,,,,,,,Systematic label,,,,,,,,,,,,,,,,,,,,,,,,,,,,Systematic label,,,,,,,,,,,,,,,,,,,,,,,,,,,,,,,,,,,,,
KJBB6A,0,8,purple toy brown,,,,,,,,,,,,,,,,,,,,,,,,,,,,,,,,,,,,,,,,,,,,,,,,,,,,,,,,,,,,,,,,,,,,,,,,,,,,,,,,,,,,,,,,,,,,,,,,Systematic label,,,,,,,,,,Systematic label,,,,,,,,,,,,,,,,,,,,,,,,,,,,Systematic label,,,,,,,,,,,,,,,,,,,,,,,,,,,,,,,,,,,,,
KJBB6A,1,1,purple toy purple,,,,,,,,,,,,,,,,,,,,,,,,,,Systematic label,,,,,,,,,,,,,,,,,,,,,,,,,,,,,,,,,,,,,,,,,,,,,,,,Systematic label,,,,,,,,,,,,,,,,Systematic label,,,,,,,,,,,,,,,,,,,,,,,,,,,,,,,,,,,,,,,,,,,,,,,,,,,,,,,,,,,,,,,,,,,,,,,,,,,,,,,,,
KJBB6A,1,2,purple toy yellow,,,,,,,,,,,,,,,,,,,,,,,,,,Systematic label,,,,,,,,,,,,,,,,,,,,,,,,,,,,,,,,,,,,,,,,,,,,,,,,Systematic label,,,,,,,,,,,,,,,,Systematic label,,,,,,,,,,,,,,,,,,,,,,,,,,,,,,,,,,,,,,,,,,,,,,,,,,,,,,,,,,,,,,,,,,,,,,,,,,,,,,,,,
KJBB6A,1,3,orange toy yellow,,,,,,,,,,,,,,,,,,,,,,,,,,Systematic label,,,,,,,,,,,,,,,,,,,,,,,,,,,,,,,,,,,,,,,,,,,,,,,,Systematic label,,,,,,,,,,,,,,,,Systematic label,,,,,,,,,,,,,,,,,,,,,,,,,,,,,,,,,,,,,,,,,,,,,,,,,,,,,,,,,,,,,,,,,,,,,,,,,,,,,,,,,
KJBB6A,1,4,orange toy brown,,,,,,,,,,,,,,,,,,,,,,,,,,Systematic label,,,,,,,,,,,,,,,,,,,,,,,,,,,,,,,,,,,,,,,,,,,,,,,,Systematic label,,,,,,,,,,,,,,,,Systematic label,,,,,,,,,,,,,,,,,,,,,,,,,,,,,,,,,,,,,,,,,,,,,,,,,,,,,,,,,,,,,,,,,,,,,,,,,,,,,,,,,
KJBB6A,1,5,orange toy blue,,,,,,,,,,,,,,,,,,,,,,,,,,Systematic label,,,,,,,,,,,,,,,,,,,,,,,,,,,,,,,,,,,,,,,,,,,,,,,,Systematic label,,,,,,,,,,,,,,,,Systematic label,,,,,,,,,,,,,,,,,,,,,,,,,,,,,,,,,,,,,,,,,,,,,,,,,,,,,,,,,,,,,,,,,,,,,,,,,,,,,,,,,
KJBB6A,1,6,orange toy black,,,,,,,,,,,,,,,,,,,,,,,,,,Systematic label,,,,,,,,,,,,,,,,,,,,,,,,,,,,,,,,,,,,,,,,,,,,,,,,Systematic label,,,,,,,,,,,,,,,,Systematic label,,,,,,,,,,,,,,,,,,,,,,,,,,,,,,,,,,,,,,,,,,,,,,,,,,,,,,,,,,,,,,,,,,,,,,,,,,,,,,,,,
KJBB6A,1,7,purple toy white,,,,,,,,,,,,,,,,,,,,,,,,,,Systematic label,,,,,,,,,,,,,,,,,,,,,,,,,,,,,,,,,,,,,,,,,,,,,,,,Systematic label,,,,,,,,,,,,,,,,Systematic label,,,,,,,,,,,,,,,,,,,,,,,,,,,,,,,,,,,,,,,,,,,,,,,,,,,,,,,,,,,,,,,,,,,,,,,,,,,,,,,,,
KJBB6A,1,8,purple toy brown,,,,,,,,,,,,,,,,,,,,,,,,,,Systematic label,,,,,,,,,,,,,,,,,,,,,,,,,,,,,,,,,,,,,,,,,,,,,,,,Systematic label,,,,,,,,,,,,,,,,Systematic label,,,,,,,,,,,,,,,,,,,,,,,,,,,,,,,,,,,,,,,,,,,,,,,,,,,,,,,,,,,,,,,,,,,,,,,,,,,,,,,,,
KRJVK2,0,1,purple black yellow pink,,,,,,,,,,,,,,,,,,,,,,,,,,,,,,,,,,,,,,,,,,,,,,,,,,,,,,,,,,,,,,,,,,,,,,,,,,,,,,,,,,,,,,,,,,,,,,,,,,,,,,,,,,,,,,,,,,,,Systematic label,,,,,,,,,,,,,,,,,,,,,,,,,,,,,Systematic label,,,,,,,,,,,,,,,,,,,,Systematic label,,,,,,
KRJVK2,0,2,purple black yellow yellow,,,,,,,,,,,,,,,,,,,,,,,,,,,,,,,,,,,,,,,,,,,,,,,,,,,,,,,,,,,,,,,,,,,,,,,,,,,,,,,,,,,,,,,,,,,,,,,,,,,,,,,,,,,,,,,,,,,,Systematic label,,,,,,,,,,,,,,,,,,,,,,,,,,,,,Systematic label,,,,,,,,,,,,,,,,,,,,Systematic label,,,,,,
KRJVK2,0,3,orange red brown yellow,,,,,,,,,,,,,,,,,,,,,,,,,,,,,,,,,,,,,,,,,,,,,,,,,,,,,,,,,,,,,,,,,,,,,,,,,,,,,,,,,,,,,,,,,,,,,,,,,,,,,,,,,,,,,,,,,,,,Systematic label,,,,,,,,,,,,,,,,,,,,,,,,,,,,,Systematic label,,,,,,,,,,,,,,,,,,,,Systematic label,,,,,,
KRJVK2,0,4,orange red brown brown,,,,,,,,,,,,,,,,,,,,,,,,,,,,,,,,,,,,,,,,,,,,,,,,,,,,,,,,,,,,,,,,,,,,,,,,,,,,,,,,,,,,,,,,,,,,,,,,,,,,,,,,,,,,,,,,,,,,Systematic label,,,,,,,,,,,,,,,,,,,,,,,,,,,,,Systematic label,,,,,,,,,,,,,,,,,,,,Systematic label,,,,,,
KRJVK2,0,5,orange red brown blue,,,,,,,,,,,,,,,,,,,,,,,,,,,,,,,,,,,,,,,,,,,,,,,,,,,,,,,,,,,,,,,,,,,,,,,,,,,,,,,,,,,,,,,,,,,,,,,,,,,,,,,,,,,,,,,,,,,,Systematic label,,,,,,,,,,,,,,,,,,,,,,,,,,,,,Systematic label,,,,,,,,,,,,,,,,,,,,Systematic label,,,,,,
KRJVK2,0,6,orange red brown black,,,,,,,,,,,,,,,,,,,,,,,,,,,,,,,,,,,,,,,,,,,,,,,,,,,,,,,,,,,,,,,,,,,,,,,,,,,,,,,,,,,,,,,,,,,,,,,,,,,,,,,,,,,,,,,,,,,,Systematic label,,,,,,,,,,,,,,,,,,,,,,,,,,,,,Systematic label,,,,,,,,,,,,,,,,,,,,Systematic label,,,,,,
KRJVK2,0,7,purple black yellow white,,,,,,,,,,,,,,,,,,,,,,,,,,,,,,,,,,,,,,,,,,,,,,,,,,,,,,,,,,,,,,,,,,,,,,,,,,,,,,,,,,,,,,,,,,,,,,,,,,,,,,,,,,,,,,,,,,,,Systematic label,,,,,,,,,,,,,,,,,,,,,,,,,,,,,Systematic label,,,,,,,,,,,,,,,,,,,,Systematic label,,,,,,
KRJVK2,0,8,purple black yellow white,,,,,,,,,,,,,,,,,,,,,,,,,,,,,,,,,,,,,,,,,,,,,,,,,,,,,,,,,,,,,,,,,,,,,,,,,,,,,,,,,,,,,,,,,,,,,,,,,,,,,,,,,,,,,,,,,,,,Systematic label,,,,,,,,,,,,,,,,,,,,,,,,,,,,,Systematic label,,,,,,,,,,,,,,,,,,,,Systematic label,,,,,,
KRJVK2,1,1,purple black yellow pink,,,,,,,,,,,,,,,,,,,,,,,,,,,,,,,,,,,,,,,,,,,Systematic label,,,,,,,,,,,,,,,,,,,,,,,,,,,,,Systematic label,,,,,,,,,,,,,,,,,,,,,,,,,,,,,,,,,,,,,,,,,,,,,,,,,,,,,,,,,,,,,,Systematic label,,,,,,,,,,,,,,,,,,,,,,,,,,,,,,,,,,,,,
KRJVK2,1,2,purple black yellow yellow,,,,,,,,,,,,,,,,,,,,,,,,,,,,,,,,,,,,,,,,,,,Systematic label,,,,,,,,,,,,,,,,,,,,,,,,,,,,,Systematic label,,,,,,,,,,,,,,,,,,,,,,,,,,,,,,,,,,,,,,,,,,,,,,,,,,,,,,,,,,,,,,Systematic label,,,,,,,,,,,,,,,,,,,,,,,,,,,,,,,,,,,,,
KRJVK2,1,3,orange red brown yellow,,,,,,,,,,,,,,,,,,,,,,,,,,,,,,,,,,,,,,,,,,,Systematic label,,,,,,,,,,,,,,,,,,,,,,,,,,,,,Systematic label,,,,,,,,,,,,,,,,,,,,,,,,,,,,,,,,,,,,,,,,,,,,,,,,,,,,,,,,,,,,,,Systematic label,,,,,,,,,,,,,,,,,,,,,,,,,,,,,,,,,,,,,
KRJVK2,1,4,orange red brown brown,,,,,,,,,,,,,,,,,,,,,,,,,,,,,,,,,,,,,,,,,,,Systematic label,,,,,,,,,,,,,,,,,,,,,,,,,,,,,Systematic label,,,,,,,,,,,,,,,,,,,,,,,,,,,,,,,,,,,,,,,,,,,,,,,,,,,,,,,,,,,,,,Systematic label,,,,,,,,,,,,,,,,,,,,,,,,,,,,,,,,,,,,,
KRJVK2,1,5,orange red brown blue,,,,,,,,,,,,,,,,,,,,,,,,,,,,,,,,,,,,,,,,,,,Systematic label,,,,,,,,,,,,,,,,,,,,,,,,,,,,,Systematic label,,,,,,,,,,,,,,,,,,,,,,,,,,,,,,,,,,,,,,,,,,,,,,,,,,,,,,,,,,,,,,Systematic label,,,,,,,,,,,,,,,,,,,,,,,,,,,,,,,,,,,,,
KRJVK2,1,6,orange red brown black,,,,,,,,,,,,,,,,,,,,,,,,,,,,,,,,,,,,,,,,,,,Systematic label,,,,,,,,,,,,,,,,,,,,,,,,,,,,,Systematic label,,,,,,,,,,,,,,,,,,,,,,,,,,,,,,,,,,,,,,,,,,,,,,,,,,,,,,,,,,,,,,Systematic label,,,,,,,,,,,,,,,,,,,,,,,,,,,,,,,,,,,,,
KRJVK2,1,7,purple black yellow white,,,,,,,,,,,,,,,,,,,,,,,,,,,,,,,,,,,,,,,,,,,Systematic label,,,,,,,,,,,,,,,,,,,,,,,,,,,,,Systematic label,,,,,,,,,,,,,,,,,,,,,,,,,,,,,,,,,,,,,,,,,,,,,,,,,,,,,,,,,,,,,,Systematic label,,,,,,,,,,,,,,,,,,,,,,,,,,,,,,,,,,,,,
KRJVK2,1,8,purple black yellow white,,,,,,,,,,,,,,,,,,,,,,,,,,,,,,,,,,,,,,,,,,,Systematic label,,,,,,,,,,,,,,,,,,,,,,,,,,,,,Systematic label,,,,,,,,,,,,,,,,,,,,,,,,,,,,,,,,,,,,,,,,,,,,,,,,,,,,,,,,,,,,,,Systematic label,,,,,,,,,,,,,,,,,,,,,,,,,,,,,,,,,,,,,
KV94XV,0,1,falling,,,,,,,,,,,,,,,,,,,,,,,,,,,,,,,,,,,,,,,,,,,,,,,,,,,,,,,,,,,,,,,,,,,,One-off label,,,,,,One-off label,,,,,,,,,,,,,,,,,,,,,,,,,,,,,,,,,,,,,,,,,,,,,,,,,,,,,,,,,,,,,,,,,,,,,,,,,,,,,,,,,,,,,,,,,,,,,Can't tell / Neither,,,,
KV94XV,0,2,posing,,,,,,,,,,,,,,,,,,,,,,,,,,,,,,,,,,,,,,,,,,,,,,,,,,,,,,,,,,,,,,,,,,,,One-off label,,,,,,One-off label,,,,,,,,,,,,,,,,,,,,,,,,,,,,,,,,,,,,,,,,,,,,,,,,,,,,,,,,,,,,,,,,,,,,,,,,,,,,,,,,,,,,,,,,,,,,,Can't tell / Neither,,,,
KV94XV,0,3,dancing,,,,,,,,,,,,,,,,,,,,,,,,,,,,,,,,,,,,,,,,,,,,,,,,,,,,,,,,,,,,,,,,,,,,One-off label,,,,,,One-off label,,,,,,,,,,,,,,,,,,,,,,,,,,,,,,,,,,,,,,,,,,,,,,,,,,,,,,,,,,,,,,,,,,,,,,,,,,,,,,,,,,,,,,,,,,,,,Can't tell / Neither,,,,
KV94XV,0,4,balancing,,,,,,,,,,,,,,,,,,,,,,,,,,,,,,,,,,,,,,,,,,,,,,,,,,,,,,,,,,,,,,,,,,,,One-off label,,,,,,One-off label,,,,,,,,,,,,,,,,,,,,,,,,,,,,,,,,,,,,,,,,,,,,,,,,,,,,,,,,,,,,,,,,,,,,,,,,,,,,,,,,,,,,,,,,,,,,,Can't tell / Neither,,,,
KV94XV,0,5,giving,,,,,,,,,,,,,,,,,,,,,,,,,,,,,,,,,,,,,,,,,,,,,,,,,,,,,,,,,,,,,,,,,,,,One-off label,,,,,,One-off label,,,,,,,,,,,,,,,,,,,,,,,,,,,,,,,,,,,,,,,,,,,,,,,,,,,,,,,,,,,,,,,,,,,,,,,,,,,,,,,,,,,,,,,,,,,,,Can't tell / Neither,,,,
KV94XV,0,6,kneeling,,,,,,,,,,,,,,,,,,,,,,,,,,,,,,,,,,,,,,,,,,,,,,,,,,,,,,,,,,,,,,,,,,,,Systematic label,,,,,,One-off label,,,,,,,,,,,,,,,,,,,,,,,,,,,,,,,,,,,,,,,,,,,,,,,,,,,,,,,,,,,,,,,,,,,,,,,,,,,,,,,,,,,,,,,,,,,,,Can't tell / Neither,,,,
KV94XV,0,7,falling,,,,,,,,,,,,,,,,,,,,,,,,,,,,,,,,,,,,,,,,,,,,,,,,,,,,,,,,,,,,,,,,,,,,One-off label,,,,,,One-off label,,,,,,,,,,,,,,,,,,,,,,,,,,,,,,,,,,,,,,,,,,,,,,,,,,,,,,,,,,,,,,,,,,,,,,,,,,,,,,,,,,,,,,,,,,,,,Can't tell / Neither,,,,
KV94XV,0,8,kneeling,,,,,,,,,,,,,,,,,,,,,,,,,,,,,,,,,,,,,,,,,,,,,,,,,,,,,,,,,,,,,,,,,,,,Systematic label,,,,,,One-off label,,,,,,,,,,,,,,,,,,,,,,,,,,,,,,,,,,,,,,,,,,,,,,,,,,,,,,,,,,,,,,,,,,,,,,,,,,,,,,,,,,,,,,,,,,,,,Can't tell / Neither,,,,
KV94XV,1,1,flying,,,,,,,,,,,,,,,,One-off label,,,,,,,,,,,,,,,,,,,,,,,,,,,,,,,,,,,,,,,,,,,,,,,,,,,,,,,,Can't tell / Neither,,,,Can't tell / Neither,,,,,,,,,,,,,,,,,,,,,,,,,,,,,,,,,,,,,,,,,,,,,,,,,,,,,,,,,,,,,,,,,,,,,,,,,,,,,,,,,,,,,,,,,,,,,,,
KV94XV,1,2,balancing,,,,,,,,,,,,,,,,One-off label,,,,,,,,,,,,,,,,,,,,,,,,,,,,,,,,,,,,,,,,,,,,,,,,,,,,,,,,Can't tell / Neither,,,,Can't tell / Neither,,,,,,,,,,,,,,,,,,,,,,,,,,,,,,,,,,,,,,,,,,,,,,,,,,,,,,,,,,,,,,,,,,,,,,,,,,,,,,,,,,,,,,,,,,,,,,,
KV94XV,1,3,kneeling,,,,,,,,,,,,,,,,One-off label,,,,,,,,,,,,,,,,,,,,,,,,,,,,,,,,,,,,,,,,,,,,,,,,,,,,,,,,Can't tell / Neither,,,,Can't tell / Neither,,,,,,,,,,,,,,,,,,,,,,,,,,,,,,,,,,,,,,,,,,,,,,,,,,,,,,,,,,,,,,,,,,,,,,,,,,,,,,,,,,,,,,,,,,,,,,,
KV94XV,1,4,balancing,,,,,,,,,,,,,,,,One-off label,,,,,,,,,,,,,,,,,,,,,,,,,,,,,,,,,,,,,,,,,,,,,,,,,,,,,,,,Can't tell / Neither,,,,Can't tell / Neither,,,,,,,,,,,,,,,,,,,,,,,,,,,,,,,,,,,,,,,,,,,,,,,,,,,,,,,,,,,,,,,,,,,,,,,,,,,,,,,,,,,,,,,,,,,,,,,
KV94XV,1,5,giving,,,,,,,,,,,,,,,,One-off label,,,,,,,,,,,,,,,,,,,,,,,,,,,,,,,,,,,,,,,,,,,,,,,,,,,,,,,,Can't tell / Neither,,,,Can't tell / Neither,,,,,,,,,,,,,,,,,,,,,,,,,,,,,,,,,,,,,,,,,,,,,,,,,,,,,,,,,,,,,,,,,,,,,,,,,,,,,,,,,,,,,,,,,,,,,,,
KV94XV,1,6,kneeling,,,,,,,,,,,,,,,,One-off label,,,,,,,,,,,,,,,,,,,,,,,,,,,,,,,,,,,,,,,,,,,,,,,,,,,,,,,,Can't tell / Neither,,,,Can't tell / Neither,,,,,,,,,,,,,,,,,,,,,,,,,,,,,,,,,,,,,,,,,,,,,,,,,,,,,,,,,,,,,,,,,,,,,,,,,,,,,,,,,,,,,,,,,,,,,,,
KV94XV,1,7,posing,,,,,,,,,,,,,,,,One-off label,,,,,,,,,,,,,,,,,,,,,,,,,,,,,,,,,,,,,,,,,,,,,,,,,,,,,,,,Can't tell / Neither,,,,Can't tell / Neither,,,,,,,,,,,,,,,,,,,,,,,,,,,,,,,,,,,,,,,,,,,,,,,,,,,,,,,,,,,,,,,,,,,,,,,,,,,,,,,,,,,,,,,,,,,,,,,
KV94XV,1,8,posing,,,,,,,,,,,,,,,,One-off label,,,,,,,,,,,,,,,,,,,,,,,,,,,,,,,,,,,,,,,,,,,,,,,,,,,,,,,,Can't tell / Neither,,,,Can't tell / Neither,,,,,,,,,,,,,,,,,,,,,,,,,,,,,,,,,,,,,,,,,,,,,,,,,,,,,,,,,,,,,,,,,,,,,,,,,,,,,,,,,,,,,,,,,,,,,,,
M77Z8N,0,1,fall,,,,,,,,,,,,,,,,,,,,,,,,,,,,,,,,,,,,,,,,,,,,,,,,,,,,,,,,Can't tell / Neither,,,,,,One-off label,,,,,,,,,,,,,,,,,,,,,Systematic label,,,,,,,,,,,,,,,,,,,,,,,,,,,,,,,,,,,,,,,,,,,,,,,,,,,,,,,,,,,,,,,,,,,,,,,,,,,,,,,,,,,,,,,,
M77Z8N,0,2,hop,,,,,,,,,,,,,,,,,,,,,,,,,,,,,,,,,,,,,,,,,,,,,,,,,,,,,,,,Can't tell / Neither,,,,,,One-off label,,,,,,,,,,,,,,,,,,,,,Systematic label,,,,,,,,,,,,,,,,,,,,,,,,,,,,,,,,,,,,,,,,,,,,,,,,,,,,,,,,,,,,,,,,,,,,,,,,,,,,,,,,,,,,,,,,
M77Z8N,0,3,kneel,,,,,,,,,,,,,,,,,,,,,,,,,,,,,,,,,,,,,,,,,,,,,,,,,,,,,,,,One-off label,,,,,,One-off label,,,,,,,,,,,,,,,,,,,,,Systematic label,,,,,,,,,,,,,,,,,,,,,,,,,,,,,,,,,,,,,,,,,,,,,,,,,,,,,,,,,,,,,,,,,,,,,,,,,,,,,,,,,,,,,,,,
M77Z8N,0,4,kick,,,,,,,,,,,,,,,,,,,,,,,,,,,,,,,,,,,,,,,,,,,,,,,,,,,,,,,,Can't tell / Neither,,,,,,One-off label,,,,,,,,,,,,,,,,,,,,,Systematic label,,,,,,,,,,,,,,,,,,,,,,,,,,,,,,,,,,,,,,,,,,,,,,,,,,,,,,,,,,,,,,,,,,,,,,,,,,,,,,,,,,,,,,,,
M77Z8N,0,5,give,,,,,,,,,,,,,,,,,,,,,,,,,,,,,,,,,,,,,,,,,,,,,,,,,,,,,,,,Can't tell / Neither,,,,,,One-off label,,,,,,,,,,,,,,,,,,,,,Systematic label,,,,,,,,,,,,,,,,,,,,,,,,,,,,,,,,,,,,,,,,,,,,,,,,,,,,,,,,,,,,,,,,,,,,,,,,,,,,,,,,,,,,,,,,
M77Z8N,0,6,squat,,,,,,,,,,,,,,,,,,,,,,,,,,,,,,,,,,,,,,,,,,,,,,,,,,,,,,,,One-off label,,,,,,One-off label,,,,,,,,,,,,,,,,,,,,,Systematic label,,,,,,,,,,,,,,,,,,,,,,,,,,,,,,,,,,,,,,,,,,,,,,,,,,,,,,,,,,,,,,,,,,,,,,,,,,,,,,,,,,,,,,,,
M77Z8N,0,7,slide,,,,,,,,,,,,,,,,,,,,,,,,,,,,,,,,,,,,,,,,,,,,,,,,,,,,,,,,Can't tell / Neither,,,,,,One-off label,,,,,,,,,,,,,,,,,,,,,Systematic label,,,,,,,,,,,,,,,,,,,,,,,,,,,,,,,,,,,,,,,,,,,,,,,,,,,,,,,,,,,,,,,,,,,,,,,,,,,,,,,,,,,,,,,,
M77Z8N,0,8,pray,,,,,,,,,,,,,,,,,,,,,,,,,,,,,,,,,,,,,,,,,,,,,,,,,,,,,,,,One-off label,,,,,,One-off label,,,,,,,,,,,,,,,,,,,,,Systematic label,,,,,,,,,,,,,,,,,,,,,,,,,,,,,,,,,,,,,,,,,,,,,,,,,,,,,,,,,,,,,,,,,,,,,,,,,,,,,,,,,,,,,,,,
M77Z8N,1,1,fall,,,,,One-off label,,,,,,,,,,,,,,,,,,,,,,,,,,,,,,,,,,,,,,,,,,,,,,,,,,,,,,,Systematic label,,,,,,,,,,,,,,,,,,,,,,,,,,,,,,,,,,,,,,,,,,,,,,,,,,,,,,,,,,,,,,,,,,,,,,,,,,,,,,,Can't tell / Neither,,,,,,,,,,,,,,,,,,,,,,,,,,,,,,,,
M77Z8N,1,2,hop,,,,,One-off label,,,,,,,,,,,,,,,,,,,,,,,,,,,,,,,,,,,,,,,,,,,,,,,,,,,,,,,Systematic label,,,,,,,,,,,,,,,,,,,,,,,,,,,,,,,,,,,,,,,,,,,,,,,,,,,,,,,,,,,,,,,,,,,,,,,,,,,,,,,Can't tell / Neither,,,,,,,,,,,,,,,,,,,,,,,,,,,,,,,,
M77Z8N,1,3,kneel,,,,,One-off label,,,,,,,,,,,,,,,,,,,,,,,,,,,,,,,,,,,,,,,,,,,,,,,,,,,,,,,Systematic label,,,,,,,,,,,,,,,,,,,,,,,,,,,,,,,,,,,,,,,,,,,,,,,,,,,,,,,,,,,,,,,,,,,,,,,,,,,,,,,One-off label,,,,,,,,,,,,,,,,,,,,,,,,,,,,,,,,
M77Z8N,1,4,kick,,,,,One-off label,,,,,,,,,,,,,,,,,,,,,,,,,,,,,,,,,,,,,,,,,,,,,,,,,,,,,,,Systematic label,,,,,,,,,,,,,,,,,,,,,,,,,,,,,,,,,,,,,,,,,,,,,,,,,,,,,,,,,,,,,,,,,,,,,,,,,,,,,,,One-off label,,,,,,,,,,,,,,,,,,,,,,,,,,,,,,,,
M77Z8N,1,5,give,,,,,One-off label,,,,,,,,,,,,,,,,,,,,,,,,,,,,,,,,,,,,,,,,,,,,,,,,,,,,,,,Systematic label,,,,,,,,,,,,,,,,,,,,,,,,,,,,,,,,,,,,,,,,,,,,,,,,,,,,,,,,,,,,,,,,,,,,,,,,,,,,,,,Can't tell / Neither,,,,,,,,,,,,,,,,,,,,,,,,,,,,,,,,
M77Z8N,1,6,pray,,,,,One-off label,,,,,,,,,,,,,,,,,,,,,,,,,,,,,,,,,,,,,,,,,,,,,,,,,,,,,,,Systematic label,,,,,,,,,,,,,,,,,,,,,,,,,,,,,,,,,,,,,,,,,,,,,,,,,,,,,,,,,,,,,,,,,,,,,,,,,,,,,,,One-off label,,,,,,,,,,,,,,,,,,,,,,,,,,,,,,,,
M77Z8N,1,7,slide,,,,,One-off label,,,,,,,,,,,,,,,,,,,,,,,,,,,,,,,,,,,,,,,,,,,,,,,,,,,,,,,Systematic label,,,,,,,,,,,,,,,,,,,,,,,,,,,,,,,,,,,,,,,,,,,,,,,,,,,,,,,,,,,,,,,,,,,,,,,,,,,,,,,Can't tell / Neither,,,,,,,,,,,,,,,,,,,,,,,,,,,,,,,,
M77Z8N,1,8,pray,,,,,One-off label,,,,,,,,,,,,,,,,,,,,,,,,,,,,,,,,,,,,,,,,,,,,,,,,,,,,,,,Systematic label,,,,,,,,,,,,,,,,,,,,,,,,,,,,,,,,,,,,,,,,,,,,,,,,,,,,,,,,,,,,,,,,,,,,,,,,,,,,,,,One-off label,,,,,,,,,,,,,,,,,,,,,,,,,,,,,,,,
MB8VK7,0,1,ppurple,,,,,,,,,,,,,,,,,,,,,,,,,,,,,,,,,,,,Can't tell / Neither,,,,,,,,,,,,,,,,,,,,,,,,Systematic label,,,,,,,,,,,,,,,,,,,,,,,,,,,,,,,,,,,,,,,,,,,,,,,,,,,,,,,,,,,,,,,,,,,,,,,,,,,,,,,,,,,,,,,,,,,,,,,,,,,,,,,,,,,,,,,
MB8VK7,0,2,pyellow,,,,,,,,,,,,,,,,,,,,,,,,,,,,,,,,,,,,Can't tell / Neither,,,,,,,,,,,,,,,,,,,,,,,,Systematic label,,,,,,,,,,,,,,,,,,,,,,,,,,,,,,,,,,,,,,,,,,,,,,,,,,,,,,,,,,,,,,,,,,,,,,,,,,,,,,,,,,,,,,,,,,,,,,,,,,,,,,,,,,,,,,,
MB8VK7,0,3,oyellow,,,,,,,,,,,,,,,,,,,,,,,,,,,,,,,,,,,,Can't tell / Neither,,,,,,,,,,,,,,,,,,,,,,,,Systematic label,,,,,,,,,,,,,,,,,,,,,,,,,,,,,,,,,,,,,,,,,,,,,,,,,,,,,,,,,,,,,,,,,,,,,,,,,,,,,,,,,,,,,,,,,,,,,,,,,,,,,,,,,,,,,,,
MB8VK7,0,4,obrown,,,,,,,,,,,,,,,,,,,,,,,,,,,,,,,,,,,,Can't tell / Neither,,,,,,,,,,,,,,,,,,,,,,,,Systematic label,,,,,,,,,,,,,,,,,,,,,,,,,,,,,,,,,,,,,,,,,,,,,,,,,,,,,,,,,,,,,,,,,,,,,,,,,,,,,,,,,,,,,,,,,,,,,,,,,,,,,,,,,,,,,,,
MB8VK7,0,5,oblue,,,,,,,,,,,,,,,,,,,,,,,,,,,,,,,,,,,,Can't tell / Neither,,,,,,,,,,,,,,,,,,,,,,,,Systematic label,,,,,,,,,,,,,,,,,,,,,,,,,,,,,,,,,,,,,,,,,,,,,,,,,,,,,,,,,,,,,,,,,,,,,,,,,,,,,,,,,,,,,,,,,,,,,,,,,,,,,,,,,,,,,,,
MB8VK7,0,6,oblack,,,,,,,,,,,,,,,,,,,,,,,,,,,,,,,,,,,,Can't tell / Neither,,,,,,,,,,,,,,,,,,,,,,,,Systematic label,,,,,,,,,,,,,,,,,,,,,,,,,,,,,,,,,,,,,,,,,,,,,,,,,,,,,,,,,,,,,,,,,,,,,,,,,,,,,,,,,,,,,,,,,,,,,,,,,,,,,,,,,,,,,,,
MB8VK7,0,7,pwhite,,,,,,,,,,,,,,,,,,,,,,,,,,,,,,,,,,,,Can't tell / Neither,,,,,,,,,,,,,,,,,,,,,,,,Systematic label,,,,,,,,,,,,,,,,,,,,,,,,,,,,,,,,,,,,,,,,,,,,,,,,,,,,,,,,,,,,,,,,,,,,,,,,,,,,,,,,,,,,,,,,,,,,,,,,,,,,,,,,,,,,,,,
MB8VK7,0,8,pbrown,,,,,,,,,,,,,,,,,,,,,,,,,,,,,,,,,,,,Can't tell / Neither,,,,,,,,,,,,,,,,,,,,,,,,Systematic label,,,,,,,,,,,,,,,,,,,,,,,,,,,,,,,,,,,,,,,,,,,,,,,,,,,,,,,,,,,,,,,,,,,,,,,,,,,,,,,,,,,,,,,,,,,,,,,,,,,,,,,,,,,,,,,
MB8VK7,1,1,ppurple,,,,,,,,,,,,,,,,,,,,,,,,,,,,,,,,,,,,,,Systematic label,,Systematic label,,,,,,,,,,,,,,,,,,,,,,,,,,,,,,,,,,,,,,,,,,,,,,Systematic label,,,,,,,,,,,,,,,,,,,,,,,,,,,,,,,,,,,,,,,,,,,,,,,,,,,,,,,,,,,,,,,,,,,,,,,,,,,,,,,,,,,,,
MB8VK7,1,2,pyellow,,,,,,,,,,,,,,,,,,,,,,,,,,,,,,,,,,,,,,Systematic label,,Systematic label,,,,,,,,,,,,,,,,,,,,,,,,,,,,,,,,,,,,,,,,,,,,,,Systematic label,,,,,,,,,,,,,,,,,,,,,,,,,,,,,,,,,,,,,,,,,,,,,,,,,,,,,,,,,,,,,,,,,,,,,,,,,,,,,,,,,,,,,
MB8VK7,1,3,oyellow,,,,,,,,,,,,,,,,,,,,,,,,,,,,,,,,,,,,,,Systematic label,,Systematic label,,,,,,,,,,,,,,,,,,,,,,,,,,,,,,,,,,,,,,,,,,,,,,Systematic label,,,,,,,,,,,,,,,,,,,,,,,,,,,,,,,,,,,,,,,,,,,,,,,,,,,,,,,,,,,,,,,,,,,,,,,,,,,,,,,,,,,,,
MB8VK7,1,4,obrown,,,,,,,,,,,,,,,,,,,,,,,,,,,,,,,,,,,,,,Systematic label,,Systematic label,,,,,,,,,,,,,,,,,,,,,,,,,,,,,,,,,,,,,,,,,,,,,,Systematic label,,,,,,,,,,,,,,,,,,,,,,,,,,,,,,,,,,,,,,,,,,,,,,,,,,,,,,,,,,,,,,,,,,,,,,,,,,,,,,,,,,,,,
MB8VK7,1,5,oblue,,,,,,,,,,,,,,,,,,,,,,,,,,,,,,,,,,,,,,Systematic label,,Systematic label,,,,,,,,,,,,,,,,,,,,,,,,,,,,,,,,,,,,,,,,,,,,,,Systematic label,,,,,,,,,,,,,,,,,,,,,,,,,,,,,,,,,,,,,,,,,,,,,,,,,,,,,,,,,,,,,,,,,,,,,,,,,,,,,,,,,,,,,
MB8VK7,1,6,oblack,,,,,,,,,,,,,,,,,,,,,,,,,,,,,,,,,,,,,,Systematic label,,Systematic label,,,,,,,,,,,,,,,,,,,,,,,,,,,,,,,,,,,,,,,,,,,,,,Systematic label,,,,,,,,,,,,,,,,,,,,,,,,,,,,,,,,,,,,,,,,,,,,,,,,,,,,,,,,,,,,,,,,,,,,,,,,,,,,,,,,,,,,,
MB8VK7,1,7,pwhite,,,,,,,,,,,,,,,,,,,,,,,,,,,,,,,,,,,,,,Systematic label,,Systematic label,,,,,,,,,,,,,,,,,,,,,,,,,,,,,,,,,,,,,,,,,,,,,,Systematic label,,,,,,,,,,,,,,,,,,,,,,,,,,,,,,,,,,,,,,,,,,,,,,,,,,,,,,,,,,,,,,,,,,,,,,,,,,,,,,,,,,,,,
MB8VK7,1,8,pbrown,,,,,,,,,,,,,,,,,,,,,,,,,,,,,,,,,,,,,,Systematic label,,Systematic label,,,,,,,,,,,,,,,,,,,,,,,,,,,,,,,,,,,,,,,,,,,,,,Systematic label,,,,,,,,,,,,,,,,,,,,,,,,,,,,,,,,,,,,,,,,,,,,,,,,,,,,,,,,,,,,,,,,,,,,,,,,,,,,,,,,,,,,,
MD4YG2,0,1,purple,,,,,,,,,,,,,,,,,,,,,,,,,,,,Systematic label,,,,,,,,,,,,,,,,,,,,,,,,,,,,,,,,,,,,,,,,,,,,,,,,,,,,,One-off label,,,,,,,,,,,,,,,,,,,,,,,,,,Systematic label,,,,,,,,,,,,,,,,,,,,,,,,,,,,,,,,,,,,,,,,,,,,,,,,,,,,,,,,,,,,,,,,
MD4YG2,0,2,pink,,,,,,,,,,,,,,,,,,,,,,,,,,,,Systematic label,,,,,,,,,,,,,,,,,,,,,,,,,,,,,,,,,,,,,,,,,,,,,,,,,,,,,One-off label,,,,,,,,,,,,,,,,,,,,,,,,,,Systematic label,,,,,,,,,,,,,,,,,,,,,,,,,,,,,,,,,,,,,,,,,,,,,,,,,,,,,,,,,,,,,,,,
MD4YG2,0,3,orange,,,,,,,,,,,,,,,,,,,,,,,,,,,,Systematic label,,,,,,,,,,,,,,,,,,,,,,,,,,,,,,,,,,,,,,,,,,,,,,,,,,,,,One-off label,,,,,,,,,,,,,,,,,,,,,,,,,,Systematic label,,,,,,,,,,,,,,,,,,,,,,,,,,,,,,,,,,,,,,,,,,,,,,,,,,,,,,,,,,,,,,,,
MD4YG2,0,4,brown,,,,,,,,,,,,,,,,,,,,,,,,,,,,Systematic label,,,,,,,,,,,,,,,,,,,,,,,,,,,,,,,,,,,,,,,,,,,,,,,,,,,,,One-off label,,,,,,,,,,,,,,,,,,,,,,,,,,Systematic label,,,,,,,,,,,,,,,,,,,,,,,,,,,,,,,,,,,,,,,,,,,,,,,,,,,,,,,,,,,,,,,,
MD4YG2,0,5,blue,,,,,,,,,,,,,,,,,,,,,,,,,,,,Systematic label,,,,,,,,,,,,,,,,,,,,,,,,,,,,,,,,,,,,,,,,,,,,,,,,,,,,,One-off label,,,,,,,,,,,,,,,,,,,,,,,,,,Systematic label,,,,,,,,,,,,,,,,,,,,,,,,,,,,,,,,,,,,,,,,,,,,,,,,,,,,,,,,,,,,,,,,
MD4YG2,0,6,black,,,,,,,,,,,,,,,,,,,,,,,,,,,,Systematic label,,,,,,,,,,,,,,,,,,,,,,,,,,,,,,,,,,,,,,,,,,,,,,,,,,,,,One-off label,,,,,,,,,,,,,,,,,,,,,,,,,,Systematic label,,,,,,,,,,,,,,,,,,,,,,,,,,,,,,,,,,,,,,,,,,,,,,,,,,,,,,,,,,,,,,,,
MD4YG2,0,7,short,,,,,,,,,,,,,,,,,,,,,,,,,,,,Systematic label,,,,,,,,,,,,,,,,,,,,,,,,,,,,,,,,,,,,,,,,,,,,,,,,,,,,,One-off label,,,,,,,,,,,,,,,,,,,,,,,,,,Systematic label,,,,,,,,,,,,,,,,,,,,,,,,,,,,,,,,,,,,,,,,,,,,,,,,,,,,,,,,,,,,,,,,
MD4YG2,0,8,tall,,,,,,,,,,,,,,,,,,,,,,,,,,,,Systematic label,,,,,,,,,,,,,,,,,,,,,,,,,,,,,,,,,,,,,,,,,,,,,,,,,,,,,One-off label,,,,,,,,,,,,,,,,,,,,,,,,,,Systematic label,,,,,,,,,,,,,,,,,,,,,,,,,,,,,,,,,,,,,,,,,,,,,,,,,,,,,,,,,,,,,,,,
MD4YG2,1,1,purple,,,,,,,,,,,,,,,,,,,,,,,,,,,,,,,,,,,,,,,,,,,,,,,,,,,,,,,,,,,,,,,,,,,,,,,,,,,,,,,,,,,,,,,,,,,,,,,,,,,,,,,,,,,,,,,,,,,,,,,,,,,,,,,,,,,,,,,,,,,,,,,,,,,,,Systematic label,,,,,,,,,,,,,,,,,,,,,One-off label,Systematic label
MD4YG2,1,2,pink,,,,,,,,,,,,,,,,,,,,,,,,,,,,,,,,,,,,,,,,,,,,,,,,,,,,,,,,,,,,,,,,,,,,,,,,,,,,,,,,,,,,,,,,,,,,,,,,,,,,,,,,,,,,,,,,,,,,,,,,,,,,,,,,,,,,,,,,,,,,,,,,,,,,,Systematic label,,,,,,,,,,,,,,,,,,,,,One-off label,Systematic label
MD4YG2,1,3,orange,,,,,,,,,,,,,,,,,,,,,,,,,,,,,,,,,,,,,,,,,,,,,,,,,,,,,,,,,,,,,,,,,,,,,,,,,,,,,,,,,,,,,,,,,,,,,,,,,,,,,,,,,,,,,,,,,,,,,,,,,,,,,,,,,,,,,,,,,,,,,,,,,,,,,Systematic label,,,,,,,,,,,,,,,,,,,,,One-off label,Systematic label
MD4YG2,1,4,brown,,,,,,,,,,,,,,,,,,,,,,,,,,,,,,,,,,,,,,,,,,,,,,,,,,,,,,,,,,,,,,,,,,,,,,,,,,,,,,,,,,,,,,,,,,,,,,,,,,,,,,,,,,,,,,,,,,,,,,,,,,,,,,,,,,,,,,,,,,,,,,,,,,,,,Systematic label,,,,,,,,,,,,,,,,,,,,,One-off label,Systematic label
MD4YG2,1,5,blue,,,,,,,,,,,,,,,,,,,,,,,,,,,,,,,,,,,,,,,,,,,,,,,,,,,,,,,,,,,,,,,,,,,,,,,,,,,,,,,,,,,,,,,,,,,,,,,,,,,,,,,,,,,,,,,,,,,,,,,,,,,,,,,,,,,,,,,,,,,,,,,,,,,,,Systematic label,,,,,,,,,,,,,,,,,,,,,One-off label,Systematic label
MD4YG2,1,6,black,,,,,,,,,,,,,,,,,,,,,,,,,,,,,,,,,,,,,,,,,,,,,,,,,,,,,,,,,,,,,,,,,,,,,,,,,,,,,,,,,,,,,,,,,,,,,,,,,,,,,,,,,,,,,,,,,,,,,,,,,,,,,,,,,,,,,,,,,,,,,,,,,,,,,Systematic label,,,,,,,,,,,,,,,,,,,,,One-off label,Systematic label
MD4YG2,1,7,short,,,,,,,,,,,,,,,,,,,,,,,,,,,,,,,,,,,,,,,,,,,,,,,,,,,,,,,,,,,,,,,,,,,,,,,,,,,,,,,,,,,,,,,,,,,,,,,,,,,,,,,,,,,,,,,,,,,,,,,,,,,,,,,,,,,,,,,,,,,,,,,,,,,,,Can't tell / Neither,,,,,,,,,,,,,,,,,,,,,One-off label,Can't tell / Neither
MD4YG2,1,8,tall,,,,,,,,,,,,,,,,,,,,,,,,,,,,,,,,,,,,,,,,,,,,,,,,,,,,,,,,,,,,,,,,,,,,,,,,,,,,,,,,,,,,,,,,,,,,,,,,,,,,,,,,,,,,,,,,,,,,,,,,,,,,,,,,,,,,,,,,,,,,,,,,,,,,,Can't tell / Neither,,,,,,,,,,,,,,,,,,,,,One-off label,Can't tell / Neither
MFB0SJ,0,1,purple,,,,,,,,,,,,,,,,,,,,,,,,,,,,,,,,,,One-off label,,,,,,,,,,,,,,One-off label,,,,,,,,,,,,,,,,,,,,,One-off label,,,,,,,,,,,,,,,One-off label,One-off label,,,,,,,,,,,,,,,,,,,,,,,,,,,,,,,,,,,,,,,,,,,,,,,,,,,,,,,,,,,,,,,,,,,,,,,,,,Systematic label,,,,,,,,,,One-off label,,
MFB0SJ,0,2,cube,,,,,,,,,,,,,,,,,,,,,,,,,,,,,,,,,,One-off label,,,,,,,,,,,,,,One-off label,,,,,,,,,,,,,,,,,,,,,One-off label,,,,,,,,,,,,,,,One-off label,One-off label,,,,,,,,,,,,,,,,,,,,,,,,,,,,,,,,,,,,,,,,,,,,,,,,,,,,,,,,,,,,,,,,,,,,,,,,,,One-off label,,,,,,,,,,One-off label,,
MFB0SJ,0,3,orange,,,,,,,,,,,,,,,,,,,,,,,,,,,,,,,,,,One-off label,,,,,,,,,,,,,,One-off label,,,,,,,,,,,,,,,,,,,,,One-off label,,,,,,,,,,,,,,,One-off label,One-off label,,,,,,,,,,,,,,,,,,,,,,,,,,,,,,,,,,,,,,,,,,,,,,,,,,,,,,,,,,,,,,,,,,,,,,,,,,Systematic label,,,,,,,,,,One-off label,,
MFB0SJ,0,4,man,,,,,,,,,,,,,,,,,,,,,,,,,,,,,,,,,,One-off label,,,,,,,,,,,,,,Systematic label,,,,,,,,,,,,,,,,,,,,,One-off label,,,,,,,,,,,,,,,One-off label,One-off label,,,,,,,,,,,,,,,,,,,,,,,,,,,,,,,,,,,,,,,,,,,,,,,,,,,,,,,,,,,,,,,,,,,,,,,,,,One-off label,,,,,,,,,,One-off label,,
MFB0SJ,0,5,cercle,,,,,,,,,,,,,,,,,,,,,,,,,,,,,,,,,,One-off label,,,,,,,,,,,,,,Can't tell / Neither,,,,,,,,,,,,,,,,,,,,,One-off label,,,,,,,,,,,,,,,Can't tell / Neither,Can't tell / Neither,,,,,,,,,,,,,,,,,,,,,,,,,,,,,,,,,,,,,,,,,,,,,,,,,,,,,,,,,,,,,,,,,,,,,,,,,,One-off label,,,,,,,,,,Can't tell / Neither,,
MFB0SJ,0,6,minion,,,,,,,,,,,,,,,,,,,,,,,,,,,,,,,,,,One-off label,,,,,,,,,,,,,,Systematic label,,,,,,,,,,,,,,,,,,,,,One-off label,,,,,,,,,,,,,,,One-off label,One-off label,,,,,,,,,,,,,,,,,,,,,,,,,,,,,,,,,,,,,,,,,,,,,,,,,,,,,,,,,,,,,,,,,,,,,,,,,,One-off label,,,,,,,,,,One-off label,,
MFB0SJ,0,7,robot,,,,,,,,,,,,,,,,,,,,,,,,,,,,,,,,,,One-off label,,,,,,,,,,,,,,Systematic label,,,,,,,,,,,,,,,,,,,,,One-off label,,,,,,,,,,,,,,,One-off label,One-off label,,,,,,,,,,,,,,,,,,,,,,,,,,,,,,,,,,,,,,,,,,,,,,,,,,,,,,,,,,,,,,,,,,,,,,,,,,One-off label,,,,,,,,,,One-off label,,
MFB0SJ,0,8,bird,,,,,,,,,,,,,,,,,,,,,,,,,,,,,,,,,,One-off label,,,,,,,,,,,,,,One-off label,,,,,,,,,,,,,,,,,,,,,One-off label,,,,,,,,,,,,,,,One-off label,One-off label,,,,,,,,,,,,,,,,,,,,,,,,,,,,,,,,,,,,,,,,,,,,,,,,,,,,,,,,,,,,,,,,,,,,,,,,,,One-off label,,,,,,,,,,One-off label,,
MFB0SJ,1,1,purple,,,,,,Can't tell / Neither,,,,,,,,,,,,,,,,,,,,,,,,,,,,,,,,,,,,,,,,,,,,,,,,,,,,,,,,,,,,,,,,,,,,,,,,,,,,,,,,,,,,,,,,,,,,,,,,,,,,,,,,,,,,,,,,,,,,,,,,,,,Systematic label,,,,,,,,,,,,,,One-off label,,,,,,,,,,,,,,,,,,,,,,,,,,,,
MFB0SJ,1,2,cube,,,,,,One-off label,,,,,,,,,,,,,,,,,,,,,,,,,,,,,,,,,,,,,,,,,,,,,,,,,,,,,,,,,,,,,,,,,,,,,,,,,,,,,,,,,,,,,,,,,,,,,,,,,,,,,,,,,,,,,,,,,,,,,,,,,,,One-off label,,,,,,,,,,,,,,Systematic label,,,,,,,,,,,,,,,,,,,,,,,,,,,,
MFB0SJ,1,3,orange,,,,,,One-off label,,,,,,,,,,,,,,,,,,,,,,,,,,,,,,,,,,,,,,,,,,,,,,,,,,,,,,,,,,,,,,,,,,,,,,,,,,,,,,,,,,,,,,,,,,,,,,,,,,,,,,,,,,,,,,,,,,,,,,,,,,,One-off label,,,,,,,,,,,,,,One-off label,,,,,,,,,,,,,,,,,,,,,,,,,,,,
MFB0SJ,1,4,man,,,,,,Can't tell / Neither,,,,,,,,,,,,,,,,,,,,,,,,,,,,,,,,,,,,,,,,,,,,,,,,,,,,,,,,,,,,,,,,,,,,,,,,,,,,,,,,,,,,,,,,,,,,,,,,,,,,,,,,,,,,,,,,,,,,,,,,,,,Systematic label,,,,,,,,,,,,,,Systematic label,,,,,,,,,,,,,,,,,,,,,,,,,,,,
MFB0SJ,1,5,cercle,,,,,,One-off label,,,,,,,,,,,,,,,,,,,,,,,,,,,,,,,,,,,,,,,,,,,,,,,,,,,,,,,,,,,,,,,,,,,,,,,,,,,,,,,,,,,,,,,,,,,,,,,,,,,,,,,,,,,,,,,,,,,,,,,,,,,Can't tell / Neither,,,,,,,,,,,,,,One-off label,,,,,,,,,,,,,,,,,,,,,,,,,,,,
MFB0SJ,1,6,minion,,,,,,Can't tell / Neither,,,,,,,,,,,,,,,,,,,,,,,,,,,,,,,,,,,,,,,,,,,,,,,,,,,,,,,,,,,,,,,,,,,,,,,,,,,,,,,,,,,,,,,,,,,,,,,,,,,,,,,,,,,,,,,,,,,,,,,,,,,One-off label,,,,,,,,,,,,,,Systematic label,,,,,,,,,,,,,,,,,,,,,,,,,,,,
MFB0SJ,1,7,robot,,,,,,One-off label,,,,,,,,,,,,,,,,,,,,,,,,,,,,,,,,,,,,,,,,,,,,,,,,,,,,,,,,,,,,,,,,,,,,,,,,,,,,,,,,,,,,,,,,,,,,,,,,,,,,,,,,,,,,,,,,,,,,,,,,,,,One-off label,,,,,,,,,,,,,,One-off label,,,,,,,,,,,,,,,,,,,,,,,,,,,,
MFB0SJ,1,8,bird,,,,,,One-off label,,,,,,,,,,,,,,,,,,,,,,,,,,,,,,,,,,,,,,,,,,,,,,,,,,,,,,,,,,,,,,,,,,,,,,,,,,,,,,,,,,,,,,,,,,,,,,,,,,,,,,,,,,,,,,,,,,,,,,,,,,,Systematic label,,,,,,,,,,,,,,Systematic label,,,,,,,,,,,,,,,,,,,,,,,,,,,,
MPX3JM,0,1,purple lighter,,,One-off label,,,,,,,,,,,,,,,,,,,,,,,,,,,,,,,,,,,,,,,,,,,,,,,,,,,,,,,,,,,,,,,,,,,,,,,,,,,,,,,,,,,,,,,,,,,,,,,,,Systematic label,,,,,,,,,,,,,,,,,,,,,,,,,,,,,,,,,,,,,,,,,,,,,,,,,,,,,,,,,,,,,,,,,,,,,,One-off label,
MPX3JM,0,2,files,,,One-off label,,,,,,,,,,,,,,,,,,,,,,,,,,,,,,,,,,,,,,,,,,,,,,,,,,,,,,,,,,,,,,,,,,,,,,,,,,,,,,,,,,,,,,,,,,,,,,,,,Can't tell / Neither,,,,,,,,,,,,,,,,,,,,,,,,,,,,,,,,,,,,,,,,,,,,,,,,,,,,,,,,,,,,,,,,,,,,,,One-off label,
MPX3JM,0,3,yellow lighter,,,One-off label,,,,,,,,,,,,,,,,,,,,,,,,,,,,,,,,,,,,,,,,,,,,,,,,,,,,,,,,,,,,,,,,,,,,,,,,,,,,,,,,,,,,,,,,,,,,,,,,,Systematic label,,,,,,,,,,,,,,,,,,,,,,,,,,,,,,,,,,,,,,,,,,,,,,,,,,,,,,,,,,,,,,,,,,,,,,One-off label,
MPX3JM,0,4,big legs,,,One-off label,,,,,,,,,,,,,,,,,,,,,,,,,,,,,,,,,,,,,,,,,,,,,,,,,,,,,,,,,,,,,,,,,,,,,,,,,,,,,,,,,,,,,,,,,,,,,,,,,Systematic label,,,,,,,,,,,,,,,,,,,,,,,,,,,,,,,,,,,,,,,,,,,,,,,,,,,,,,,,,,,,,,,,,,,,,,One-off label,
MPX3JM,0,5,toilet,,,One-off label,,,,,,,,,,,,,,,,,,,,,,,,,,,,,,,,,,,,,,,,,,,,,,,,,,,,,,,,,,,,,,,,,,,,,,,,,,,,,,,,,,,,,,,,,,,,,,,,,One-off label,,,,,,,,,,,,,,,,,,,,,,,,,,,,,,,,,,,,,,,,,,,,,,,,,,,,,,,,,,,,,,,,,,,,,,One-off label,
MPX3JM,0,6,black short guy,,,Systematic label,,,,,,,,,,,,,,,,,,,,,,,,,,,,,,,,,,,,,,,,,,,,,,,,,,,,,,,,,,,,,,,,,,,,,,,,,,,,,,,,,,,,,,,,,,,,,,,,,Systematic label,,,,,,,,,,,,,,,,,,,,,,,,,,,,,,,,,,,,,,,,,,,,,,,,,,,,,,,,,,,,,,,,,,,,,,Systematic label,
MPX3JM,0,7,white lighter,,,One-off label,,,,,,,,,,,,,,,,,,,,,,,,,,,,,,,,,,,,,,,,,,,,,,,,,,,,,,,,,,,,,,,,,,,,,,,,,,,,,,,,,,,,,,,,,,,,,,,,,Systematic label,,,,,,,,,,,,,,,,,,,,,,,,,,,,,,,,,,,,,,,,,,,,,,,,,,,,,,,,,,,,,,,,,,,,,,One-off label,
MPX3JM,0,8,white tall guy,,,Systematic label,,,,,,,,,,,,,,,,,,,,,,,,,,,,,,,,,,,,,,,,,,,,,,,,,,,,,,,,,,,,,,,,,,,,,,,,,,,,,,,,,,,,,,,,,,,,,,,,,Systematic label,,,,,,,,,,,,,,,,,,,,,,,,,,,,,,,,,,,,,,,,,,,,,,,,,,,,,,,,,,,,,,,,,,,,,,Systematic label,
MPX3JM,1,1,purple lighter,Systematic label,,,,,,,,,,,,,,,,,,,,Systematic label,,,,,,,,,,,,,,,,,,,,,,,,,,,,,,,,,,,,,,,,,,,,,,,,,,,,,,,,,,,,,,,,,,,,,,,,,,,,,,,,,,,,,,,,,,,,,,,,,,,,,,,,,,,,,,,,,,,,,,,,,,,,,,,,,,,Systematic label,,,,,,,,,,,,,,,,,,,
MPX3JM,1,2,files,One-off label,,,,,,,,,,,,,,,,,,,,One-off label,,,,,,,,,,,,,,,,,,,,,,,,,,,,,,,,,,,,,,,,,,,,,,,,,,,,,,,,,,,,,,,,,,,,,,,,,,,,,,,,,,,,,,,,,,,,,,,,,,,,,,,,,,,,,,,,,,,,,,,,,,,,,,,,,,,One-off label,,,,,,,,,,,,,,,,,,,
MPX3JM,1,3,yellow lighter,Can't tell / Neither,,,,,,,,,,,,,,,,,,,,Systematic label,,,,,,,,,,,,,,,,,,,,,,,,,,,,,,,,,,,,,,,,,,,,,,,,,,,,,,,,,,,,,,,,,,,,,,,,,,,,,,,,,,,,,,,,,,,,,,,,,,,,,,,,,,,,,,,,,,,,,,,,,,,,,,,,,,,Systematic label,,,,,,,,,,,,,,,,,,,
MPX3JM,1,4,big legs,Systematic label,,,,,,,,,,,,,,,,,,,,Systematic label,,,,,,,,,,,,,,,,,,,,,,,,,,,,,,,,,,,,,,,,,,,,,,,,,,,,,,,,,,,,,,,,,,,,,,,,,,,,,,,,,,,,,,,,,,,,,,,,,,,,,,,,,,,,,,,,,,,,,,,,,,,,,,,,,,,Systematic label,,,,,,,,,,,,,,,,,,,
MPX3JM,1,5,toilet,One-off label,,,,,,,,,,,,,,,,,,,,One-off label,,,,,,,,,,,,,,,,,,,,,,,,,,,,,,,,,,,,,,,,,,,,,,,,,,,,,,,,,,,,,,,,,,,,,,,,,,,,,,,,,,,,,,,,,,,,,,,,,,,,,,,,,,,,,,,,,,,,,,,,,,,,,,,,,,,One-off label,,,,,,,,,,,,,,,,,,,
MPX3JM,1,6,small black guy,Systematic label,,,,,,,,,,,,,,,,,,,,Systematic label,,,,,,,,,,,,,,,,,,,,,,,,,,,,,,,,,,,,,,,,,,,,,,,,,,,,,,,,,,,,,,,,,,,,,,,,,,,,,,,,,,,,,,,,,,,,,,,,,,,,,,,,,,,,,,,,,,,,,,,,,,,,,,,,,,,Systematic label,,,,,,,,,,,,,,,,,,,
MPX3JM,1,7,white lighter,Systematic label,,,,,,,,,,,,,,,,,,,,Systematic label,,,,,,,,,,,,,,,,,,,,,,,,,,,,,,,,,,,,,,,,,,,,,,,,,,,,,,,,,,,,,,,,,,,,,,,,,,,,,,,,,,,,,,,,,,,,,,,,,,,,,,,,,,,,,,,,,,,,,,,,,,,,,,,,,,,Systematic label,,,,,,,,,,,,,,,,,,,
MPX3JM,1,8,white tall guy,Systematic label,,,,,,,,,,,,,,,,,,,,Systematic label,,,,,,,,,,,,,,,,,,,,,,,,,,,,,,,,,,,,,,,,,,,,,,,,,,,,,,,,,,,,,,,,,,,,,,,,,,,,,,,,,,,,,,,,,,,,,,,,,,,,,,,,,,,,,,,,,,,,,,,,,,,,,,,,,,,Systematic label,,,,,,,,,,,,,,,,,,,
NACQ3S,0,1,purple,,,,,,,,,,,,,,,,,,,,,,,,,,,,,,,One-off label,,,,,,,,,,,,,,,,,,,,,,,,,,,,,,,,,,,,,,,,,,,,,,,,,,,,,,,,,,,,,,,,,,,,,,,,,,,,,,,,,,,,,,,,,,,,,,,,,,,,,,,,,,,,,,,,,,,,,,,,,,,,,,,,,,,,,,,,,,,,
NACQ3S,0,2,worm,,,,,,,,,,,,,,,,,,,,,,,,,,,,,,,One-off label,,,,,,,,,,,,,,,,,,,,,,,,,,,,,,,,,,,,,,,,,,,,,,,,,,,,,,,,,,,,,,,,,,,,,,,,,,,,,,,,,,,,,,,,,,,,,,,,,,,,,,,,,,,,,,,,,,,,,,,,,,,,,,,,,,,,,,,,,,,,
NACQ3S,0,3,yellow man,,,,,,,,,,,,,,,,,,,,,,,,,,,,,,,Systematic label,,,,,,,,,,,,,,,,,,,,,,,,,,,,,,,,,,,,,,,,,,,,,,,,,,,,,,,,,,,,,,,,,,,,,,,,,,,,,,,,,,,,,,,,,,,,,,,,,,,,,,,,,,,,,,,,,,,,,,,,,,,,,,,,,,,,,,,,,,,,
NACQ3S,0,4,brown man,,,,,,,,,,,,,,,,,,,,,,,,,,,,,,,Systematic label,,,,,,,,,,,,,,,,,,,,,,,,,,,,,,,,,,,,,,,,,,,,,,,,,,,,,,,,,,,,,,,,,,,,,,,,,,,,,,,,,,,,,,,,,,,,,,,,,,,,,,,,,,,,,,,,,,,,,,,,,,,,,,,,,,,,,,,,,,,,
NACQ3S,0,5,circle,,,,,,,,,,,,,,,,,,,,,,,,,,,,,,,One-off label,,,,,,,,,,,,,,,,,,,,,,,,,,,,,,,,,,,,,,,,,,,,,,,,,,,,,,,,,,,,,,,,,,,,,,,,,,,,,,,,,,,,,,,,,,,,,,,,,,,,,,,,,,,,,,,,,,,,,,,,,,,,,,,,,,,,,,,,,,,,
NACQ3S,0,6,small,,,,,,,,,,,,,,,,,,,,,,,,,,,,,,,One-off label,,,,,,,,,,,,,,,,,,,,,,,,,,,,,,,,,,,,,,,,,,,,,,,,,,,,,,,,,,,,,,,,,,,,,,,,,,,,,,,,,,,,,,,,,,,,,,,,,,,,,,,,,,,,,,,,,,,,,,,,,,,,,,,,,,,,,,,,,,,,
NACQ3S,0,7,white man,,,,,,,,,,,,,,,,,,,,,,,,,,,,,,,Systematic label,,,,,,,,,,,,,,,,,,,,,,,,,,,,,,,,,,,,,,,,,,,,,,,,,,,,,,,,,,,,,,,,,,,,,,,,,,,,,,,,,,,,,,,,,,,,,,,,,,,,,,,,,,,,,,,,,,,,,,,,,,,,,,,,,,,,,,,,,,,,
NACQ3S,0,8,tall man,,,,,,,,,,,,,,,,,,,,,,,,,,,,,,,Systematic label,,,,,,,,,,,,,,,,,,,,,,,,,,,,,,,,,,,,,,,,,,,,,,,,,,,,,,,,,,,,,,,,,,,,,,,,,,,,,,,,,,,,,,,,,,,,,,,,,,,,,,,,,,,,,,,,,,,,,,,,,,,,,,,,,,,,,,,,,,,,
NACQ3S,1,1,purple man,,,,,,,,,,,,,,,,,,Systematic label,,,,,,,,,,,,,,,,,,,,,,,One-off label,,,,,,,,,,Systematic label,,,,,,,,,,,,,,,,,,,,,,,,,,,,,,,,,,,,,,,,,,,,,,,,,,,,,,,,,,,,,,,,,,,,,,,,,,,,,,,,,,,,,,,,,,,,,,,,,,,,,,,,,,,,,,,,,,,,,,,,
NACQ3S,1,2,worm,,,,,,,,,,,,,,,,,,One-off label,,,,,,,,,,,,,,,,,,,,,,,One-off label,,,,,,,,,,One-off label,,,,,,,,,,,,,,,,,,,,,,,,,,,,,,,,,,,,,,,,,,,,,,,,,,,,,,,,,,,,,,,,,,,,,,,,,,,,,,,,,,,,,,,,,,,,,,,,,,,,,,,,,,,,,,,,,,,,,,,,
NACQ3S,1,3,yellow man,,,,,,,,,,,,,,,,,,Systematic label,,,,,,,,,,,,,,,,,,,,,,,One-off label,,,,,,,,,,Systematic label,,,,,,,,,,,,,,,,,,,,,,,,,,,,,,,,,,,,,,,,,,,,,,,,,,,,,,,,,,,,,,,,,,,,,,,,,,,,,,,,,,,,,,,,,,,,,,,,,,,,,,,,,,,,,,,,,,,,,,,,
NACQ3S,1,4,brown,,,,,,,,,,,,,,,,,,One-off label,,,,,,,,,,,,,,,,,,,,,,,One-off label,,,,,,,,,,One-off label,,,,,,,,,,,,,,,,,,,,,,,,,,,,,,,,,,,,,,,,,,,,,,,,,,,,,,,,,,,,,,,,,,,,,,,,,,,,,,,,,,,,,,,,,,,,,,,,,,,,,,,,,,,,,,,,,,,,,,,,
NACQ3S,1,5,circle,,,,,,,,,,,,,,,,,,One-off label,,,,,,,,,,,,,,,,,,,,,,,One-off label,,,,,,,,,,One-off label,,,,,,,,,,,,,,,,,,,,,,,,,,,,,,,,,,,,,,,,,,,,,,,,,,,,,,,,,,,,,,,,,,,,,,,,,,,,,,,,,,,,,,,,,,,,,,,,,,,,,,,,,,,,,,,,,,,,,,,,
NACQ3S,1,6,small,,,,,,,,,,,,,,,,,,One-off label,,,,,,,,,,,,,,,,,,,,,,,One-off label,,,,,,,,,,One-off label,,,,,,,,,,,,,,,,,,,,,,,,,,,,,,,,,,,,,,,,,,,,,,,,,,,,,,,,,,,,,,,,,,,,,,,,,,,,,,,,,,,,,,,,,,,,,,,,,,,,,,,,,,,,,,,,,,,,,,,,
NACQ3S,1,7,white man,,,,,,,,,,,,,,,,,,Systematic label,,,,,,,,,,,,,,,,,,,,,,,One-off label,,,,,,,,,,Systematic label,,,,,,,,,,,,,,,,,,,,,,,,,,,,,,,,,,,,,,,,,,,,,,,,,,,,,,,,,,,,,,,,,,,,,,,,,,,,,,,,,,,,,,,,,,,,,,,,,,,,,,,,,,,,,,,,,,,,,,,,
NACQ3S,1,8,tall man,,,,,,,,,,,,,,,,,,Systematic label,,,,,,,,,,,,,,,,,,,,,,,One-off label,,,,,,,,,,Systematic label,,,,,,,,,,,,,,,,,,,,,,,,,,,,,,,,,,,,,,,,,,,,,,,,,,,,,,,,,,,,,,,,,,,,,,,,,,,,,,,,,,,,,,,,,,,,,,,,,,,,,,,,,,,,,,,,,,,,,,,,
P0JRKR,0,1,fly,,,,,,,,,,,,,,,,,,,,,,,,,,,,,,,,,,,,,,,,,,,,,,,,,,,,,,,,,,,,,,,,,,,,,,,,,,,,,,,,,,,,,,,,,,,,,,,Systematic label,,,,,,,,,,,,,,,,,,,,,,,,,,,,,,,,,,,,,,,,,,,,,,,,,One-off label,,,Systematic label,,,,,,,,,,,,,,,,,,,,,,,,
P0JRKR,0,2,climb,,,,,,,,,,,,,,,,,,,,,,,,,,,,,,,,,,,,,,,,,,,,,,,,,,,,,,,,,,,,,,,,,,,,,,,,,,,,,,,,,,,,,,,,,,,,,,,Systematic label,,,,,,,,,,,,,,,,,,,,,,,,,,,,,,,,,,,,,,,,,,,,,,,,,One-off label,,,Systematic label,,,,,,,,,,,,,,,,,,,,,,,,
P0JRKR,0,3,angel,,,,,,,,,,,,,,,,,,,,,,,,,,,,,,,,,,,,,,,,,,,,,,,,,,,,,,,,,,,,,,,,,,,,,,,,,,,,,,,,,,,,,,,,,,,,,,,Systematic label,,,,,,,,,,,,,,,,,,,,,,,,,,,,,,,,,,,,,,,,,,,,,,,,,One-off label,,,One-off label,,,,,,,,,,,,,,,,,,,,,,,,
P0JRKR,0,4,dance,,,,,,,,,,,,,,,,,,,,,,,,,,,,,,,,,,,,,,,,,,,,,,,,,,,,,,,,,,,,,,,,,,,,,,,,,,,,,,,,,,,,,,,,,,,,,,,Systematic label,,,,,,,,,,,,,,,,,,,,,,,,,,,,,,,,,,,,,,,,,,,,,,,,,One-off label,,,Systematic label,,,,,,,,,,,,,,,,,,,,,,,,
P0JRKR,0,5,priest,,,,,,,,,,,,,,,,,,,,,,,,,,,,,,,,,,,,,,,,,,,,,,,,,,,,,,,,,,,,,,,,,,,,,,,,,,,,,,,,,,,,,,,,,,,,,,,Systematic label,,,,,,,,,,,,,,,,,,,,,,,,,,,,,,,,,,,,,,,,,,,,,,,,,One-off label,,,One-off label,,,,,,,,,,,,,,,,,,,,,,,,
P0JRKR,0,6,pray,,,,,,,,,,,,,,,,,,,,,,,,,,,,,,,,,,,,,,,,,,,,,,,,,,,,,,,,,,,,,,,,,,,,,,,,,,,,,,,,,,,,,,,,,,,,,,,Systematic label,,,,,,,,,,,,,,,,,,,,,,,,,,,,,,,,,,,,,,,,,,,,,,,,,Can't tell / Neither,,,Systematic label,,,,,,,,,,,,,,,,,,,,,,,,
P0JRKR,0,7,claw,,,,,,,,,,,,,,,,,,,,,,,,,,,,,,,,,,,,,,,,,,,,,,,,,,,,,,,,,,,,,,,,,,,,,,,,,,,,,,,,,,,,,,,,,,,,,,,Systematic label,,,,,,,,,,,,,,,,,,,,,,,,,,,,,,,,,,,,,,,,,,,,,,,,,One-off label,,,Systematic label,,,,,,,,,,,,,,,,,,,,,,,,
P0JRKR,0,8,kneel,,,,,,,,,,,,,,,,,,,,,,,,,,,,,,,,,,,,,,,,,,,,,,,,,,,,,,,,,,,,,,,,,,,,,,,,,,,,,,,,,,,,,,,,,,,,,,,Systematic label,,,,,,,,,,,,,,,,,,,,,,,,,,,,,,,,,,,,,,,,,,,,,,,,,One-off label,,,Systematic label,,,,,,,,,,,,,,,,,,,,,,,,
P0JRKR,1,1,fly,,,,,,,,,,,,,,,,,,,One-off label,,,,,,,,,,,,,,,,,,,,,,,,,,,,,,,,,,,,,,,,,,,,,,,,,,,,,,,,,,,,,,,,,,,,,,,,,,,,,,,,,,,,,,,,,,,,,,,,,,,,,,,,,,,,,,,,,,,,,,,,,,,,,,,,,,,,,,,,,,,,,,,,,,,,,,,,
P0JRKR,1,2,climb,,,,,,,,,,,,,,,,,,,One-off label,,,,,,,,,,,,,,,,,,,,,,,,,,,,,,,,,,,,,,,,,,,,,,,,,,,,,,,,,,,,,,,,,,,,,,,,,,,,,,,,,,,,,,,,,,,,,,,,,,,,,,,,,,,,,,,,,,,,,,,,,,,,,,,,,,,,,,,,,,,,,,,,,,,,,,,,
P0JRKR,1,3,angel,,,,,,,,,,,,,,,,,,,One-off label,,,,,,,,,,,,,,,,,,,,,,,,,,,,,,,,,,,,,,,,,,,,,,,,,,,,,,,,,,,,,,,,,,,,,,,,,,,,,,,,,,,,,,,,,,,,,,,,,,,,,,,,,,,,,,,,,,,,,,,,,,,,,,,,,,,,,,,,,,,,,,,,,,,,,,,,
P0JRKR,1,4,dance,,,,,,,,,,,,,,,,,,,One-off label,,,,,,,,,,,,,,,,,,,,,,,,,,,,,,,,,,,,,,,,,,,,,,,,,,,,,,,,,,,,,,,,,,,,,,,,,,,,,,,,,,,,,,,,,,,,,,,,,,,,,,,,,,,,,,,,,,,,,,,,,,,,,,,,,,,,,,,,,,,,,,,,,,,,,,,,
P0JRKR,1,5,priest,,,,,,,,,,,,,,,,,,,One-off label,,,,,,,,,,,,,,,,,,,,,,,,,,,,,,,,,,,,,,,,,,,,,,,,,,,,,,,,,,,,,,,,,,,,,,,,,,,,,,,,,,,,,,,,,,,,,,,,,,,,,,,,,,,,,,,,,,,,,,,,,,,,,,,,,,,,,,,,,,,,,,,,,,,,,,,,
P0JRKR,1,6,pray,,,,,,,,,,,,,,,,,,,One-off label,,,,,,,,,,,,,,,,,,,,,,,,,,,,,,,,,,,,,,,,,,,,,,,,,,,,,,,,,,,,,,,,,,,,,,,,,,,,,,,,,,,,,,,,,,,,,,,,,,,,,,,,,,,,,,,,,,,,,,,,,,,,,,,,,,,,,,,,,,,,,,,,,,,,,,,,
P0JRKR,1,7,claw,,,,,,,,,,,,,,,,,,,One-off label,,,,,,,,,,,,,,,,,,,,,,,,,,,,,,,,,,,,,,,,,,,,,,,,,,,,,,,,,,,,,,,,,,,,,,,,,,,,,,,,,,,,,,,,,,,,,,,,,,,,,,,,,,,,,,,,,,,,,,,,,,,,,,,,,,,,,,,,,,,,,,,,,,,,,,,,
P0JRKR,1,8,kneel,,,,,,,,,,,,,,,,,,,One-off label,,,,,,,,,,,,,,,,,,,,,,,,,,,,,,,,,,,,,,,,,,,,,,,,,,,,,,,,,,,,,,,,,,,,,,,,,,,,,,,,,,,,,,,,,,,,,,,,,,,,,,,,,,,,,,,,,,,,,,,,,,,,,,,,,,,,,,,,,,,,,,,,,,,,,,,,
P22NYY,0,1,purple,,,,One-off label,,,,,,,,,,,,,,,,,,,,,,,,,,,,,,,,,,,,,,,,,,One-off label,,,,,,,,,,,,,,,,,,,,,,,,,One-off label,,,,,,,,,,,,,,,,,,,,,,,,,,,,,,,,,,,,,,,,,,,,,,,,,,,,,,,,,,,,,,,,,,,,,,,,,,,,,,,,,,,,,,,,,,,,,,,,,,,,
P22NYY,0,2,caterpillar,,,,One-off label,,,,,,,,,,,,,,,,,,,,,,,,,,,,,,,,,,,,,,,,,,One-off label,,,,,,,,,,,,,,,,,,,,,,,,,One-off label,,,,,,,,,,,,,,,,,,,,,,,,,,,,,,,,,,,,,,,,,,,,,,,,,,,,,,,,,,,,,,,,,,,,,,,,,,,,,,,,,,,,,,,,,,,,,,,,,,,,
P22NYY,0,3,cheese,,,,One-off label,,,,,,,,,,,,,,,,,,,,,,,,,,,,,,,,,,,,,,,,,,One-off label,,,,,,,,,,,,,,,,,,,,,,,,,Can't tell / Neither,,,,,,,,,,,,,,,,,,,,,,,,,,,,,,,,,,,,,,,,,,,,,,,,,,,,,,,,,,,,,,,,,,,,,,,,,,,,,,,,,,,,,,,,,,,,,,,,,,,,
P22NYY,0,4,legs,,,,One-off label,,,,,,,,,,,,,,,,,,,,,,,,,,,,,,,,,,,,,,,,,,One-off label,,,,,,,,,,,,,,,,,,,,,,,,,One-off label,,,,,,,,,,,,,,,,,,,,,,,,,,,,,,,,,,,,,,,,,,,,,,,,,,,,,,,,,,,,,,,,,,,,,,,,,,,,,,,,,,,,,,,,,,,,,,,,,,,,
P22NYY,0,5,wheel,,,,One-off label,,,,,,,,,,,,,,,,,,,,,,,,,,,,,,,,,,,,,,,,,,One-off label,,,,,,,,,,,,,,,,,,,,,,,,,One-off label,,,,,,,,,,,,,,,,,,,,,,,,,,,,,,,,,,,,,,,,,,,,,,,,,,,,,,,,,,,,,,,,,,,,,,,,,,,,,,,,,,,,,,,,,,,,,,,,,,,,
P22NYY,0,6,spider,,,,One-off label,,,,,,,,,,,,,,,,,,,,,,,,,,,,,,,,,,,,,,,,,,One-off label,,,,,,,,,,,,,,,,,,,,,,,,,One-off label,,,,,,,,,,,,,,,,,,,,,,,,,,,,,,,,,,,,,,,,,,,,,,,,,,,,,,,,,,,,,,,,,,,,,,,,,,,,,,,,,,,,,,,,,,,,,,,,,,,,
P22NYY,0,7,littlerobot,,,,Systematic label,,,,,,,,,,,,,,,,,,,,,,,,,,,,,,,,,,,,,,,,,,One-off label,,,,,,,,,,,,,,,,,,,,,,,,,One-off label,,,,,,,,,,,,,,,,,,,,,,,,,,,,,,,,,,,,,,,,,,,,,,,,,,,,,,,,,,,,,,,,,,,,,,,,,,,,,,,,,,,,,,,,,,,,,,,,,,,,
P22NYY,0,8,bigrobot,,,,Systematic label,,,,,,,,,,,,,,,,,,,,,,,,,,,,,,,,,,,,,,,,,,One-off label,,,,,,,,,,,,,,,,,,,,,,,,,One-off label,,,,,,,,,,,,,,,,,,,,,,,,,,,,,,,,,,,,,,,,,,,,,,,,,,,,,,,,,,,,,,,,,,,,,,,,,,,,,,,,,,,,,,,,,,,,,,,,,,,,
P22NYY,1,1,purple,,,,,One-off label,,,,,,,,,,,,,,,,,,,,,,,,,,,,,,,,,,,,,,,,,,,,,,,,,,,,,,,,,,,,,,,,,,,,,,,,,,,,,,,,,,,,,,,,,,,,,,,,,,,,,,,,,,One-off label,Systematic label,,,,,,,,,,,,,,,,,,,,,,,,,,,,,,,,,,,,,,,,,,,,,,,,,,,,,,,,,,,
P22NYY,1,2,caterpillar,,,,,One-off label,,,,,,,,,,,,,,,,,,,,,,,,,,,,,,,,,,,,,,,,,,,,,,,,,,,,,,,,,,,,,,,,,,,,,,,,,,,,,,,,,,,,,,,,,,,,,,,,,,,,,,,,,,One-off label,One-off label,,,,,,,,,,,,,,,,,,,,,,,,,,,,,,,,,,,,,,,,,,,,,,,,,,,,,,,,,,,
P22NYY,1,3,cheese,,,,,One-off label,,,,,,,,,,,,,,,,,,,,,,,,,,,,,,,,,,,,,,,,,,,,,,,,,,,,,,,,,,,,,,,,,,,,,,,,,,,,,,,,,,,,,,,,,,,,,,,,,,,,,,,,,,One-off label,One-off label,,,,,,,,,,,,,,,,,,,,,,,,,,,,,,,,,,,,,,,,,,,,,,,,,,,,,,,,,,,
P22NYY,1,4,legs,,,,,Systematic label,,,,,,,,,,,,,,,,,,,,,,,,,,,,,,,,,,,,,,,,,,,,,,,,,,,,,,,,,,,,,,,,,,,,,,,,,,,,,,,,,,,,,,,,,,,,,,,,,,,,,,,,,,One-off label,Systematic label,,,,,,,,,,,,,,,,,,,,,,,,,,,,,,,,,,,,,,,,,,,,,,,,,,,,,,,,,,,
P22NYY,1,5,wheel,,,,,Systematic label,,,,,,,,,,,,,,,,,,,,,,,,,,,,,,,,,,,,,,,,,,,,,,,,,,,,,,,,,,,,,,,,,,,,,,,,,,,,,,,,,,,,,,,,,,,,,,,,,,,,,,,,,,One-off label,Can't tell / Neither,,,,,,,,,,,,,,,,,,,,,,,,,,,,,,,,,,,,,,,,,,,,,,,,,,,,,,,,,,,
P22NYY,1,6,spider,,,,,One-off label,,,,,,,,,,,,,,,,,,,,,,,,,,,,,,,,,,,,,,,,,,,,,,,,,,,,,,,,,,,,,,,,,,,,,,,,,,,,,,,,,,,,,,,,,,,,,,,,,,,,,,,,,,One-off label,Can't tell / Neither,,,,,,,,,,,,,,,,,,,,,,,,,,,,,,,,,,,,,,,,,,,,,,,,,,,,,,,,,,,
P22NYY,1,7,littlerobot,,,,,Systematic label,,,,,,,,,,,,,,,,,,,,,,,,,,,,,,,,,,,,,,,,,,,,,,,,,,,,,,,,,,,,,,,,,,,,,,,,,,,,,,,,,,,,,,,,,,,,,,,,,,,,,,,,,,Systematic label,Can't tell / Neither,,,,,,,,,,,,,,,,,,,,,,,,,,,,,,,,,,,,,,,,,,,,,,,,,,,,,,,,,,,
P22NYY,1,8,bigrobot,,,,,Systematic label,,,,,,,,,,,,,,,,,,,,,,,,,,,,,,,,,,,,,,,,,,,,,,,,,,,,,,,,,,,,,,,,,,,,,,,,,,,,,,,,,,,,,,,,,,,,,,,,,,,,,,,,,,Systematic label,Can't tell / Neither,,,,,,,,,,,,,,,,,,,,,,,,,,,,,,,,,,,,,,,,,,,,,,,,,,,,,,,,,,,
P9VQEB,0,1,pink,,,,,,,,,,,,,,,,,,,,,,,,,One-off label,,,,,One-off label,,,,,,,,,,,,,,,,,,,,,,,,,,,,,,,,,,,,,,,,,,,,,,,,,,,,,,,,,,,,,,,,,,,,,,,,,,,,,,,,,,,,,,,,,,,,,,,,,,,,,,,,,,,One-off label,,,,,,,,,,,,,,,,,,,,,,,,,,,,,,,,,,
P9VQEB,0,2,pinkyellow,,,,,,,,,,,,,,,,,,,,,,,,,One-off label,,,,,One-off label,,,,,,,,,,,,,,,,,,,,,,,,,,,,,,,,,,,,,,,,,,,,,,,,,,,,,,,,,,,,,,,,,,,,,,,,,,,,,,,,,,,,,,,,,,,,,,,,,,,,,,,,,,,Can't tell / Neither,,,,,,,,,,,,,,,,,,,,,,,,,,,,,,,,,,
P9VQEB,0,3,orange,,,,,,,,,,,,,,,,,,,,,,,,,One-off label,,,,,One-off label,,,,,,,,,,,,,,,,,,,,,,,,,,,,,,,,,,,,,,,,,,,,,,,,,,,,,,,,,,,,,,,,,,,,,,,,,,,,,,,,,,,,,,,,,,,,,,,,,,,,,,,,,,,One-off label,,,,,,,,,,,,,,,,,,,,,,,,,,,,,,,,,,
P9VQEB,0,4,brown,,,,,,,,,,,,,,,,,,,,,,,,,One-off label,,,,,One-off label,,,,,,,,,,,,,,,,,,,,,,,,,,,,,,,,,,,,,,,,,,,,,,,,,,,,,,,,,,,,,,,,,,,,,,,,,,,,,,,,,,,,,,,,,,,,,,,,,,,,,,,,,,,One-off label,,,,,,,,,,,,,,,,,,,,,,,,,,,,,,,,,,
P9VQEB,0,5,blue,,,,,,,,,,,,,,,,,,,,,,,,,One-off label,,,,,One-off label,,,,,,,,,,,,,,,,,,,,,,,,,,,,,,,,,,,,,,,,,,,,,,,,,,,,,,,,,,,,,,,,,,,,,,,,,,,,,,,,,,,,,,,,,,,,,,,,,,,,,,,,,,,One-off label,,,,,,,,,,,,,,,,,,,,,,,,,,,,,,,,,,
P9VQEB,0,6,black,,,,,,,,,,,,,,,,,,,,,,,,,One-off label,,,,,One-off label,,,,,,,,,,,,,,,,,,,,,,,,,,,,,,,,,,,,,,,,,,,,,,,,,,,,,,,,,,,,,,,,,,,,,,,,,,,,,,,,,,,,,,,,,,,,,,,,,,,,,,,,,,,One-off label,,,,,,,,,,,,,,,,,,,,,,,,,,,,,,,,,,
P9VQEB,0,7,white,,,,,,,,,,,,,,,,,,,,,,,,,One-off label,,,,,One-off label,,,,,,,,,,,,,,,,,,,,,,,,,,,,,,,,,,,,,,,,,,,,,,,,,,,,,,,,,,,,,,,,,,,,,,,,,,,,,,,,,,,,,,,,,,,,,,,,,,,,,,,,,,,One-off label,,,,,,,,,,,,,,,,,,,,,,,,,,,,,,,,,,
P9VQEB,0,8,purple,,,,,,,,,,,,,,,,,,,,,,,,,One-off label,,,,,One-off label,,,,,,,,,,,,,,,,,,,,,,,,,,,,,,,,,,,,,,,,,,,,,,,,,,,,,,,,,,,,,,,,,,,,,,,,,,,,,,,,,,,,,,,,,,,,,,,,,,,,,,,,,,,One-off label,,,,,,,,,,,,,,,,,,,,,,,,,,,,,,,,,,
P9VQEB,1,1,pink,,,,,,,,,,,,,,,,,,,,,,,,,,,,,,,,,,,Systematic label,,,,,,,,,,,,,,,,,,,,,,,,,,,,,,,,,,,,,,,,,,,,,,,,,,,,,,,,,,,,,,,,,,,,,,,,,,,,,,,,,,,,,,,,,One-off label,,,,,,,,,,,,,,,,,,,,,,,,,,,,One-off label,,,,,,,,,,,,,,,,,,,
P9VQEB,1,2,pinkyellow,,,,,,,,,,,,,,,,,,,,,,,,,,,,,,,,,,,Systematic label,,,,,,,,,,,,,,,,,,,,,,,,,,,,,,,,,,,,,,,,,,,,,,,,,,,,,,,,,,,,,,,,,,,,,,,,,,,,,,,,,,,,,,,,,Systematic label,,,,,,,,,,,,,,,,,,,,,,,,,,,,One-off label,,,,,,,,,,,,,,,,,,,
P9VQEB,1,3,orange,,,,,,,,,,,,,,,,,,,,,,,,,,,,,,,,,,,Systematic label,,,,,,,,,,,,,,,,,,,,,,,,,,,,,,,,,,,,,,,,,,,,,,,,,,,,,,,,,,,,,,,,,,,,,,,,,,,,,,,,,,,,,,,,,One-off label,,,,,,,,,,,,,,,,,,,,,,,,,,,,One-off label,,,,,,,,,,,,,,,,,,,
P9VQEB,1,4,brown,,,,,,,,,,,,,,,,,,,,,,,,,,,,,,,,,,,Systematic label,,,,,,,,,,,,,,,,,,,,,,,,,,,,,,,,,,,,,,,,,,,,,,,,,,,,,,,,,,,,,,,,,,,,,,,,,,,,,,,,,,,,,,,,,One-off label,,,,,,,,,,,,,,,,,,,,,,,,,,,,One-off label,,,,,,,,,,,,,,,,,,,
P9VQEB,1,5,blue,,,,,,,,,,,,,,,,,,,,,,,,,,,,,,,,,,,Systematic label,,,,,,,,,,,,,,,,,,,,,,,,,,,,,,,,,,,,,,,,,,,,,,,,,,,,,,,,,,,,,,,,,,,,,,,,,,,,,,,,,,,,,,,,,One-off label,,,,,,,,,,,,,,,,,,,,,,,,,,,,One-off label,,,,,,,,,,,,,,,,,,,
P9VQEB,1,6,black,,,,,,,,,,,,,,,,,,,,,,,,,,,,,,,,,,,Systematic label,,,,,,,,,,,,,,,,,,,,,,,,,,,,,,,,,,,,,,,,,,,,,,,,,,,,,,,,,,,,,,,,,,,,,,,,,,,,,,,,,,,,,,,,,One-off label,,,,,,,,,,,,,,,,,,,,,,,,,,,,One-off label,,,,,,,,,,,,,,,,,,,
P9VQEB,1,7,white,,,,,,,,,,,,,,,,,,,,,,,,,,,,,,,,,,,Systematic label,,,,,,,,,,,,,,,,,,,,,,,,,,,,,,,,,,,,,,,,,,,,,,,,,,,,,,,,,,,,,,,,,,,,,,,,,,,,,,,,,,,,,,,,,One-off label,,,,,,,,,,,,,,,,,,,,,,,,,,,,One-off label,,,,,,,,,,,,,,,,,,,
P9VQEB,1,8,purple,,,,,,,,,,,,,,,,,,,,,,,,,,,,,,,,,,,Systematic label,,,,,,,,,,,,,,,,,,,,,,,,,,,,,,,,,,,,,,,,,,,,,,,,,,,,,,,,,,,,,,,,,,,,,,,,,,,,,,,,,,,,,,,,,One-off label,,,,,,,,,,,,,,,,,,,,,,,,,,,,One-off label,,,,,,,,,,,,,,,,,,,
PBYTD3,0,1,blue brown yellow rectangle,,,,Systematic label,,,,,,,,,,,,,,,,,,,,,,,,,,,,,,,,,,,,,,,,,,,,,,,,,,,,,,,,,,,,,,,,,,,,,,,,,,,,,,,,,,,,,,,,,,,,,,,,,,Systematic label,,,,,,,,,,,,,,,,,,,,,,,,,,,,,,,,,,,,,,,,,,,,,,,,,,Systematic label,,,,,,,,,,,,,,,,,,,
PBYTD3,0,2,blue brown yellow small square,,,,Systematic label,,,,,,,,,,,,,,,,,,,,,,,,,,,,,,,,,,,,,,,,,,,,,,,,,,,,,,,,,,,,,,,,,,,,,,,,,,,,,,,,,,,,,,,,,,,,,,,,,,Systematic label,,,,,,,,,,,,,,,,,,,,,,,,,,,,,,,,,,,,,,,,,,,,,,,,,,Systematic label,,,,,,,,,,,,,,,,,,,
PBYTD3,0,3,orange red brown yellow rectangle,,,,Systematic label,,,,,,,,,,,,,,,,,,,,,,,,,,,,,,,,,,,,,,,,,,,,,,,,,,,,,,,,,,,,,,,,,,,,,,,,,,,,,,,,,,,,,,,,,,,,,,,,,,Systematic label,,,,,,,,,,,,,,,,,,,,,,,,,,,,,,,,,,,,,,,,,,,,,,,,,,Systematic label,,,,,,,,,,,,,,,,,,,
PBYTD3,0,4,orange red brown brown rectangle,,,,Systematic label,,,,,,,,,,,,,,,,,,,,,,,,,,,,,,,,,,,,,,,,,,,,,,,,,,,,,,,,,,,,,,,,,,,,,,,,,,,,,,,,,,,,,,,,,,,,,,,,,,Systematic label,,,,,,,,,,,,,,,,,,,,,,,,,,,,,,,,,,,,,,,,,,,,,,,,,,Systematic label,,,,,,,,,,,,,,,,,,,
PBYTD3,0,5,orange red brown circle,,,,Systematic label,,,,,,,,,,,,,,,,,,,,,,,,,,,,,,,,,,,,,,,,,,,,,,,,,,,,,,,,,,,,,,,,,,,,,,,,,,,,,,,,,,,,,,,,,,,,,,,,,,Systematic label,,,,,,,,,,,,,,,,,,,,,,,,,,,,,,,,,,,,,,,,,,,,,,,,,,Systematic label,,,,,,,,,,,,,,,,,,,
PBYTD3,0,6,orange red brown small square,,,,Systematic label,,,,,,,,,,,,,,,,,,,,,,,,,,,,,,,,,,,,,,,,,,,,,,,,,,,,,,,,,,,,,,,,,,,,,,,,,,,,,,,,,,,,,,,,,,,,,,,,,,Systematic label,,,,,,,,,,,,,,,,,,,,,,,,,,,,,,,,,,,,,,,,,,,,,,,,,,Systematic label,,,,,,,,,,,,,,,,,,,
PBYTD3,0,7,blue black yellow square,,,,Systematic label,,,,,,,,,,,,,,,,,,,,,,,,,,,,,,,,,,,,,,,,,,,,,,,,,,,,,,,,,,,,,,,,,,,,,,,,,,,,,,,,,,,,,,,,,,,,,,,,,,Systematic label,,,,,,,,,,,,,,,,,,,,,,,,,,,,,,,,,,,,,,,,,,,,,,,,,,Systematic label,,,,,,,,,,,,,,,,,,,
PBYTD3,0,8,blue black yellow white rectangle,,,,Systematic label,,,,,,,,,,,,,,,,,,,,,,,,,,,,,,,,,,,,,,,,,,,,,,,,,,,,,,,,,,,,,,,,,,,,,,,,,,,,,,,,,,,,,,,,,,,,,,,,,,Systematic label,,,,,,,,,,,,,,,,,,,,,,,,,,,,,,,,,,,,,,,,,,,,,,,,,,Systematic label,,,,,,,,,,,,,,,,,,,
PBYTD3,1,1,blue black yellow purple rectangle,,,,,,,,,,,,,,,,,,,,,,,,,,,,,,,,,,,,,,,,,,,,,,,,,,,,,,,,,,,,,,,,,,,,,,,,,,,,,,,,,,,,,,,,,,Systematic label,,,,Systematic label,,,,,,,,,,,,,,,Systematic label,,,,,,,,,,,,,,,,,,,,,,,,,,,,,,,,,,,,,,,,,,,,,,,,,,,,,,,,,,,,,,
PBYTD3,1,2,blue black yellow small square,,,,,,,,,,,,,,,,,,,,,,,,,,,,,,,,,,,,,,,,,,,,,,,,,,,,,,,,,,,,,,,,,,,,,,,,,,,,,,,,,,,,,,,,,,Systematic label,,,,Systematic label,,,,,,,,,,,,,,,Systematic label,,,,,,,,,,,,,,,,,,,,,,,,,,,,,,,,,,,,,,,,,,,,,,,,,,,,,,,,,,,,,,
PBYTD3,1,3,orange red yellow rectangle,,,,,,,,,,,,,,,,,,,,,,,,,,,,,,,,,,,,,,,,,,,,,,,,,,,,,,,,,,,,,,,,,,,,,,,,,,,,,,,,,,,,,,,,,,Systematic label,,,,Systematic label,,,,,,,,,,,,,,,Systematic label,,,,,,,,,,,,,,,,,,,,,,,,,,,,,,,,,,,,,,,,,,,,,,,,,,,,,,,,,,,,,,
PBYTD3,1,4,orange red brown brown rectangle,,,,,,,,,,,,,,,,,,,,,,,,,,,,,,,,,,,,,,,,,,,,,,,,,,,,,,,,,,,,,,,,,,,,,,,,,,,,,,,,,,,,,,,,,,Systematic label,,,,Systematic label,,,,,,,,,,,,,,,Systematic label,,,,,,,,,,,,,,,,,,,,,,,,,,,,,,,,,,,,,,,,,,,,,,,,,,,,,,,,,,,,,,
PBYTD3,1,5,orange red brown circle,,,,,,,,,,,,,,,,,,,,,,,,,,,,,,,,,,,,,,,,,,,,,,,,,,,,,,,,,,,,,,,,,,,,,,,,,,,,,,,,,,,,,,,,,,Systematic label,,,,Systematic label,,,,,,,,,,,,,,,Systematic label,,,,,,,,,,,,,,,,,,,,,,,,,,,,,,,,,,,,,,,,,,,,,,,,,,,,,,,,,,,,,,
PBYTD3,1,6,orange red brown square,,,,,,,,,,,,,,,,,,,,,,,,,,,,,,,,,,,,,,,,,,,,,,,,,,,,,,,,,,,,,,,,,,,,,,,,,,,,,,,,,,,,,,,,,,Systematic label,,,,Systematic label,,,,,,,,,,,,,,,Systematic label,,,,,,,,,,,,,,,,,,,,,,,,,,,,,,,,,,,,,,,,,,,,,,,,,,,,,,,,,,,,,,
PBYTD3,1,7,blue black yellow white rectangle,,,,,,,,,,,,,,,,,,,,,,,,,,,,,,,,,,,,,,,,,,,,,,,,,,,,,,,,,,,,,,,,,,,,,,,,,,,,,,,,,,,,,,,,,,Systematic label,,,,Systematic label,,,,,,,,,,,,,,,Systematic label,,,,,,,,,,,,,,,,,,,,,,,,,,,,,,,,,,,,,,,,,,,,,,,,,,,,,,,,,,,,,,
PBYTD3,1,8,blue black yellow white rectangle,,,,,,,,,,,,,,,,,,,,,,,,,,,,,,,,,,,,,,,,,,,,,,,,,,,,,,,,,,,,,,,,,,,,,,,,,,,,,,,,,,,,,,,,,,Systematic label,,,,Systematic label,,,,,,,,,,,,,,,Systematic label,,,,,,,,,,,,,,,,,,,,,,,,,,,,,,,,,,,,,,,,,,,,,,,,,,,,,,,,,,,,,,
PE6KHG,0,1,ghost,,,,,,,,,,,,,,,,,,,,,,,,,,,,,,,,,,,,,,,,,,,,,,,,,,,,,,,,,,,,,,,,,,,,,,One-off label,,,,,,,,,,,,,,,,,,,,,,,,One-off label,,,,,,,,,,,,,,,,,,,,,,,,,,,,,,,,,,,,,,,,,,,,,,,,,,,,,,,,,,,,,,,,,,One-off label,,,,,,,,,,,
PE6KHG,0,2,elephant,,,,,,,,,,,,,,,,,,,,,,,,,,,,,,,,,,,,,,,,,,,,,,,,,,,,,,,,,,,,,,,,,,,,,,One-off label,,,,,,,,,,,,,,,,,,,,,,,,One-off label,,,,,,,,,,,,,,,,,,,,,,,,,,,,,,,,,,,,,,,,,,,,,,,,,,,,,,,,,,,,,,,,,,One-off label,,,,,,,,,,,
PE6KHG,0,3,big praying,,,,,,,,,,,,,,,,,,,,,,,,,,,,,,,,,,,,,,,,,,,,,,,,,,,,,,,,,,,,,,,,,,,,,,One-off label,,,,,,,,,,,,,,,,,,,,,,,,One-off label,,,,,,,,,,,,,,,,,,,,,,,,,,,,,,,,,,,,,,,,,,,,,,,,,,,,,,,,,,,,,,,,,,One-off label,,,,,,,,,,,
PE6KHG,0,4,ice skating,,,,,,,,,,,,,,,,,,,,,,,,,,,,,,,,,,,,,,,,,,,,,,,,,,,,,,,,,,,,,,,,,,,,,,One-off label,,,,,,,,,,,,,,,,,,,,,,,,One-off label,,,,,,,,,,,,,,,,,,,,,,,,,,,,,,,,,,,,,,,,,,,,,,,,,,,,,,,,,,,,,,,,,,One-off label,,,,,,,,,,,
PE6KHG,0,5,priest,,,,,,,,,,,,,,,,,,,,,,,,,,,,,,,,,,,,,,,,,,,,,,,,,,,,,,,,,,,,,,,,,,,,,,One-off label,,,,,,,,,,,,,,,,,,,,,,,,One-off label,,,,,,,,,,,,,,,,,,,,,,,,,,,,,,,,,,,,,,,,,,,,,,,,,,,,,,,,,,,,,,,,,,One-off label,,,,,,,,,,,
PE6KHG,0,6,crouching,,,,,,,,,,,,,,,,,,,,,,,,,,,,,,,,,,,,,,,,,,,,,,,,,,,,,,,,,,,,,,,,,,,,,,One-off label,,,,,,,,,,,,,,,,,,,,,,,,One-off label,,,,,,,,,,,,,,,,,,,,,,,,,,,,,,,,,,,,,,,,,,,,,,,,,,,,,,,,,,,,,,,,,,One-off label,,,,,,,,,,,
PE6KHG,0,7,tango,,,,,,,,,,,,,,,,,,,,,,,,,,,,,,,,,,,,,,,,,,,,,,,,,,,,,,,,,,,,,,,,,,,,,,One-off label,,,,,,,,,,,,,,,,,,,,,,,,One-off label,,,,,,,,,,,,,,,,,,,,,,,,,,,,,,,,,,,,,,,,,,,,,,,,,,,,,,,,,,,,,,,,,,One-off label,,,,,,,,,,,
PE6KHG,0,8,little praying,,,,,,,,,,,,,,,,,,,,,,,,,,,,,,,,,,,,,,,,,,,,,,,,,,,,,,,,,,,,,,,,,,,,,,One-off label,,,,,,,,,,,,,,,,,,,,,,,,One-off label,,,,,,,,,,,,,,,,,,,,,,,,,,,,,,,,,,,,,,,,,,,,,,,,,,,,,,,,,,,,,,,,,,One-off label,,,,,,,,,,,
PE6KHG,1,1,ghost,,,,,,,,,,,,,,,,,,,,,,,,,,,,,One-off label,,,,,,,,,,,,,,,,,,,,,,,,,,,,,,,,,,,,,,,,,,,,,,,,,,,,,,,,,,,,,,,,,,,,,,,,,,,,,,,,,,,,,,,,,,,,,,,,,,,,,,,,One-off label,,,,,,,,,,,,,,,,,,,,,,,,,,,,Systematic label,,,,,,,,,,
PE6KHG,1,2,elephant,,,,,,,,,,,,,,,,,,,,,,,,,,,,,One-off label,,,,,,,,,,,,,,,,,,,,,,,,,,,,,,,,,,,,,,,,,,,,,,,,,,,,,,,,,,,,,,,,,,,,,,,,,,,,,,,,,,,,,,,,,,,,,,,,,,,,,,,,One-off label,,,,,,,,,,,,,,,,,,,,,,,,,,,,One-off label,,,,,,,,,,
PE6KHG,1,3,big praying,,,,,,,,,,,,,,,,,,,,,,,,,,,,,Systematic label,,,,,,,,,,,,,,,,,,,,,,,,,,,,,,,,,,,,,,,,,,,,,,,,,,,,,,,,,,,,,,,,,,,,,,,,,,,,,,,,,,,,,,,,,,,,,,,,,,,,,,,,Systematic label,,,,,,,,,,,,,,,,,,,,,,,,,,,,Can't tell / Neither,,,,,,,,,,
PE6KHG,1,4,ice skating,,,,,,,,,,,,,,,,,,,,,,,,,,,,,Systematic label,,,,,,,,,,,,,,,,,,,,,,,,,,,,,,,,,,,,,,,,,,,,,,,,,,,,,,,,,,,,,,,,,,,,,,,,,,,,,,,,,,,,,,,,,,,,,,,,,,,,,,,,One-off label,,,,,,,,,,,,,,,,,,,,,,,,,,,,Systematic label,,,,,,,,,,
PE6KHG,1,5,priest,,,,,,,,,,,,,,,,,,,,,,,,,,,,,One-off label,,,,,,,,,,,,,,,,,,,,,,,,,,,,,,,,,,,,,,,,,,,,,,,,,,,,,,,,,,,,,,,,,,,,,,,,,,,,,,,,,,,,,,,,,,,,,,,,,,,,,,,,One-off label,,,,,,,,,,,,,,,,,,,,,,,,,,,,One-off label,,,,,,,,,,
PE6KHG,1,6,crouching,,,,,,,,,,,,,,,,,,,,,,,,,,,,,One-off label,,,,,,,,,,,,,,,,,,,,,,,,,,,,,,,,,,,,,,,,,,,,,,,,,,,,,,,,,,,,,,,,,,,,,,,,,,,,,,,,,,,,,,,,,,,,,,,,,,,,,,,,Systematic label,,,,,,,,,,,,,,,,,,,,,,,,,,,,Systematic label,,,,,,,,,,
PE6KHG,1,7,tango,,,,,,,,,,,,,,,,,,,,,,,,,,,,,One-off label,,,,,,,,,,,,,,,,,,,,,,,,,,,,,,,,,,,,,,,,,,,,,,,,,,,,,,,,,,,,,,,,,,,,,,,,,,,,,,,,,,,,,,,,,,,,,,,,,,,,,,,,One-off label,,,,,,,,,,,,,,,,,,,,,,,,,,,,Systematic label,,,,,,,,,,
PE6KHG,1,8,little praying,,,,,,,,,,,,,,,,,,,,,,,,,,,,,Systematic label,,,,,,,,,,,,,,,,,,,,,,,,,,,,,,,,,,,,,,,,,,,,,,,,,,,,,,,,,,,,,,,,,,,,,,,,,,,,,,,,,,,,,,,,,,,,,,,,,,,,,,,,Systematic label,,,,,,,,,,,,,,,,,,,,,,,,,,,,Can't tell / Neither,,,,,,,,,,
PEHN55,0,1,p7,,,,,,,,,,,,,,,,,,,,,,,Can't tell / Neither,,,,,,,,,,,,,,,,,,,,,,,,,,Can't tell / Neither,,,,,,,,,,,,,,,,,,,,,,,,,,,,,,,,,,,,,,,,,,,,,,,,,,,,,,,,,,Can't tell / Neither,,,,,,,,,,,,,,,,,,,,,,,,,,,,,,,,,,,,,,,,,,,,,,,,,,,,,,,,,,,,,,,,
PEHN55,0,2,picture 2,,,,,,,,,,,,,,,,,,,,,,,Systematic label,,,,,,,,,,,,,,,,,,,,,,,,,,Systematic label,,,,,,,,,,,,,,,,,,,,,,,,,,,,,,,,,,,,,,,,,,,,,,,,,,,,,,,,,,Can't tell / Neither,,,,,,,,,,,,,,,,,,,,,,,,,,,,,,,,,,,,,,,,,,,,,,,,,,,,,,,,,,,,,,,,
PEHN55,0,3,picture 3,,,,,,,,,,,,,,,,,,,,,,,Systematic label,,,,,,,,,,,,,,,,,,,,,,,,,,Systematic label,,,,,,,,,,,,,,,,,,,,,,,,,,,,,,,,,,,,,,,,,,,,,,,,,,,,,,,,,,Can't tell / Neither,,,,,,,,,,,,,,,,,,,,,,,,,,,,,,,,,,,,,,,,,,,,,,,,,,,,,,,,,,,,,,,,
PEHN55,0,4,picture 8,,,,,,,,,,,,,,,,,,,,,,,Systematic label,,,,,,,,,,,,,,,,,,,,,,,,,,Systematic label,,,,,,,,,,,,,,,,,,,,,,,,,,,,,,,,,,,,,,,,,,,,,,,,,,,,,,,,,,Can't tell / Neither,,,,,,,,,,,,,,,,,,,,,,,,,,,,,,,,,,,,,,,,,,,,,,,,,,,,,,,,,,,,,,,,
PEHN55,0,5,picture 1,,,,,,,,,,,,,,,,,,,,,,,Systematic label,,,,,,,,,,,,,,,,,,,,,,,,,,Systematic label,,,,,,,,,,,,,,,,,,,,,,,,,,,,,,,,,,,,,,,,,,,,,,,,,,,,,,,,,,Can't tell / Neither,,,,,,,,,,,,,,,,,,,,,,,,,,,,,,,,,,,,,,,,,,,,,,,,,,,,,,,,,,,,,,,,
PEHN55,0,6,picture 6,,,,,,,,,,,,,,,,,,,,,,,Systematic label,,,,,,,,,,,,,,,,,,,,,,,,,,Systematic label,,,,,,,,,,,,,,,,,,,,,,,,,,,,,,,,,,,,,,,,,,,,,,,,,,,,,,,,,,Can't tell / Neither,,,,,,,,,,,,,,,,,,,,,,,,,,,,,,,,,,,,,,,,,,,,,,,,,,,,,,,,,,,,,,,,
PEHN55,0,7,picture 5,,,,,,,,,,,,,,,,,,,,,,,Systematic label,,,,,,,,,,,,,,,,,,,,,,,,,,Systematic label,,,,,,,,,,,,,,,,,,,,,,,,,,,,,,,,,,,,,,,,,,,,,,,,,,,,,,,,,,Can't tell / Neither,,,,,,,,,,,,,,,,,,,,,,,,,,,,,,,,,,,,,,,,,,,,,,,,,,,,,,,,,,,,,,,,
PEHN55,0,8,picture 4,,,,,,,,,,,,,,,,,,,,,,,Systematic label,,,,,,,,,,,,,,,,,,,,,,,,,,Systematic label,,,,,,,,,,,,,,,,,,,,,,,,,,,,,,,,,,,,,,,,,,,,,,,,,,,,,,,,,,Can't tell / Neither,,,,,,,,,,,,,,,,,,,,,,,,,,,,,,,,,,,,,,,,,,,,,,,,,,,,,,,,,,,,,,,,
PEHN55,1,1,picture1,,,,,,,,,,,,,,,,,,,,,,,,,,,,,,,,,,,,,,,,,,,,,,,,,,,,,,,,,,,,,,,,,,,,,,,,,,,,,,,,,,,,,,,,Systematic label,,,,,,,,,,,,,,,,,,Systematic label,,,,,,,,,,,,,,,,,,,,,,,,,,,,Can't tell / Neither,,,,,,,,,,,,,,,,,,,,,,,,,,,,,,,,,,,,,
PEHN55,1,2,picture2,,,,,,,,,,,,,,,,,,,,,,,,,,,,,,,,,,,,,,,,,,,,,,,,,,,,,,,,,,,,,,,,,,,,,,,,,,,,,,,,,,,,,,,,Systematic label,,,,,,,,,,,,,,,,,,Systematic label,,,,,,,,,,,,,,,,,,,,,,,,,,,,Can't tell / Neither,,,,,,,,,,,,,,,,,,,,,,,,,,,,,,,,,,,,,
PEHN55,1,3,picture 3,,,,,,,,,,,,,,,,,,,,,,,,,,,,,,,,,,,,,,,,,,,,,,,,,,,,,,,,,,,,,,,,,,,,,,,,,,,,,,,,,,,,,,,,Systematic label,,,,,,,,,,,,,,,,,,Systematic label,,,,,,,,,,,,,,,,,,,,,,,,,,,,Can't tell / Neither,,,,,,,,,,,,,,,,,,,,,,,,,,,,,,,,,,,,,
PEHN55,1,4,picture 4,,,,,,,,,,,,,,,,,,,,,,,,,,,,,,,,,,,,,,,,,,,,,,,,,,,,,,,,,,,,,,,,,,,,,,,,,,,,,,,,,,,,,,,,Systematic label,,,,,,,,,,,,,,,,,,Systematic label,,,,,,,,,,,,,,,,,,,,,,,,,,,,Can't tell / Neither,,,,,,,,,,,,,,,,,,,,,,,,,,,,,,,,,,,,,
PEHN55,1,5,picture 5,,,,,,,,,,,,,,,,,,,,,,,,,,,,,,,,,,,,,,,,,,,,,,,,,,,,,,,,,,,,,,,,,,,,,,,,,,,,,,,,,,,,,,,,Systematic label,,,,,,,,,,,,,,,,,,Systematic label,,,,,,,,,,,,,,,,,,,,,,,,,,,,Can't tell / Neither,,,,,,,,,,,,,,,,,,,,,,,,,,,,,,,,,,,,,
PEHN55,1,6,picture 6,,,,,,,,,,,,,,,,,,,,,,,,,,,,,,,,,,,,,,,,,,,,,,,,,,,,,,,,,,,,,,,,,,,,,,,,,,,,,,,,,,,,,,,,Systematic label,,,,,,,,,,,,,,,,,,Systematic label,,,,,,,,,,,,,,,,,,,,,,,,,,,,Can't tell / Neither,,,,,,,,,,,,,,,,,,,,,,,,,,,,,,,,,,,,,
PEHN55,1,7,picture 7,,,,,,,,,,,,,,,,,,,,,,,,,,,,,,,,,,,,,,,,,,,,,,,,,,,,,,,,,,,,,,,,,,,,,,,,,,,,,,,,,,,,,,,,Systematic label,,,,,,,,,,,,,,,,,,Systematic label,,,,,,,,,,,,,,,,,,,,,,,,,,,,Can't tell / Neither,,,,,,,,,,,,,,,,,,,,,,,,,,,,,,,,,,,,,
PEHN55,1,8,picture 8,,,,,,,,,,,,,,,,,,,,,,,,,,,,,,,,,,,,,,,,,,,,,,,,,,,,,,,,,,,,,,,,,,,,,,,,,,,,,,,,,,,,,,,,Systematic label,,,,,,,,,,,,,,,,,,Systematic label,,,,,,,,,,,,,,,,,,,,,,,,,,,,Can't tell / Neither,,,,,,,,,,,,,,,,,,,,,,,,,,,,,,,,,,,,,
Q1F476,0,1,tall,,,,,,,,,,,,,,,,,,,,,,,,,,,,One-off label,,,,,,,,,,,,,,,,,,,,,,,,,,,,,,,,,,,,,,,,,,,,,,,,Systematic label,One-off label,,,,,,,,,,,,,,,,,,,,,,,,,,,,,,,,,,,,,,,,,,,,,,,,,,,,,,,,,,,,,,,,,,,,,,,,,,,,,,,,,,,,,,,,,,,,,,
Q1F476,0,2,note,,,,,,,,,,,,,,,,,,,,,,,,,,,,One-off label,,,,,,,,,,,,,,,,,,,,,,,,,,,,,,,,,,,,,,,,,,,,,,,,Can't tell / Neither,One-off label,,,,,,,,,,,,,,,,,,,,,,,,,,,,,,,,,,,,,,,,,,,,,,,,,,,,,,,,,,,,,,,,,,,,,,,,,,,,,,,,,,,,,,,,,,,,,,
Q1F476,0,3,banana,,,,,,,,,,,,,,,,,,,,,,,,,,,,One-off label,,,,,,,,,,,,,,,,,,,,,,,,,,,,,,,,,,,,,,,,,,,,,,,,One-off label,One-off label,,,,,,,,,,,,,,,,,,,,,,,,,,,,,,,,,,,,,,,,,,,,,,,,,,,,,,,,,,,,,,,,,,,,,,,,,,,,,,,,,,,,,,,,,,,,,,
Q1F476,0,4,log,,,,,,,,,,,,,,,,,,,,,,,,,,,,One-off label,,,,,,,,,,,,,,,,,,,,,,,,,,,,,,,,,,,,,,,,,,,,,,,,One-off label,One-off label,,,,,,,,,,,,,,,,,,,,,,,,,,,,,,,,,,,,,,,,,,,,,,,,,,,,,,,,,,,,,,,,,,,,,,,,,,,,,,,,,,,,,,,,,,,,,,
Q1F476,0,5,circle,,,,,,,,,,,,,,,,,,,,,,,,,,,,One-off label,,,,,,,,,,,,,,,,,,,,,,,,,,,,,,,,,,,,,,,,,,,,,,,,One-off label,One-off label,,,,,,,,,,,,,,,,,,,,,,,,,,,,,,,,,,,,,,,,,,,,,,,,,,,,,,,,,,,,,,,,,,,,,,,,,,,,,,,,,,,,,,,,,,,,,,
Q1F476,0,6,spider,,,,,,,,,,,,,,,,,,,,,,,,,,,,One-off label,,,,,,,,,,,,,,,,,,,,,,,,,,,,,,,,,,,,,,,,,,,,,,,,One-off label,One-off label,,,,,,,,,,,,,,,,,,,,,,,,,,,,,,,,,,,,,,,,,,,,,,,,,,,,,,,,,,,,,,,,,,,,,,,,,,,,,,,,,,,,,,,,,,,,,,
Q1F476,0,7,cop,,,,,,,,,,,,,,,,,,,,,,,,,,,,One-off label,,,,,,,,,,,,,,,,,,,,,,,,,,,,,,,,,,,,,,,,,,,,,,,,One-off label,One-off label,,,,,,,,,,,,,,,,,,,,,,,,,,,,,,,,,,,,,,,,,,,,,,,,,,,,,,,,,,,,,,,,,,,,,,,,,,,,,,,,,,,,,,,,,,,,,,
Q1F476,0,8,dot,,,,,,,,,,,,,,,,,,,,,,,,,,,,One-off label,,,,,,,,,,,,,,,,,,,,,,,,,,,,,,,,,,,,,,,,,,,,,,,,Can't tell / Neither,One-off label,,,,,,,,,,,,,,,,,,,,,,,,,,,,,,,,,,,,,,,,,,,,,,,,,,,,,,,,,,,,,,,,,,,,,,,,,,,,,,,,,,,,,,,,,,,,,,
Q1F476,1,1,tall,,,,,,,,,,,,,,,,,,,,,,,,,,,,,,,,,,,,,,,,,,,,,,,,,,,,,,,,,One-off label,,,,,,,,,,,,,,,,,,,,,,,,,,,,,,,One-off label,,,,,,,,,,,,,,,,,,,,,,,,,,,,,,,,,,,,,,,One-off label,,,,,,,,,,,,,,,,,,,,,,,,,,,,,,,,,,,,,,,,,,,,
Q1F476,1,2,note,,,,,,,,,,,,,,,,,,,,,,,,,,,,,,,,,,,,,,,,,,,,,,,,,,,,,,,,,Can't tell / Neither,,,,,,,,,,,,,,,,,,,,,,,,,,,,,,,One-off label,,,,,,,,,,,,,,,,,,,,,,,,,,,,,,,,,,,,,,,One-off label,,,,,,,,,,,,,,,,,,,,,,,,,,,,,,,,,,,,,,,,,,,,
Q1F476,1,3,banana,,,,,,,,,,,,,,,,,,,,,,,,,,,,,,,,,,,,,,,,,,,,,,,,,,,,,,,,,One-off label,,,,,,,,,,,,,,,,,,,,,,,,,,,,,,,One-off label,,,,,,,,,,,,,,,,,,,,,,,,,,,,,,,,,,,,,,,One-off label,,,,,,,,,,,,,,,,,,,,,,,,,,,,,,,,,,,,,,,,,,,,
Q1F476,1,4,log,,,,,,,,,,,,,,,,,,,,,,,,,,,,,,,,,,,,,,,,,,,,,,,,,,,,,,,,,One-off label,,,,,,,,,,,,,,,,,,,,,,,,,,,,,,,One-off label,,,,,,,,,,,,,,,,,,,,,,,,,,,,,,,,,,,,,,,One-off label,,,,,,,,,,,,,,,,,,,,,,,,,,,,,,,,,,,,,,,,,,,,
Q1F476,1,5,circle,,,,,,,,,,,,,,,,,,,,,,,,,,,,,,,,,,,,,,,,,,,,,,,,,,,,,,,,,One-off label,,,,,,,,,,,,,,,,,,,,,,,,,,,,,,,One-off label,,,,,,,,,,,,,,,,,,,,,,,,,,,,,,,,,,,,,,,One-off label,,,,,,,,,,,,,,,,,,,,,,,,,,,,,,,,,,,,,,,,,,,,
Q1F476,1,6,spider,,,,,,,,,,,,,,,,,,,,,,,,,,,,,,,,,,,,,,,,,,,,,,,,,,,,,,,,,One-off label,,,,,,,,,,,,,,,,,,,,,,,,,,,,,,,One-off label,,,,,,,,,,,,,,,,,,,,,,,,,,,,,,,,,,,,,,,One-off label,,,,,,,,,,,,,,,,,,,,,,,,,,,,,,,,,,,,,,,,,,,,
Q1F476,1,7,cop,,,,,,,,,,,,,,,,,,,,,,,,,,,,,,,,,,,,,,,,,,,,,,,,,,,,,,,,,One-off label,,,,,,,,,,,,,,,,,,,,,,,,,,,,,,,One-off label,,,,,,,,,,,,,,,,,,,,,,,,,,,,,,,,,,,,,,,One-off label,,,,,,,,,,,,,,,,,,,,,,,,,,,,,,,,,,,,,,,,,,,,
Q1F476,1,8,dot,,,,,,,,,,,,,,,,,,,,,,,,,,,,,,,,,,,,,,,,,,,,,,,,,,,,,,,,,One-off label,,,,,,,,,,,,,,,,,,,,,,,,,,,,,,,One-off label,,,,,,,,,,,,,,,,,,,,,,,,,,,,,,,,,,,,,,,One-off label,,,,,,,,,,,,,,,,,,,,,,,,,,,,,,,,,,,,,,,,,,,,
Q35KN8,0,1,ppy,,,,,,,,,,,,,,,,,,,,,,,,,,,,,Systematic label,,,,,,,,,,,,,,,,,,,,,,,,,,,,,,,,,,,,,,,,,,,,,,,,,,,,,,,,,,,,,,,,,,,,,,,,,,,,,,,,,,,,,,,,,,,,,,,,,,,,,,,,,,,,,,,,,,,,,,,,,,,,,,,,,,,Systematic label,,,,,,,,Systematic label,,,
Q35KN8,0,2,pyy,,,,,,,,,,,,,,,,,,,,,,,,,,,,,Systematic label,,,,,,,,,,,,,,,,,,,,,,,,,,,,,,,,,,,,,,,,,,,,,,,,,,,,,,,,,,,,,,,,,,,,,,,,,,,,,,,,,,,,,,,,,,,,,,,,,,,,,,,,,,,,,,,,,,,,,,,,,,,,,,,,,,,Systematic label,,,,,,,,Systematic label,,,
Q35KN8,0,3,oyb,,,,,,,,,,,,,,,,,,,,,,,,,,,,,Systematic label,,,,,,,,,,,,,,,,,,,,,,,,,,,,,,,,,,,,,,,,,,,,,,,,,,,,,,,,,,,,,,,,,,,,,,,,,,,,,,,,,,,,,,,,,,,,,,,,,,,,,,,,,,,,,,,,,,,,,,,,,,,,,,,,,,,Systematic label,,,,,,,,Systematic label,,,
Q35KN8,0,4,otb,,,,,,,,,,,,,,,,,,,,,,,,,,,,,Systematic label,,,,,,,,,,,,,,,,,,,,,,,,,,,,,,,,,,,,,,,,,,,,,,,,,,,,,,,,,,,,,,,,,,,,,,,,,,,,,,,,,,,,,,,,,,,,,,,,,,,,,,,,,,,,,,,,,,,,,,,,,,,,,,,,,,,Systematic label,,,,,,,,Systematic label,,,
Q35KN8,0,5,ocb,,,,,,,,,,,,,,,,,,,,,,,,,,,,,Systematic label,,,,,,,,,,,,,,,,,,,,,,,,,,,,,,,,,,,,,,,,,,,,,,,,,,,,,,,,,,,,,,,,,,,,,,,,,,,,,,,,,,,,,,,,,,,,,,,,,,,,,,,,,,,,,,,,,,,,,,,,,,,,,,,,,,,Systematic label,,,,,,,,Systematic label,,,
Q35KN8,0,6,obb,,,,,,,,,,,,,,,,,,,,,,,,,,,,,Can't tell / Neither,,,,,,,,,,,,,,,,,,,,,,,,,,,,,,,,,,,,,,,,,,,,,,,,,,,,,,,,,,,,,,,,,,,,,,,,,,,,,,,,,,,,,,,,,,,,,,,,,,,,,,,,,,,,,,,,,,,,,,,,,,,,,,,,,,,Systematic label,,,,,,,,Systematic label,,,
Q35KN8,0,7,pwy,,,,,,,,,,,,,,,,,,,,,,,,,,,,,Systematic label,,,,,,,,,,,,,,,,,,,,,,,,,,,,,,,,,,,,,,,,,,,,,,,,,,,,,,,,,,,,,,,,,,,,,,,,,,,,,,,,,,,,,,,,,,,,,,,,,,,,,,,,,,,,,,,,,,,,,,,,,,,,,,,,,,,Systematic label,,,,,,,,Systematic label,,,
Q35KN8,0,8,pyr,,,,,,,,,,,,,,,,,,,,,,,,,,,,,Systematic label,,,,,,,,,,,,,,,,,,,,,,,,,,,,,,,,,,,,,,,,,,,,,,,,,,,,,,,,,,,,,,,,,,,,,,,,,,,,,,,,,,,,,,,,,,,,,,,,,,,,,,,,,,,,,,,,,,,,,,,,,,,,,,,,,,,Systematic label,,,,,,,,Systematic label,,,
Q35KN8,1,1,ppy,,,,,,,,,,,,,,,,,,,,,,,,,,,,,,,,,,,,,,,,,,,,,,,,,,,,,,,,,,,,,,,,,,,,,,,,,Can't tell / Neither,,,,,,,,,,,,,,,,,,,,,,,,,,,,,,,,,,,,,,,,,,Systematic label,,,,,,,,,,,Systematic label,,,,,,,,,,,,,,,,,,,,,,,,,,,,,,,,,,,,,,,,,,,,,
Q35KN8,1,2,pyy,,,,,,,,,,,,,,,,,,,,,,,,,,,,,,,,,,,,,,,,,,,,,,,,,,,,,,,,,,,,,,,,,,,,,,,,,Can't tell / Neither,,,,,,,,,,,,,,,,,,,,,,,,,,,,,,,,,,,,,,,,,,Systematic label,,,,,,,,,,,Systematic label,,,,,,,,,,,,,,,,,,,,,,,,,,,,,,,,,,,,,,,,,,,,,
Q35KN8,1,3,oyb,,,,,,,,,,,,,,,,,,,,,,,,,,,,,,,,,,,,,,,,,,,,,,,,,,,,,,,,,,,,,,,,,,,,,,,,,Can't tell / Neither,,,,,,,,,,,,,,,,,,,,,,,,,,,,,,,,,,,,,,,,,,Systematic label,,,,,,,,,,,Systematic label,,,,,,,,,,,,,,,,,,,,,,,,,,,,,,,,,,,,,,,,,,,,,
Q35KN8,1,4,otb,,,,,,,,,,,,,,,,,,,,,,,,,,,,,,,,,,,,,,,,,,,,,,,,,,,,,,,,,,,,,,,,,,,,,,,,,Can't tell / Neither,,,,,,,,,,,,,,,,,,,,,,,,,,,,,,,,,,,,,,,,,,Systematic label,,,,,,,,,,,Systematic label,,,,,,,,,,,,,,,,,,,,,,,,,,,,,,,,,,,,,,,,,,,,,
Q35KN8,1,5,ocb,,,,,,,,,,,,,,,,,,,,,,,,,,,,,,,,,,,,,,,,,,,,,,,,,,,,,,,,,,,,,,,,,,,,,,,,,Systematic label,,,,,,,,,,,,,,,,,,,,,,,,,,,,,,,,,,,,,,,,,,Systematic label,,,,,,,,,,,Systematic label,,,,,,,,,,,,,,,,,,,,,,,,,,,,,,,,,,,,,,,,,,,,,
Q35KN8,1,6,obb,,,,,,,,,,,,,,,,,,,,,,,,,,,,,,,,,,,,,,,,,,,,,,,,,,,,,,,,,,,,,,,,,,,,,,,,,Systematic label,,,,,,,,,,,,,,,,,,,,,,,,,,,,,,,,,,,,,,,,,,Systematic label,,,,,,,,,,,Systematic label,,,,,,,,,,,,,,,,,,,,,,,,,,,,,,,,,,,,,,,,,,,,,
Q35KN8,1,7,pwy,,,,,,,,,,,,,,,,,,,,,,,,,,,,,,,,,,,,,,,,,,,,,,,,,,,,,,,,,,,,,,,,,,,,,,,,,Systematic label,,,,,,,,,,,,,,,,,,,,,,,,,,,,,,,,,,,,,,,,,,Systematic label,,,,,,,,,,,Systematic label,,,,,,,,,,,,,,,,,,,,,,,,,,,,,,,,,,,,,,,,,,,,,
Q35KN8,1,8,pwr,,,,,,,,,,,,,,,,,,,,,,,,,,,,,,,,,,,,,,,,,,,,,,,,,,,,,,,,,,,,,,,,,,,,,,,,,Systematic label,,,,,,,,,,,,,,,,,,,,,,,,,,,,,,,,,,,,,,,,,,Systematic label,,,,,,,,,,,Systematic label,,,,,,,,,,,,,,,,,,,,,,,,,,,,,,,,,,,,,,,,,,,,,
RK849X,0,1,fly,,,,,,,,,One-off label,,,,,,,,,,,,,,,,,,,,,,,,,,,,,,,,,,,,,,,,,,,,,,,,,,,,,,,,,,,,,,,Can't tell / Neither,,,,,,,,,,,,,,,,,,,,,,,,,,,,,,,,,,,,,,,,,One-off label,,,,,,,,,,,,,,,,,,,,,,,,,,,,,,,,,,,,,,,,,,,,,,,,,,,,,,,,,,
RK849X,0,2,dance,,,,,,,,,One-off label,,,,,,,,,,,,,,,,,,,,,,,,,,,,,,,,,,,,,,,,,,,,,,,,,,,,,,,,,,,,,,,Can't tell / Neither,,,,,,,,,,,,,,,,,,,,,,,,,,,,,,,,,,,,,,,,,One-off label,,,,,,,,,,,,,,,,,,,,,,,,,,,,,,,,,,,,,,,,,,,,,,,,,,,,,,,,,,
RK849X,0,3,black,,,,,,,,,One-off label,,,,,,,,,,,,,,,,,,,,,,,,,,,,,,,,,,,,,,,,,,,,,,,,,,,,,,,,,,,,,,,One-off label,,,,,,,,,,,,,,,,,,,,,,,,,,,,,,,,,,,,,,,,,One-off label,,,,,,,,,,,,,,,,,,,,,,,,,,,,,,,,,,,,,,,,,,,,,,,,,,,,,,,,,,
RK849X,0,4,shake,,,,,,,,,One-off label,,,,,,,,,,,,,,,,,,,,,,,,,,,,,,,,,,,,,,,,,,,,,,,,,,,,,,,,,,,,,,,Can't tell / Neither,,,,,,,,,,,,,,,,,,,,,,,,,,,,,,,,,,,,,,,,,One-off label,,,,,,,,,,,,,,,,,,,,,,,,,,,,,,,,,,,,,,,,,,,,,,,,,,,,,,,,,,
RK849X,0,5,sweet,,,,,,,,,One-off label,,,,,,,,,,,,,,,,,,,,,,,,,,,,,,,,,,,,,,,,,,,,,,,,,,,,,,,,,,,,,,,Can't tell / Neither,,,,,,,,,,,,,,,,,,,,,,,,,,,,,,,,,,,,,,,,,One-off label,,,,,,,,,,,,,,,,,,,,,,,,,,,,,,,,,,,,,,,,,,,,,,,,,,,,,,,,,,
RK849X,0,6,move,,,,,,,,,One-off label,,,,,,,,,,,,,,,,,,,,,,,,,,,,,,,,,,,,,,,,,,,,,,,,,,,,,,,,,,,,,,,Can't tell / Neither,,,,,,,,,,,,,,,,,,,,,,,,,,,,,,,,,,,,,,,,,One-off label,,,,,,,,,,,,,,,,,,,,,,,,,,,,,,,,,,,,,,,,,,,,,,,,,,,,,,,,,,
RK849X,0,7,sad,,,,,,,,,One-off label,,,,,,,,,,,,,,,,,,,,,,,,,,,,,,,,,,,,,,,,,,,,,,,,,,,,,,,,,,,,,,,Can't tell / Neither,,,,,,,,,,,,,,,,,,,,,,,,,,,,,,,,,,,,,,,,,One-off label,,,,,,,,,,,,,,,,,,,,,,,,,,,,,,,,,,,,,,,,,,,,,,,,,,,,,,,,,,
RK849X,0,8,start,,,,,,,,,One-off label,,,,,,,,,,,,,,,,,,,,,,,,,,,,,,,,,,,,,,,,,,,,,,,,,,,,,,,,,,,,,,,Can't tell / Neither,,,,,,,,,,,,,,,,,,,,,,,,,,,,,,,,,,,,,,,,,One-off label,,,,,,,,,,,,,,,,,,,,,,,,,,,,,,,,,,,,,,,,,,,,,,,,,,,,,,,,,,
RK849X,1,1,fly,,,,,,,,,,,,,,,,,,,,,,,,,,,,,,,,,,,,,,,,,,,,,,,,,,,,,,,,,,,,,,,,One-off label,,,,,,,,,,,,,,,,,,,,,,,,,,,,,,,,,,,,,,,,,,,,,,,,,,,,,,,,,,,,,,,,,,,,,,,,,,,,,,,,,,,,,,,,,,,,,,One-off label,,,,,,,,,,,,One-off label,
RK849X,1,2,dance,,,,,,,,,,,,,,,,,,,,,,,,,,,,,,,,,,,,,,,,,,,,,,,,,,,,,,,,,,,,,,,,One-off label,,,,,,,,,,,,,,,,,,,,,,,,,,,,,,,,,,,,,,,,,,,,,,,,,,,,,,,,,,,,,,,,,,,,,,,,,,,,,,,,,,,,,,,,,,,,,,One-off label,,,,,,,,,,,,One-off label,
RK849X,1,3,black,,,,,,,,,,,,,,,,,,,,,,,,,,,,,,,,,,,,,,,,,,,,,,,,,,,,,,,,,,,,,,,,Systematic label,,,,,,,,,,,,,,,,,,,,,,,,,,,,,,,,,,,,,,,,,,,,,,,,,,,,,,,,,,,,,,,,,,,,,,,,,,,,,,,,,,,,,,,,,,,,,,One-off label,,,,,,,,,,,,One-off label,
RK849X,1,4,shake,,,,,,,,,,,,,,,,,,,,,,,,,,,,,,,,,,,,,,,,,,,,,,,,,,,,,,,,,,,,,,,,One-off label,,,,,,,,,,,,,,,,,,,,,,,,,,,,,,,,,,,,,,,,,,,,,,,,,,,,,,,,,,,,,,,,,,,,,,,,,,,,,,,,,,,,,,,,,,,,,,One-off label,,,,,,,,,,,,One-off label,
RK849X,1,5,sweet,,,,,,,,,,,,,,,,,,,,,,,,,,,,,,,,,,,,,,,,,,,,,,,,,,,,,,,,,,,,,,,,One-off label,,,,,,,,,,,,,,,,,,,,,,,,,,,,,,,,,,,,,,,,,,,,,,,,,,,,,,,,,,,,,,,,,,,,,,,,,,,,,,,,,,,,,,,,,,,,,,One-off label,,,,,,,,,,,,One-off label,
RK849X,1,6,move,,,,,,,,,,,,,,,,,,,,,,,,,,,,,,,,,,,,,,,,,,,,,,,,,,,,,,,,,,,,,,,,One-off label,,,,,,,,,,,,,,,,,,,,,,,,,,,,,,,,,,,,,,,,,,,,,,,,,,,,,,,,,,,,,,,,,,,,,,,,,,,,,,,,,,,,,,,,,,,,,,One-off label,,,,,,,,,,,,One-off label,
RK849X,1,7,sad,,,,,,,,,,,,,,,,,,,,,,,,,,,,,,,,,,,,,,,,,,,,,,,,,,,,,,,,,,,,,,,,Systematic label,,,,,,,,,,,,,,,,,,,,,,,,,,,,,,,,,,,,,,,,,,,,,,,,,,,,,,,,,,,,,,,,,,,,,,,,,,,,,,,,,,,,,,,,,,,,,,One-off label,,,,,,,,,,,,One-off label,
RK849X,1,8,start,,,,,,,,,,,,,,,,,,,,,,,,,,,,,,,,,,,,,,,,,,,,,,,,,,,,,,,,,,,,,,,,One-off label,,,,,,,,,,,,,,,,,,,,,,,,,,,,,,,,,,,,,,,,,,,,,,,,,,,,,,,,,,,,,,,,,,,,,,,,,,,,,,,,,,,,,,,,,,,,,,One-off label,,,,,,,,,,,,One-off label,
RX5ED1,0,1,pinky,,,,,,,,,,,,,,Can't tell / Neither,,,,,,,,,,,,,,,,,,,,,,,,,,,,,,,Systematic label,,,,,,,,,,,,One-off label,,,,,,,,,,,,,,,,,,,,,,,,,,,,,,,,,,,,,,,,,,,,,,,,,,,,,,,,,,,,,,,,,,,,,,,,,,,,,,,,,,,,,,,,,,,,,,,,,,,,,,,,,,,,,,,,,,
RX5ED1,0,2,bug,,,,,,,,,,,,,,One-off label,,,,,,,,,,,,,,,,,,,,,,,,,,,,,,,Can't tell / Neither,,,,,,,,,,,,One-off label,,,,,,,,,,,,,,,,,,,,,,,,,,,,,,,,,,,,,,,,,,,,,,,,,,,,,,,,,,,,,,,,,,,,,,,,,,,,,,,,,,,,,,,,,,,,,,,,,,,,,,,,,,,,,,,,,,
RX5ED1,0,3,lego,,,,,,,,,,,,,,One-off label,,,,,,,,,,,,,,,,,,,,,,,,,,,,,,,Can't tell / Neither,,,,,,,,,,,,One-off label,,,,,,,,,,,,,,,,,,,,,,,,,,,,,,,,,,,,,,,,,,,,,,,,,,,,,,,,,,,,,,,,,,,,,,,,,,,,,,,,,,,,,,,,,,,,,,,,,,,,,,,,,,,,,,,,,,
RX5ED1,0,4,brown,,,,,,,,,,,,,,One-off label,,,,,,,,,,,,,,,,,,,,,,,,,,,,,,,Systematic label,,,,,,,,,,,,One-off label,,,,,,,,,,,,,,,,,,,,,,,,,,,,,,,,,,,,,,,,,,,,,,,,,,,,,,,,,,,,,,,,,,,,,,,,,,,,,,,,,,,,,,,,,,,,,,,,,,,,,,,,,,,,,,,,,,
RX5ED1,0,5,wheel,,,,,,,,,,,,,,One-off label,,,,,,,,,,,,,,,,,,,,,,,,,,,,,,,Can't tell / Neither,,,,,,,,,,,,One-off label,,,,,,,,,,,,,,,,,,,,,,,,,,,,,,,,,,,,,,,,,,,,,,,,,,,,,,,,,,,,,,,,,,,,,,,,,,,,,,,,,,,,,,,,,,,,,,,,,,,,,,,,,,,,,,,,,,
RX5ED1,0,6,shortie,,,,,,,,,,,,,,Can't tell / Neither,,,,,,,,,,,,,,,,,,,,,,,,,,,,,,,Can't tell / Neither,,,,,,,,,,,,One-off label,,,,,,,,,,,,,,,,,,,,,,,,,,,,,,,,,,,,,,,,,,,,,,,,,,,,,,,,,,,,,,,,,,,,,,,,,,,,,,,,,,,,,,,,,,,,,,,,,,,,,,,,,,,,,,,,,,
RX5ED1,0,7,white,,,,,,,,,,,,,,One-off label,,,,,,,,,,,,,,,,,,,,,,,,,,,,,,,Systematic label,,,,,,,,,,,,One-off label,,,,,,,,,,,,,,,,,,,,,,,,,,,,,,,,,,,,,,,,,,,,,,,,,,,,,,,,,,,,,,,,,,,,,,,,,,,,,,,,,,,,,,,,,,,,,,,,,,,,,,,,,,,,,,,,,,
RX5ED1,0,8,oh,,,,,,,,,,,,,,Can't tell / Neither,,,,,,,,,,,,,,,,,,,,,,,,,,,,,,,Can't tell / Neither,,,,,,,,,,,,Can't tell / Neither,,,,,,,,,,,,,,,,,,,,,,,,,,,,,,,,,,,,,,,,,,,,,,,,,,,,,,,,,,,,,,,,,,,,,,,,,,,,,,,,,,,,,,,,,,,,,,,,,,,,,,,,,,,,,,,,,,
RX5ED1,1,1,pinky,,,,,,,,,,,,,,,,,,,,,,,,,,,,,,,,,,,,,,,,,,,,,,,,,,,,,Systematic label,,,,,,,,,,,,,,,,,,,,,,,,,,,,,,,,,,,,,,,,,,,,,,,,,,,,,,,,,,,,,,,,,,,,One-off label,,,,,,,,,,,,,,,,,,,,,,,,,,,,,,,,,,,,,,,,,,,Can't tell / Neither,,,,,,,
RX5ED1,1,2,bug,,,,,,,,,,,,,,,,,,,,,,,,,,,,,,,,,,,,,,,,,,,,,,,,,,,,,One-off label,,,,,,,,,,,,,,,,,,,,,,,,,,,,,,,,,,,,,,,,,,,,,,,,,,,,,,,,,,,,,,,,,,,,One-off label,,,,,,,,,,,,,,,,,,,,,,,,,,,,,,,,,,,,,,,,,,,Can't tell / Neither,,,,,,,
RX5ED1,1,3,lego,,,,,,,,,,,,,,,,,,,,,,,,,,,,,,,,,,,,,,,,,,,,,,,,,,,,,One-off label,,,,,,,,,,,,,,,,,,,,,,,,,,,,,,,,,,,,,,,,,,,,,,,,,,,,,,,,,,,,,,,,,,,,One-off label,,,,,,,,,,,,,,,,,,,,,,,,,,,,,,,,,,,,,,,,,,,Can't tell / Neither,,,,,,,
RX5ED1,1,4,brown,,,,,,,,,,,,,,,,,,,,,,,,,,,,,,,,,,,,,,,,,,,,,,,,,,,,,Systematic label,,,,,,,,,,,,,,,,,,,,,,,,,,,,,,,,,,,,,,,,,,,,,,,,,,,,,,,,,,,,,,,,,,,,One-off label,,,,,,,,,,,,,,,,,,,,,,,,,,,,,,,,,,,,,,,,,,,Can't tell / Neither,,,,,,,
RX5ED1,1,5,wheel,,,,,,,,,,,,,,,,,,,,,,,,,,,,,,,,,,,,,,,,,,,,,,,,,,,,,One-off label,,,,,,,,,,,,,,,,,,,,,,,,,,,,,,,,,,,,,,,,,,,,,,,,,,,,,,,,,,,,,,,,,,,,One-off label,,,,,,,,,,,,,,,,,,,,,,,,,,,,,,,,,,,,,,,,,,,Can't tell / Neither,,,,,,,
RX5ED1,1,6,shortie,,,,,,,,,,,,,,,,,,,,,,,,,,,,,,,,,,,,,,,,,,,,,,,,,,,,,Systematic label,,,,,,,,,,,,,,,,,,,,,,,,,,,,,,,,,,,,,,,,,,,,,,,,,,,,,,,,,,,,,,,,,,,,One-off label,,,,,,,,,,,,,,,,,,,,,,,,,,,,,,,,,,,,,,,,,,,Can't tell / Neither,,,,,,,
RX5ED1,1,7,white,,,,,,,,,,,,,,,,,,,,,,,,,,,,,,,,,,,,,,,,,,,,,,,,,,,,,Systematic label,,,,,,,,,,,,,,,,,,,,,,,,,,,,,,,,,,,,,,,,,,,,,,,,,,,,,,,,,,,,,,,,,,,,One-off label,,,,,,,,,,,,,,,,,,,,,,,,,,,,,,,,,,,,,,,,,,,One-off label,,,,,,,
RX5ED1,1,8,oh,,,,,,,,,,,,,,,,,,,,,,,,,,,,,,,,,,,,,,,,,,,,,,,,,,,,,Can't tell / Neither,,,,,,,,,,,,,,,,,,,,,,,,,,,,,,,,,,,,,,,,,,,,,,,,,,,,,,,,,,,,,,,,,,,,One-off label,,,,,,,,,,,,,,,,,,,,,,,,,,,,,,,,,,,,,,,,,,,Can't tell / Neither,,,,,,,
S2SX39,0,1,shout,,,,,,,,One-off label,,,,,,,,,One-off label,,,,,,,,,,,,,,,,,,,,,,,,,,,,,,,,,,,,,,,,,,,,,,,,,,,,,,,,,,,,,,,,,,,,,,,,,,,,,,,,,,,,,,,,One-off label,,,,,,,,,,,,,,,,,,,,,,,,,,,,,,,,,,,,,,,,,,,,,,,,,,,,,,,,,,,,,,,,,,
S2SX39,0,2,down,,,,,,,,One-off label,,,,,,,,,One-off label,,,,,,,,,,,,,,,,,,,,,,,,,,,,,,,,,,,,,,,,,,,,,,,,,,,,,,,,,,,,,,,,,,,,,,,,,,,,,,,,,,,,,,,,One-off label,,,,,,,,,,,,,,,,,,,,,,,,,,,,,,,,,,,,,,,,,,,,,,,,,,,,,,,,,,,,,,,,,,
S2SX39,0,3,knee,,,,,,,,Can't tell / Neither,,,,,,,,,One-off label,,,,,,,,,,,,,,,,,,,,,,,,,,,,,,,,,,,,,,,,,,,,,,,,,,,,,,,,,,,,,,,,,,,,,,,,,,,,,,,,,,,,,,,,One-off label,,,,,,,,,,,,,,,,,,,,,,,,,,,,,,,,,,,,,,,,,,,,,,,,,,,,,,,,,,,,,,,,,,
S2SX39,0,4,ice,,,,,,,,Can't tell / Neither,,,,,,,,,One-off label,,,,,,,,,,,,,,,,,,,,,,,,,,,,,,,,,,,,,,,,,,,,,,,,,,,,,,,,,,,,,,,,,,,,,,,,,,,,,,,,,,,,,,,,One-off label,,,,,,,,,,,,,,,,,,,,,,,,,,,,,,,,,,,,,,,,,,,,,,,,,,,,,,,,,,,,,,,,,,
S2SX39,0,5,nun,,,,,,,,Can't tell / Neither,,,,,,,,,One-off label,,,,,,,,,,,,,,,,,,,,,,,,,,,,,,,,,,,,,,,,,,,,,,,,,,,,,,,,,,,,,,,,,,,,,,,,,,,,,,,,,,,,,,,,One-off label,,,,,,,,,,,,,,,,,,,,,,,,,,,,,,,,,,,,,,,,,,,,,,,,,,,,,,,,,,,,,,,,,,
S2SX39,0,6,clap,,,,,,,,One-off label,,,,,,,,,One-off label,,,,,,,,,,,,,,,,,,,,,,,,,,,,,,,,,,,,,,,,,,,,,,,,,,,,,,,,,,,,,,,,,,,,,,,,,,,,,,,,,,,,,,,,One-off label,,,,,,,,,,,,,,,,,,,,,,,,,,,,,,,,,,,,,,,,,,,,,,,,,,,,,,,,,,,,,,,,,,
S2SX39,0,7,clap,,,,,,,,One-off label,,,,,,,,,One-off label,,,,,,,,,,,,,,,,,,,,,,,,,,,,,,,,,,,,,,,,,,,,,,,,,,,,,,,,,,,,,,,,,,,,,,,,,,,,,,,,,,,,,,,,One-off label,,,,,,,,,,,,,,,,,,,,,,,,,,,,,,,,,,,,,,,,,,,,,,,,,,,,,,,,,,,,,,,,,,
S2SX39,0,8,clap,,,,,,,,One-off label,,,,,,,,,One-off label,,,,,,,,,,,,,,,,,,,,,,,,,,,,,,,,,,,,,,,,,,,,,,,,,,,,,,,,,,,,,,,,,,,,,,,,,,,,,,,,,,,,,,,,One-off label,,,,,,,,,,,,,,,,,,,,,,,,,,,,,,,,,,,,,,,,,,,,,,,,,,,,,,,,,,,,,,,,,,
S2SX39,1,1,shout,,,,,,,,,,,,,,,,,,,,,,,,Can't tell / Neither,,,,,,,,,,,,,,,,,,,,,,,,,,,,,,,,,,,,,,,,One-off label,,,,,,,,,,,,,,,,,,,,,,,,,,,,,,,,,,,,,,,,,,,,,,,,,,,,,,,,,,,,,,,,,,,,,,,,,,,,,,One-off label,,,,,,,,,,,,,,,,,,,,,,,,,,,,,
S2SX39,1,2,down,,,,,,,,,,,,,,,,,,,,,,,,Systematic label,,,,,,,,,,,,,,,,,,,,,,,,,,,,,,,,,,,,,,,,Systematic label,,,,,,,,,,,,,,,,,,,,,,,,,,,,,,,,,,,,,,,,,,,,,,,,,,,,,,,,,,,,,,,,,,,,,,,,,,,,,,One-off label,,,,,,,,,,,,,,,,,,,,,,,,,,,,,
S2SX39,1,3,sick,,,,,,,,,,,,,,,,,,,,,,,,Can't tell / Neither,,,,,,,,,,,,,,,,,,,,,,,,,,,,,,,,,,,,,,,,One-off label,,,,,,,,,,,,,,,,,,,,,,,,,,,,,,,,,,,,,,,,,,,,,,,,,,,,,,,,,,,,,,,,,,,,,,,,,,,,,,One-off label,,,,,,,,,,,,,,,,,,,,,,,,,,,,,
S2SX39,1,4,ice,,,,,,,,,,,,,,,,,,,,,,,,One-off label,,,,,,,,,,,,,,,,,,,,,,,,,,,,,,,,,,,,,,,,One-off label,,,,,,,,,,,,,,,,,,,,,,,,,,,,,,,,,,,,,,,,,,,,,,,,,,,,,,,,,,,,,,,,,,,,,,,,,,,,,,One-off label,,,,,,,,,,,,,,,,,,,,,,,,,,,,,
S2SX39,1,5,nun,,,,,,,,,,,,,,,,,,,,,,,,One-off label,,,,,,,,,,,,,,,,,,,,,,,,,,,,,,,,,,,,,,,,One-off label,,,,,,,,,,,,,,,,,,,,,,,,,,,,,,,,,,,,,,,,,,,,,,,,,,,,,,,,,,,,,,,,,,,,,,,,,,,,,,One-off label,,,,,,,,,,,,,,,,,,,,,,,,,,,,,
S2SX39,1,6,knee,,,,,,,,,,,,,,,,,,,,,,,,Systematic label,,,,,,,,,,,,,,,,,,,,,,,,,,,,,,,,,,,,,,,,One-off label,,,,,,,,,,,,,,,,,,,,,,,,,,,,,,,,,,,,,,,,,,,,,,,,,,,,,,,,,,,,,,,,,,,,,,,,,,,,,,One-off label,,,,,,,,,,,,,,,,,,,,,,,,,,,,,
S2SX39,1,7,stretch,,,,,,,,,,,,,,,,,,,,,,,,Systematic label,,,,,,,,,,,,,,,,,,,,,,,,,,,,,,,,,,,,,,,,Systematic label,,,,,,,,,,,,,,,,,,,,,,,,,,,,,,,,,,,,,,,,,,,,,,,,,,,,,,,,,,,,,,,,,,,,,,,,,,,,,,One-off label,,,,,,,,,,,,,,,,,,,,,,,,,,,,,
S2SX39,1,8,clap,,,,,,,,,,,,,,,,,,,,,,,,Systematic label,,,,,,,,,,,,,,,,,,,,,,,,,,,,,,,,,,,,,,,,Systematic label,,,,,,,,,,,,,,,,,,,,,,,,,,,,,,,,,,,,,,,,,,,,,,,,,,,,,,,,,,,,,,,,,,,,,,,,,,,,,,One-off label,,,,,,,,,,,,,,,,,,,,,,,,,,,,,
S5F55X,0,1,faint,,,,,,,,,,,,,,,,,,,,,,,,,,,,,,,,,,,,,One-off label,,,,,,,,,,,,,,,,,,,,,,,,,,,,,,,,,,,,,,,,,,,,,,,,,,,,,,,,,,,,,,,,One-off label,One-off label,,,,,,,,,,,,,,,,,,,,,,,,,,,,,,,,,,,,,,,,,,,,,,,,,,,,,,,,,,,,,,,,,,,,,
S5F55X,0,2,kick,,,,,,,,,,,,,,,,,,,,,,,,,,,,,,,,,,,,,One-off label,,,,,,,,,,,,,,,,,,,,,,,,,,,,,,,,,,,,,,,,,,,,,,,,,,,,,,,,,,,,,,,,One-off label,One-off label,,,,,,,,,,,,,,,,,,,,,,,,,,,,,,,,,,,,,,,,,,,,,,,,,,,,,,,,,,,,,,,,,,,,,
S5F55X,0,3,yoga,,,,,,,,,,,,,,,,,,,,,,,,,,,,,,,,,,,,,One-off label,,,,,,,,,,,,,,,,,,,,,,,,,,,,,,,,,,,,,,,,,,,,,,,,,,,,,,,,,,,,,,,,One-off label,One-off label,,,,,,,,,,,,,,,,,,,,,,,,,,,,,,,,,,,,,,,,,,,,,,,,,,,,,,,,,,,,,,,,,,,,,
S5F55X,0,4,skating,,,,,,,,,,,,,,,,,,,,,,,,,,,,,,,,,,,,,One-off label,,,,,,,,,,,,,,,,,,,,,,,,,,,,,,,,,,,,,,,,,,,,,,,,,,,,,,,,,,,,,,,,One-off label,One-off label,,,,,,,,,,,,,,,,,,,,,,,,,,,,,,,,,,,,,,,,,,,,,,,,,,,,,,,,,,,,,,,,,,,,,
S5F55X,0,5,pot,,,,,,,,,,,,,,,,,,,,,,,,,,,,,,,,,,,,,One-off label,,,,,,,,,,,,,,,,,,,,,,,,,,,,,,,,,,,,,,,,,,,,,,,,,,,,,,,,,,,,,,,,One-off label,One-off label,,,,,,,,,,,,,,,,,,,,,,,,,,,,,,,,,,,,,,,,,,,,,,,,,,,,,,,,,,,,,,,,,,,,,
S5F55X,0,6,pray,,,,,,,,,,,,,,,,,,,,,,,,,,,,,,,,,,,,,One-off label,,,,,,,,,,,,,,,,,,,,,,,,,,,,,,,,,,,,,,,,,,,,,,,,,,,,,,,,,,,,,,,,One-off label,One-off label,,,,,,,,,,,,,,,,,,,,,,,,,,,,,,,,,,,,,,,,,,,,,,,,,,,,,,,,,,,,,,,,,,,,,
S5F55X,0,7,animal,,,,,,,,,,,,,,,,,,,,,,,,,,,,,,,,,,,,,One-off label,,,,,,,,,,,,,,,,,,,,,,,,,,,,,,,,,,,,,,,,,,,,,,,,,,,,,,,,,,,,,,,,One-off label,One-off label,,,,,,,,,,,,,,,,,,,,,,,,,,,,,,,,,,,,,,,,,,,,,,,,,,,,,,,,,,,,,,,,,,,,,
S5F55X,0,8,spike,,,,,,,,,,,,,,,,,,,,,,,,,,,,,,,,,,,,,One-off label,,,,,,,,,,,,,,,,,,,,,,,,,,,,,,,,,,,,,,,,,,,,,,,,,,,,,,,,,,,,,,,,One-off label,One-off label,,,,,,,,,,,,,,,,,,,,,,,,,,,,,,,,,,,,,,,,,,,,,,,,,,,,,,,,,,,,,,,,,,,,,
S5F55X,1,1,faint,,,,,,,,,,,,,,One-off label,,,,,,,,,,,,,,,,,,,,,,,,,,,,,,,,,,,,,One-off label,,,,,,,,,,,,,,,,,,,,,,,,,,,,,,,,,,,,,,,,,,,,,,,,,,,,,,,,,,,,,,,,,,,,One-off label,,,,,,,,,,,,,,,,,,,,,,,,,,,,,,,,,,,,,,,,,,,,,,,,,,,,
S5F55X,1,2,kick,,,,,,,,,,,,,,One-off label,,,,,,,,,,,,,,,,,,,,,,,,,,,,,,,,,,,,,One-off label,,,,,,,,,,,,,,,,,,,,,,,,,,,,,,,,,,,,,,,,,,,,,,,,,,,,,,,,,,,,,,,,,,,,One-off label,,,,,,,,,,,,,,,,,,,,,,,,,,,,,,,,,,,,,,,,,,,,,,,,,,,,
S5F55X,1,3,yoga,,,,,,,,,,,,,,One-off label,,,,,,,,,,,,,,,,,,,,,,,,,,,,,,,,,,,,,One-off label,,,,,,,,,,,,,,,,,,,,,,,,,,,,,,,,,,,,,,,,,,,,,,,,,,,,,,,,,,,,,,,,,,,,One-off label,,,,,,,,,,,,,,,,,,,,,,,,,,,,,,,,,,,,,,,,,,,,,,,,,,,,
S5F55X,1,4,skating,,,,,,,,,,,,,,One-off label,,,,,,,,,,,,,,,,,,,,,,,,,,,,,,,,,,,,,One-off label,,,,,,,,,,,,,,,,,,,,,,,,,,,,,,,,,,,,,,,,,,,,,,,,,,,,,,,,,,,,,,,,,,,,Systematic label,,,,,,,,,,,,,,,,,,,,,,,,,,,,,,,,,,,,,,,,,,,,,,,,,,,,
S5F55X,1,5,pot,,,,,,,,,,,,,,One-off label,,,,,,,,,,,,,,,,,,,,,,,,,,,,,,,,,,,,,One-off label,,,,,,,,,,,,,,,,,,,,,,,,,,,,,,,,,,,,,,,,,,,,,,,,,,,,,,,,,,,,,,,,,,,,One-off label,,,,,,,,,,,,,,,,,,,,,,,,,,,,,,,,,,,,,,,,,,,,,,,,,,,,
S5F55X,1,6,pray,,,,,,,,,,,,,,One-off label,,,,,,,,,,,,,,,,,,,,,,,,,,,,,,,,,,,,,One-off label,,,,,,,,,,,,,,,,,,,,,,,,,,,,,,,,,,,,,,,,,,,,,,,,,,,,,,,,,,,,,,,,,,,,One-off label,,,,,,,,,,,,,,,,,,,,,,,,,,,,,,,,,,,,,,,,,,,,,,,,,,,,
S5F55X,1,7,animal,,,,,,,,,,,,,,One-off label,,,,,,,,,,,,,,,,,,,,,,,,,,,,,,,,,,,,,One-off label,,,,,,,,,,,,,,,,,,,,,,,,,,,,,,,,,,,,,,,,,,,,,,,,,,,,,,,,,,,,,,,,,,,,One-off label,,,,,,,,,,,,,,,,,,,,,,,,,,,,,,,,,,,,,,,,,,,,,,,,,,,,
S5F55X,1,8,spike,,,,,,,,,,,,,,One-off label,,,,,,,,,,,,,,,,,,,,,,,,,,,,,,,,,,,,,One-off label,,,,,,,,,,,,,,,,,,,,,,,,,,,,,,,,,,,,,,,,,,,,,,,,,,,,,,,,,,,,,,,,,,,,One-off label,,,,,,,,,,,,,,,,,,,,,,,,,,,,,,,,,,,,,,,,,,,,,,,,,,,,
SEW36Y,0,1,purple,,,,Can't tell / Neither,,,,,,,,,,,,,,,,,,,,,,,,,,,,,,,,,,,,,,,,,,,,,,,,,,,,,,,,,,,,,,,,,,,,,,One-off label,,,,,,,,,,,,,,,,,,,,,,,,,,,,,,,,,,,,,One-off label,,,,,,,,,,,,,,,,,,,,,,,,,,,,,,,,,,,,,,,,,,,,,,,,,,,,,,,,,,,,
SEW36Y,0,2,purple,,,,Can't tell / Neither,,,,,,,,,,,,,,,,,,,,,,,,,,,,,,,,,,,,,,,,,,,,,,,,,,,,,,,,,,,,,,,,,,,,,,One-off label,,,,,,,,,,,,,,,,,,,,,,,,,,,,,,,,,,,,,One-off label,,,,,,,,,,,,,,,,,,,,,,,,,,,,,,,,,,,,,,,,,,,,,,,,,,,,,,,,,,,,
SEW36Y,0,3,orange,,,,Can't tell / Neither,,,,,,,,,,,,,,,,,,,,,,,,,,,,,,,,,,,,,,,,,,,,,,,,,,,,,,,,,,,,,,,,,,,,,,One-off label,,,,,,,,,,,,,,,,,,,,,,,,,,,,,,,,,,,,,One-off label,,,,,,,,,,,,,,,,,,,,,,,,,,,,,,,,,,,,,,,,,,,,,,,,,,,,,,,,,,,,
SEW36Y,0,4,orange,,,,Can't tell / Neither,,,,,,,,,,,,,,,,,,,,,,,,,,,,,,,,,,,,,,,,,,,,,,,,,,,,,,,,,,,,,,,,,,,,,,One-off label,,,,,,,,,,,,,,,,,,,,,,,,,,,,,,,,,,,,,One-off label,,,,,,,,,,,,,,,,,,,,,,,,,,,,,,,,,,,,,,,,,,,,,,,,,,,,,,,,,,,,
SEW36Y,0,5,orange,,,,Can't tell / Neither,,,,,,,,,,,,,,,,,,,,,,,,,,,,,,,,,,,,,,,,,,,,,,,,,,,,,,,,,,,,,,,,,,,,,,One-off label,,,,,,,,,,,,,,,,,,,,,,,,,,,,,,,,,,,,,One-off label,,,,,,,,,,,,,,,,,,,,,,,,,,,,,,,,,,,,,,,,,,,,,,,,,,,,,,,,,,,,
SEW36Y,0,6,orange,,,,Can't tell / Neither,,,,,,,,,,,,,,,,,,,,,,,,,,,,,,,,,,,,,,,,,,,,,,,,,,,,,,,,,,,,,,,,,,,,,,One-off label,,,,,,,,,,,,,,,,,,,,,,,,,,,,,,,,,,,,,One-off label,,,,,,,,,,,,,,,,,,,,,,,,,,,,,,,,,,,,,,,,,,,,,,,,,,,,,,,,,,,,
SEW36Y,0,7,purple,,,,Can't tell / Neither,,,,,,,,,,,,,,,,,,,,,,,,,,,,,,,,,,,,,,,,,,,,,,,,,,,,,,,,,,,,,,,,,,,,,,One-off label,,,,,,,,,,,,,,,,,,,,,,,,,,,,,,,,,,,,,One-off label,,,,,,,,,,,,,,,,,,,,,,,,,,,,,,,,,,,,,,,,,,,,,,,,,,,,,,,,,,,,
SEW36Y,0,8,purple,,,,Can't tell / Neither,,,,,,,,,,,,,,,,,,,,,,,,,,,,,,,,,,,,,,,,,,,,,,,,,,,,,,,,,,,,,,,,,,,,,,One-off label,,,,,,,,,,,,,,,,,,,,,,,,,,,,,,,,,,,,,One-off label,,,,,,,,,,,,,,,,,,,,,,,,,,,,,,,,,,,,,,,,,,,,,,,,,,,,,,,,,,,,
SEW36Y,1,1,purple,,,,,,,,,,,,,,,,,,,,,,,,,,,,,,,,,,,,,,,,,,,,,,,,,,,,,,,,,,,,,,,,,,,,,,,,,,,,,,,,,,,,,,,,,,,,,One-off label,,,,,,,,,,,,,,,,,,,,,,,,,,,,,,,One-off label,,,,,,,,,,,,,,,,,,,,,,,,,,,,,One-off label,,,,,,,,,,,,,,,,,,
SEW36Y,1,2,purple,,,,,,,,,,,,,,,,,,,,,,,,,,,,,,,,,,,,,,,,,,,,,,,,,,,,,,,,,,,,,,,,,,,,,,,,,,,,,,,,,,,,,,,,,,,,,One-off label,,,,,,,,,,,,,,,,,,,,,,,,,,,,,,,One-off label,,,,,,,,,,,,,,,,,,,,,,,,,,,,,One-off label,,,,,,,,,,,,,,,,,,
SEW36Y,1,3,orange,,,,,,,,,,,,,,,,,,,,,,,,,,,,,,,,,,,,,,,,,,,,,,,,,,,,,,,,,,,,,,,,,,,,,,,,,,,,,,,,,,,,,,,,,,,,,One-off label,,,,,,,,,,,,,,,,,,,,,,,,,,,,,,,One-off label,,,,,,,,,,,,,,,,,,,,,,,,,,,,,One-off label,,,,,,,,,,,,,,,,,,
SEW36Y,1,4,orange,,,,,,,,,,,,,,,,,,,,,,,,,,,,,,,,,,,,,,,,,,,,,,,,,,,,,,,,,,,,,,,,,,,,,,,,,,,,,,,,,,,,,,,,,,,,,One-off label,,,,,,,,,,,,,,,,,,,,,,,,,,,,,,,One-off label,,,,,,,,,,,,,,,,,,,,,,,,,,,,,One-off label,,,,,,,,,,,,,,,,,,
SEW36Y,1,5,orange,,,,,,,,,,,,,,,,,,,,,,,,,,,,,,,,,,,,,,,,,,,,,,,,,,,,,,,,,,,,,,,,,,,,,,,,,,,,,,,,,,,,,,,,,,,,,One-off label,,,,,,,,,,,,,,,,,,,,,,,,,,,,,,,One-off label,,,,,,,,,,,,,,,,,,,,,,,,,,,,,One-off label,,,,,,,,,,,,,,,,,,
SEW36Y,1,6,orange,,,,,,,,,,,,,,,,,,,,,,,,,,,,,,,,,,,,,,,,,,,,,,,,,,,,,,,,,,,,,,,,,,,,,,,,,,,,,,,,,,,,,,,,,,,,,One-off label,,,,,,,,,,,,,,,,,,,,,,,,,,,,,,,One-off label,,,,,,,,,,,,,,,,,,,,,,,,,,,,,One-off label,,,,,,,,,,,,,,,,,,
SEW36Y,1,7,purple,,,,,,,,,,,,,,,,,,,,,,,,,,,,,,,,,,,,,,,,,,,,,,,,,,,,,,,,,,,,,,,,,,,,,,,,,,,,,,,,,,,,,,,,,,,,,One-off label,,,,,,,,,,,,,,,,,,,,,,,,,,,,,,,One-off label,,,,,,,,,,,,,,,,,,,,,,,,,,,,,One-off label,,,,,,,,,,,,,,,,,,
SEW36Y,1,8,purple,,,,,,,,,,,,,,,,,,,,,,,,,,,,,,,,,,,,,,,,,,,,,,,,,,,,,,,,,,,,,,,,,,,,,,,,,,,,,,,,,,,,,,,,,,,,,One-off label,,,,,,,,,,,,,,,,,,,,,,,,,,,,,,,One-off label,,,,,,,,,,,,,,,,,,,,,,,,,,,,,One-off label,,,,,,,,,,,,,,,,,,
SF65X6,0,1,pink,,,,,,,,,,,,,,,,,,,,,,,,,,,,,,,,,,,,,,,,,,One-off label,,,,,,,,,,,,,,,,,,,,,,,,,,,,,,,,,,,,,,,,,,,,,,,,,,,,,,,,,,,Systematic label,,,,,,,,,,,,,,,,,,,,,,,,,,,,,,,,,,,,,,,,,,,,,,,,,,,,,,,Systematic label,,,,,,,,,,,,,,,
SF65X6,0,2,girl,,,,,,,,,,,,,,,,,,,,,,,,,,,,,,,,,,,,,,,,,,One-off label,,,,,,,,,,,,,,,,,,,,,,,,,,,,,,,,,,,,,,,,,,,,,,,,,,,,,,,,,,,Systematic label,,,,,,,,,,,,,,,,,,,,,,,,,,,,,,,,,,,,,,,,,,,,,,,,,,,,,,,Systematic label,,,,,,,,,,,,,,,
SF65X6,0,3,orange,,,,,,,,,,,,,,,,,,,,,,,,,,,,,,,,,,,,,,,,,,One-off label,,,,,,,,,,,,,,,,,,,,,,,,,,,,,,,,,,,,,,,,,,,,,,,,,,,,,,,,,,,Systematic label,,,,,,,,,,,,,,,,,,,,,,,,,,,,,,,,,,,,,,,,,,,,,,,,,,,,,,,Systematic label,,,,,,,,,,,,,,,
SF65X6,0,4,brown,,,,,,,,,,,,,,,,,,,,,,,,,,,,,,,,,,,,,,,,,,One-off label,,,,,,,,,,,,,,,,,,,,,,,,,,,,,,,,,,,,,,,,,,,,,,,,,,,,,,,,,,,Systematic label,,,,,,,,,,,,,,,,,,,,,,,,,,,,,,,,,,,,,,,,,,,,,,,,,,,,,,,Systematic label,,,,,,,,,,,,,,,
SF65X6,0,5,blue,,,,,,,,,,,,,,,,,,,,,,,,,,,,,,,,,,,,,,,,,,One-off label,,,,,,,,,,,,,,,,,,,,,,,,,,,,,,,,,,,,,,,,,,,,,,,,,,,,,,,,,,,Systematic label,,,,,,,,,,,,,,,,,,,,,,,,,,,,,,,,,,,,,,,,,,,,,,,,,,,,,,,Systematic label,,,,,,,,,,,,,,,
SF65X6,0,6,black,,,,,,,,,,,,,,,,,,,,,,,,,,,,,,,,,,,,,,,,,,One-off label,,,,,,,,,,,,,,,,,,,,,,,,,,,,,,,,,,,,,,,,,,,,,,,,,,,,,,,,,,,Systematic label,,,,,,,,,,,,,,,,,,,,,,,,,,,,,,,,,,,,,,,,,,,,,,,,,,,,,,,Systematic label,,,,,,,,,,,,,,,
SF65X6,0,7,white,,,,,,,,,,,,,,,,,,,,,,,,,,,,,,,,,,,,,,,,,,One-off label,,,,,,,,,,,,,,,,,,,,,,,,,,,,,,,,,,,,,,,,,,,,,,,,,,,,,,,,,,,Systematic label,,,,,,,,,,,,,,,,,,,,,,,,,,,,,,,,,,,,,,,,,,,,,,,,,,,,,,,Systematic label,,,,,,,,,,,,,,,
SF65X6,0,8,man,,,,,,,,,,,,,,,,,,,,,,,,,,,,,,,,,,,,,,,,,,One-off label,,,,,,,,,,,,,,,,,,,,,,,,,,,,,,,,,,,,,,,,,,,,,,,,,,,,,,,,,,,Systematic label,,,,,,,,,,,,,,,,,,,,,,,,,,,,,,,,,,,,,,,,,,,,,,,,,,,,,,,One-off label,,,,,,,,,,,,,,,
SF65X6,1,1,pink,,,,,,,,,,,,,,,,,,,,,,,,,,,,,,,,,,,,,,,,,,,,,,,,,,,,,,,,,,,,,,,,,,,,,,,,,,,,,,,,,,,,,,,,,,,,,,,,,,,,,,,,,,,,,,,,,,,,,,,,,,,,,,,,One-off label,,,,,,,,,,,,,,,,Systematic label,,,,,,,,,,,,,,,,,,Systematic label,,,,,,,,,
SF65X6,1,2,girl,,,,,,,,,,,,,,,,,,,,,,,,,,,,,,,,,,,,,,,,,,,,,,,,,,,,,,,,,,,,,,,,,,,,,,,,,,,,,,,,,,,,,,,,,,,,,,,,,,,,,,,,,,,,,,,,,,,,,,,,,,,,,,,,Can't tell / Neither,,,,,,,,,,,,,,,,One-off label,,,,,,,,,,,,,,,,,,One-off label,,,,,,,,,
SF65X6,1,3,orange,,,,,,,,,,,,,,,,,,,,,,,,,,,,,,,,,,,,,,,,,,,,,,,,,,,,,,,,,,,,,,,,,,,,,,,,,,,,,,,,,,,,,,,,,,,,,,,,,,,,,,,,,,,,,,,,,,,,,,,,,,,,,,,,One-off label,,,,,,,,,,,,,,,,One-off label,,,,,,,,,,,,,,,,,,Systematic label,,,,,,,,,
SF65X6,1,4,brown,,,,,,,,,,,,,,,,,,,,,,,,,,,,,,,,,,,,,,,,,,,,,,,,,,,,,,,,,,,,,,,,,,,,,,,,,,,,,,,,,,,,,,,,,,,,,,,,,,,,,,,,,,,,,,,,,,,,,,,,,,,,,,,,One-off label,,,,,,,,,,,,,,,,Systematic label,,,,,,,,,,,,,,,,,,Systematic label,,,,,,,,,
SF65X6,1,5,blue,,,,,,,,,,,,,,,,,,,,,,,,,,,,,,,,,,,,,,,,,,,,,,,,,,,,,,,,,,,,,,,,,,,,,,,,,,,,,,,,,,,,,,,,,,,,,,,,,,,,,,,,,,,,,,,,,,,,,,,,,,,,,,,,One-off label,,,,,,,,,,,,,,,,Systematic label,,,,,,,,,,,,,,,,,,Systematic label,,,,,,,,,
SF65X6,1,6,black,,,,,,,,,,,,,,,,,,,,,,,,,,,,,,,,,,,,,,,,,,,,,,,,,,,,,,,,,,,,,,,,,,,,,,,,,,,,,,,,,,,,,,,,,,,,,,,,,,,,,,,,,,,,,,,,,,,,,,,,,,,,,,,,One-off label,,,,,,,,,,,,,,,,Systematic label,,,,,,,,,,,,,,,,,,Systematic label,,,,,,,,,
SF65X6,1,7,white,,,,,,,,,,,,,,,,,,,,,,,,,,,,,,,,,,,,,,,,,,,,,,,,,,,,,,,,,,,,,,,,,,,,,,,,,,,,,,,,,,,,,,,,,,,,,,,,,,,,,,,,,,,,,,,,,,,,,,,,,,,,,,,,One-off label,,,,,,,,,,,,,,,,Systematic label,,,,,,,,,,,,,,,,,,Systematic label,,,,,,,,,
SF65X6,1,8,man,,,,,,,,,,,,,,,,,,,,,,,,,,,,,,,,,,,,,,,,,,,,,,,,,,,,,,,,,,,,,,,,,,,,,,,,,,,,,,,,,,,,,,,,,,,,,,,,,,,,,,,,,,,,,,,,,,,,,,,,,,,,,,,,Systematic label,,,,,,,,,,,,,,,,One-off label,,,,,,,,,,,,,,,,,,One-off label,,,,,,,,,
SVF8GN,0,1,pink,,,,,,,,,,,,,One-off label,,,,,,,,,,,,,,,,,One-off label,,,,,,,,,,,,,,,,,,,,,,,,,,,,,,,,,,,,,,,,,,,,,,,,,,,,,,,,,,,,,,,,,,,,,,,,,,,,,,,,,,,,,,,,,,,,,,,,,,,,,,,,,,,,,,,,,,,,,,,,,,,,,,,,,,,,,,,,,,,,One-off label,
SVF8GN,0,2,pink yellow,,,,,,,,,,,,,One-off label,,,,,,,,,,,,,,,,,Systematic label,,,,,,,,,,,,,,,,,,,,,,,,,,,,,,,,,,,,,,,,,,,,,,,,,,,,,,,,,,,,,,,,,,,,,,,,,,,,,,,,,,,,,,,,,,,,,,,,,,,,,,,,,,,,,,,,,,,,,,,,,,,,,,,,,,,,,,,,,,,,One-off label,
SVF8GN,0,3,yellow,,,,,,,,,,,,,One-off label,,,,,,,,,,,,,,,,,One-off label,,,,,,,,,,,,,,,,,,,,,,,,,,,,,,,,,,,,,,,,,,,,,,,,,,,,,,,,,,,,,,,,,,,,,,,,,,,,,,,,,,,,,,,,,,,,,,,,,,,,,,,,,,,,,,,,,,,,,,,,,,,,,,,,,,,,,,,,,,,,One-off label,
SVF8GN,0,4,brown,,,,,,,,,,,,,One-off label,,,,,,,,,,,,,,,,,One-off label,,,,,,,,,,,,,,,,,,,,,,,,,,,,,,,,,,,,,,,,,,,,,,,,,,,,,,,,,,,,,,,,,,,,,,,,,,,,,,,,,,,,,,,,,,,,,,,,,,,,,,,,,,,,,,,,,,,,,,,,,,,,,,,,,,,,,,,,,,,,One-off label,
SVF8GN,0,5,blue,,,,,,,,,,,,,One-off label,,,,,,,,,,,,,,,,,One-off label,,,,,,,,,,,,,,,,,,,,,,,,,,,,,,,,,,,,,,,,,,,,,,,,,,,,,,,,,,,,,,,,,,,,,,,,,,,,,,,,,,,,,,,,,,,,,,,,,,,,,,,,,,,,,,,,,,,,,,,,,,,,,,,,,,,,,,,,,,,,One-off label,
SVF8GN,0,6,black,,,,,,,,,,,,,One-off label,,,,,,,,,,,,,,,,,One-off label,,,,,,,,,,,,,,,,,,,,,,,,,,,,,,,,,,,,,,,,,,,,,,,,,,,,,,,,,,,,,,,,,,,,,,,,,,,,,,,,,,,,,,,,,,,,,,,,,,,,,,,,,,,,,,,,,,,,,,,,,,,,,,,,,,,,,,,,,,,,One-off label,
SVF8GN,0,7,alien,,,,,,,,,,,,,One-off label,,,,,,,,,,,,,,,,,One-off label,,,,,,,,,,,,,,,,,,,,,,,,,,,,,,,,,,,,,,,,,,,,,,,,,,,,,,,,,,,,,,,,,,,,,,,,,,,,,,,,,,,,,,,,,,,,,,,,,,,,,,,,,,,,,,,,,,,,,,,,,,,,,,,,,,,,,,,,,,,,One-off label,
SVF8GN,0,8,white,,,,,,,,,,,,,One-off label,,,,,,,,,,,,,,,,,One-off label,,,,,,,,,,,,,,,,,,,,,,,,,,,,,,,,,,,,,,,,,,,,,,,,,,,,,,,,,,,,,,,,,,,,,,,,,,,,,,,,,,,,,,,,,,,,,,,,,,,,,,,,,,,,,,,,,,,,,,,,,,,,,,,,,,,,,,,,,,,,One-off label,
SVF8GN,1,1,pink,,,,,,,,,,,,,One-off label,,,,,,,,,,,,,,,,,,,,,,,,,,,,,,,,,,,,,,,,,,,,,Systematic label,,,,,,,,,,,,,,,,,,,,,,,,,,,,,,,,,,,,,,,,,,,,,,,One-off label,,,,,,,,,,,,,,,,,,,,,,,,,,,,,,,,,,,,,,,,,,,,,,,,,,,,,,,,,,,,,,,,,,
SVF8GN,1,2,pink yellow,,,,,,,,,,,,,One-off label,,,,,,,,,,,,,,,,,,,,,,,,,,,,,,,,,,,,,,,,,,,,,Systematic label,,,,,,,,,,,,,,,,,,,,,,,,,,,,,,,,,,,,,,,,,,,,,,,One-off label,,,,,,,,,,,,,,,,,,,,,,,,,,,,,,,,,,,,,,,,,,,,,,,,,,,,,,,,,,,,,,,,,,
SVF8GN,1,3,yellow,,,,,,,,,,,,,One-off label,,,,,,,,,,,,,,,,,,,,,,,,,,,,,,,,,,,,,,,,,,,,,Systematic label,,,,,,,,,,,,,,,,,,,,,,,,,,,,,,,,,,,,,,,,,,,,,,,One-off label,,,,,,,,,,,,,,,,,,,,,,,,,,,,,,,,,,,,,,,,,,,,,,,,,,,,,,,,,,,,,,,,,,
SVF8GN,1,4,brown,,,,,,,,,,,,,One-off label,,,,,,,,,,,,,,,,,,,,,,,,,,,,,,,,,,,,,,,,,,,,,Systematic label,,,,,,,,,,,,,,,,,,,,,,,,,,,,,,,,,,,,,,,,,,,,,,,One-off label,,,,,,,,,,,,,,,,,,,,,,,,,,,,,,,,,,,,,,,,,,,,,,,,,,,,,,,,,,,,,,,,,,
SVF8GN,1,5,blue,,,,,,,,,,,,,One-off label,,,,,,,,,,,,,,,,,,,,,,,,,,,,,,,,,,,,,,,,,,,,,Systematic label,,,,,,,,,,,,,,,,,,,,,,,,,,,,,,,,,,,,,,,,,,,,,,,One-off label,,,,,,,,,,,,,,,,,,,,,,,,,,,,,,,,,,,,,,,,,,,,,,,,,,,,,,,,,,,,,,,,,,
SVF8GN,1,6,black,,,,,,,,,,,,,One-off label,,,,,,,,,,,,,,,,,,,,,,,,,,,,,,,,,,,,,,,,,,,,,Systematic label,,,,,,,,,,,,,,,,,,,,,,,,,,,,,,,,,,,,,,,,,,,,,,,One-off label,,,,,,,,,,,,,,,,,,,,,,,,,,,,,,,,,,,,,,,,,,,,,,,,,,,,,,,,,,,,,,,,,,
SVF8GN,1,7,white,,,,,,,,,,,,,One-off label,,,,,,,,,,,,,,,,,,,,,,,,,,,,,,,,,,,,,,,,,,,,,Systematic label,,,,,,,,,,,,,,,,,,,,,,,,,,,,,,,,,,,,,,,,,,,,,,,One-off label,,,,,,,,,,,,,,,,,,,,,,,,,,,,,,,,,,,,,,,,,,,,,,,,,,,,,,,,,,,,,,,,,,
SVF8GN,1,8,white,,,,,,,,,,,,,One-off label,,,,,,,,,,,,,,,,,,,,,,,,,,,,,,,,,,,,,,,,,,,,,Systematic label,,,,,,,,,,,,,,,,,,,,,,,,,,,,,,,,,,,,,,,,,,,,,,,One-off label,,,,,,,,,,,,,,,,,,,,,,,,,,,,,,,,,,,,,,,,,,,,,,,,,,,,,,,,,,,,,,,,,,
SVNJPX,0,1,arm sup,,,Can't tell / Neither,,,,,,,,,,,,,,,,,,,,,,,,,,,,Systematic label,,,,,,,,,,,,,,,,,,,,,,,,,,,,,,,,,,,,,,,,,,,,,,,,,,,,,,,,Can't tell / Neither,,,,,,,,,,,,,,,,,,,,,,,,,,,,,,,,,,,,,,,,,,,,,,,,,,,,,,,,,,,,,,,,,,,,,,,,,,,,,,,,,,,,
SVNJPX,0,2,elephant,,,One-off label,,,,,,,,,,,,,,,,,,,,,,,,,,,,One-off label,,,,,,,,,,,,,,,,,,,,,,,,,,,,,,,,,,,,,,,,,,,,,,,,,,,,,,,,One-off label,,,,,,,,,,,,,,,,,,,,,,,,,,,,,,,,,,,,,,,,,,,,,,,,,,,,,,,,,,,,,,,,,,,,,,,,,,,,,,,,,,,,
SVNJPX,0,3,water fountain,,,One-off label,,,,,,,,,,,,,,,,,,,,,,,,,,,,Systematic label,,,,,,,,,,,,,,,,,,,,,,,,,,,,,,,,,,,,,,,,,,,,,,,,,,,,,,,,Can't tell / Neither,,,,,,,,,,,,,,,,,,,,,,,,,,,,,,,,,,,,,,,,,,,,,,,,,,,,,,,,,,,,,,,,,,,,,,,,,,,,,,,,,,,,
SVNJPX,0,4,dance,,,One-off label,,,,,,,,,,,,,,,,,,,,,,,,,,,,Can't tell / Neither,,,,,,,,,,,,,,,,,,,,,,,,,,,,,,,,,,,,,,,,,,,,,,,,,,,,,,,,One-off label,,,,,,,,,,,,,,,,,,,,,,,,,,,,,,,,,,,,,,,,,,,,,,,,,,,,,,,,,,,,,,,,,,,,,,,,,,,,,,,,,,,,
SVNJPX,0,5,pray,,,One-off label,,,,,,,,,,,,,,,,,,,,,,,,,,,,One-off label,,,,,,,,,,,,,,,,,,,,,,,,,,,,,,,,,,,,,,,,,,,,,,,,,,,,,,,,One-off label,,,,,,,,,,,,,,,,,,,,,,,,,,,,,,,,,,,,,,,,,,,,,,,,,,,,,,,,,,,,,,,,,,,,,,,,,,,,,,,,,,,,
SVNJPX,0,6,water fountain,,,One-off label,,,,,,,,,,,,,,,,,,,,,,,,,,,,Systematic label,,,,,,,,,,,,,,,,,,,,,,,,,,,,,,,,,,,,,,,,,,,,,,,,,,,,,,,,Can't tell / Neither,,,,,,,,,,,,,,,,,,,,,,,,,,,,,,,,,,,,,,,,,,,,,,,,,,,,,,,,,,,,,,,,,,,,,,,,,,,,,,,,,,,,
SVNJPX,0,7,dance,,,One-off label,,,,,,,,,,,,,,,,,,,,,,,,,,,,One-off label,,,,,,,,,,,,,,,,,,,,,,,,,,,,,,,,,,,,,,,,,,,,,,,,,,,,,,,,One-off label,,,,,,,,,,,,,,,,,,,,,,,,,,,,,,,,,,,,,,,,,,,,,,,,,,,,,,,,,,,,,,,,,,,,,,,,,,,,,,,,,,,,
SVNJPX,0,8,water fountain,,,One-off label,,,,,,,,,,,,,,,,,,,,,,,,,,,,Systematic label,,,,,,,,,,,,,,,,,,,,,,,,,,,,,,,,,,,,,,,,,,,,,,,,,,,,,,,,Can't tell / Neither,,,,,,,,,,,,,,,,,,,,,,,,,,,,,,,,,,,,,,,,,,,,,,,,,,,,,,,,,,,,,,,,,,,,,,,,,,,,,,,,,,,,
SVNJPX,1,1,armsup,,,,,,,,,,,,,,,,,,,,,,,,,,,,,,,,,,,,,,,,,,,Can't tell / Neither,,,,,,,,,,,,,,,,,,,,,,,,,,,,,,,,One-off label,,,,,,,,,,,,,,,,,,,,,,,,,,,,,,,,,,,,,,,,,,,,,,,,,,,,,,,,,,,,,,,,,,,,,Systematic label,,,,,,,,,,,,,,,,,,,,,,,,,,,
SVNJPX,1,2,elephant,,,,,,,,,,,,,,,,,,,,,,,,,,,,,,,,,,,,,,,,,,,One-off label,,,,,,,,,,,,,,,,,,,,,,,,,,,,,,,,One-off label,,,,,,,,,,,,,,,,,,,,,,,,,,,,,,,,,,,,,,,,,,,,,,,,,,,,,,,,,,,,,,,,,,,,,One-off label,,,,,,,,,,,,,,,,,,,,,,,,,,,
SVNJPX,1,3,kneel,,,,,,,,,,,,,,,,,,,,,,,,,,,,,,,,,,,,,,,,,,,One-off label,,,,,,,,,,,,,,,,,,,,,,,,,,,,,,,,One-off label,,,,,,,,,,,,,,,,,,,,,,,,,,,,,,,,,,,,,,,,,,,,,,,,,,,,,,,,,,,,,,,,,,,,,One-off label,,,,,,,,,,,,,,,,,,,,,,,,,,,
SVNJPX,1,4,skate,,,,,,,,,,,,,,,,,,,,,,,,,,,,,,,,,,,,,,,,,,,One-off label,,,,,,,,,,,,,,,,,,,,,,,,,,,,,,,,One-off label,,,,,,,,,,,,,,,,,,,,,,,,,,,,,,,,,,,,,,,,,,,,,,,,,,,,,,,,,,,,,,,,,,,,,One-off label,,,,,,,,,,,,,,,,,,,,,,,,,,,
SVNJPX,1,5,pray,,,,,,,,,,,,,,,,,,,,,,,,,,,,,,,,,,,,,,,,,,,One-off label,,,,,,,,,,,,,,,,,,,,,,,,,,,,,,,,One-off label,,,,,,,,,,,,,,,,,,,,,,,,,,,,,,,,,,,,,,,,,,,,,,,,,,,,,,,,,,,,,,,,,,,,,Can't tell / Neither,,,,,,,,,,,,,,,,,,,,,,,,,,,
SVNJPX,1,6,beg,,,,,,,,,,,,,,,,,,,,,,,,,,,,,,,,,,,,,,,,,,,One-off label,,,,,,,,,,,,,,,,,,,,,,,,,,,,,,,,One-off label,,,,,,,,,,,,,,,,,,,,,,,,,,,,,,,,,,,,,,,,,,,,,,,,,,,,,,,,,,,,,,,,,,,,,Can't tell / Neither,,,,,,,,,,,,,,,,,,,,,,,,,,,
SVNJPX,1,7,dance,,,,,,,,,,,,,,,,,,,,,,,,,,,,,,,,,,,,,,,,,,,One-off label,,,,,,,,,,,,,,,,,,,,,,,,,,,,,,,,One-off label,,,,,,,,,,,,,,,,,,,,,,,,,,,,,,,,,,,,,,,,,,,,,,,,,,,,,,,,,,,,,,,,,,,,,One-off label,,,,,,,,,,,,,,,,,,,,,,,,,,,
SVNJPX,1,8,pray,,,,,,,,,,,,,,,,,,,,,,,,,,,,,,,,,,,,,,,,,,,One-off label,,,,,,,,,,,,,,,,,,,,,,,,,,,,,,,,One-off label,,,,,,,,,,,,,,,,,,,,,,,,,,,,,,,,,,,,,,,,,,,,,,,,,,,,,,,,,,,,,,,,,,,,,Can't tell / Neither,,,,,,,,,,,,,,,,,,,,,,,,,,,
T1QFQN,0,1,flat,,,,,,,,,,,,,,,Systematic label,,,,,,,,,,,,,,,,,,,One-off label,,,,,,,,,,,,,,Systematic label,,,,,,,,,,,,,,,,,,,,,One-off label,,,,,,,,,,,,,,,One-off label,,,,,,,,,,,,,,,,,,,,,,,,,,,,,,,,,,,,,,,,,,,,,,,,,,,,,,,,,,,,,,,,,,,,,,,,,One-off label,,One-off label,,,,,,,,,,,,
T1QFQN,0,2,lorry,,,,,,,,,,,,,,,One-off label,,,,,,,,,,,,,,,,,,,One-off label,,,,,,,,,,,,,,Systematic label,,,,,,,,,,,,,,,,,,,,,One-off label,,,,,,,,,,,,,,,One-off label,,,,,,,,,,,,,,,,,,,,,,,,,,,,,,,,,,,,,,,,,,,,,,,,,,,,,,,,,,,,,,,,,,,,,,,,,One-off label,,One-off label,,,,,,,,,,,,
T1QFQN,0,3,bin,,,,,,,,,,,,,,,One-off label,,,,,,,,,,,,,,,,,,,One-off label,,,,,,,,,,,,,,Can't tell / Neither,,,,,,,,,,,,,,,,,,,,,One-off label,,,,,,,,,,,,,,,One-off label,,,,,,,,,,,,,,,,,,,,,,,,,,,,,,,,,,,,,,,,,,,,,,,,,,,,,,,,,,,,,,,,,,,,,,,,,One-off label,,One-off label,,,,,,,,,,,,
T1QFQN,0,4,robot,,,,,,,,,,,,,,,One-off label,,,,,,,,,,,,,,,,,,,One-off label,,,,,,,,,,,,,,Systematic label,,,,,,,,,,,,,,,,,,,,,One-off label,,,,,,,,,,,,,,,One-off label,,,,,,,,,,,,,,,,,,,,,,,,,,,,,,,,,,,,,,,,,,,,,,,,,,,,,,,,,,,,,,,,,,,,,,,,,One-off label,,One-off label,,,,,,,,,,,,
T1QFQN,0,5,toy,,,,,,,,,,,,,,,One-off label,,,,,,,,,,,,,,,,,,,One-off label,,,,,,,,,,,,,,Systematic label,,,,,,,,,,,,,,,,,,,,,One-off label,,,,,,,,,,,,,,,One-off label,,,,,,,,,,,,,,,,,,,,,,,,,,,,,,,,,,,,,,,,,,,,,,,,,,,,,,,,,,,,,,,,,,,,,,,,,One-off label,,One-off label,,,,,,,,,,,,
T1QFQN,0,6,jet,,,,,,,,,,,,,,,One-off label,,,,,,,,,,,,,,,,,,,One-off label,,,,,,,,,,,,,,One-off label,,,,,,,,,,,,,,,,,,,,,One-off label,,,,,,,,,,,,,,,One-off label,,,,,,,,,,,,,,,,,,,,,,,,,,,,,,,,,,,,,,,,,,,,,,,,,,,,,,,,,,,,,,,,,,,,,,,,,One-off label,,One-off label,,,,,,,,,,,,
T1QFQN,0,7,cart,,,,,,,,,,,,,,,One-off label,,,,,,,,,,,,,,,,,,,One-off label,,,,,,,,,,,,,,Systematic label,,,,,,,,,,,,,,,,,,,,,One-off label,,,,,,,,,,,,,,,One-off label,,,,,,,,,,,,,,,,,,,,,,,,,,,,,,,,,,,,,,,,,,,,,,,,,,,,,,,,,,,,,,,,,,,,,,,,,One-off label,,One-off label,,,,,,,,,,,,
T1QFQN,0,8,icecream,,,,,,,,,,,,,,,One-off label,,,,,,,,,,,,,,,,,,,One-off label,,,,,,,,,,,,,,Can't tell / Neither,,,,,,,,,,,,,,,,,,,,,One-off label,,,,,,,,,,,,,,,One-off label,,,,,,,,,,,,,,,,,,,,,,,,,,,,,,,,,,,,,,,,,,,,,,,,,,,,,,,,,,,,,,,,,,,,,,,,,One-off label,,One-off label,,,,,,,,,,,,
T1QFQN,1,1,flat,,,,,,,,,,,Can't tell / Neither,,,,,,,,,,,,,,,,,,,,,,,,,,,,,,,,,,,,,,,,,,,,,,,,,,,,,,,,,,,,,,,,,,Systematic label,,,,,,,,,,,,,,,,,,,,,,,,,,,,,,,,,,,,,,,,,,,,,,One-off label,,,,,,,,,,,,,,,,,,,,,,,,,,,,,,,,,,,,,,,,,,,,,,,,
T1QFQN,1,2,lorry,,,,,,,,,,,One-off label,,,,,,,,,,,,,,,,,,,,,,,,,,,,,,,,,,,,,,,,,,,,,,,,,,,,,,,,,,,,,,,,,,Systematic label,,,,,,,,,,,,,,,,,,,,,,,,,,,,,,,,,,,,,,,,,,,,,,One-off label,,,,,,,,,,,,,,,,,,,,,,,,,,,,,,,,,,,,,,,,,,,,,,,,
T1QFQN,1,3,bin,,,,,,,,,,,One-off label,,,,,,,,,,,,,,,,,,,,,,,,,,,,,,,,,,,,,,,,,,,,,,,,,,,,,,,,,,,,,,,,,,Systematic label,,,,,,,,,,,,,,,,,,,,,,,,,,,,,,,,,,,,,,,,,,,,,,One-off label,,,,,,,,,,,,,,,,,,,,,,,,,,,,,,,,,,,,,,,,,,,,,,,,
T1QFQN,1,4,robot,,,,,,,,,,,One-off label,,,,,,,,,,,,,,,,,,,,,,,,,,,,,,,,,,,,,,,,,,,,,,,,,,,,,,,,,,,,,,,,,,One-off label,,,,,,,,,,,,,,,,,,,,,,,,,,,,,,,,,,,,,,,,,,,,,,One-off label,,,,,,,,,,,,,,,,,,,,,,,,,,,,,,,,,,,,,,,,,,,,,,,,
T1QFQN,1,5,toy,,,,,,,,,,,Can't tell / Neither,,,,,,,,,,,,,,,,,,,,,,,,,,,,,,,,,,,,,,,,,,,,,,,,,,,,,,,,,,,,,,,,,,Systematic label,,,,,,,,,,,,,,,,,,,,,,,,,,,,,,,,,,,,,,,,,,,,,,One-off label,,,,,,,,,,,,,,,,,,,,,,,,,,,,,,,,,,,,,,,,,,,,,,,,
T1QFQN,1,6,jet,,,,,,,,,,,One-off label,,,,,,,,,,,,,,,,,,,,,,,,,,,,,,,,,,,,,,,,,,,,,,,,,,,,,,,,,,,,,,,,,,One-off label,,,,,,,,,,,,,,,,,,,,,,,,,,,,,,,,,,,,,,,,,,,,,,One-off label,,,,,,,,,,,,,,,,,,,,,,,,,,,,,,,,,,,,,,,,,,,,,,,,
T1QFQN,1,7,cart,,,,,,,,,,,One-off label,,,,,,,,,,,,,,,,,,,,,,,,,,,,,,,,,,,,,,,,,,,,,,,,,,,,,,,,,,,,,,,,,,One-off label,,,,,,,,,,,,,,,,,,,,,,,,,,,,,,,,,,,,,,,,,,,,,,One-off label,,,,,,,,,,,,,,,,,,,,,,,,,,,,,,,,,,,,,,,,,,,,,,,,
T1QFQN,1,8,icecream,,,,,,,,,,,One-off label,,,,,,,,,,,,,,,,,,,,,,,,,,,,,,,,,,,,,,,,,,,,,,,,,,,,,,,,,,,,,,,,,,One-off label,,,,,,,,,,,,,,,,,,,,,,,,,,,,,,,,,,,,,,,,,,,,,,One-off label,,,,,,,,,,,,,,,,,,,,,,,,,,,,,,,,,,,,,,,,,,,,,,,,
T9E8Y9,0,1,purple black pink,,,,,,,,,,,,,,,,,,,,Systematic label,,,,,Systematic label,,,,,,,,,,,,,,,,,,,,,Systematic label,,,,,,,,,,,,,,,,,,,,,,,,,,,,,,,,,,,,,,,,,,,,,,,,,,,,,,,,,,,,,,,,,,,,,,,,,,,,,,,,,,,,,,,,,,,,,,,,,,,,,,,,,,,,,,,,,,,,,,,,,,,,,
T9E8Y9,0,2,purple black yellow,,,,,,,,,,,,,,,,,,,,Systematic label,,,,,Systematic label,,,,,,,,,,,,,,,,,,,,,Systematic label,,,,,,,,,,,,,,,,,,,,,,,,,,,,,,,,,,,,,,,,,,,,,,,,,,,,,,,,,,,,,,,,,,,,,,,,,,,,,,,,,,,,,,,,,,,,,,,,,,,,,,,,,,,,,,,,,,,,,,,,,,,,,
T9E8Y9,0,3,orange red yellow,,,,,,,,,,,,,,,,,,,,Systematic label,,,,,Systematic label,,,,,,,,,,,,,,,,,,,,,Systematic label,,,,,,,,,,,,,,,,,,,,,,,,,,,,,,,,,,,,,,,,,,,,,,,,,,,,,,,,,,,,,,,,,,,,,,,,,,,,,,,,,,,,,,,,,,,,,,,,,,,,,,,,,,,,,,,,,,,,,,,,,,,,,
T9E8Y9,0,4,orange red brown,,,,,,,,,,,,,,,,,,,,Systematic label,,,,,Systematic label,,,,,,,,,,,,,,,,,,,,,Systematic label,,,,,,,,,,,,,,,,,,,,,,,,,,,,,,,,,,,,,,,,,,,,,,,,,,,,,,,,,,,,,,,,,,,,,,,,,,,,,,,,,,,,,,,,,,,,,,,,,,,,,,,,,,,,,,,,,,,,,,,,,,,,,
T9E8Y9,0,5,orange red blue,,,,,,,,,,,,,,,,,,,,Systematic label,,,,,Systematic label,,,,,,,,,,,,,,,,,,,,,Systematic label,,,,,,,,,,,,,,,,,,,,,,,,,,,,,,,,,,,,,,,,,,,,,,,,,,,,,,,,,,,,,,,,,,,,,,,,,,,,,,,,,,,,,,,,,,,,,,,,,,,,,,,,,,,,,,,,,,,,,,,,,,,,,
T9E8Y9,0,6,orange red brown,,,,,,,,,,,,,,,,,,,,Systematic label,,,,,Systematic label,,,,,,,,,,,,,,,,,,,,,Systematic label,,,,,,,,,,,,,,,,,,,,,,,,,,,,,,,,,,,,,,,,,,,,,,,,,,,,,,,,,,,,,,,,,,,,,,,,,,,,,,,,,,,,,,,,,,,,,,,,,,,,,,,,,,,,,,,,,,,,,,,,,,,,,
T9E8Y9,0,7,purple black,,,,,,,,,,,,,,,,,,,,Systematic label,,,,,Systematic label,,,,,,,,,,,,,,,,,,,,,Systematic label,,,,,,,,,,,,,,,,,,,,,,,,,,,,,,,,,,,,,,,,,,,,,,,,,,,,,,,,,,,,,,,,,,,,,,,,,,,,,,,,,,,,,,,,,,,,,,,,,,,,,,,,,,,,,,,,,,,,,,,,,,,,,
T9E8Y9,0,8,purple brown yellow,,,,,,,,,,,,,,,,,,,,Systematic label,,,,,Systematic label,,,,,,,,,,,,,,,,,,,,,Systematic label,,,,,,,,,,,,,,,,,,,,,,,,,,,,,,,,,,,,,,,,,,,,,,,,,,,,,,,,,,,,,,,,,,,,,,,,,,,,,,,,,,,,,,,,,,,,,,,,,,,,,,,,,,,,,,,,,,,,,,,,,,,,,
T9E8Y9,1,1,purple black pink,,,,,,,,,,,,,,,,,,,,,,,,,,,,,,,,,,,,,,,,,,,,,,,,,,,,,,,,,,,Systematic label,,,,,,,,,,,,,,,,,,,,,,,,,,,,,,Systematic label,,,,,,,,,,,,,,,,,,,,,,,,,,,,,,,,,,,,,,,,,,,,,,,,,Systematic label,,,,,,,,,,,,,,,,,,,,,,,,,,,,,,,,,
T9E8Y9,1,2,purple black yellow,,,,,,,,,,,,,,,,,,,,,,,,,,,,,,,,,,,,,,,,,,,,,,,,,,,,,,,,,,,Systematic label,,,,,,,,,,,,,,,,,,,,,,,,,,,,,,Systematic label,,,,,,,,,,,,,,,,,,,,,,,,,,,,,,,,,,,,,,,,,,,,,,,,,Systematic label,,,,,,,,,,,,,,,,,,,,,,,,,,,,,,,,,
T9E8Y9,1,3,orange red yellow,,,,,,,,,,,,,,,,,,,,,,,,,,,,,,,,,,,,,,,,,,,,,,,,,,,,,,,,,,,Systematic label,,,,,,,,,,,,,,,,,,,,,,,,,,,,,,Systematic label,,,,,,,,,,,,,,,,,,,,,,,,,,,,,,,,,,,,,,,,,,,,,,,,,Systematic label,,,,,,,,,,,,,,,,,,,,,,,,,,,,,,,,,
T9E8Y9,1,4,orange red brown,,,,,,,,,,,,,,,,,,,,,,,,,,,,,,,,,,,,,,,,,,,,,,,,,,,,,,,,,,,Systematic label,,,,,,,,,,,,,,,,,,,,,,,,,,,,,,Systematic label,,,,,,,,,,,,,,,,,,,,,,,,,,,,,,,,,,,,,,,,,,,,,,,,,Systematic label,,,,,,,,,,,,,,,,,,,,,,,,,,,,,,,,,
T9E8Y9,1,5,orange red blue,,,,,,,,,,,,,,,,,,,,,,,,,,,,,,,,,,,,,,,,,,,,,,,,,,,,,,,,,,,Systematic label,,,,,,,,,,,,,,,,,,,,,,,,,,,,,,Systematic label,,,,,,,,,,,,,,,,,,,,,,,,,,,,,,,,,,,,,,,,,,,,,,,,,Systematic label,,,,,,,,,,,,,,,,,,,,,,,,,,,,,,,,,
T9E8Y9,1,6,orange red brown,,,,,,,,,,,,,,,,,,,,,,,,,,,,,,,,,,,,,,,,,,,,,,,,,,,,,,,,,,,Systematic label,,,,,,,,,,,,,,,,,,,,,,,,,,,,,,Systematic label,,,,,,,,,,,,,,,,,,,,,,,,,,,,,,,,,,,,,,,,,,,,,,,,,Systematic label,,,,,,,,,,,,,,,,,,,,,,,,,,,,,,,,,
T9E8Y9,1,7,purple black white,,,,,,,,,,,,,,,,,,,,,,,,,,,,,,,,,,,,,,,,,,,,,,,,,,,,,,,,,,,Systematic label,,,,,,,,,,,,,,,,,,,,,,,,,,,,,,Systematic label,,,,,,,,,,,,,,,,,,,,,,,,,,,,,,,,,,,,,,,,,,,,,,,,,Systematic label,,,,,,,,,,,,,,,,,,,,,,,,,,,,,,,,,
T9E8Y9,1,8,purple black yellow,,,,,,,,,,,,,,,,,,,,,,,,,,,,,,,,,,,,,,,,,,,,,,,,,,,,,,,,,,,Systematic label,,,,,,,,,,,,,,,,,,,,,,,,,,,,,,Systematic label,,,,,,,,,,,,,,,,,,,,,,,,,,,,,,,,,,,,,,,,,,,,,,,,,Systematic label,,,,,,,,,,,,,,,,,,,,,,,,,,,,,,,,,
TF65H8,0,1,tall,,,,,,,,,,,,,,,,,,,,,,,,,,,,,,,,,,,,,,,,,,,,,,,,,,,,,,,,,,,,,,,,,,,,,,,,,,,,,,,,,,One-off label,,,,,,,,,,,,,,,,,,,,,,,,,,,,,One-off label,,,,,,,,,,,,,,One-off label,,,,,,,,,,,,,,,,,,,,,,,,,,,,,,,,,,,,,,,,,,,,,,
TF65H8,0,2,short,,,,,,,,,,,,,,,,,,,,,,,,,,,,,,,,,,,,,,,,,,,,,,,,,,,,,,,,,,,,,,,,,,,,,,,,,,,,,,,,,,One-off label,,,,,,,,,,,,,,,,,,,,,,,,,,,,,One-off label,,,,,,,,,,,,,,One-off label,,,,,,,,,,,,,,,,,,,,,,,,,,,,,,,,,,,,,,,,,,,,,,
TF65H8,0,3,robot,,,,,,,,,,,,,,,,,,,,,,,,,,,,,,,,,,,,,,,,,,,,,,,,,,,,,,,,,,,,,,,,,,,,,,,,,,,,,,,,,,One-off label,,,,,,,,,,,,,,,,,,,,,,,,,,,,,One-off label,,,,,,,,,,,,,,One-off label,,,,,,,,,,,,,,,,,,,,,,,,,,,,,,,,,,,,,,,,,,,,,,
TF65H8,0,4,pillar,,,,,,,,,,,,,,,,,,,,,,,,,,,,,,,,,,,,,,,,,,,,,,,,,,,,,,,,,,,,,,,,,,,,,,,,,,,,,,,,,,One-off label,,,,,,,,,,,,,,,,,,,,,,,,,,,,,One-off label,,,,,,,,,,,,,,One-off label,,,,,,,,,,,,,,,,,,,,,,,,,,,,,,,,,,,,,,,,,,,,,,
TF65H8,0,5,phone,,,,,,,,,,,,,,,,,,,,,,,,,,,,,,,,,,,,,,,,,,,,,,,,,,,,,,,,,,,,,,,,,,,,,,,,,,,,,,,,,,One-off label,,,,,,,,,,,,,,,,,,,,,,,,,,,,,One-off label,,,,,,,,,,,,,,One-off label,,,,,,,,,,,,,,,,,,,,,,,,,,,,,,,,,,,,,,,,,,,,,,
TF65H8,0,6,wide,,,,,,,,,,,,,,,,,,,,,,,,,,,,,,,,,,,,,,,,,,,,,,,,,,,,,,,,,,,,,,,,,,,,,,,,,,,,,,,,,,One-off label,,,,,,,,,,,,,,,,,,,,,,,,,,,,,One-off label,,,,,,,,,,,,,,One-off label,,,,,,,,,,,,,,,,,,,,,,,,,,,,,,,,,,,,,,,,,,,,,,
TF65H8,0,7,chimney,,,,,,,,,,,,,,,,,,,,,,,,,,,,,,,,,,,,,,,,,,,,,,,,,,,,,,,,,,,,,,,,,,,,,,,,,,,,,,,,,,One-off label,,,,,,,,,,,,,,,,,,,,,,,,,,,,,One-off label,,,,,,,,,,,,,,One-off label,,,,,,,,,,,,,,,,,,,,,,,,,,,,,,,,,,,,,,,,,,,,,,
TF65H8,0,8,gaze,,,,,,,,,,,,,,,,,,,,,,,,,,,,,,,,,,,,,,,,,,,,,,,,,,,,,,,,,,,,,,,,,,,,,,,,,,,,,,,,,,One-off label,,,,,,,,,,,,,,,,,,,,,,,,,,,,,Systematic label,,,,,,,,,,,,,,One-off label,,,,,,,,,,,,,,,,,,,,,,,,,,,,,,,,,,,,,,,,,,,,,,
TF65H8,1,1,tall,,,,,,,,,,,,,,,,,,,,One-off label,,,,,,,,,,,,,,,,,,,,,,,,,,,,,,,,,,,,,,,,Systematic label,,,,,,,,,,,,,,,,,,,,,,,,,,,,,,,,,,,,,,,,,,,,,,,,,,,,,,,,One-off label,,,,,,,,,,,,,,,,,,,,,,,,,,,,,,,,,,,,,,,,,,,,,,,,,,,,,,,
TF65H8,1,2,short,,,,,,,,,,,,,,,,,,,,One-off label,,,,,,,,,,,,,,,,,,,,,,,,,,,,,,,,,,,,,,,,Systematic label,,,,,,,,,,,,,,,,,,,,,,,,,,,,,,,,,,,,,,,,,,,,,,,,,,,,,,,,One-off label,,,,,,,,,,,,,,,,,,,,,,,,,,,,,,,,,,,,,,,,,,,,,,,,,,,,,,,
TF65H8,1,3,gaze,,,,,,,,,,,,,,,,,,,,One-off label,,,,,,,,,,,,,,,,,,,,,,,,,,,,,,,,,,,,,,,,Can't tell / Neither,,,,,,,,,,,,,,,,,,,,,,,,,,,,,,,,,,,,,,,,,,,,,,,,,,,,,,,,One-off label,,,,,,,,,,,,,,,,,,,,,,,,,,,,,,,,,,,,,,,,,,,,,,,,,,,,,,,
TF65H8,1,4,pillar,,,,,,,,,,,,,,,,,,,,One-off label,,,,,,,,,,,,,,,,,,,,,,,,,,,,,,,,,,,,,,,,Systematic label,,,,,,,,,,,,,,,,,,,,,,,,,,,,,,,,,,,,,,,,,,,,,,,,,,,,,,,,One-off label,,,,,,,,,,,,,,,,,,,,,,,,,,,,,,,,,,,,,,,,,,,,,,,,,,,,,,,
TF65H8,1,5,phone,,,,,,,,,,,,,,,,,,,,One-off label,,,,,,,,,,,,,,,,,,,,,,,,,,,,,,,,,,,,,,,,Systematic label,,,,,,,,,,,,,,,,,,,,,,,,,,,,,,,,,,,,,,,,,,,,,,,,,,,,,,,,One-off label,,,,,,,,,,,,,,,,,,,,,,,,,,,,,,,,,,,,,,,,,,,,,,,,,,,,,,,
TF65H8,1,6,wide,,,,,,,,,,,,,,,,,,,,One-off label,,,,,,,,,,,,,,,,,,,,,,,,,,,,,,,,,,,,,,,,Systematic label,,,,,,,,,,,,,,,,,,,,,,,,,,,,,,,,,,,,,,,,,,,,,,,,,,,,,,,,One-off label,,,,,,,,,,,,,,,,,,,,,,,,,,,,,,,,,,,,,,,,,,,,,,,,,,,,,,,
TF65H8,1,7,robot,,,,,,,,,,,,,,,,,,,,One-off label,,,,,,,,,,,,,,,,,,,,,,,,,,,,,,,,,,,,,,,,Systematic label,,,,,,,,,,,,,,,,,,,,,,,,,,,,,,,,,,,,,,,,,,,,,,,,,,,,,,,,One-off label,,,,,,,,,,,,,,,,,,,,,,,,,,,,,,,,,,,,,,,,,,,,,,,,,,,,,,,
TF65H8,1,8,robot,,,,,,,,,,,,,,,,,,,,One-off label,,,,,,,,,,,,,,,,,,,,,,,,,,,,,,,,,,,,,,,,Can't tell / Neither,,,,,,,,,,,,,,,,,,,,,,,,,,,,,,,,,,,,,,,,,,,,,,,,,,,,,,,,One-off label,,,,,,,,,,,,,,,,,,,,,,,,,,,,,,,,,,,,,,,,,,,,,,,,,,,,,,,
TJKZD2,0,1,not sure,,,,,,,,,,,,,,,,,,,Can't tell / Neither,,,,,,,,,,,,,,,,,,,,,,,,,,,,,,,,,,,,,,,,,,,,,,,,,,,,,,,,,,,,,,,,,,,,,,,,,,,,,,,Can't tell / Neither,,,,,,,,,,,,,,,,Can't tell / Neither,,,,,,,,,,,,,,,,,,,,,,,,,,,,,,,,,,,,,,,,,,,,,,,,,,,,,,,,,
TJKZD2,0,2,leg square right,,,,,,,,,,,,,,,,,,,Systematic label,,,,,,,,,,,,,,,,,,,,,,,,,,,,,,,,,,,,,,,,,,,,,,,,,,,,,,,,,,,,,,,,,,,,,,,,,,,,,,,Systematic label,,,,,,,,,,,,,,,,Systematic label,,,,,,,,,,,,,,,,,,,,,,,,,,,,,,,,,,,,,,,,,,,,,,,,,,,,,,,,,
TJKZD2,0,3,leg square middle,,,,,,,,,,,,,,,,,,,Systematic label,,,,,,,,,,,,,,,,,,,,,,,,,,,,,,,,,,,,,,,,,,,,,,,,,,,,,,,,,,,,,,,,,,,,,,,,,,,,,,,Systematic label,,,,,,,,,,,,,,,,Systematic label,,,,,,,,,,,,,,,,,,,,,,,,,,,,,,,,,,,,,,,,,,,,,,,,,,,,,,,,,
TJKZD2,0,4,leg square left,,,,,,,,,,,,,,,,,,,Systematic label,,,,,,,,,,,,,,,,,,,,,,,,,,,,,,,,,,,,,,,,,,,,,,,,,,,,,,,,,,,,,,,,,,,,,,,,,,,,,,,Systematic label,,,,,,,,,,,,,,,,Systematic label,,,,,,,,,,,,,,,,,,,,,,,,,,,,,,,,,,,,,,,,,,,,,,,,,,,,,,,,,
TJKZD2,0,5,leg square middle,,,,,,,,,,,,,,,,,,,Systematic label,,,,,,,,,,,,,,,,,,,,,,,,,,,,,,,,,,,,,,,,,,,,,,,,,,,,,,,,,,,,,,,,,,,,,,,,,,,,,,,Systematic label,,,,,,,,,,,,,,,,Systematic label,,,,,,,,,,,,,,,,,,,,,,,,,,,,,,,,,,,,,,,,,,,,,,,,,,,,,,,,,
TJKZD2,0,6,middle,,,,,,,,,,,,,,,,,,,Systematic label,,,,,,,,,,,,,,,,,,,,,,,,,,,,,,,,,,,,,,,,,,,,,,,,,,,,,,,,,,,,,,,,,,,,,,,,,,,,,,,One-off label,,,,,,,,,,,,,,,,Systematic label,,,,,,,,,,,,,,,,,,,,,,,,,,,,,,,,,,,,,,,,,,,,,,,,,,,,,,,,,
TJKZD2,0,7,middle,,,,,,,,,,,,,,,,,,,Systematic label,,,,,,,,,,,,,,,,,,,,,,,,,,,,,,,,,,,,,,,,,,,,,,,,,,,,,,,,,,,,,,,,,,,,,,,,,,,,,,,One-off label,,,,,,,,,,,,,,,,Systematic label,,,,,,,,,,,,,,,,,,,,,,,,,,,,,,,,,,,,,,,,,,,,,,,,,,,,,,,,,
TJKZD2,0,8,middle,,,,,,,,,,,,,,,,,,,Systematic label,,,,,,,,,,,,,,,,,,,,,,,,,,,,,,,,,,,,,,,,,,,,,,,,,,,,,,,,,,,,,,,,,,,,,,,,,,,,,,,One-off label,,,,,,,,,,,,,,,,Systematic label,,,,,,,,,,,,,,,,,,,,,,,,,,,,,,,,,,,,,,,,,,,,,,,,,,,,,,,,,
TJKZD2,1,1,straight,,,,,,,,,,,,,,,,,,,,,,,,,,,,,,,,,,,,,,,,,,Systematic label,,,,,,,,,,,,,,,,,,,,,,,,,,,,,,,,,,,,One-off label,,,,,,,,,,,,,,,,,,,,,,,,,,,,,,,,,,,,,,,,,Can't tell / Neither,,,,,,,,,,,,,,,,,,,,,,,,,,,,,,,,,,,,,,,,,,,,,,,,,,,,
TJKZD2,1,2,leg square middle,,,,,,,,,,,,,,,,,,,,,,,,,,,,,,,,,,,,,,,,,,Systematic label,,,,,,,,,,,,,,,,,,,,,,,,,,,,,,,,,,,,Systematic label,,,,,,,,,,,,,,,,,,,,,,,,,,,,,,,,,,,,,,,,,Systematic label,,,,,,,,,,,,,,,,,,,,,,,,,,,,,,,,,,,,,,,,,,,,,,,,,,,,
TJKZD2,1,3,straight,,,,,,,,,,,,,,,,,,,,,,,,,,,,,,,,,,,,,,,,,,Systematic label,,,,,,,,,,,,,,,,,,,,,,,,,,,,,,,,,,,,One-off label,,,,,,,,,,,,,,,,,,,,,,,,,,,,,,,,,,,,,,,,,Can't tell / Neither,,,,,,,,,,,,,,,,,,,,,,,,,,,,,,,,,,,,,,,,,,,,,,,,,,,,
TJKZD2,1,4,leg square right,,,,,,,,,,,,,,,,,,,,,,,,,,,,,,,,,,,,,,,,,,Systematic label,,,,,,,,,,,,,,,,,,,,,,,,,,,,,,,,,,,,Systematic label,,,,,,,,,,,,,,,,,,,,,,,,,,,,,,,,,,,,,,,,,Systematic label,,,,,,,,,,,,,,,,,,,,,,,,,,,,,,,,,,,,,,,,,,,,,,,,,,,,
TJKZD2,1,5,straight,,,,,,,,,,,,,,,,,,,,,,,,,,,,,,,,,,,,,,,,,,Systematic label,,,,,,,,,,,,,,,,,,,,,,,,,,,,,,,,,,,,One-off label,,,,,,,,,,,,,,,,,,,,,,,,,,,,,,,,,,,,,,,,,Can't tell / Neither,,,,,,,,,,,,,,,,,,,,,,,,,,,,,,,,,,,,,,,,,,,,,,,,,,,,
TJKZD2,1,6,straight,,,,,,,,,,,,,,,,,,,,,,,,,,,,,,,,,,,,,,,,,,Systematic label,,,,,,,,,,,,,,,,,,,,,,,,,,,,,,,,,,,,One-off label,,,,,,,,,,,,,,,,,,,,,,,,,,,,,,,,,,,,,,,,,Can't tell / Neither,,,,,,,,,,,,,,,,,,,,,,,,,,,,,,,,,,,,,,,,,,,,,,,,,,,,
TJKZD2,1,7,leg square right,,,,,,,,,,,,,,,,,,,,,,,,,,,,,,,,,,,,,,,,,,Systematic label,,,,,,,,,,,,,,,,,,,,,,,,,,,,,,,,,,,,Systematic label,,,,,,,,,,,,,,,,,,,,,,,,,,,,,,,,,,,,,,,,,Systematic label,,,,,,,,,,,,,,,,,,,,,,,,,,,,,,,,,,,,,,,,,,,,,,,,,,,,
TJKZD2,1,8,straight,,,,,,,,,,,,,,,,,,,,,,,,,,,,,,,,,,,,,,,,,,Systematic label,,,,,,,,,,,,,,,,,,,,,,,,,,,,,,,,,,,,One-off label,,,,,,,,,,,,,,,,,,,,,,,,,,,,,,,,,,,,,,,,,Can't tell / Neither,,,,,,,,,,,,,,,,,,,,,,,,,,,,,,,,,,,,,,,,,,,,,,,,,,,,
TMNGM4,0,1,fall,,,,,,,,,,,,,,,,,,,,,,,,,,,,,,,,,,,,,,,,,,,,,,,,,,,,,,,,,,,,,,,Can't tell / Neither,,,,,,,,,,,,,,,,One-off label,,,,,,,,,,,,,,,,,,,One-off label,,,,,,,,,,,,,,,,,,,,,,,,,,,,,,,,,,,,,,,,,,,,,,,,,,,,,,,,,,,,,,,,,,,,,,,,,
TMNGM4,0,2,stand,,,,,,,,,,,,,,,,,,,,,,,,,,,,,,,,,,,,,,,,,,,,,,,,,,,,,,,,,,,,,,,Can't tell / Neither,,,,,,,,,,,,,,,,One-off label,,,,,,,,,,,,,,,,,,,One-off label,,,,,,,,,,,,,,,,,,,,,,,,,,,,,,,,,,,,,,,,,,,,,,,,,,,,,,,,,,,,,,,,,,,,,,,,,
TMNGM4,0,3,handshake,,,,,,,,,,,,,,,,,,,,,,,,,,,,,,,,,,,,,,,,,,,,,,,,,,,,,,,,,,,,,,,Can't tell / Neither,,,,,,,,,,,,,,,,Can't tell / Neither,,,,,,,,,,,,,,,,,,,One-off label,,,,,,,,,,,,,,,,,,,,,,,,,,,,,,,,,,,,,,,,,,,,,,,,,,,,,,,,,,,,,,,,,,,,,,,,,
TMNGM4,0,4,dance,,,,,,,,,,,,,,,,,,,,,,,,,,,,,,,,,,,,,,,,,,,,,,,,,,,,,,,,,,,,,,,One-off label,,,,,,,,,,,,,,,,One-off label,,,,,,,,,,,,,,,,,,,One-off label,,,,,,,,,,,,,,,,,,,,,,,,,,,,,,,,,,,,,,,,,,,,,,,,,,,,,,,,,,,,,,,,,,,,,,,,,
TMNGM4,0,5,stand,,,,,,,,,,,,,,,,,,,,,,,,,,,,,,,,,,,,,,,,,,,,,,,,,,,,,,,,,,,,,,,Can't tell / Neither,,,,,,,,,,,,,,,,One-off label,,,,,,,,,,,,,,,,,,,One-off label,,,,,,,,,,,,,,,,,,,,,,,,,,,,,,,,,,,,,,,,,,,,,,,,,,,,,,,,,,,,,,,,,,,,,,,,,
TMNGM4,0,6,pray,,,,,,,,,,,,,,,,,,,,,,,,,,,,,,,,,,,,,,,,,,,,,,,,,,,,,,,,,,,,,,,Can't tell / Neither,,,,,,,,,,,,,,,,One-off label,,,,,,,,,,,,,,,,,,,One-off label,,,,,,,,,,,,,,,,,,,,,,,,,,,,,,,,,,,,,,,,,,,,,,,,,,,,,,,,,,,,,,,,,,,,,,,,,
TMNGM4,0,7,dance,,,,,,,,,,,,,,,,,,,,,,,,,,,,,,,,,,,,,,,,,,,,,,,,,,,,,,,,,,,,,,,One-off label,,,,,,,,,,,,,,,,One-off label,,,,,,,,,,,,,,,,,,,One-off label,,,,,,,,,,,,,,,,,,,,,,,,,,,,,,,,,,,,,,,,,,,,,,,,,,,,,,,,,,,,,,,,,,,,,,,,,
TMNGM4,0,8,punch,,,,,,,,,,,,,,,,,,,,,,,,,,,,,,,,,,,,,,,,,,,,,,,,,,,,,,,,,,,,,,,Can't tell / Neither,,,,,,,,,,,,,,,,One-off label,,,,,,,,,,,,,,,,,,,One-off label,,,,,,,,,,,,,,,,,,,,,,,,,,,,,,,,,,,,,,,,,,,,,,,,,,,,,,,,,,,,,,,,,,,,,,,,,
TMNGM4,1,1,fall,,,,,,,,,,,,,,,,,,,,,One-off label,,,,,,,,,,,,,,,,,,,,,,,,,,,,,One-off label,,,,,,Can't tell / Neither,,,,,,,,,,,,,,,,,,,,,,,,,,,,,,,,,,,,,,,,,,,,,,,,,,,,,,,,,,,,,,,,,,,,,,,,,,,,,,,,,,,,,,,,,,,,,,,,,,,,,,,,,,,,,,,,,,,
TMNGM4,1,2,dance,,,,,,,,,,,,,,,,,,,,,One-off label,,,,,,,,,,,,,,,,,,,,,,,,,,,,,One-off label,,,,,,Can't tell / Neither,,,,,,,,,,,,,,,,,,,,,,,,,,,,,,,,,,,,,,,,,,,,,,,,,,,,,,,,,,,,,,,,,,,,,,,,,,,,,,,,,,,,,,,,,,,,,,,,,,,,,,,,,,,,,,,,,,,
TMNGM4,1,3,handshake,,,,,,,,,,,,,,,,,,,,,One-off label,,,,,,,,,,,,,,,,,,,,,,,,,,,,,One-off label,,,,,,Can't tell / Neither,,,,,,,,,,,,,,,,,,,,,,,,,,,,,,,,,,,,,,,,,,,,,,,,,,,,,,,,,,,,,,,,,,,,,,,,,,,,,,,,,,,,,,,,,,,,,,,,,,,,,,,,,,,,,,,,,,,
TMNGM4,1,4,dance,,,,,,,,,,,,,,,,,,,,,One-off label,,,,,,,,,,,,,,,,,,,,,,,,,,,,,One-off label,,,,,,Can't tell / Neither,,,,,,,,,,,,,,,,,,,,,,,,,,,,,,,,,,,,,,,,,,,,,,,,,,,,,,,,,,,,,,,,,,,,,,,,,,,,,,,,,,,,,,,,,,,,,,,,,,,,,,,,,,,,,,,,,,,
TMNGM4,1,5,stand,,,,,,,,,,,,,,,,,,,,,One-off label,,,,,,,,,,,,,,,,,,,,,,,,,,,,,One-off label,,,,,,Can't tell / Neither,,,,,,,,,,,,,,,,,,,,,,,,,,,,,,,,,,,,,,,,,,,,,,,,,,,,,,,,,,,,,,,,,,,,,,,,,,,,,,,,,,,,,,,,,,,,,,,,,,,,,,,,,,,,,,,,,,,
TMNGM4,1,6,handshake,,,,,,,,,,,,,,,,,,,,,One-off label,,,,,,,,,,,,,,,,,,,,,,,,,,,,,One-off label,,,,,,Can't tell / Neither,,,,,,,,,,,,,,,,,,,,,,,,,,,,,,,,,,,,,,,,,,,,,,,,,,,,,,,,,,,,,,,,,,,,,,,,,,,,,,,,,,,,,,,,,,,,,,,,,,,,,,,,,,,,,,,,,,,
TMNGM4,1,7,fall,,,,,,,,,,,,,,,,,,,,,One-off label,,,,,,,,,,,,,,,,,,,,,,,,,,,,,One-off label,,,,,,Can't tell / Neither,,,,,,,,,,,,,,,,,,,,,,,,,,,,,,,,,,,,,,,,,,,,,,,,,,,,,,,,,,,,,,,,,,,,,,,,,,,,,,,,,,,,,,,,,,,,,,,,,,,,,,,,,,,,,,,,,,,
TMNGM4,1,8,handshake,,,,,,,,,,,,,,,,,,,,,One-off label,,,,,,,,,,,,,,,,,,,,,,,,,,,,,One-off label,,,,,,Can't tell / Neither,,,,,,,,,,,,,,,,,,,,,,,,,,,,,,,,,,,,,,,,,,,,,,,,,,,,,,,,,,,,,,,,,,,,,,,,,,,,,,,,,,,,,,,,,,,,,,,,,,,,,,,,,,,,,,,,,,,
TSEMQG,0,1,fly,,,,,,,,,,,,,,,,,,,,,,,,,,,,,,,,,,,,,,,,,,,,,,,,,,,,,,,,,,,,,,,,,,,,,,,,,,,,,,,,,,,,,,,,,,,,,One-off label,,,,,,,,,,,,,,,,,,,,,,,,,,,,,,,,,,,,,,,,,,,,,,,,,,,,Can't tell / Neither,One-off label,,,,,,,,,,,,,,,,,,,,,,,,,
TSEMQG,0,2,priest,,,,,,,,,,,,,,,,,,,,,,,,,,,,,,,,,,,,,,,,,,,,,,,,,,,,,,,,,,,,,,,,,,,,,,,,,,,,,,,,,,,,,,,,,,,,,One-off label,,,,,,,,,,,,,,,,,,,,,,,,,,,,,,,,,,,,,,,,,,,,,,,,,,,,Can't tell / Neither,One-off label,,,,,,,,,,,,,,,,,,,,,,,,,
TSEMQG,0,3,kneel,,,,,,,,,,,,,,,,,,,,,,,,,,,,,,,,,,,,,,,,,,,,,,,,,,,,,,,,,,,,,,,,,,,,,,,,,,,,,,,,,,,,,,,,,,,,,One-off label,,,,,,,,,,,,,,,,,,,,,,,,,,,,,,,,,,,,,,,,,,,,,,,,,,,,Can't tell / Neither,One-off label,,,,,,,,,,,,,,,,,,,,,,,,,
TSEMQG,0,4,kick,,,,,,,,,,,,,,,,,,,,,,,,,,,,,,,,,,,,,,,,,,,,,,,,,,,,,,,,,,,,,,,,,,,,,,,,,,,,,,,,,,,,,,,,,,,,,One-off label,,,,,,,,,,,,,,,,,,,,,,,,,,,,,,,,,,,,,,,,,,,,,,,,,,,,Can't tell / Neither,One-off label,,,,,,,,,,,,,,,,,,,,,,,,,
TSEMQG,0,5,priest,,,,,,,,,,,,,,,,,,,,,,,,,,,,,,,,,,,,,,,,,,,,,,,,,,,,,,,,,,,,,,,,,,,,,,,,,,,,,,,,,,,,,,,,,,,,,One-off label,,,,,,,,,,,,,,,,,,,,,,,,,,,,,,,,,,,,,,,,,,,,,,,,,,,,Can't tell / Neither,One-off label,,,,,,,,,,,,,,,,,,,,,,,,,
TSEMQG,0,6,squat,,,,,,,,,,,,,,,,,,,,,,,,,,,,,,,,,,,,,,,,,,,,,,,,,,,,,,,,,,,,,,,,,,,,,,,,,,,,,,,,,,,,,,,,,,,,,One-off label,,,,,,,,,,,,,,,,,,,,,,,,,,,,,,,,,,,,,,,,,,,,,,,,,,,,Can't tell / Neither,One-off label,,,,,,,,,,,,,,,,,,,,,,,,,
TSEMQG,0,7,run,,,,,,,,,,,,,,,,,,,,,,,,,,,,,,,,,,,,,,,,,,,,,,,,,,,,,,,,,,,,,,,,,,,,,,,,,,,,,,,,,,,,,,,,,,,,,One-off label,,,,,,,,,,,,,,,,,,,,,,,,,,,,,,,,,,,,,,,,,,,,,,,,,,,,Can't tell / Neither,One-off label,,,,,,,,,,,,,,,,,,,,,,,,,
TSEMQG,0,8,kneel,,,,,,,,,,,,,,,,,,,,,,,,,,,,,,,,,,,,,,,,,,,,,,,,,,,,,,,,,,,,,,,,,,,,,,,,,,,,,,,,,,,,,,,,,,,,,One-off label,,,,,,,,,,,,,,,,,,,,,,,,,,,,,,,,,,,,,,,,,,,,,,,,,,,,Can't tell / Neither,One-off label,,,,,,,,,,,,,,,,,,,,,,,,,
TSEMQG,1,1,fly,,,,,,,,,,,,,,,One-off label,,,,,,,,,,,,,,,,,,,One-off label,,,,,,,,,,,,,,,,,,,,,,,,,,,,,,,,,,,,,,,,,,,,,,,,,,,One-off label,,,,,,,,,,,,,,,,,,,,,,,One-off label,,,,,,,,,,,,,,,,,,,,,,,,,,,,Can't tell / Neither,,,,,,,,,,,,,,,,,,,,,,,One-off label,,,,,,,,,,,,
TSEMQG,1,2,climb,,,,,,,,,,,,,,,One-off label,,,,,,,,,,,,,,,,,,,One-off label,,,,,,,,,,,,,,,,,,,,,,,,,,,,,,,,,,,,,,,,,,,,,,,,,,,One-off label,,,,,,,,,,,,,,,,,,,,,,,One-off label,,,,,,,,,,,,,,,,,,,,,,,,,,,,Can't tell / Neither,,,,,,,,,,,,,,,,,,,,,,,One-off label,,,,,,,,,,,,
TSEMQG,1,3,bow,,,,,,,,,,,,,,,Systematic label,,,,,,,,,,,,,,,,,,,One-off label,,,,,,,,,,,,,,,,,,,,,,,,,,,,,,,,,,,,,,,,,,,,,,,,,,,One-off label,,,,,,,,,,,,,,,,,,,,,,,One-off label,,,,,,,,,,,,,,,,,,,,,,,,,,,,Can't tell / Neither,,,,,,,,,,,,,,,,,,,,,,,One-off label,,,,,,,,,,,,
TSEMQG,1,4,kick,,,,,,,,,,,,,,,One-off label,,,,,,,,,,,,,,,,,,,One-off label,,,,,,,,,,,,,,,,,,,,,,,,,,,,,,,,,,,,,,,,,,,,,,,,,,,One-off label,,,,,,,,,,,,,,,,,,,,,,,One-off label,,,,,,,,,,,,,,,,,,,,,,,,,,,,Can't tell / Neither,,,,,,,,,,,,,,,,,,,,,,,One-off label,,,,,,,,,,,,
TSEMQG,1,5,priest,,,,,,,,,,,,,,,One-off label,,,,,,,,,,,,,,,,,,,One-off label,,,,,,,,,,,,,,,,,,,,,,,,,,,,,,,,,,,,,,,,,,,,,,,,,,,One-off label,,,,,,,,,,,,,,,,,,,,,,,One-off label,,,,,,,,,,,,,,,,,,,,,,,,,,,,Can't tell / Neither,,,,,,,,,,,,,,,,,,,,,,,One-off label,,,,,,,,,,,,
TSEMQG,1,6,kneel,,,,,,,,,,,,,,,Systematic label,,,,,,,,,,,,,,,,,,,One-off label,,,,,,,,,,,,,,,,,,,,,,,,,,,,,,,,,,,,,,,,,,,,,,,,,,,One-off label,,,,,,,,,,,,,,,,,,,,,,,One-off label,,,,,,,,,,,,,,,,,,,,,,,,,,,,Can't tell / Neither,,,,,,,,,,,,,,,,,,,,,,,One-off label,,,,,,,,,,,,
TSEMQG,1,7,run,,,,,,,,,,,,,,,Systematic label,,,,,,,,,,,,,,,,,,,One-off label,,,,,,,,,,,,,,,,,,,,,,,,,,,,,,,,,,,,,,,,,,,,,,,,,,,One-off label,,,,,,,,,,,,,,,,,,,,,,,One-off label,,,,,,,,,,,,,,,,,,,,,,,,,,,,Can't tell / Neither,,,,,,,,,,,,,,,,,,,,,,,One-off label,,,,,,,,,,,,
TSEMQG,1,8,kneel,,,,,,,,,,,,,,,Systematic label,,,,,,,,,,,,,,,,,,,One-off label,,,,,,,,,,,,,,,,,,,,,,,,,,,,,,,,,,,,,,,,,,,,,,,,,,,One-off label,,,,,,,,,,,,,,,,,,,,,,,One-off label,,,,,,,,,,,,,,,,,,,,,,,,,,,,Can't tell / Neither,,,,,,,,,,,,,,,,,,,,,,,One-off label,,,,,,,,,,,,
TVX9PZ,0,1,falling,,,,,,,,,,,,,,,,,,,,,,,,,,,,,,,,,,,,,,,,,,,,,,,,,,,,,,,,,Systematic label,,,,,,,,,,,,,,,,,,,,,,,,,,,,,,,,,One-off label,,,,,,,,,,,,,,,,,,,,,,,,,,,,,,,,,,,,,,,,,,One-off label,,,,,,,,,,,,,,,,,,,,,,,,,,,,,,,,,,,,,,,
TVX9PZ,0,2,jumping,,,,,,,,,,,,,,,,,,,,,,,,,,,,,,,,,,,,,,,,,,,,,,,,,,,,,,,,,Systematic label,,,,,,,,,,,,,,,,,,,,,,,,,,,,,,,,,One-off label,,,,,,,,,,,,,,,,,,,,,,,,,,,,,,,,,,,,,,,,,,One-off label,,,,,,,,,,,,,,,,,,,,,,,,,,,,,,,,,,,,,,,
TVX9PZ,0,3,dancing,,,,,,,,,,,,,,,,,,,,,,,,,,,,,,,,,,,,,,,,,,,,,,,,,,,,,,,,,Systematic label,,,,,,,,,,,,,,,,,,,,,,,,,,,,,,,,,One-off label,,,,,,,,,,,,,,,,,,,,,,,,,,,,,,,,,,,,,,,,,,One-off label,,,,,,,,,,,,,,,,,,,,,,,,,,,,,,,,,,,,,,,
TVX9PZ,0,4,bird,,,,,,,,,,,,,,,,,,,,,,,,,,,,,,,,,,,,,,,,,,,,,,,,,,,,,,,,,One-off label,,,,,,,,,,,,,,,,,,,,,,,,,,,,,,,,,One-off label,,,,,,,,,,,,,,,,,,,,,,,,,,,,,,,,,,,,,,,,,,One-off label,,,,,,,,,,,,,,,,,,,,,,,,,,,,,,,,,,,,,,,
TVX9PZ,0,5,gown,,,,,,,,,,,,,,,,,,,,,,,,,,,,,,,,,,,,,,,,,,,,,,,,,,,,,,,,,One-off label,,,,,,,,,,,,,,,,,,,,,,,,,,,,,,,,,One-off label,,,,,,,,,,,,,,,,,,,,,,,,,,,,,,,,,,,,,,,,,,One-off label,,,,,,,,,,,,,,,,,,,,,,,,,,,,,,,,,,,,,,,
TVX9PZ,0,6,praying bending,,,,,,,,,,,,,,,,,,,,,,,,,,,,,,,,,,,,,,,,,,,,,,,,,,,,,,,,,Systematic label,,,,,,,,,,,,,,,,,,,,,,,,,,,,,,,,,One-off label,,,,,,,,,,,,,,,,,,,,,,,,,,,,,,,,,,,,,,,,,,Systematic label,,,,,,,,,,,,,,,,,,,,,,,,,,,,,,,,,,,,,,,
TVX9PZ,0,7,dancing,,,,,,,,,,,,,,,,,,,,,,,,,,,,,,,,,,,,,,,,,,,,,,,,,,,,,,,,,Systematic label,,,,,,,,,,,,,,,,,,,,,,,,,,,,,,,,,One-off label,,,,,,,,,,,,,,,,,,,,,,,,,,,,,,,,,,,,,,,,,,One-off label,,,,,,,,,,,,,,,,,,,,,,,,,,,,,,,,,,,,,,,
TVX9PZ,0,8,praying standing,,,,,,,,,,,,,,,,,,,,,,,,,,,,,,,,,,,,,,,,,,,,,,,,,,,,,,,,,Systematic label,,,,,,,,,,,,,,,,,,,,,,,,,,,,,,,,,One-off label,,,,,,,,,,,,,,,,,,,,,,,,,,,,,,,,,,,,,,,,,,Systematic label,,,,,,,,,,,,,,,,,,,,,,,,,,,,,,,,,,,,,,,
TVX9PZ,1,1,falling,,,,,,,,,,,,,,,,,,,,,,,,,,,,,,,,,,,,,,One-off label,,,,,,,,,One-off label,,,,,,,,,,,,,,,,,,,,,,,,,,,,,,,,,,,,,,,,,,,,,,,,,,,,,,,,,,,,,,,,,,,,,,,,,,,,,,,,,,Systematic label,,,,,,,,,,,,,,,,,,,,,,,,,,,,,,,,,,,,,,,,,,
TVX9PZ,1,2,jumping,,,,,,,,,,,,,,,,,,,,,,,,,,,,,,,,,,,,,,One-off label,,,,,,,,,One-off label,,,,,,,,,,,,,,,,,,,,,,,,,,,,,,,,,,,,,,,,,,,,,,,,,,,,,,,,,,,,,,,,,,,,,,,,,,,,,,,,,,Systematic label,,,,,,,,,,,,,,,,,,,,,,,,,,,,,,,,,,,,,,,,,,
TVX9PZ,1,3,running,,,,,,,,,,,,,,,,,,,,,,,,,,,,,,,,,,,,,,One-off label,,,,,,,,,One-off label,,,,,,,,,,,,,,,,,,,,,,,,,,,,,,,,,,,,,,,,,,,,,,,,,,,,,,,,,,,,,,,,,,,,,,,,,,,,,,,,,,Systematic label,,,,,,,,,,,,,,,,,,,,,,,,,,,,,,,,,,,,,,,,,,
TVX9PZ,1,4,bird,,,,,,,,,,,,,,,,,,,,,,,,,,,,,,,,,,,,,,One-off label,,,,,,,,,One-off label,,,,,,,,,,,,,,,,,,,,,,,,,,,,,,,,,,,,,,,,,,,,,,,,,,,,,,,,,,,,,,,,,,,,,,,,,,,,,,,,,,One-off label,,,,,,,,,,,,,,,,,,,,,,,,,,,,,,,,,,,,,,,,,,
TVX9PZ,1,5,gown,,,,,,,,,,,,,,,,,,,,,,,,,,,,,,,,,,,,,,One-off label,,,,,,,,,One-off label,,,,,,,,,,,,,,,,,,,,,,,,,,,,,,,,,,,,,,,,,,,,,,,,,,,,,,,,,,,,,,,,,,,,,,,,,,,,,,,,,,Can't tell / Neither,,,,,,,,,,,,,,,,,,,,,,,,,,,,,,,,,,,,,,,,,,
TVX9PZ,1,6,praying bending,,,,,,,,,,,,,,,,,,,,,,,,,,,,,,,,,,,,,,One-off label,,,,,,,,,Can't tell / Neither,,,,,,,,,,,,,,,,,,,,,,,,,,,,,,,,,,,,,,,,,,,,,,,,,,,,,,,,,,,,,,,,,,,,,,,,,,,,,,,,,,Systematic label,,,,,,,,,,,,,,,,,,,,,,,,,,,,,,,,,,,,,,,,,,
TVX9PZ,1,7,dancing,,,,,,,,,,,,,,,,,,,,,,,,,,,,,,,,,,,,,,One-off label,,,,,,,,,One-off label,,,,,,,,,,,,,,,,,,,,,,,,,,,,,,,,,,,,,,,,,,,,,,,,,,,,,,,,,,,,,,,,,,,,,,,,,,,,,,,,,,One-off label,,,,,,,,,,,,,,,,,,,,,,,,,,,,,,,,,,,,,,,,,,
TVX9PZ,1,8,praying standing,,,,,,,,,,,,,,,,,,,,,,,,,,,,,,,,,,,,,,One-off label,,,,,,,,,Can't tell / Neither,,,,,,,,,,,,,,,,,,,,,,,,,,,,,,,,,,,,,,,,,,,,,,,,,,,,,,,,,,,,,,,,,,,,,,,,,,,,,,,,,,Systematic label,,,,,,,,,,,,,,,,,,,,,,,,,,,,,,,,,,,,,,,,,,
VDV067,0,1,hallelujah,,,,,,,,,,,,,One-off label,,,,,,,One-off label,,,,,,,,,,,,,,,,,,,,,,,,,,,,,,,,,,,,,,,,,,,,,,,,,,,,,,,,,,,,,,,,,,Can't tell / Neither,,,,,,,,,,,,,,,,,,,,,,,,,,,,,,,,,,,,,,,,,,,,,,,,,,,,,,,,,,,,,,,,,,,,,,,,,,,,,,,,,,,,,
VDV067,0,2,right leg up,,,,,,,,,,,,,Systematic label,,,,,,,Systematic label,,,,,,,,,,,,,,,,,,,,,,,,,,,,,,,,,,,,,,,,,,,,,,,,,,,,,,,,,,,,,,,,,,Systematic label,,,,,,,,,,,,,,,,,,,,,,,,,,,,,,,,,,,,,,,,,,,,,,,,,,,,,,,,,,,,,,,,,,,,,,,,,,,,,,,,,,,,,
VDV067,0,3,bow,,,,,,,,,,,,,One-off label,,,,,,,One-off label,,,,,,,,,,,,,,,,,,,,,,,,,,,,,,,,,,,,,,,,,,,,,,,,,,,,,,,,,,,,,,,,,,Systematic label,,,,,,,,,,,,,,,,,,,,,,,,,,,,,,,,,,,,,,,,,,,,,,,,,,,,,,,,,,,,,,,,,,,,,,,,,,,,,,,,,,,,,
VDV067,0,4,bend,,,,,,,,,,,,,One-off label,,,,,,,One-off label,,,,,,,,,,,,,,,,,,,,,,,,,,,,,,,,,,,,,,,,,,,,,,,,,,,,,,,,,,,,,,,,,,Systematic label,,,,,,,,,,,,,,,,,,,,,,,,,,,,,,,,,,,,,,,,,,,,,,,,,,,,,,,,,,,,,,,,,,,,,,,,,,,,,,,,,,,,,
VDV067,0,5,point,,,,,,,,,,,,,One-off label,,,,,,,One-off label,,,,,,,,,,,,,,,,,,,,,,,,,,,,,,,,,,,,,,,,,,,,,,,,,,,,,,,,,,,,,,,,,,Systematic label,,,,,,,,,,,,,,,,,,,,,,,,,,,,,,,,,,,,,,,,,,,,,,,,,,,,,,,,,,,,,,,,,,,,,,,,,,,,,,,,,,,,,
VDV067,0,6,pray,,,,,,,,,,,,,One-off label,,,,,,,One-off label,,,,,,,,,,,,,,,,,,,,,,,,,,,,,,,,,,,,,,,,,,,,,,,,,,,,,,,,,,,,,,,,,,Systematic label,,,,,,,,,,,,,,,,,,,,,,,,,,,,,,,,,,,,,,,,,,,,,,,,,,,,,,,,,,,,,,,,,,,,,,,,,,,,,,,,,,,,,
VDV067,0,7,snap,,,,,,,,,,,,,One-off label,,,,,,,One-off label,,,,,,,,,,,,,,,,,,,,,,,,,,,,,,,,,,,,,,,,,,,,,,,,,,,,,,,,,,,,,,,,,,Systematic label,,,,,,,,,,,,,,,,,,,,,,,,,,,,,,,,,,,,,,,,,,,,,,,,,,,,,,,,,,,,,,,,,,,,,,,,,,,,,,,,,,,,,
VDV067,0,8,pray point,,,,,,,,,,,,,Systematic label,,,,,,,Systematic label,,,,,,,,,,,,,,,,,,,,,,,,,,,,,,,,,,,,,,,,,,,,,,,,,,,,,,,,,,,,,,,,,,Systematic label,,,,,,,,,,,,,,,,,,,,,,,,,,,,,,,,,,,,,,,,,,,,,,,,,,,,,,,,,,,,,,,,,,,,,,,,,,,,,,,,,,,,,
VDV067,1,1,hallelujah,,,,,,,,,,,One-off label,,,,,,,,,,,,,,,,,,,,,,,,,,,,,,,,,,,,,,,,,,,,,,,,,,,,Can't tell / Neither,One-off label,,,,,,,,,,,,,,,,,,,,,,,,,,,,,,,,,,,,,,,,,,,,,,,,,,,,,,,,,,,,,,,,,,,,,,,,,,,,,,,,,,,,,,,,,,,,,,,,,,,,,,,,,,,
VDV067,1,2,right leg up,,,,,,,,,,,One-off label,,,,,,,,,,,,,,,,,,,,,,,,,,,,,,,,,,,,,,,,,,,,,,,,,,,,Systematic label,Systematic label,,,,,,,,,,,,,,,,,,,,,,,,,,,,,,,,,,,,,,,,,,,,,,,,,,,,,,,,,,,,,,,,,,,,,,,,,,,,,,,,,,,,,,,,,,,,,,,,,,,,,,,,,,,
VDV067,1,3,bow,,,,,,,,,,,One-off label,,,,,,,,,,,,,,,,,,,,,,,,,,,,,,,,,,,,,,,,,,,,,,,,,,,,Systematic label,Systematic label,,,,,,,,,,,,,,,,,,,,,,,,,,,,,,,,,,,,,,,,,,,,,,,,,,,,,,,,,,,,,,,,,,,,,,,,,,,,,,,,,,,,,,,,,,,,,,,,,,,,,,,,,,,
VDV067,1,4,bend,,,,,,,,,,,One-off label,,,,,,,,,,,,,,,,,,,,,,,,,,,,,,,,,,,,,,,,,,,,,,,,,,,,Systematic label,Systematic label,,,,,,,,,,,,,,,,,,,,,,,,,,,,,,,,,,,,,,,,,,,,,,,,,,,,,,,,,,,,,,,,,,,,,,,,,,,,,,,,,,,,,,,,,,,,,,,,,,,,,,,,,,,
VDV067,1,5,point,,,,,,,,,,,One-off label,,,,,,,,,,,,,,,,,,,,,,,,,,,,,,,,,,,,,,,,,,,,,,,,,,,,Systematic label,Systematic label,,,,,,,,,,,,,,,,,,,,,,,,,,,,,,,,,,,,,,,,,,,,,,,,,,,,,,,,,,,,,,,,,,,,,,,,,,,,,,,,,,,,,,,,,,,,,,,,,,,,,,,,,,,
VDV067,1,6,pray,,,,,,,,,,,One-off label,,,,,,,,,,,,,,,,,,,,,,,,,,,,,,,,,,,,,,,,,,,,,,,,,,,,Can't tell / Neither,Systematic label,,,,,,,,,,,,,,,,,,,,,,,,,,,,,,,,,,,,,,,,,,,,,,,,,,,,,,,,,,,,,,,,,,,,,,,,,,,,,,,,,,,,,,,,,,,,,,,,,,,,,,,,,,,
VDV067,1,7,snap,,,,,,,,,,,One-off label,,,,,,,,,,,,,,,,,,,,,,,,,,,,,,,,,,,,,,,,,,,,,,,,,,,,Can't tell / Neither,One-off label,,,,,,,,,,,,,,,,,,,,,,,,,,,,,,,,,,,,,,,,,,,,,,,,,,,,,,,,,,,,,,,,,,,,,,,,,,,,,,,,,,,,,,,,,,,,,,,,,,,,,,,,,,,
VDV067,1,8,pray point,,,,,,,,,,,One-off label,,,,,,,,,,,,,,,,,,,,,,,,,,,,,,,,,,,,,,,,,,,,,,,,,,,,Can't tell / Neither,Systematic label,,,,,,,,,,,,,,,,,,,,,,,,,,,,,,,,,,,,,,,,,,,,,,,,,,,,,,,,,,,,,,,,,,,,,,,,,,,,,,,,,,,,,,,,,,,,,,,,,,,,,,,,,,,
VE1Q1B,0,1,happy,,,,One-off label,,,,,,,,,,,,,,,,,,,,,,,,,,,,,,,,,,,,,,,,,,,,,,,,,,,,,,,,,,,,,,,,,,,,,,,,,,,,,,,,,,,,,,,,,,,,,,,,,,,,,,,,,,,,,,,,,,,,,,,One-off label,,,,,,,,,,,,,,,,,,,,,,,,,,One-off label,,,,,,,,,,,,,,,,,,,,,,
VE1Q1B,0,2,baseball,,,,One-off label,,,,,,,,,,,,,,,,,,,,,,,,,,,,,,,,,,,,,,,,,,,,,,,,,,,,,,,,,,,,,,,,,,,,,,,,,,,,,,,,,,,,,,,,,,,,,,,,,,,,,,,,,,,,,,,,,,,,,,,One-off label,,,,,,,,,,,,,,,,,,,,,,,,,,Systematic label,,,,,,,,,,,,,,,,,,,,,,
VE1Q1B,0,3,dance,,,,One-off label,,,,,,,,,,,,,,,,,,,,,,,,,,,,,,,,,,,,,,,,,,,,,,,,,,,,,,,,,,,,,,,,,,,,,,,,,,,,,,,,,,,,,,,,,,,,,,,,,,,,,,,,,,,,,,,,,,,,,,,One-off label,,,,,,,,,,,,,,,,,,,,,,,,,,Systematic label,,,,,,,,,,,,,,,,,,,,,,
VE1Q1B,0,4,skating,,,,One-off label,,,,,,,,,,,,,,,,,,,,,,,,,,,,,,,,,,,,,,,,,,,,,,,,,,,,,,,,,,,,,,,,,,,,,,,,,,,,,,,,,,,,,,,,,,,,,,,,,,,,,,,,,,,,,,,,,,,,,,,One-off label,,,,,,,,,,,,,,,,,,,,,,,,,,Systematic label,,,,,,,,,,,,,,,,,,,,,,
VE1Q1B,0,5,priest,,,,One-off label,,,,,,,,,,,,,,,,,,,,,,,,,,,,,,,,,,,,,,,,,,,,,,,,,,,,,,,,,,,,,,,,,,,,,,,,,,,,,,,,,,,,,,,,,,,,,,,,,,,,,,,,,,,,,,,,,,,,,,,One-off label,,,,,,,,,,,,,,,,,,,,,,,,,,Can't tell / Neither,,,,,,,,,,,,,,,,,,,,,,
VE1Q1B,0,6,waiter,,,,One-off label,,,,,,,,,,,,,,,,,,,,,,,,,,,,,,,,,,,,,,,,,,,,,,,,,,,,,,,,,,,,,,,,,,,,,,,,,,,,,,,,,,,,,,,,,,,,,,,,,,,,,,,,,,,,,,,,,,,,,,,One-off label,,,,,,,,,,,,,,,,,,,,,,,,,,Can't tell / Neither,,,,,,,,,,,,,,,,,,,,,,
VE1Q1B,0,7,tango,,,,One-off label,,,,,,,,,,,,,,,,,,,,,,,,,,,,,,,,,,,,,,,,,,,,,,,,,,,,,,,,,,,,,,,,,,,,,,,,,,,,,,,,,,,,,,,,,,,,,,,,,,,,,,,,,,,,,,,,,,,,,,,One-off label,,,,,,,,,,,,,,,,,,,,,,,,,,Systematic label,,,,,,,,,,,,,,,,,,,,,,
VE1Q1B,0,8,knees,,,,One-off label,,,,,,,,,,,,,,,,,,,,,,,,,,,,,,,,,,,,,,,,,,,,,,,,,,,,,,,,,,,,,,,,,,,,,,,,,,,,,,,,,,,,,,,,,,,,,,,,,,,,,,,,,,,,,,,,,,,,,,,One-off label,,,,,,,,,,,,,,,,,,,,,,,,,,Can't tell / Neither,,,,,,,,,,,,,,,,,,,,,,
VE1Q1B,1,1,happy,,,,,,,,,,,,,,,,,,,,,,,,,,,,,,,,,,,,,,,,,,,,,,,,,,One-off label,,,,,,,,,,,,,,,,One-off label,,,,,,,,,,,,,,,,,,,,,,,,,,,,,,,,,,,,,,,,,,,,,,,,,,,,,,,,,,,,,,,,,,,,,,,,,,,,,,,,,,,,,,,,,,,,,,,,,,,One-off label,,,,,,
VE1Q1B,1,2,baseball,,,,,,,,,,,,,,,,,,,,,,,,,,,,,,,,,,,,,,,,,,,,,,,,,,One-off label,,,,,,,,,,,,,,,,One-off label,,,,,,,,,,,,,,,,,,,,,,,,,,,,,,,,,,,,,,,,,,,,,,,,,,,,,,,,,,,,,,,,,,,,,,,,,,,,,,,,,,,,,,,,,,,,,,,,,,,One-off label,,,,,,
VE1Q1B,1,3,dance,,,,,,,,,,,,,,,,,,,,,,,,,,,,,,,,,,,,,,,,,,,,,,,,,,Systematic label,,,,,,,,,,,,,,,,One-off label,,,,,,,,,,,,,,,,,,,,,,,,,,,,,,,,,,,,,,,,,,,,,,,,,,,,,,,,,,,,,,,,,,,,,,,,,,,,,,,,,,,,,,,,,,,,,,,,,,,One-off label,,,,,,
VE1Q1B,1,4,skating,,,,,,,,,,,,,,,,,,,,,,,,,,,,,,,,,,,,,,,,,,,,,,,,,,One-off label,,,,,,,,,,,,,,,,One-off label,,,,,,,,,,,,,,,,,,,,,,,,,,,,,,,,,,,,,,,,,,,,,,,,,,,,,,,,,,,,,,,,,,,,,,,,,,,,,,,,,,,,,,,,,,,,,,,,,,,One-off label,,,,,,
VE1Q1B,1,5,priest,,,,,,,,,,,,,,,,,,,,,,,,,,,,,,,,,,,,,,,,,,,,,,,,,,One-off label,,,,,,,,,,,,,,,,One-off label,,,,,,,,,,,,,,,,,,,,,,,,,,,,,,,,,,,,,,,,,,,,,,,,,,,,,,,,,,,,,,,,,,,,,,,,,,,,,,,,,,,,,,,,,,,,,,,,,,,One-off label,,,,,,
VE1Q1B,1,6,waiter,,,,,,,,,,,,,,,,,,,,,,,,,,,,,,,,,,,,,,,,,,,,,,,,,,One-off label,,,,,,,,,,,,,,,,One-off label,,,,,,,,,,,,,,,,,,,,,,,,,,,,,,,,,,,,,,,,,,,,,,,,,,,,,,,,,,,,,,,,,,,,,,,,,,,,,,,,,,,,,,,,,,,,,,,,,,,One-off label,,,,,,
VE1Q1B,1,7,tango,,,,,,,,,,,,,,,,,,,,,,,,,,,,,,,,,,,,,,,,,,,,,,,,,,One-off label,,,,,,,,,,,,,,,,One-off label,,,,,,,,,,,,,,,,,,,,,,,,,,,,,,,,,,,,,,,,,,,,,,,,,,,,,,,,,,,,,,,,,,,,,,,,,,,,,,,,,,,,,,,,,,,,,,,,,,,One-off label,,,,,,
VE1Q1B,1,8,knees,,,,,,,,,,,,,,,,,,,,,,,,,,,,,,,,,,,,,,,,,,,,,,,,,,One-off label,,,,,,,,,,,,,,,,One-off label,,,,,,,,,,,,,,,,,,,,,,,,,,,,,,,,,,,,,,,,,,,,,,,,,,,,,,,,,,,,,,,,,,,,,,,,,,,,,,,,,,,,,,,,,,,,,,,,,,,One-off label,,,,,,
VMGYCX,0,1,omg,,,,,,,,,,,,,,,,,,,,,,,,,,,,,,,,,,One-off label,,,,,,,,,,,,,,Systematic label,,,,,,,,,,,,,,,,,,,,,,,,,,,,,,,,,,,,,One-off label,,,,,,,,,,,,,,,,,,,,,,,Can't tell / Neither,,,,,,,,,,,,,,,,,,,,,,,,,,,,Can't tell / Neither,,,,,,,,,,,,,,,,,,,,,,,Can't tell / Neither,,,,,,,,,,,,
VMGYCX,0,2,falling,,,,,,,,,,,,,,,,,,,,,,,,,,,,,,,,,,One-off label,,,,,,,,,,,,,,One-off label,,,,,,,,,,,,,,,,,,,,,,,,,,,,,,,,,,,,,One-off label,,,,,,,,,,,,,,,,,,,,,,,One-off label,,,,,,,,,,,,,,,,,,,,,,,,,,,,Can't tell / Neither,,,,,,,,,,,,,,,,,,,,,,,One-off label,,,,,,,,,,,,
VMGYCX,0,3,combat,,,,,,,,,,,,,,,,,,,,,,,,,,,,,,,,,,One-off label,,,,,,,,,,,,,,One-off label,,,,,,,,,,,,,,,,,,,,,,,,,,,,,,,,,,,,,One-off label,,,,,,,,,,,,,,,,,,,,,,,One-off label,,,,,,,,,,,,,,,,,,,,,,,,,,,,Can't tell / Neither,,,,,,,,,,,,,,,,,,,,,,,One-off label,,,,,,,,,,,,
VMGYCX,0,4,pose,,,,,,,,,,,,,,,,,,,,,,,,,,,,,,,,,,One-off label,,,,,,,,,,,,,,Systematic label,,,,,,,,,,,,,,,,,,,,,,,,,,,,,,,,,,,,,Can't tell / Neither,,,,,,,,,,,,,,,,,,,,,,,One-off label,,,,,,,,,,,,,,,,,,,,,,,,,,,,Can't tell / Neither,,,,,,,,,,,,,,,,,,,,,,,One-off label,,,,,,,,,,,,
VMGYCX,0,5,preist,,,,,,,,,,,,,,,,,,,,,,,,,,,,,,,,,,One-off label,,,,,,,,,,,,,,Systematic label,,,,,,,,,,,,,,,,,,,,,,,,,,,,,,,,,,,,,One-off label,,,,,,,,,,,,,,,,,,,,,,,One-off label,,,,,,,,,,,,,,,,,,,,,,,,,,,,Can't tell / Neither,,,,,,,,,,,,,,,,,,,,,,,One-off label,,,,,,,,,,,,
VMGYCX,0,6,beggar,,,,,,,,,,,,,,,,,,,,,,,,,,,,,,,,,,One-off label,,,,,,,,,,,,,,One-off label,,,,,,,,,,,,,,,,,,,,,,,,,,,,,,,,,,,,,One-off label,,,,,,,,,,,,,,,,,,,,,,,One-off label,,,,,,,,,,,,,,,,,,,,,,,,,,,,Can't tell / Neither,,,,,,,,,,,,,,,,,,,,,,,One-off label,,,,,,,,,,,,
VMGYCX,0,7,dance,,,,,,,,,,,,,,,,,,,,,,,,,,,,,,,,,,One-off label,,,,,,,,,,,,,,One-off label,,,,,,,,,,,,,,,,,,,,,,,,,,,,,,,,,,,,,One-off label,,,,,,,,,,,,,,,,,,,,,,,One-off label,,,,,,,,,,,,,,,,,,,,,,,,,,,,Can't tell / Neither,,,,,,,,,,,,,,,,,,,,,,,One-off label,,,,,,,,,,,,
VMGYCX,0,8,pray,,,,,,,,,,,,,,,,,,,,,,,,,,,,,,,,,,One-off label,,,,,,,,,,,,,,One-off label,,,,,,,,,,,,,,,,,,,,,,,,,,,,,,,,,,,,,One-off label,,,,,,,,,,,,,,,,,,,,,,,One-off label,,,,,,,,,,,,,,,,,,,,,,,,,,,,Can't tell / Neither,,,,,,,,,,,,,,,,,,,,,,,One-off label,,,,,,,,,,,,
VMGYCX,1,1,omg,,,,,,,,,,,,,,,,,,,,,,,,,,,,,,,,,,,,,,,,,,,,,,,,,,,,Can't tell / Neither,,,,,,,,,,,,,,,,,,,,,,,,,,,,,,,,,,,,,,,,,,,,,,,,,,,,Can't tell / Neither,,,,,,,,,,Can't tell / Neither,,,,,,,,,,,,,,,,,,,,,,,,,,,,,,,,,,,,,,,,,,,,,,,,,,,,,,,,,
VMGYCX,1,2,falling,,,,,,,,,,,,,,,,,,,,,,,,,,,,,,,,,,,,,,,,,,,,,,,,,,,,One-off label,,,,,,,,,,,,,,,,,,,,,,,,,,,,,,,,,,,,,,,,,,,,,,,,,,,,Can't tell / Neither,,,,,,,,,,One-off label,,,,,,,,,,,,,,,,,,,,,,,,,,,,,,,,,,,,,,,,,,,,,,,,,,,,,,,,,
VMGYCX,1,3,combat,,,,,,,,,,,,,,,,,,,,,,,,,,,,,,,,,,,,,,,,,,,,,,,,,,,,One-off label,,,,,,,,,,,,,,,,,,,,,,,,,,,,,,,,,,,,,,,,,,,,,,,,,,,,Can't tell / Neither,,,,,,,,,,One-off label,,,,,,,,,,,,,,,,,,,,,,,,,,,,,,,,,,,,,,,,,,,,,,,,,,,,,,,,,
VMGYCX,1,4,pose,,,,,,,,,,,,,,,,,,,,,,,,,,,,,,,,,,,,,,,,,,,,,,,,,,,,One-off label,,,,,,,,,,,,,,,,,,,,,,,,,,,,,,,,,,,,,,,,,,,,,,,,,,,,One-off label,,,,,,,,,,One-off label,,,,,,,,,,,,,,,,,,,,,,,,,,,,,,,,,,,,,,,,,,,,,,,,,,,,,,,,,
VMGYCX,1,5,priest,,,,,,,,,,,,,,,,,,,,,,,,,,,,,,,,,,,,,,,,,,,,,,,,,,,,One-off label,,,,,,,,,,,,,,,,,,,,,,,,,,,,,,,,,,,,,,,,,,,,,,,,,,,,One-off label,,,,,,,,,,One-off label,,,,,,,,,,,,,,,,,,,,,,,,,,,,,,,,,,,,,,,,,,,,,,,,,,,,,,,,,
VMGYCX,1,6,beggar,,,,,,,,,,,,,,,,,,,,,,,,,,,,,,,,,,,,,,,,,,,,,,,,,,,,One-off label,,,,,,,,,,,,,,,,,,,,,,,,,,,,,,,,,,,,,,,,,,,,,,,,,,,,One-off label,,,,,,,,,,One-off label,,,,,,,,,,,,,,,,,,,,,,,,,,,,,,,,,,,,,,,,,,,,,,,,,,,,,,,,,
VMGYCX,1,7,dance,,,,,,,,,,,,,,,,,,,,,,,,,,,,,,,,,,,,,,,,,,,,,,,,,,,,One-off label,,,,,,,,,,,,,,,,,,,,,,,,,,,,,,,,,,,,,,,,,,,,,,,,,,,,Can't tell / Neither,,,,,,,,,,One-off label,,,,,,,,,,,,,,,,,,,,,,,,,,,,,,,,,,,,,,,,,,,,,,,,,,,,,,,,,
VMGYCX,1,8,pray,,,,,,,,,,,,,,,,,,,,,,,,,,,,,,,,,,,,,,,,,,,,,,,,,,,,One-off label,,,,,,,,,,,,,,,,,,,,,,,,,,,,,,,,,,,,,,,,,,,,,,,,,,,,Can't tell / Neither,,,,,,,,,,One-off label,,,,,,,,,,,,,,,,,,,,,,,,,,,,,,,,,,,,,,,,,,,,,,,,,,,,,,,,,
VRSKPE,0,1,plum,,,,,,,,,,,,,,,,,,,,,,,,,,,,,,,,,,,,,,,,,,,,,,,,,,,,,,,,,,,,,,,,,,,,,,,,,,,,,,,,One-off label,,,,,,,,,,,,,,,,One-off label,,,,,,,,,,,,,,,,,,,,,,,,,,,,,,,,,,,,,,,,,,,,,,,,,,,,,,,,,One-off label,,,,,,,,,,,,,,,,,,
VRSKPE,0,2,pad,,,,,,,,,,,,,,,,,,,,,,,,,,,,,,,,,,,,,,,,,,,,,,,,,,,,,,,,,,,,,,,,,,,,,,,,,,,,,,,,Can't tell / Neither,,,,,,,,,,,,,,,,One-off label,,,,,,,,,,,,,,,,,,,,,,,,,,,,,,,,,,,,,,,,,,,,,,,,,,,,,,,,,One-off label,,,,,,,,,,,,,,,,,,
VRSKPE,0,3,cheese,,,,,,,,,,,,,,,,,,,,,,,,,,,,,,,,,,,,,,,,,,,,,,,,,,,,,,,,,,,,,,,,,,,,,,,,,,,,,,,,One-off label,,,,,,,,,,,,,,,,One-off label,,,,,,,,,,,,,,,,,,,,,,,,,,,,,,,,,,,,,,,,,,,,,,,,,,,,,,,,,One-off label,,,,,,,,,,,,,,,,,,
VRSKPE,0,4,legs,,,,,,,,,,,,,,,,,,,,,,,,,,,,,,,,,,,,,,,,,,,,,,,,,,,,,,,,,,,,,,,,,,,,,,,,,,,,,,,,One-off label,,,,,,,,,,,,,,,,One-off label,,,,,,,,,,,,,,,,,,,,,,,,,,,,,,,,,,,,,,,,,,,,,,,,,,,,,,,,,One-off label,,,,,,,,,,,,,,,,,,
VRSKPE,0,5,toilet,,,,,,,,,,,,,,,,,,,,,,,,,,,,,,,,,,,,,,,,,,,,,,,,,,,,,,,,,,,,,,,,,,,,,,,,,,,,,,,,One-off label,,,,,,,,,,,,,,,,One-off label,,,,,,,,,,,,,,,,,,,,,,,,,,,,,,,,,,,,,,,,,,,,,,,,,,,,,,,,,One-off label,,,,,,,,,,,,,,,,,,
VRSKPE,0,6,spider,,,,,,,,,,,,,,,,,,,,,,,,,,,,,,,,,,,,,,,,,,,,,,,,,,,,,,,,,,,,,,,,,,,,,,,,,,,,,,,,One-off label,,,,,,,,,,,,,,,,One-off label,,,,,,,,,,,,,,,,,,,,,,,,,,,,,,,,,,,,,,,,,,,,,,,,,,,,,,,,,One-off label,,,,,,,,,,,,,,,,,,
VRSKPE,0,7,triangle,,,,,,,,,,,,,,,,,,,,,,,,,,,,,,,,,,,,,,,,,,,,,,,,,,,,,,,,,,,,,,,,,,,,,,,,,,,,,,,,One-off label,,,,,,,,,,,,,,,,One-off label,,,,,,,,,,,,,,,,,,,,,,,,,,,,,,,,,,,,,,,,,,,,,,,,,,,,,,,,,One-off label,,,,,,,,,,,,,,,,,,
VRSKPE,0,8,tall,,,,,,,,,,,,,,,,,,,,,,,,,,,,,,,,,,,,,,,,,,,,,,,,,,,,,,,,,,,,,,,,,,,,,,,,,,,,,,,,One-off label,,,,,,,,,,,,,,,,One-off label,,,,,,,,,,,,,,,,,,,,,,,,,,,,,,,,,,,,,,,,,,,,,,,,,,,,,,,,,One-off label,,,,,,,,,,,,,,,,,,
VRSKPE,1,1,plumb,One-off label,,,,,,,,,,,,,,,,,,,,,,,,,,,,,,,,Can't tell / Neither,,,,,,,,,,,,,,,,,,,,,,,,,,,,,,,,,,,,,,,,,,,,,,,,,,,,,,,,,,,,,,,,,,,,,,,,,,,,,,,,,,,,,,,,,,,,,,,,,,,,,,,,,,,,,,,,,,,,,,,,,,One-off label,,,,,,,,,,,,,,,,
VRSKPE,1,2,pad,One-off label,,,,,,,,,,,,,,,,,,,,,,,,,,,,,,,,One-off label,,,,,,,,,,,,,,,,,,,,,,,,,,,,,,,,,,,,,,,,,,,,,,,,,,,,,,,,,,,,,,,,,,,,,,,,,,,,,,,,,,,,,,,,,,,,,,,,,,,,,,,,,,,,,,,,,,,,,,,,,,One-off label,,,,,,,,,,,,,,,,
VRSKPE,1,3,cheese,One-off label,,,,,,,,,,,,,,,,,,,,,,,,,,,,,,,,One-off label,,,,,,,,,,,,,,,,,,,,,,,,,,,,,,,,,,,,,,,,,,,,,,,,,,,,,,,,,,,,,,,,,,,,,,,,,,,,,,,,,,,,,,,,,,,,,,,,,,,,,,,,,,,,,,,,,,,,,,,,,,One-off label,,,,,,,,,,,,,,,,
VRSKPE,1,4,legs,Systematic label,,,,,,,,,,,,,,,,,,,,,,,,,,,,,,,,One-off label,,,,,,,,,,,,,,,,,,,,,,,,,,,,,,,,,,,,,,,,,,,,,,,,,,,,,,,,,,,,,,,,,,,,,,,,,,,,,,,,,,,,,,,,,,,,,,,,,,,,,,,,,,,,,,,,,,,,,,,,,,One-off label,,,,,,,,,,,,,,,,
VRSKPE,1,5,toilet,One-off label,,,,,,,,,,,,,,,,,,,,,,,,,,,,,,,,One-off label,,,,,,,,,,,,,,,,,,,,,,,,,,,,,,,,,,,,,,,,,,,,,,,,,,,,,,,,,,,,,,,,,,,,,,,,,,,,,,,,,,,,,,,,,,,,,,,,,,,,,,,,,,,,,,,,,,,,,,,,,,One-off label,,,,,,,,,,,,,,,,
VRSKPE,1,6,spider,Can't tell / Neither,,,,,,,,,,,,,,,,,,,,,,,,,,,,,,,,One-off label,,,,,,,,,,,,,,,,,,,,,,,,,,,,,,,,,,,,,,,,,,,,,,,,,,,,,,,,,,,,,,,,,,,,,,,,,,,,,,,,,,,,,,,,,,,,,,,,,,,,,,,,,,,,,,,,,,,,,,,,,,One-off label,,,,,,,,,,,,,,,,
VRSKPE,1,7,triangle,One-off label,,,,,,,,,,,,,,,,,,,,,,,,,,,,,,,,One-off label,,,,,,,,,,,,,,,,,,,,,,,,,,,,,,,,,,,,,,,,,,,,,,,,,,,,,,,,,,,,,,,,,,,,,,,,,,,,,,,,,,,,,,,,,,,,,,,,,,,,,,,,,,,,,,,,,,,,,,,,,,One-off label,,,,,,,,,,,,,,,,
VRSKPE,1,8,tall,Systematic label,,,,,,,,,,,,,,,,,,,,,,,,,,,,,,,,One-off label,,,,,,,,,,,,,,,,,,,,,,,,,,,,,,,,,,,,,,,,,,,,,,,,,,,,,,,,,,,,,,,,,,,,,,,,,,,,,,,,,,,,,,,,,,,,,,,,,,,,,,,,,,,,,,,,,,,,,,,,,,One-off label,,,,,,,,,,,,,,,,
VZN3ET,0,1,pink,,,,,One-off label,,,,,,,,,,,,,,,,,,,,,,,,,,,,,,,,,,,One-off label,,,,,,,,,,,,,,,,,,,,,,,,,,,,,,,,,,,,,,,,,,,,,,,,,,,,,,,,,,,,,,,,,,,,,,,,,,,,,,,,,,,,,,,,,,,,,,,,,,,,,,,,,,,,,,One-off label,,,,,,,,,,,,,,,,,,,,,
VZN3ET,0,2,baby,,,,,One-off label,,,,,,,,,,,,,,,,,,,,,,,,,,,,,,,,,,,One-off label,,,,,,,,,,,,,,,,,,,,,,,,,,,,,,,,,,,,,,,,,,,,,,,,,,,,,,,,,,,,,,,,,,,,,,,,,,,,,,,,,,,,,,,,,,,,,,,,,,,,,,,,,,,,,,One-off label,,,,,,,,,,,,,,,,,,,,,
VZN3ET,0,3,orange,,,,,One-off label,,,,,,,,,,,,,,,,,,,,,,,,,,,,,,,,,,,One-off label,,,,,,,,,,,,,,,,,,,,,,,,,,,,,,,,,,,,,,,,,,,,,,,,,,,,,,,,,,,,,,,,,,,,,,,,,,,,,,,,,,,,,,,,,,,,,,,,,,,,,,,,,,,,,,One-off label,,,,,,,,,,,,,,,,,,,,,
VZN3ET,0,4,cream,,,,,One-off label,,,,,,,,,,,,,,,,,,,,,,,,,,,,,,,,,,,One-off label,,,,,,,,,,,,,,,,,,,,,,,,,,,,,,,,,,,,,,,,,,,,,,,,,,,,,,,,,,,,,,,,,,,,,,,,,,,,,,,,,,,,,,,,,,,,,,,,,,,,,,,,,,,,,,One-off label,,,,,,,,,,,,,,,,,,,,,
VZN3ET,0,5,large white,,,,,Systematic label,,,,,,,,,,,,,,,,,,,,,,,,,,,,,,,,,,,One-off label,,,,,,,,,,,,,,,,,,,,,,,,,,,,,,,,,,,,,,,,,,,,,,,,,,,,,,,,,,,,,,,,,,,,,,,,,,,,,,,,,,,,,,,,,,,,,,,,,,,,,,,,,,,,,,Systematic label,,,,,,,,,,,,,,,,,,,,,
VZN3ET,0,6,small cream,,,,,Systematic label,,,,,,,,,,,,,,,,,,,,,,,,,,,,,,,,,,,One-off label,,,,,,,,,,,,,,,,,,,,,,,,,,,,,,,,,,,,,,,,,,,,,,,,,,,,,,,,,,,,,,,,,,,,,,,,,,,,,,,,,,,,,,,,,,,,,,,,,,,,,,,,,,,,,,Systematic label,,,,,,,,,,,,,,,,,,,,,
VZN3ET,0,7,large white,,,,,Systematic label,,,,,,,,,,,,,,,,,,,,,,,,,,,,,,,,,,,One-off label,,,,,,,,,,,,,,,,,,,,,,,,,,,,,,,,,,,,,,,,,,,,,,,,,,,,,,,,,,,,,,,,,,,,,,,,,,,,,,,,,,,,,,,,,,,,,,,,,,,,,,,,,,,,,,Systematic label,,,,,,,,,,,,,,,,,,,,,
VZN3ET,0,8,large white,,,,,Systematic label,,,,,,,,,,,,,,,,,,,,,,,,,,,,,,,,,,,One-off label,,,,,,,,,,,,,,,,,,,,,,,,,,,,,,,,,,,,,,,,,,,,,,,,,,,,,,,,,,,,,,,,,,,,,,,,,,,,,,,,,,,,,,,,,,,,,,,,,,,,,,,,,,,,,,Systematic label,,,,,,,,,,,,,,,,,,,,,
VZN3ET,1,1,pinks,,,,,,,,,,,,,,,,,,,,,,,One-off label,,,,,,,,,,,,,,,,,,,,,,,,,,,Systematic label,,,,,,,,,,,,,,,,,,,,,,,,,,,,,,,,,,,,,,,,,,,,,,,,,,,,,,,,,,,,,,,,,,,,,,,,,,,,,,,,One-off label,,,,,,,,,,,,,,,,,,,,,,,,,,,,,,,,,,,,,,,,,
VZN3ET,1,2,baby,,,,,,,,,,,,,,,,,,,,,,,One-off label,,,,,,,,,,,,,,,,,,,,,,,,,,,One-off label,,,,,,,,,,,,,,,,,,,,,,,,,,,,,,,,,,,,,,,,,,,,,,,,,,,,,,,,,,,,,,,,,,,,,,,,,,,,,,,,Systematic label,,,,,,,,,,,,,,,,,,,,,,,,,,,,,,,,,,,,,,,,,
VZN3ET,1,3,orange,,,,,,,,,,,,,,,,,,,,,,,One-off label,,,,,,,,,,,,,,,,,,,,,,,,,,,Systematic label,,,,,,,,,,,,,,,,,,,,,,,,,,,,,,,,,,,,,,,,,,,,,,,,,,,,,,,,,,,,,,,,,,,,,,,,,,,,,,,,Systematic label,,,,,,,,,,,,,,,,,,,,,,,,,,,,,,,,,,,,,,,,,
VZN3ET,1,4,brown,,,,,,,,,,,,,,,,,,,,,,,One-off label,,,,,,,,,,,,,,,,,,,,,,,,,,,Systematic label,,,,,,,,,,,,,,,,,,,,,,,,,,,,,,,,,,,,,,,,,,,,,,,,,,,,,,,,,,,,,,,,,,,,,,,,,,,,,,,,Systematic label,,,,,,,,,,,,,,,,,,,,,,,,,,,,,,,,,,,,,,,,,
VZN3ET,1,5,pizza,,,,,,,,,,,,,,,,,,,,,,,One-off label,,,,,,,,,,,,,,,,,,,,,,,,,,,One-off label,,,,,,,,,,,,,,,,,,,,,,,,,,,,,,,,,,,,,,,,,,,,,,,,,,,,,,,,,,,,,,,,,,,,,,,,,,,,,,,,One-off label,,,,,,,,,,,,,,,,,,,,,,,,,,,,,,,,,,,,,,,,,
VZN3ET,1,6,black,,,,,,,,,,,,,,,,,,,,,,,One-off label,,,,,,,,,,,,,,,,,,,,,,,,,,,Systematic label,,,,,,,,,,,,,,,,,,,,,,,,,,,,,,,,,,,,,,,,,,,,,,,,,,,,,,,,,,,,,,,,,,,,,,,,,,,,,,,,Systematic label,,,,,,,,,,,,,,,,,,,,,,,,,,,,,,,,,,,,,,,,,
VZN3ET,1,7,cream,,,,,,,,,,,,,,,,,,,,,,,One-off label,,,,,,,,,,,,,,,,,,,,,,,,,,,Systematic label,,,,,,,,,,,,,,,,,,,,,,,,,,,,,,,,,,,,,,,,,,,,,,,,,,,,,,,,,,,,,,,,,,,,,,,,,,,,,,,,Systematic label,,,,,,,,,,,,,,,,,,,,,,,,,,,,,,,,,,,,,,,,,
VZN3ET,1,8,large white,,,,,,,,,,,,,,,,,,,,,,,One-off label,,,,,,,,,,,,,,,,,,,,,,,,,,,Systematic label,,,,,,,,,,,,,,,,,,,,,,,,,,,,,,,,,,,,,,,,,,,,,,,,,,,,,,,,,,,,,,,,,,,,,,,,,,,,,,,,Systematic label,,,,,,,,,,,,,,,,,,,,,,,,,,,,,,,,,,,,,,,,,
W7XKYE,0,1,why,,,,,,,,,,,,,,,,,,,,,Can't tell / Neither,,,,,,,,,,,,,,,,,,,,,,,,,,,,,,,,,,,,,,,,,,,,,,,,,,,,,,,Can't tell / Neither,,,,,,,,,,,,,,,,,,,,,,,,,,,,,,,,,,,,,,,,,,,,,,,,,,,,,,,,,,,,,,,,,,,,,,,,,,,,,,,,,,,,,,,,,,,,,,,Can't tell / Neither
W7XKYE,0,2,dance,,,,,,,,,,,,,,,,,,,,,One-off label,,,,,,,,,,,,,,,,,,,,,,,,,,,,,,,,,,,,,,,,,,,,,,,,,,,,,,,Can't tell / Neither,,,,,,,,,,,,,,,,,,,,,,,,,,,,,,,,,,,,,,,,,,,,,,,,,,,,,,,,,,,,,,,,,,,,,,,,,,,,,,,,,,,,,,,,,,,,,,,One-off label
W7XKYE,0,3,hug,,,,,,,,,,,,,,,,,,,,,One-off label,,,,,,,,,,,,,,,,,,,,,,,,,,,,,,,,,,,,,,,,,,,,,,,,,,,,,,,Can't tell / Neither,,,,,,,,,,,,,,,,,,,,,,,,,,,,,,,,,,,,,,,,,,,,,,,,,,,,,,,,,,,,,,,,,,,,,,,,,,,,,,,,,,,,,,,,,,,,,,,One-off label
W7XKYE,0,4,balance,,,,,,,,,,,,,,,,,,,,,One-off label,,,,,,,,,,,,,,,,,,,,,,,,,,,,,,,,,,,,,,,,,,,,,,,,,,,,,,,Can't tell / Neither,,,,,,,,,,,,,,,,,,,,,,,,,,,,,,,,,,,,,,,,,,,,,,,,,,,,,,,,,,,,,,,,,,,,,,,,,,,,,,,,,,,,,,,,,,,,,,,One-off label
W7XKYE,0,5,woman,,,,,,,,,,,,,,,,,,,,,Systematic label,,,,,,,,,,,,,,,,,,,,,,,,,,,,,,,,,,,,,,,,,,,,,,,,,,,,,,,One-off label,,,,,,,,,,,,,,,,,,,,,,,,,,,,,,,,,,,,,,,,,,,,,,,,,,,,,,,,,,,,,,,,,,,,,,,,,,,,,,,,,,,,,,,,,,,,,,,Systematic label
W7XKYE,0,6,toliet,,,,,,,,,,,,,,,,,,,,,One-off label,,,,,,,,,,,,,,,,,,,,,,,,,,,,,,,,,,,,,,,,,,,,,,,,,,,,,,,One-off label,,,,,,,,,,,,,,,,,,,,,,,,,,,,,,,,,,,,,,,,,,,,,,,,,,,,,,,,,,,,,,,,,,,,,,,,,,,,,,,,,,,,,,,,,,,,,,,One-off label
W7XKYE,0,7,woman,,,,,,,,,,,,,,,,,,,,,Systematic label,,,,,,,,,,,,,,,,,,,,,,,,,,,,,,,,,,,,,,,,,,,,,,,,,,,,,,,One-off label,,,,,,,,,,,,,,,,,,,,,,,,,,,,,,,,,,,,,,,,,,,,,,,,,,,,,,,,,,,,,,,,,,,,,,,,,,,,,,,,,,,,,,,,,,,,,,,Systematic label
W7XKYE,0,8,beg,,,,,,,,,,,,,,,,,,,,,Can't tell / Neither,,,,,,,,,,,,,,,,,,,,,,,,,,,,,,,,,,,,,,,,,,,,,,,,,,,,,,,Can't tell / Neither,,,,,,,,,,,,,,,,,,,,,,,,,,,,,,,,,,,,,,,,,,,,,,,,,,,,,,,,,,,,,,,,,,,,,,,,,,,,,,,,,,,,,,,,,,,,,,,Can't tell / Neither
W7XKYE,1,1,why,,,,,,,,,,,,,,,,,,,,,,,,,,,,,,,,,,,,,,,,,,,,,,,,,,,,,,,,,,,One-off label,,,,,,,,,,,One-off label,,,,,,,,,,,,,,,,,,,,,,,,,,,,,,,,,,,,,,,,,Can't tell / Neither,,,,,,,,,,,,,,,,,,,,,,,,,,,,,,,,,,,,,,,,,,,,,,,,,,,,,,,,,,,,
W7XKYE,1,2,dance,,,,,,,,,,,,,,,,,,,,,,,,,,,,,,,,,,,,,,,,,,,,,,,,,,,,,,,,,,,Can't tell / Neither,,,,,,,,,,,One-off label,,,,,,,,,,,,,,,,,,,,,,,,,,,,,,,,,,,,,,,,,One-off label,,,,,,,,,,,,,,,,,,,,,,,,,,,,,,,,,,,,,,,,,,,,,,,,,,,,,,,,,,,,
W7XKYE,1,3,beg,,,,,,,,,,,,,,,,,,,,,,,,,,,,,,,,,,,,,,,,,,,,,,,,,,,,,,,,,,,One-off label,,,,,,,,,,,One-off label,,,,,,,,,,,,,,,,,,,,,,,,,,,,,,,,,,,,,,,,,One-off label,,,,,,,,,,,,,,,,,,,,,,,,,,,,,,,,,,,,,,,,,,,,,,,,,,,,,,,,,,,,
W7XKYE,1,4,balance,,,,,,,,,,,,,,,,,,,,,,,,,,,,,,,,,,,,,,,,,,,,,,,,,,,,,,,,,,,One-off label,,,,,,,,,,,One-off label,,,,,,,,,,,,,,,,,,,,,,,,,,,,,,,,,,,,,,,,,Can't tell / Neither,,,,,,,,,,,,,,,,,,,,,,,,,,,,,,,,,,,,,,,,,,,,,,,,,,,,,,,,,,,,
W7XKYE,1,5,priest,,,,,,,,,,,,,,,,,,,,,,,,,,,,,,,,,,,,,,,,,,,,,,,,,,,,,,,,,,,One-off label,,,,,,,,,,,One-off label,,,,,,,,,,,,,,,,,,,,,,,,,,,,,,,,,,,,,,,,,One-off label,,,,,,,,,,,,,,,,,,,,,,,,,,,,,,,,,,,,,,,,,,,,,,,,,,,,,,,,,,,,
W7XKYE,1,6,toilet,,,,,,,,,,,,,,,,,,,,,,,,,,,,,,,,,,,,,,,,,,,,,,,,,,,,,,,,,,,Can't tell / Neither,,,,,,,,,,,One-off label,,,,,,,,,,,,,,,,,,,,,,,,,,,,,,,,,,,,,,,,,One-off label,,,,,,,,,,,,,,,,,,,,,,,,,,,,,,,,,,,,,,,,,,,,,,,,,,,,,,,,,,,,
W7XKYE,1,7,dance,,,,,,,,,,,,,,,,,,,,,,,,,,,,,,,,,,,,,,,,,,,,,,,,,,,,,,,,,,,One-off label,,,,,,,,,,,One-off label,,,,,,,,,,,,,,,,,,,,,,,,,,,,,,,,,,,,,,,,,One-off label,,,,,,,,,,,,,,,,,,,,,,,,,,,,,,,,,,,,,,,,,,,,,,,,,,,,,,,,,,,,
W7XKYE,1,8,woman,,,,,,,,,,,,,,,,,,,,,,,,,,,,,,,,,,,,,,,,,,,,,,,,,,,,,,,,,,,One-off label,,,,,,,,,,,One-off label,,,,,,,,,,,,,,,,,,,,,,,,,,,,,,,,,,,,,,,,,One-off label,,,,,,,,,,,,,,,,,,,,,,,,,,,,,,,,,,,,,,,,,,,,,,,,,,,,,,,,,,,,
W9784W,0,1,falling,,,,,,,,,,,,,,,,,,,,,,,,,,,,,,,,,,,,,,,,,,,,,,,,,,,,,,,,,,One-off label,,,,,,,,,,,,,,,,,,,,,,One-off label,,,,,,,,,,,,,,,,,,,,,,,,,,,,,,,,,,,,,,,,,,,,,,,One-off label,,,,,,,,,,,,,,,,,,,,,,,,,,,,,,,,,,,,,,,,,,,,
W9784W,0,2,walking,,,,,,,,,,,,,,,,,,,,,,,,,,,,,,,,,,,,,,,,,,,,,,,,,,,,,,,,,,One-off label,,,,,,,,,,,,,,,,,,,,,,One-off label,,,,,,,,,,,,,,,,,,,,,,,,,,,,,,,,,,,,,,,,,,,,,,,One-off label,,,,,,,,,,,,,,,,,,,,,,,,,,,,,,,,,,,,,,,,,,,,
W9784W,0,3,praytriangle,,,,,,,,,,,,,,,,,,,,,,,,,,,,,,,,,,,,,,,,,,,,,,,,,,,,,,,,,,Systematic label,,,,,,,,,,,,,,,,,,,,,,Can't tell / Neither,,,,,,,,,,,,,,,,,,,,,,,,,,,,,,,,,,,,,,,,,,,,,,,One-off label,,,,,,,,,,,,,,,,,,,,,,,,,,,,,,,,,,,,,,,,,,,,
W9784W,0,4,balancing,,,,,,,,,,,,,,,,,,,,,,,,,,,,,,,,,,,,,,,,,,,,,,,,,,,,,,,,,,Systematic label,,,,,,,,,,,,,,,,,,,,,,One-off label,,,,,,,,,,,,,,,,,,,,,,,,,,,,,,,,,,,,,,,,,,,,,,,One-off label,,,,,,,,,,,,,,,,,,,,,,,,,,,,,,,,,,,,,,,,,,,,
W9784W,0,5,pray,,,,,,,,,,,,,,,,,,,,,,,,,,,,,,,,,,,,,,,,,,,,,,,,,,,,,,,,,,One-off label,,,,,,,,,,,,,,,,,,,,,,One-off label,,,,,,,,,,,,,,,,,,,,,,,,,,,,,,,,,,,,,,,,,,,,,,,One-off label,,,,,,,,,,,,,,,,,,,,,,,,,,,,,,,,,,,,,,,,,,,,
W9784W,0,6,pray,,,,,,,,,,,,,,,,,,,,,,,,,,,,,,,,,,,,,,,,,,,,,,,,,,,,,,,,,,One-off label,,,,,,,,,,,,,,,,,,,,,,One-off label,,,,,,,,,,,,,,,,,,,,,,,,,,,,,,,,,,,,,,,,,,,,,,,One-off label,,,,,,,,,,,,,,,,,,,,,,,,,,,,,,,,,,,,,,,,,,,,
W9784W,0,7,pray triangle,,,,,,,,,,,,,,,,,,,,,,,,,,,,,,,,,,,,,,,,,,,,,,,,,,,,,,,,,,Systematic label,,,,,,,,,,,,,,,,,,,,,,Can't tell / Neither,,,,,,,,,,,,,,,,,,,,,,,,,,,,,,,,,,,,,,,,,,,,,,,One-off label,,,,,,,,,,,,,,,,,,,,,,,,,,,,,,,,,,,,,,,,,,,,
W9784W,0,8,praytriangle,,,,,,,,,,,,,,,,,,,,,,,,,,,,,,,,,,,,,,,,,,,,,,,,,,,,,,,,,,Systematic label,,,,,,,,,,,,,,,,,,,,,,Can't tell / Neither,,,,,,,,,,,,,,,,,,,,,,,,,,,,,,,,,,,,,,,,,,,,,,,One-off label,,,,,,,,,,,,,,,,,,,,,,,,,,,,,,,,,,,,,,,,,,,,
W9784W,1,1,falling,,,,,,,,,,,,,,,,,,,,,,,,,,,,,,,,,,,,,,,,,,,,,,,,,,,,,,One-off label,,,,,,,,,,,,,,,One-off label,,,,,,,,,,,,,,,One-off label,One-off label,,,,,,,,,,,,,,,,,,,,,,,One-off label,,One-off label,,,,,,,,,,,,,,,,,,,,,,,,,,,,,,,,,,,,,,,,,,,,,,,,,,,,,,,,,,,,,
W9784W,1,2,walking,,,,,,,,,,,,,,,,,,,,,,,,,,,,,,,,,,,,,,,,,,,,,,,,,,,,,,One-off label,,,,,,,,,,,,,,,One-off label,,,,,,,,,,,,,,,One-off label,One-off label,,,,,,,,,,,,,,,,,,,,,,,One-off label,,One-off label,,,,,,,,,,,,,,,,,,,,,,,,,,,,,,,,,,,,,,,,,,,,,,,,,,,,,,,,,,,,,
W9784W,1,3,sitting,,,,,,,,,,,,,,,,,,,,,,,,,,,,,,,,,,,,,,,,,,,,,,,,,,,,,,One-off label,,,,,,,,,,,,,,,One-off label,,,,,,,,,,,,,,,One-off label,One-off label,,,,,,,,,,,,,,,,,,,,,,,One-off label,,One-off label,,,,,,,,,,,,,,,,,,,,,,,,,,,,,,,,,,,,,,,,,,,,,,,,,,,,,,,,,,,,,
W9784W,1,4,chicken,,,,,,,,,,,,,,,,,,,,,,,,,,,,,,,,,,,,,,,,,,,,,,,,,,,,,,One-off label,,,,,,,,,,,,,,,One-off label,,,,,,,,,,,,,,,One-off label,One-off label,,,,,,,,,,,,,,,,,,,,,,,Can't tell / Neither,,One-off label,,,,,,,,,,,,,,,,,,,,,,,,,,,,,,,,,,,,,,,,,,,,,,,,,,,,,,,,,,,,,
W9784W,1,5,pope,,,,,,,,,,,,,,,,,,,,,,,,,,,,,,,,,,,,,,,,,,,,,,,,,,,,,,One-off label,,,,,,,,,,,,,,,One-off label,,,,,,,,,,,,,,,One-off label,One-off label,,,,,,,,,,,,,,,,,,,,,,,Can't tell / Neither,,One-off label,,,,,,,,,,,,,,,,,,,,,,,,,,,,,,,,,,,,,,,,,,,,,,,,,,,,,,,,,,,,,
W9784W,1,6,pope,,,,,,,,,,,,,,,,,,,,,,,,,,,,,,,,,,,,,,,,,,,,,,,,,,,,,,One-off label,,,,,,,,,,,,,,,One-off label,,,,,,,,,,,,,,,One-off label,Can't tell / Neither,,,,,,,,,,,,,,,,,,,,,,,Can't tell / Neither,,One-off label,,,,,,,,,,,,,,,,,,,,,,,,,,,,,,,,,,,,,,,,,,,,,,,,,,,,,,,,,,,,,
W9784W,1,7,sitting,,,,,,,,,,,,,,,,,,,,,,,,,,,,,,,,,,,,,,,,,,,,,,,,,,,,,,One-off label,,,,,,,,,,,,,,,One-off label,,,,,,,,,,,,,,,One-off label,One-off label,,,,,,,,,,,,,,,,,,,,,,,One-off label,,One-off label,,,,,,,,,,,,,,,,,,,,,,,,,,,,,,,,,,,,,,,,,,,,,,,,,,,,,,,,,,,,,
W9784W,1,8,praytriangle,,,,,,,,,,,,,,,,,,,,,,,,,,,,,,,,,,,,,,,,,,,,,,,,,,,,,,Systematic label,,,,,,,,,,,,,,,Systematic label,,,,,,,,,,,,,,,Can't tell / Neither,One-off label,,,,,,,,,,,,,,,,,,,,,,,Can't tell / Neither,,Systematic label,,,,,,,,,,,,,,,,,,,,,,,,,,,,,,,,,,,,,,,,,,,,,,,,,,,,,,,,,,,,,
WE63A7,0,1,pink,,,,,,,,,,,,,,,,,,,Systematic label,,,,,,,,,,One-off label,,,,,,,,,,,,,,,,,,,,,,,,,,,,,,,,,,,,,,,,,,,,,,,,,,,,,,,,,,,,,,,,,,,,,,,,,,,,,,,,,,,,,,,,,,,,,,,,,,,,,,,,,,,,,,,,,,,,,,,,,,,,,,,,,,,,,,,,,,,,,,
WE63A7,0,2,books,,,,,,,,,,,,,,,,,,,Systematic label,,,,,,,,,,One-off label,,,,,,,,,,,,,,,,,,,,,,,,,,,,,,,,,,,,,,,,,,,,,,,,,,,,,,,,,,,,,,,,,,,,,,,,,,,,,,,,,,,,,,,,,,,,,,,,,,,,,,,,,,,,,,,,,,,,,,,,,,,,,,,,,,,,,,,,,,,,,,
WE63A7,0,3,fry,,,,,,,,,,,,,,,,,,,Systematic label,,,,,,,,,,One-off label,,,,,,,,,,,,,,,,,,,,,,,,,,,,,,,,,,,,,,,,,,,,,,,,,,,,,,,,,,,,,,,,,,,,,,,,,,,,,,,,,,,,,,,,,,,,,,,,,,,,,,,,,,,,,,,,,,,,,,,,,,,,,,,,,,,,,,,,,,,,,,
WE63A7,0,4,legs,,,,,,,,,,,,,,,,,,,Systematic label,,,,,,,,,,One-off label,,,,,,,,,,,,,,,,,,,,,,,,,,,,,,,,,,,,,,,,,,,,,,,,,,,,,,,,,,,,,,,,,,,,,,,,,,,,,,,,,,,,,,,,,,,,,,,,,,,,,,,,,,,,,,,,,,,,,,,,,,,,,,,,,,,,,,,,,,,,,,
WE63A7,0,5,toilet,,,,,,,,,,,,,,,,,,,One-off label,,,,,,,,,,One-off label,,,,,,,,,,,,,,,,,,,,,,,,,,,,,,,,,,,,,,,,,,,,,,,,,,,,,,,,,,,,,,,,,,,,,,,,,,,,,,,,,,,,,,,,,,,,,,,,,,,,,,,,,,,,,,,,,,,,,,,,,,,,,,,,,,,,,,,,,,,,,,
WE63A7,0,6,spider,,,,,,,,,,,,,,,,,,,One-off label,,,,,,,,,,One-off label,,,,,,,,,,,,,,,,,,,,,,,,,,,,,,,,,,,,,,,,,,,,,,,,,,,,,,,,,,,,,,,,,,,,,,,,,,,,,,,,,,,,,,,,,,,,,,,,,,,,,,,,,,,,,,,,,,,,,,,,,,,,,,,,,,,,,,,,,,,,,,
WE63A7,0,7,chicken,,,,,,,,,,,,,,,,,,,Systematic label,,,,,,,,,,One-off label,,,,,,,,,,,,,,,,,,,,,,,,,,,,,,,,,,,,,,,,,,,,,,,,,,,,,,,,,,,,,,,,,,,,,,,,,,,,,,,,,,,,,,,,,,,,,,,,,,,,,,,,,,,,,,,,,,,,,,,,,,,,,,,,,,,,,,,,,,,,,,
WE63A7,0,8,rectangle,,,,,,,,,,,,,,,,,,,One-off label,,,,,,,,,,One-off label,,,,,,,,,,,,,,,,,,,,,,,,,,,,,,,,,,,,,,,,,,,,,,,,,,,,,,,,,,,,,,,,,,,,,,,,,,,,,,,,,,,,,,,,,,,,,,,,,,,,,,,,,,,,,,,,,,,,,,,,,,,,,,,,,,,,,,,,,,,,,,
WE63A7,1,1,pink,,,,,,,,,,,,,,,,,,,,,,,,,,,,,,,,,,,,,,,,,,,,,,,,,,,,,,,,,One-off label,,,,,,,,,,,,,,,,,,,,,,,,,,,,,,,,,,,,,,,,,,,,,,,,,,,,,,,,,,,,,,,,,,,,,,,,,,,,,,,,,,One-off label,,,,,,,,,,,,,,,,,,,,,,,,Systematic label,,,,,,,,
WE63A7,1,2,books,,,,,,,,,,,,,,,,,,,,,,,,,,,,,,,,,,,,,,,,,,,,,,,,,,,,,,,,,Can't tell / Neither,,,,,,,,,,,,,,,,,,,,,,,,,,,,,,,,,,,,,,,,,,,,,,,,,,,,,,,,,,,,,,,,,,,,,,,,,,,,,,,,,,Can't tell / Neither,,,,,,,,,,,,,,,,,,,,,,,,Systematic label,,,,,,,,
WE63A7,1,3,fry,,,,,,,,,,,,,,,,,,,,,,,,,,,,,,,,,,,,,,,,,,,,,,,,,,,,,,,,,One-off label,,,,,,,,,,,,,,,,,,,,,,,,,,,,,,,,,,,,,,,,,,,,,,,,,,,,,,,,,,,,,,,,,,,,,,,,,,,,,,,,,,Can't tell / Neither,,,,,,,,,,,,,,,,,,,,,,,,Can't tell / Neither,,,,,,,,
WE63A7,1,4,legs,,,,,,,,,,,,,,,,,,,,,,,,,,,,,,,,,,,,,,,,,,,,,,,,,,,,,,,,,One-off label,,,,,,,,,,,,,,,,,,,,,,,,,,,,,,,,,,,,,,,,,,,,,,,,,,,,,,,,,,,,,,,,,,,,,,,,,,,,,,,,,,Can't tell / Neither,,,,,,,,,,,,,,,,,,,,,,,,Can't tell / Neither,,,,,,,,
WE63A7,1,5,toilet,,,,,,,,,,,,,,,,,,,,,,,,,,,,,,,,,,,,,,,,,,,,,,,,,,,,,,,,,Can't tell / Neither,,,,,,,,,,,,,,,,,,,,,,,,,,,,,,,,,,,,,,,,,,,,,,,,,,,,,,,,,,,,,,,,,,,,,,,,,,,,,,,,,,One-off label,,,,,,,,,,,,,,,,,,,,,,,,Systematic label,,,,,,,,
WE63A7,1,6,spider,,,,,,,,,,,,,,,,,,,,,,,,,,,,,,,,,,,,,,,,,,,,,,,,,,,,,,,,,One-off label,,,,,,,,,,,,,,,,,,,,,,,,,,,,,,,,,,,,,,,,,,,,,,,,,,,,,,,,,,,,,,,,,,,,,,,,,,,,,,,,,,One-off label,,,,,,,,,,,,,,,,,,,,,,,,Systematic label,,,,,,,,
WE63A7,1,7,chicken,,,,,,,,,,,,,,,,,,,,,,,,,,,,,,,,,,,,,,,,,,,,,,,,,,,,,,,,,One-off label,,,,,,,,,,,,,,,,,,,,,,,,,,,,,,,,,,,,,,,,,,,,,,,,,,,,,,,,,,,,,,,,,,,,,,,,,,,,,,,,,,One-off label,,,,,,,,,,,,,,,,,,,,,,,,Systematic label,,,,,,,,
WE63A7,1,8,rectangle,,,,,,,,,,,,,,,,,,,,,,,,,,,,,,,,,,,,,,,,,,,,,,,,,,,,,,,,,One-off label,,,,,,,,,,,,,,,,,,,,,,,,,,,,,,,,,,,,,,,,,,,,,,,,,,,,,,,,,,,,,,,,,,,,,,,,,,,,,,,,,,One-off label,,,,,,,,,,,,,,,,,,,,,,,,Systematic label,,,,,,,,
WFFYV5,0,1,gum,,,,,,,,,,,,,,,,,,,,,,,,,,,,,,,,,,,,,,,,,,,,,,,,,,,,,,,,,,,,,,,,,,,,,,,,,,,,,,,,,,,,,,,,,,,,,,,,,,,,,,,,,,,,,,,,,,,,,,,,,,,,,,,,,,,,,,,,,,,Can't tell / Neither,,,,,One-off label,One-off label,,,,,,,,,,,,,,,,,,,,,,,,,,
WFFYV5,0,2,smallest,,,,,,,,,,,,,,,,,,,,,,,,,,,,,,,,,,,,,,,,,,,,,,,,,,,,,,,,,,,,,,,,,,,,,,,,,,,,,,,,,,,,,,,,,,,,,,,,,,,,,,,,,,,,,,,,,,,,,,,,,,,,,,,,,,,,,,,,,,,One-off label,,,,,Systematic label,Can't tell / Neither,,,,,,,,,,,,,,,,,,,,,,,,,,
WFFYV5,0,3,orange,,,,,,,,,,,,,,,,,,,,,,,,,,,,,,,,,,,,,,,,,,,,,,,,,,,,,,,,,,,,,,,,,,,,,,,,,,,,,,,,,,,,,,,,,,,,,,,,,,,,,,,,,,,,,,,,,,,,,,,,,,,,,,,,,,,,,,,,,,,One-off label,,,,,One-off label,One-off label,,,,,,,,,,,,,,,,,,,,,,,,,,
WFFYV5,0,4,legs,,,,,,,,,,,,,,,,,,,,,,,,,,,,,,,,,,,,,,,,,,,,,,,,,,,,,,,,,,,,,,,,,,,,,,,,,,,,,,,,,,,,,,,,,,,,,,,,,,,,,,,,,,,,,,,,,,,,,,,,,,,,,,,,,,,,,,,,,,,Can't tell / Neither,,,,,Systematic label,Can't tell / Neither,,,,,,,,,,,,,,,,,,,,,,,,,,
WFFYV5,0,5,blue,,,,,,,,,,,,,,,,,,,,,,,,,,,,,,,,,,,,,,,,,,,,,,,,,,,,,,,,,,,,,,,,,,,,,,,,,,,,,,,,,,,,,,,,,,,,,,,,,,,,,,,,,,,,,,,,,,,,,,,,,,,,,,,,,,,,,,,,,,,One-off label,,,,,Systematic label,One-off label,,,,,,,,,,,,,,,,,,,,,,,,,,
WFFYV5,0,6,bug,,,,,,,,,,,,,,,,,,,,,,,,,,,,,,,,,,,,,,,,,,,,,,,,,,,,,,,,,,,,,,,,,,,,,,,,,,,,,,,,,,,,,,,,,,,,,,,,,,,,,,,,,,,,,,,,,,,,,,,,,,,,,,,,,,,,,,,,,,,One-off label,,,,,One-off label,One-off label,,,,,,,,,,,,,,,,,,,,,,,,,,
WFFYV5,0,7,bubble,,,,,,,,,,,,,,,,,,,,,,,,,,,,,,,,,,,,,,,,,,,,,,,,,,,,,,,,,,,,,,,,,,,,,,,,,,,,,,,,,,,,,,,,,,,,,,,,,,,,,,,,,,,,,,,,,,,,,,,,,,,,,,,,,,,,,,,,,,,Can't tell / Neither,,,,,One-off label,One-off label,,,,,,,,,,,,,,,,,,,,,,,,,,
WFFYV5,0,8,tallest,,,,,,,,,,,,,,,,,,,,,,,,,,,,,,,,,,,,,,,,,,,,,,,,,,,,,,,,,,,,,,,,,,,,,,,,,,,,,,,,,,,,,,,,,,,,,,,,,,,,,,,,,,,,,,,,,,,,,,,,,,,,,,,,,,,,,,,,,,,One-off label,,,,,Systematic label,One-off label,,,,,,,,,,,,,,,,,,,,,,,,,,
WFFYV5,1,1,gum,,,,,,,,,,,,,,,,,,,,,,,,,,,,,,,,,,,,,,,,,,,,,,,,,,,,,,,,,,,,,,,,,,,,,,,,,,,,,,,,,,,,,,,,,,,,,,,,,,,,,,,,,,,,,,,,,,,,,,,,,,,,,One-off label,,,,,,,,,,,,,,,,,,,,,,,,,,,,,One-off label,,,,,,,,,,,,,,,,,
WFFYV5,1,2,smallest,,,,,,,,,,,,,,,,,,,,,,,,,,,,,,,,,,,,,,,,,,,,,,,,,,,,,,,,,,,,,,,,,,,,,,,,,,,,,,,,,,,,,,,,,,,,,,,,,,,,,,,,,,,,,,,,,,,,,,,,,,,,,One-off label,,,,,,,,,,,,,,,,,,,,,,,,,,,,,Systematic label,,,,,,,,,,,,,,,,,
WFFYV5,1,3,orange,,,,,,,,,,,,,,,,,,,,,,,,,,,,,,,,,,,,,,,,,,,,,,,,,,,,,,,,,,,,,,,,,,,,,,,,,,,,,,,,,,,,,,,,,,,,,,,,,,,,,,,,,,,,,,,,,,,,,,,,,,,,,One-off label,,,,,,,,,,,,,,,,,,,,,,,,,,,,,One-off label,,,,,,,,,,,,,,,,,
WFFYV5,1,4,legs,,,,,,,,,,,,,,,,,,,,,,,,,,,,,,,,,,,,,,,,,,,,,,,,,,,,,,,,,,,,,,,,,,,,,,,,,,,,,,,,,,,,,,,,,,,,,,,,,,,,,,,,,,,,,,,,,,,,,,,,,,,,,One-off label,,,,,,,,,,,,,,,,,,,,,,,,,,,,,Can't tell / Neither,,,,,,,,,,,,,,,,,
WFFYV5,1,5,blue,,,,,,,,,,,,,,,,,,,,,,,,,,,,,,,,,,,,,,,,,,,,,,,,,,,,,,,,,,,,,,,,,,,,,,,,,,,,,,,,,,,,,,,,,,,,,,,,,,,,,,,,,,,,,,,,,,,,,,,,,,,,,One-off label,,,,,,,,,,,,,,,,,,,,,,,,,,,,,One-off label,,,,,,,,,,,,,,,,,
WFFYV5,1,6,bug,,,,,,,,,,,,,,,,,,,,,,,,,,,,,,,,,,,,,,,,,,,,,,,,,,,,,,,,,,,,,,,,,,,,,,,,,,,,,,,,,,,,,,,,,,,,,,,,,,,,,,,,,,,,,,,,,,,,,,,,,,,,,One-off label,,,,,,,,,,,,,,,,,,,,,,,,,,,,,One-off label,,,,,,,,,,,,,,,,,
WFFYV5,1,7,bubble,,,,,,,,,,,,,,,,,,,,,,,,,,,,,,,,,,,,,,,,,,,,,,,,,,,,,,,,,,,,,,,,,,,,,,,,,,,,,,,,,,,,,,,,,,,,,,,,,,,,,,,,,,,,,,,,,,,,,,,,,,,,,One-off label,,,,,,,,,,,,,,,,,,,,,,,,,,,,,Can't tell / Neither,,,,,,,,,,,,,,,,,
WFFYV5,1,8,tallest,,,,,,,,,,,,,,,,,,,,,,,,,,,,,,,,,,,,,,,,,,,,,,,,,,,,,,,,,,,,,,,,,,,,,,,,,,,,,,,,,,,,,,,,,,,,,,,,,,,,,,,,,,,,,,,,,,,,,,,,,,,,,One-off label,,,,,,,,,,,,,,,,,,,,,,,,,,,,,Systematic label,,,,,,,,,,,,,,,,,
WFX5XE,0,1,purple black pink yellow,,,,,,,,,,,,,,,,,,,,,,,,,,,,,,,,,,,,,,,,,,,,,,,,,,,,,,,,,,,,,,,,,,,,,,,,,,,,,,,,,,,,Systematic label,Systematic label,,,,,,,,,,,,,,,,,,,,,,,Systematic label,,,,,,,,,,,,,,,,,,,,,,,,,,,,One-off label,,,,,,,,,,,,,,,,,,,,,Systematic label,,,,,,,,,,,,,,
WFX5XE,0,2,purple black yellow,,,,,,,,,,,,,,,,,,,,,,,,,,,,,,,,,,,,,,,,,,,,,,,,,,,,,,,,,,,,,,,,,,,,,,,,,,,,,,,,,,,,Systematic label,Systematic label,,,,,,,,,,,,,,,,,,,,,,,Systematic label,,,,,,,,,,,,,,,,,,,,,,,,,,,,One-off label,,,,,,,,,,,,,,,,,,,,,Systematic label,,,,,,,,,,,,,,
WFX5XE,0,3,orange red grey brown,,,,,,,,,,,,,,,,,,,,,,,,,,,,,,,,,,,,,,,,,,,,,,,,,,,,,,,,,,,,,,,,,,,,,,,,,,,,,,,,,,,,Systematic label,Systematic label,,,,,,,,,,,,,,,,,,,,,,,Systematic label,,,,,,,,,,,,,,,,,,,,,,,,,,,,Systematic label,,,,,,,,,,,,,,,,,,,,,Systematic label,,,,,,,,,,,,,,
WFX5XE,0,4,orange red brown brown,,,,,,,,,,,,,,,,,,,,,,,,,,,,,,,,,,,,,,,,,,,,,,,,,,,,,,,,,,,,,,,,,,,,,,,,,,,,,,,,,,,,Systematic label,Systematic label,,,,,,,,,,,,,,,,,,,,,,,Systematic label,,,,,,,,,,,,,,,,,,,,,,,,,,,,One-off label,,,,,,,,,,,,,,,,,,,,,Systematic label,,,,,,,,,,,,,,
WFX5XE,0,5,orange red brown,,,,,,,,,,,,,,,,,,,,,,,,,,,,,,,,,,,,,,,,,,,,,,,,,,,,,,,,,,,,,,,,,,,,,,,,,,,,,,,,,,,,Systematic label,Systematic label,,,,,,,,,,,,,,,,,,,,,,,Systematic label,,,,,,,,,,,,,,,,,,,,,,,,,,,,One-off label,,,,,,,,,,,,,,,,,,,,,Systematic label,,,,,,,,,,,,,,
WFX5XE,0,6,orange red black brown,,,,,,,,,,,,,,,,,,,,,,,,,,,,,,,,,,,,,,,,,,,,,,,,,,,,,,,,,,,,,,,,,,,,,,,,,,,,,,,,,,,,Systematic label,Systematic label,,,,,,,,,,,,,,,,,,,,,,,Systematic label,,,,,,,,,,,,,,,,,,,,,,,,,,,,One-off label,,,,,,,,,,,,,,,,,,,,,Systematic label,,,,,,,,,,,,,,
WFX5XE,0,7,purple black yellow,,,,,,,,,,,,,,,,,,,,,,,,,,,,,,,,,,,,,,,,,,,,,,,,,,,,,,,,,,,,,,,,,,,,,,,,,,,,,,,,,,,,Systematic label,Systematic label,,,,,,,,,,,,,,,,,,,,,,,Systematic label,,,,,,,,,,,,,,,,,,,,,,,,,,,,One-off label,,,,,,,,,,,,,,,,,,,,,Systematic label,,,,,,,,,,,,,,
WFX5XE,0,8,purple black red yellow,,,,,,,,,,,,,,,,,,,,,,,,,,,,,,,,,,,,,,,,,,,,,,,,,,,,,,,,,,,,,,,,,,,,,,,,,,,,,,,,,,,,Systematic label,Systematic label,,,,,,,,,,,,,,,,,,,,,,,Systematic label,,,,,,,,,,,,,,,,,,,,,,,,,,,,One-off label,,,,,,,,,,,,,,,,,,,,,Systematic label,,,,,,,,,,,,,,
WFX5XE,1,1,purple black pink yellow,,,,,,,,,,,,,,,,,,,,,,,,Systematic label,,,,,,,,,,,,,,Systematic label,,,,,,,,,,,,,,,,,,,,,,,,,,,,,,,,,,,Systematic label,,,,,,,,,,,,,,,,,,,,,,,,,,,,,,,,,,,,,,,,,,,,,,,,,,,,,,,,,,,,,,,,,,,,,,,,,,,,,,,,,,,,,,,,,,,,,,,,,,
WFX5XE,1,2,purple black purple yellow,,,,,,,,,,,,,,,,,,,,,,,,Systematic label,,,,,,,,,,,,,,Systematic label,,,,,,,,,,,,,,,,,,,,,,,,,,,,,,,,,,,Systematic label,,,,,,,,,,,,,,,,,,,,,,,,,,,,,,,,,,,,,,,,,,,,,,,,,,,,,,,,,,,,,,,,,,,,,,,,,,,,,,,,,,,,,,,,,,,,,,,,,,
WFX5XE,1,3,orange red grey brown,,,,,,,,,,,,,,,,,,,,,,,,Systematic label,,,,,,,,,,,,,,Systematic label,,,,,,,,,,,,,,,,,,,,,,,,,,,,,,,,,,,Systematic label,,,,,,,,,,,,,,,,,,,,,,,,,,,,,,,,,,,,,,,,,,,,,,,,,,,,,,,,,,,,,,,,,,,,,,,,,,,,,,,,,,,,,,,,,,,,,,,,,,
WFX5XE,1,4,orange red brown brown,,,,,,,,,,,,,,,,,,,,,,,,Systematic label,,,,,,,,,,,,,,Systematic label,,,,,,,,,,,,,,,,,,,,,,,,,,,,,,,,,,,One-off label,,,,,,,,,,,,,,,,,,,,,,,,,,,,,,,,,,,,,,,,,,,,,,,,,,,,,,,,,,,,,,,,,,,,,,,,,,,,,,,,,,,,,,,,,,,,,,,,,,
WFX5XE,1,5,orange red white brown,,,,,,,,,,,,,,,,,,,,,,,,Systematic label,,,,,,,,,,,,,,Systematic label,,,,,,,,,,,,,,,,,,,,,,,,,,,,,,,,,,,Systematic label,,,,,,,,,,,,,,,,,,,,,,,,,,,,,,,,,,,,,,,,,,,,,,,,,,,,,,,,,,,,,,,,,,,,,,,,,,,,,,,,,,,,,,,,,,,,,,,,,,
WFX5XE,1,6,orange red black brown,,,,,,,,,,,,,,,,,,,,,,,,Systematic label,,,,,,,,,,,,,,Systematic label,,,,,,,,,,,,,,,,,,,,,,,,,,,,,,,,,,,Systematic label,,,,,,,,,,,,,,,,,,,,,,,,,,,,,,,,,,,,,,,,,,,,,,,,,,,,,,,,,,,,,,,,,,,,,,,,,,,,,,,,,,,,,,,,,,,,,,,,,,
WFX5XE,1,7,purple black black yellow,,,,,,,,,,,,,,,,,,,,,,,,Systematic label,,,,,,,,,,,,,,Systematic label,,,,,,,,,,,,,,,,,,,,,,,,,,,,,,,,,,,One-off label,,,,,,,,,,,,,,,,,,,,,,,,,,,,,,,,,,,,,,,,,,,,,,,,,,,,,,,,,,,,,,,,,,,,,,,,,,,,,,,,,,,,,,,,,,,,,,,,,,
WFX5XE,1,8,purple black red yellow,,,,,,,,,,,,,,,,,,,,,,,,Systematic label,,,,,,,,,,,,,,Systematic label,,,,,,,,,,,,,,,,,,,,,,,,,,,,,,,,,,,Systematic label,,,,,,,,,,,,,,,,,,,,,,,,,,,,,,,,,,,,,,,,,,,,,,,,,,,,,,,,,,,,,,,,,,,,,,,,,,,,,,,,,,,,,,,,,,,,,,,,,,
XR6T3T,0,1,why,,,,,,,,,,,,,,,,,,,,,,,,,,,,,,,,,,,,,,,,,,,,,,,,,,,,,,,,,,,,,,,,,,,,,,,,,,,,,,,,,,,,,,,,,,,,,,,,,,,,,,,Can't tell / Neither,,,,,,,,,,,,,,,,,,,,,,,,,,,,,,,,,,,,,,,,,,,,,,,,,,,,,,,,,,,,,,,,,,,,
XR6T3T,0,2,dinosaur,,,,,,,,,,,,,,,,,,,,,,,,,,,,,,,,,,,,,,,,,,,,,,,,,,,,,,,,,,,,,,,,,,,,,,,,,,,,,,,,,,,,,,,,,,,,,,,,,,,,,,,One-off label,,,,,,,,,,,,,,,,,,,,,,,,,,,,,,,,,,,,,,,,,,,,,,,,,,,,,,,,,,,,,,,,,,,,
XR6T3T,0,3,ta,,,,,,,,,,,,,,,,,,,,,,,,,,,,,,,,,,,,,,,,,,,,,,,,,,,,,,,,,,,,,,,,,,,,,,,,,,,,,,,,,,,,,,,,,,,,,,,,,,,,,,,Can't tell / Neither,,,,,,,,,,,,,,,,,,,,,,,,,,,,,,,,,,,,,,,,,,,,,,,,,,,,,,,,,,,,,,,,,,,,
XR6T3T,0,4,ice skating,,,,,,,,,,,,,,,,,,,,,,,,,,,,,,,,,,,,,,,,,,,,,,,,,,,,,,,,,,,,,,,,,,,,,,,,,,,,,,,,,,,,,,,,,,,,,,,,,,,,,,,Systematic label,,,,,,,,,,,,,,,,,,,,,,,,,,,,,,,,,,,,,,,,,,,,,,,,,,,,,,,,,,,,,,,,,,,,
XR6T3T,0,5,man,,,,,,,,,,,,,,,,,,,,,,,,,,,,,,,,,,,,,,,,,,,,,,,,,,,,,,,,,,,,,,,,,,,,,,,,,,,,,,,,,,,,,,,,,,,,,,,,,,,,,,,One-off label,,,,,,,,,,,,,,,,,,,,,,,,,,,,,,,,,,,,,,,,,,,,,,,,,,,,,,,,,,,,,,,,,,,,
XR6T3T,0,6,sit,,,,,,,,,,,,,,,,,,,,,,,,,,,,,,,,,,,,,,,,,,,,,,,,,,,,,,,,,,,,,,,,,,,,,,,,,,,,,,,,,,,,,,,,,,,,,,,,,,,,,,,Can't tell / Neither,,,,,,,,,,,,,,,,,,,,,,,,,,,,,,,,,,,,,,,,,,,,,,,,,,,,,,,,,,,,,,,,,,,,
XR6T3T,0,7,tango,,,,,,,,,,,,,,,,,,,,,,,,,,,,,,,,,,,,,,,,,,,,,,,,,,,,,,,,,,,,,,,,,,,,,,,,,,,,,,,,,,,,,,,,,,,,,,,,,,,,,,,Systematic label,,,,,,,,,,,,,,,,,,,,,,,,,,,,,,,,,,,,,,,,,,,,,,,,,,,,,,,,,,,,,,,,,,,,
XR6T3T,0,8,right angle,,,,,,,,,,,,,,,,,,,,,,,,,,,,,,,,,,,,,,,,,,,,,,,,,,,,,,,,,,,,,,,,,,,,,,,,,,,,,,,,,,,,,,,,,,,,,,,,,,,,,,,One-off label,,,,,,,,,,,,,,,,,,,,,,,,,,,,,,,,,,,,,,,,,,,,,,,,,,,,,,,,,,,,,,,,,,,,
XR6T3T,1,1,why,,,,,,,,,,,,,,,,,,,,,,,,,,,,,,,,,,,,Can't tell / Neither,,,,,,,,,,,,,,,,,,,,,,,,,,,,,,,,,,,,,Can't tell / Neither,,,,,,,,,One-off label,,,,,,,,,,,,,,,,,,,,,,,,,,,,,,,,,,,,,,,,,,,,,,,,,,,,,,,,,,,,,,,,,,,,,,,,,,,,,,,,,,,,,,,,,
XR6T3T,1,2,dinosaur,,,,,,,,,,,,,,,,,,,,,,,,,,,,,,,,,,,,One-off label,,,,,,,,,,,,,,,,,,,,,,,,,,,,,,,,,,,,,Can't tell / Neither,,,,,,,,,One-off label,,,,,,,,,,,,,,,,,,,,,,,,,,,,,,,,,,,,,,,,,,,,,,,,,,,,,,,,,,,,,,,,,,,,,,,,,,,,,,,,,,,,,,,,,
XR6T3T,1,3,mountain,,,,,,,,,,,,,,,,,,,,,,,,,,,,,,,,,,,,One-off label,,,,,,,,,,,,,,,,,,,,,,,,,,,,,,,,,,,,,Can't tell / Neither,,,,,,,,,One-off label,,,,,,,,,,,,,,,,,,,,,,,,,,,,,,,,,,,,,,,,,,,,,,,,,,,,,,,,,,,,,,,,,,,,,,,,,,,,,,,,,,,,,,,,,
XR6T3T,1,4,iceskating,,,,,,,,,,,,,,,,,,,,,,,,,,,,,,,,,,,,One-off label,,,,,,,,,,,,,,,,,,,,,,,,,,,,,,,,,,,,,Can't tell / Neither,,,,,,,,,One-off label,,,,,,,,,,,,,,,,,,,,,,,,,,,,,,,,,,,,,,,,,,,,,,,,,,,,,,,,,,,,,,,,,,,,,,,,,,,,,,,,,,,,,,,,,
XR6T3T,1,5,man,,,,,,,,,,,,,,,,,,,,,,,,,,,,,,,,,,,,One-off label,,,,,,,,,,,,,,,,,,,,,,,,,,,,,,,,,,,,,Can't tell / Neither,,,,,,,,,One-off label,,,,,,,,,,,,,,,,,,,,,,,,,,,,,,,,,,,,,,,,,,,,,,,,,,,,,,,,,,,,,,,,,,,,,,,,,,,,,,,,,,,,,,,,,
XR6T3T,1,6,sit,,,,,,,,,,,,,,,,,,,,,,,,,,,,,,,,,,,,One-off label,,,,,,,,,,,,,,,,,,,,,,,,,,,,,,,,,,,,,Can't tell / Neither,,,,,,,,,One-off label,,,,,,,,,,,,,,,,,,,,,,,,,,,,,,,,,,,,,,,,,,,,,,,,,,,,,,,,,,,,,,,,,,,,,,,,,,,,,,,,,,,,,,,,,
XR6T3T,1,7,tango,,,,,,,,,,,,,,,,,,,,,,,,,,,,,,,,,,,,One-off label,,,,,,,,,,,,,,,,,,,,,,,,,,,,,,,,,,,,,Can't tell / Neither,,,,,,,,,One-off label,,,,,,,,,,,,,,,,,,,,,,,,,,,,,,,,,,,,,,,,,,,,,,,,,,,,,,,,,,,,,,,,,,,,,,,,,,,,,,,,,,,,,,,,,
XR6T3T,1,8,right angle,,,,,,,,,,,,,,,,,,,,,,,,,,,,,,,,,,,,Systematic label,,,,,,,,,,,,,,,,,,,,,,,,,,,,,,,,,,,,,Systematic label,,,,,,,,,Systematic label,,,,,,,,,,,,,,,,,,,,,,,,,,,,,,,,,,,,,,,,,,,,,,,,,,,,,,,,,,,,,,,,,,,,,,,,,,,,,,,,,,,,,,,,,
YVBY96,0,1,prbt,,,,,,,,,,,,,,,,,Can't tell / Neither,,,,,,,,,,,,,,,,,,,Can't tell / Neither,,,,,,,,,,,,,,,,,,,,,,,,,,,,,Systematic label,,,,,,,,,,,,,,,,,,,,,,,,,,,,,,,,,,,,,,,,,,,,,,,,,,,,,,,,,,,,,,,,,,,,,,,,,,,,,,,,,,,,,,,,,,,,,,,,,,,,,,,,,,
YVBY96,0,2,pry,,,,,,,,,,,,,,,,,Can't tell / Neither,,,,,,,,,,,,,,,,,,,One-off label,,,,,,,,,,,,,,,,,,,,,,,,,,,,,Systematic label,,,,,,,,,,,,,,,,,,,,,,,,,,,,,,,,,,,,,,,,,,,,,,,,,,,,,,,,,,,,,,,,,,,,,,,,,,,,,,,,,,,,,,,,,,,,,,,,,,,,,,,,,,
YVBY96,0,3,rlb,,,,,,,,,,,,,,,,,Can't tell / Neither,,,,,,,,,,,,,,,,,,,Systematic label,,,,,,,,,,,,,,,,,,,,,,,,,,,,,Systematic label,,,,,,,,,,,,,,,,,,,,,,,,,,,,,,,,,,,,,,,,,,,,,,,,,,,,,,,,,,,,,,,,,,,,,,,,,,,,,,,,,,,,,,,,,,,,,,,,,,,,,,,,,,
YVBY96,0,4,rlba,,,,,,,,,,,,,,,,,Can't tell / Neither,,,,,,,,,,,,,,,,,,,Systematic label,,,,,,,,,,,,,,,,,,,,,,,,,,,,,Systematic label,,,,,,,,,,,,,,,,,,,,,,,,,,,,,,,,,,,,,,,,,,,,,,,,,,,,,,,,,,,,,,,,,,,,,,,,,,,,,,,,,,,,,,,,,,,,,,,,,,,,,,,,,,
YVBY96,0,5,rlra,,,,,,,,,,,,,,,,,Can't tell / Neither,,,,,,,,,,,,,,,,,,,Can't tell / Neither,,,,,,,,,,,,,,,,,,,,,,,,,,,,,Systematic label,,,,,,,,,,,,,,,,,,,,,,,,,,,,,,,,,,,,,,,,,,,,,,,,,,,,,,,,,,,,,,,,,,,,,,,,,,,,,,,,,,,,,,,,,,,,,,,,,,,,,,,,,,
YVBY96,0,6,rlra,,,,,,,,,,,,,,,,,Can't tell / Neither,,,,,,,,,,,,,,,,,,,Can't tell / Neither,,,,,,,,,,,,,,,,,,,,,,,,,,,,,Systematic label,,,,,,,,,,,,,,,,,,,,,,,,,,,,,,,,,,,,,,,,,,,,,,,,,,,,,,,,,,,,,,,,,,,,,,,,,,,,,,,,,,,,,,,,,,,,,,,,,,,,,,,,,,
YVBY96,0,7,pryt,,,,,,,,,,,,,,,,,Can't tell / Neither,,,,,,,,,,,,,,,,,,,Can't tell / Neither,,,,,,,,,,,,,,,,,,,,,,,,,,,,,Systematic label,,,,,,,,,,,,,,,,,,,,,,,,,,,,,,,,,,,,,,,,,,,,,,,,,,,,,,,,,,,,,,,,,,,,,,,,,,,,,,,,,,,,,,,,,,,,,,,,,,,,,,,,,,
YVBY96,0,8,pryt,,,,,,,,,,,,,,,,,Can't tell / Neither,,,,,,,,,,,,,,,,,,,Can't tell / Neither,,,,,,,,,,,,,,,,,,,,,,,,,,,,,Systematic label,,,,,,,,,,,,,,,,,,,,,,,,,,,,,,,,,,,,,,,,,,,,,,,,,,,,,,,,,,,,,,,,,,,,,,,,,,,,,,,,,,,,,,,,,,,,,,,,,,,,,,,,,,
YVBY96,1,1,pby,,,,,,,,,,,,,,,,Systematic label,,,,,,,,,,,,,,,,,,,,,,Systematic label,,,,,,,Systematic label,,,,,,,,,,,,,,,,,,,,,,,,,,,,,,,,,,,,,,,,,,,,,,,,,,,,,,,,,,,,,,,,,,,,,,,,,,,,,,,,,,,,,,,,,,,,,,,,,,,,,,,,,,,,,,,,,,,,,,,,,,,,,,
YVBY96,1,2,pby,,,,,,,,,,,,,,,,Systematic label,,,,,,,,,,,,,,,,,,,,,,Systematic label,,,,,,,Systematic label,,,,,,,,,,,,,,,,,,,,,,,,,,,,,,,,,,,,,,,,,,,,,,,,,,,,,,,,,,,,,,,,,,,,,,,,,,,,,,,,,,,,,,,,,,,,,,,,,,,,,,,,,,,,,,,,,,,,,,,,,,,,,,
YVBY96,1,3,rrba,,,,,,,,,,,,,,,,Systematic label,,,,,,,,,,,,,,,,,,,,,,Systematic label,,,,,,,Systematic label,,,,,,,,,,,,,,,,,,,,,,,,,,,,,,,,,,,,,,,,,,,,,,,,,,,,,,,,,,,,,,,,,,,,,,,,,,,,,,,,,,,,,,,,,,,,,,,,,,,,,,,,,,,,,,,,,,,,,,,,,,,,,,
YVBY96,1,4,rrba,,,,,,,,,,,,,,,,Systematic label,,,,,,,,,,,,,,,,,,,,,,Systematic label,,,,,,,Systematic label,,,,,,,,,,,,,,,,,,,,,,,,,,,,,,,,,,,,,,,,,,,,,,,,,,,,,,,,,,,,,,,,,,,,,,,,,,,,,,,,,,,,,,,,,,,,,,,,,,,,,,,,,,,,,,,,,,,,,,,,,,,,,,
YVBY96,1,5,rlba,,,,,,,,,,,,,,,,Systematic label,,,,,,,,,,,,,,,,,,,,,,Systematic label,,,,,,,Systematic label,,,,,,,,,,,,,,,,,,,,,,,,,,,,,,,,,,,,,,,,,,,,,,,,,,,,,,,,,,,,,,,,,,,,,,,,,,,,,,,,,,,,,,,,,,,,,,,,,,,,,,,,,,,,,,,,,,,,,,,,,,,,,,
YVBY96,1,6,prba,,,,,,,,,,,,,,,,Systematic label,,,,,,,,,,,,,,,,,,,,,,Systematic label,,,,,,,Systematic label,,,,,,,,,,,,,,,,,,,,,,,,,,,,,,,,,,,,,,,,,,,,,,,,,,,,,,,,,,,,,,,,,,,,,,,,,,,,,,,,,,,,,,,,,,,,,,,,,,,,,,,,,,,,,,,,,,,,,,,,,,,,,,
YVBY96,1,7,pbyt,,,,,,,,,,,,,,,,Systematic label,,,,,,,,,,,,,,,,,,,,,,Systematic label,,,,,,,Systematic label,,,,,,,,,,,,,,,,,,,,,,,,,,,,,,,,,,,,,,,,,,,,,,,,,,,,,,,,,,,,,,,,,,,,,,,,,,,,,,,,,,,,,,,,,,,,,,,,,,,,,,,,,,,,,,,,,,,,,,,,,,,,,,
YVBY96,1,8,pbyt,,,,,,,,,,,,,,,,Systematic label,,,,,,,,,,,,,,,,,,,,,,Systematic label,,,,,,,Systematic label,,,,,,,,,,,,,,,,,,,,,,,,,,,,,,,,,,,,,,,,,,,,,,,,,,,,,,,,,,,,,,,,,,,,,,,,,,,,,,,,,,,,,,,,,,,,,,,,,,,,,,,,,,,,,,,,,,,,,,,,,,,,,,
Z0KKA1,0,1,hide,,,,,,,,,,,Can't tell / Neither,,,,,,,,,,,,,,,,,,One-off label,,,,,,,,,,,,,,,,,,,,,,,,,,,,,,,,,,,,,,,,,,,,,,,,One-off label,,,,,,,,,,,,,,,,,,,,,,,,,,,,,,,,,,,,,,,,,,,,,,,,,,,,,,,,,,,,,,,,,,,,,,,,,,,,,,,,,,,,,,,,,,,,,,
Z0KKA1,0,2,sweet,,,,,,,,,,,One-off label,,,,,,,,,,,,,,,,,,One-off label,,,,,,,,,,,,,,,,,,,,,,,,,,,,,,,,,,,,,,,,,,,,,,,,One-off label,,,,,,,,,,,,,,,,,,,,,,,,,,,,,,,,,,,,,,,,,,,,,,,,,,,,,,,,,,,,,,,,,,,,,,,,,,,,,,,,,,,,,,,,,,,,,,
Z0KKA1,0,3,rectangle,,,,,,,,,,,One-off label,,,,,,,,,,,,,,,,,,One-off label,,,,,,,,,,,,,,,,,,,,,,,,,,,,,,,,,,,,,,,,,,,,,,,,One-off label,,,,,,,,,,,,,,,,,,,,,,,,,,,,,,,,,,,,,,,,,,,,,,,,,,,,,,,,,,,,,,,,,,,,,,,,,,,,,,,,,,,,,,,,,,,,,,
Z0KKA1,0,4,brown,,,,,,,,,,,One-off label,,,,,,,,,,,,,,,,,,One-off label,,,,,,,,,,,,,,,,,,,,,,,,,,,,,,,,,,,,,,,,,,,,,,,,Systematic label,,,,,,,,,,,,,,,,,,,,,,,,,,,,,,,,,,,,,,,,,,,,,,,,,,,,,,,,,,,,,,,,,,,,,,,,,,,,,,,,,,,,,,,,,,,,,,
Z0KKA1,0,5,blue,,,,,,,,,,,One-off label,,,,,,,,,,,,,,,,,,One-off label,,,,,,,,,,,,,,,,,,,,,,,,,,,,,,,,,,,,,,,,,,,,,,,,Systematic label,,,,,,,,,,,,,,,,,,,,,,,,,,,,,,,,,,,,,,,,,,,,,,,,,,,,,,,,,,,,,,,,,,,,,,,,,,,,,,,,,,,,,,,,,,,,,,
Z0KKA1,0,6,black,,,,,,,,,,,One-off label,,,,,,,,,,,,,,,,,,One-off label,,,,,,,,,,,,,,,,,,,,,,,,,,,,,,,,,,,,,,,,,,,,,,,,Systematic label,,,,,,,,,,,,,,,,,,,,,,,,,,,,,,,,,,,,,,,,,,,,,,,,,,,,,,,,,,,,,,,,,,,,,,,,,,,,,,,,,,,,,,,,,,,,,,
Z0KKA1,0,7,white,,,,,,,,,,,One-off label,,,,,,,,,,,,,,,,,,One-off label,,,,,,,,,,,,,,,,,,,,,,,,,,,,,,,,,,,,,,,,,,,,,,,,Systematic label,,,,,,,,,,,,,,,,,,,,,,,,,,,,,,,,,,,,,,,,,,,,,,,,,,,,,,,,,,,,,,,,,,,,,,,,,,,,,,,,,,,,,,,,,,,,,,
Z0KKA1,0,8,long,,,,,,,,,,,Can't tell / Neither,,,,,,,,,,,,,,,,,,One-off label,,,,,,,,,,,,,,,,,,,,,,,,,,,,,,,,,,,,,,,,,,,,,,,,One-off label,,,,,,,,,,,,,,,,,,,,,,,,,,,,,,,,,,,,,,,,,,,,,,,,,,,,,,,,,,,,,,,,,,,,,,,,,,,,,,,,,,,,,,,,,,,,,,
Z0KKA1,1,1,hide,,,,,,,,,,,,,,,,,,,Systematic label,,,,,,,,,,,,,,,,,,,,,,,,,,,,,,,,,,,,,,,,,,,,,,,,,,,,,,,,,,,,,,,,,,,,,,,,,,,,,,,,,,,,,,,,,,,,,,,,,,,,,,,,,,,,,,,,,,,,,,,,,,,,,,,One-off label,,,,,,,,,,,,One-off label,,,,,,,,,,,,,
Z0KKA1,1,2,sweet,,,,,,,,,,,,,,,,,,,Systematic label,,,,,,,,,,,,,,,,,,,,,,,,,,,,,,,,,,,,,,,,,,,,,,,,,,,,,,,,,,,,,,,,,,,,,,,,,,,,,,,,,,,,,,,,,,,,,,,,,,,,,,,,,,,,,,,,,,,,,,,,,,,,,,,One-off label,,,,,,,,,,,,One-off label,,,,,,,,,,,,,
Z0KKA1,1,3,(no response),,,,,,,,,,,,,,,,,,,Can't tell / Neither,,,,,,,,,,,,,,,,,,,,,,,,,,,,,,,,,,,,,,,,,,,,,,,,,,,,,,,,,,,,,,,,,,,,,,,,,,,,,,,,,,,,,,,,,,,,,,,,,,,,,,,,,,,,,,,,,,,,,,,,,,,,,,,Can't tell / Neither,,,,,,,,,,,,Can't tell / Neither,,,,,,,,,,,,,
Z0KKA1,1,4,brown,,,,,,,,,,,,,,,,,,,One-off label,,,,,,,,,,,,,,,,,,,,,,,,,,,,,,,,,,,,,,,,,,,,,,,,,,,,,,,,,,,,,,,,,,,,,,,,,,,,,,,,,,,,,,,,,,,,,,,,,,,,,,,,,,,,,,,,,,,,,,,,,,,,,,,One-off label,,,,,,,,,,,,Systematic label,,,,,,,,,,,,,
Z0KKA1,1,5,blue,,,,,,,,,,,,,,,,,,,One-off label,,,,,,,,,,,,,,,,,,,,,,,,,,,,,,,,,,,,,,,,,,,,,,,,,,,,,,,,,,,,,,,,,,,,,,,,,,,,,,,,,,,,,,,,,,,,,,,,,,,,,,,,,,,,,,,,,,,,,,,,,,,,,,,One-off label,,,,,,,,,,,,Systematic label,,,,,,,,,,,,,
Z0KKA1,1,6,black,,,,,,,,,,,,,,,,,,,One-off label,,,,,,,,,,,,,,,,,,,,,,,,,,,,,,,,,,,,,,,,,,,,,,,,,,,,,,,,,,,,,,,,,,,,,,,,,,,,,,,,,,,,,,,,,,,,,,,,,,,,,,,,,,,,,,,,,,,,,,,,,,,,,,,One-off label,,,,,,,,,,,,Systematic label,,,,,,,,,,,,,
Z0KKA1,1,7,white,,,,,,,,,,,,,,,,,,,One-off label,,,,,,,,,,,,,,,,,,,,,,,,,,,,,,,,,,,,,,,,,,,,,,,,,,,,,,,,,,,,,,,,,,,,,,,,,,,,,,,,,,,,,,,,,,,,,,,,,,,,,,,,,,,,,,,,,,,,,,,,,,,,,,,One-off label,,,,,,,,,,,,Systematic label,,,,,,,,,,,,,
Z0KKA1,1,8,long,,,,,,,,,,,,,,,,,,,Systematic label,,,,,,,,,,,,,,,,,,,,,,,,,,,,,,,,,,,,,,,,,,,,,,,,,,,,,,,,,,,,,,,,,,,,,,,,,,,,,,,,,,,,,,,,,,,,,,,,,,,,,,,,,,,,,,,,,,,,,,,,,,,,,,,One-off label,,,,,,,,,,,,Systematic label,,,,,,,,,,,,,
Z7SSB3,0,1,pinky,,,,,,,,,,,,,,,One-off label,,,,,,,,,,,,,,,,,,,,,,,,,,,,,,,,,,,,,,,,,,,,,,,,,,,,Systematic label,,One-off label,,,,,,,,,,,,,,,,,,,,,,,,,,,,,,,,,,,,,,,,,,,,,,,,,,,,,,,,,,,,,,,,,,,,,,,,,,,,,,,,,,,,,,,,Can't tell / Neither,,,,,,,,,,,,One-off label,,
Z7SSB3,0,2,little,,,,,,,,,,,,,,,Systematic label,,,,,,,,,,,,,,,,,,,,,,,,,,,,,,,,,,,,,,,,,,,,,,,,,,,,Systematic label,,One-off label,,,,,,,,,,,,,,,,,,,,,,,,,,,,,,,,,,,,,,,,,,,,,,,,,,,,,,,,,,,,,,,,,,,,,,,,,,,,,,,,,,,,,,,,Can't tell / Neither,,,,,,,,,,,,One-off label,,
Z7SSB3,0,3,yellow,,,,,,,,,,,,,,,One-off label,,,,,,,,,,,,,,,,,,,,,,,,,,,,,,,,,,,,,,,,,,,,,,,,,,,,Systematic label,,One-off label,,,,,,,,,,,,,,,,,,,,,,,,,,,,,,,,,,,,,,,,,,,,,,,,,,,,,,,,,,,,,,,,,,,,,,,,,,,,,,,,,,,,,,,,One-off label,,,,,,,,,,,,One-off label,,
Z7SSB3,0,4,long legs brown,,,,,,,,,,,,,,,Systematic label,,,,,,,,,,,,,,,,,,,,,,,,,,,,,,,,,,,,,,,,,,,,,,,,,,,,Systematic label,,Systematic label,,,,,,,,,,,,,,,,,,,,,,,,,,,,,,,,,,,,,,,,,,,,,,,,,,,,,,,,,,,,,,,,,,,,,,,,,,,,,,,,,,,,,,,,Systematic label,,,,,,,,,,,,Systematic label,,
Z7SSB3,0,5,blue,,,,,,,,,,,,,,,One-off label,,,,,,,,,,,,,,,,,,,,,,,,,,,,,,,,,,,,,,,,,,,,,,,,,,,,Systematic label,,One-off label,,,,,,,,,,,,,,,,,,,,,,,,,,,,,,,,,,,,,,,,,,,,,,,,,,,,,,,,,,,,,,,,,,,,,,,,,,,,,,,,,,,,,,,,One-off label,,,,,,,,,,,,One-off label,,
Z7SSB3,0,6,short,,,,,,,,,,,,,,,Systematic label,,,,,,,,,,,,,,,,,,,,,,,,,,,,,,,,,,,,,,,,,,,,,,,,,,,,Systematic label,,One-off label,,,,,,,,,,,,,,,,,,,,,,,,,,,,,,,,,,,,,,,,,,,,,,,,,,,,,,,,,,,,,,,,,,,,,,,,,,,,,,,,,,,,,,,,One-off label,,,,,,,,,,,,One-off label,,
Z7SSB3,0,7,white,,,,,,,,,,,,,,,One-off label,,,,,,,,,,,,,,,,,,,,,,,,,,,,,,,,,,,,,,,,,,,,,,,,,,,,Systematic label,,One-off label,,,,,,,,,,,,,,,,,,,,,,,,,,,,,,,,,,,,,,,,,,,,,,,,,,,,,,,,,,,,,,,,,,,,,,,,,,,,,,,,,,,,,,,,One-off label,,,,,,,,,,,,One-off label,,
Z7SSB3,0,8,tall,,,,,,,,,,,,,,,One-off label,,,,,,,,,,,,,,,,,,,,,,,,,,,,,,,,,,,,,,,,,,,,,,,,,,,,Systematic label,,One-off label,,,,,,,,,,,,,,,,,,,,,,,,,,,,,,,,,,,,,,,,,,,,,,,,,,,,,,,,,,,,,,,,,,,,,,,,,,,,,,,,,,,,,,,,One-off label,,,,,,,,,,,,One-off label,,
Z7SSB3,1,1,pinky,,,,,,,,,,,,,,,,,,,,,,,,,,,,,,,,,,,,,,,,,,,,,,,,,,,,,,,,,,,,,,,Systematic label,,,,,,,,,,,,,,,,,,,,,,,,,,,,,,,,,,,,,,,,,,,,,,,,,,,,,,,,Systematic label,,,,,,,,,,,,,,,,,,,,,,,,,,,,,,,,Systematic label,,,,,,,,,,,Can't tell / Neither,,,,,,,,,
Z7SSB3,1,2,little,,,,,,,,,,,,,,,,,,,,,,,,,,,,,,,,,,,,,,,,,,,,,,,,,,,,,,,,,,,,,,,Can't tell / Neither,,,,,,,,,,,,,,,,,,,,,,,,,,,,,,,,,,,,,,,,,,,,,,,,,,,,,,,,Systematic label,,,,,,,,,,,,,,,,,,,,,,,,,,,,,,,,One-off label,,,,,,,,,,,Systematic label,,,,,,,,,
Z7SSB3,1,3,yellow,,,,,,,,,,,,,,,,,,,,,,,,,,,,,,,,,,,,,,,,,,,,,,,,,,,,,,,,,,,,,,,Systematic label,,,,,,,,,,,,,,,,,,,,,,,,,,,,,,,,,,,,,,,,,,,,,,,,,,,,,,,,Systematic label,,,,,,,,,,,,,,,,,,,,,,,,,,,,,,,,Systematic label,,,,,,,,,,,Systematic label,,,,,,,,,
Z7SSB3,1,4,long le,,,,,,,,,,,,,,,,,,,,,,,,,,,,,,,,,,,,,,,,,,,,,,,,,,,,,,,,,,,,,,,Can't tell / Neither,,,,,,,,,,,,,,,,,,,,,,,,,,,,,,,,,,,,,,,,,,,,,,,,,,,,,,,,Systematic label,,,,,,,,,,,,,,,,,,,,,,,,,,,,,,,,Systematic label,,,,,,,,,,,Can't tell / Neither,,,,,,,,,
Z7SSB3,1,5,blue,,,,,,,,,,,,,,,,,,,,,,,,,,,,,,,,,,,,,,,,,,,,,,,,,,,,,,,,,,,,,,,Systematic label,,,,,,,,,,,,,,,,,,,,,,,,,,,,,,,,,,,,,,,,,,,,,,,,,,,,,,,,One-off label,,,,,,,,,,,,,,,,,,,,,,,,,,,,,,,,Systematic label,,,,,,,,,,,Systematic label,,,,,,,,,
Z7SSB3,1,6,short,,,,,,,,,,,,,,,,,,,,,,,,,,,,,,,,,,,,,,,,,,,,,,,,,,,,,,,,,,,,,,,Can't tell / Neither,,,,,,,,,,,,,,,,,,,,,,,,,,,,,,,,,,,,,,,,,,,,,,,,,,,,,,,,Systematic label,,,,,,,,,,,,,,,,,,,,,,,,,,,,,,,,One-off label,,,,,,,,,,,Systematic label,,,,,,,,,
Z7SSB3,1,7,white,,,,,,,,,,,,,,,,,,,,,,,,,,,,,,,,,,,,,,,,,,,,,,,,,,,,,,,,,,,,,,,Systematic label,,,,,,,,,,,,,,,,,,,,,,,,,,,,,,,,,,,,,,,,,,,,,,,,,,,,,,,,One-off label,,,,,,,,,,,,,,,,,,,,,,,,,,,,,,,,Systematic label,,,,,,,,,,,Systematic label,,,,,,,,,
Z7SSB3,1,8,tall,,,,,,,,,,,,,,,,,,,,,,,,,,,,,,,,,,,,,,,,,,,,,,,,,,,,,,,,,,,,,,,Can't tell / Neither,,,,,,,,,,,,,,,,,,,,,,,,,,,,,,,,,,,,,,,,,,,,,,,,,,,,,,,,Systematic label,,,,,,,,,,,,,,,,,,,,,,,,,,,,,,,,One-off label,,,,,,,,,,,Systematic label,,,,,,,,,
Z9NZDJ,0,1,ymca,,,,,,,,,,,,,,,,,,,,,,,,,,,,,,,,,,,,,,,,,,,,,,,,,,,,,,,,,,,,,,,,,,,,,,,,,,,,,,,,,,,,,,,,,,,,,,,,,,,,,,,,,,,,,,,,,,,,,,,,,,,One-off label,,,,,,,Systematic label,,,,,,,,,,,,,,,,,,,,,,,,,,,,,,,,,,,,Systematic label,,,,,
Z9NZDJ,0,2,walking,,,,,,,,,,,,,,,,,,,,,,,,,,,,,,,,,,,,,,,,,,,,,,,,,,,,,,,,,,,,,,,,,,,,,,,,,,,,,,,,,,,,,,,,,,,,,,,,,,,,,,,,,,,,,,,,,,,,,,,,,,,One-off label,,,,,,,Systematic label,,,,,,,,,,,,,,,,,,,,,,,,,,,,,,,,,,,,One-off label,,,,,
Z9NZDJ,0,3,lunge,,,,,,,,,,,,,,,,,,,,,,,,,,,,,,,,,,,,,,,,,,,,,,,,,,,,,,,,,,,,,,,,,,,,,,,,,,,,,,,,,,,,,,,,,,,,,,,,,,,,,,,,,,,,,,,,,,,,,,,,,,,One-off label,,,,,,,One-off label,,,,,,,,,,,,,,,,,,,,,,,,,,,,,,,,,,,,One-off label,,,,,
Z9NZDJ,0,4,standing on one foot,,,,,,,,,,,,,,,,,,,,,,,,,,,,,,,,,,,,,,,,,,,,,,,,,,,,,,,,,,,,,,,,,,,,,,,,,,,,,,,,,,,,,,,,,,,,,,,,,,,,,,,,,,,,,,,,,,,,,,,,,,,One-off label,,,,,,,Systematic label,,,,,,,,,,,,,,,,,,,,,,,,,,,,,,,,,,,,One-off label,,,,,
Z9NZDJ,0,5,standing,,,,,,,,,,,,,,,,,,,,,,,,,,,,,,,,,,,,,,,,,,,,,,,,,,,,,,,,,,,,,,,,,,,,,,,,,,,,,,,,,,,,,,,,,,,,,,,,,,,,,,,,,,,,,,,,,,,,,,,,,,,One-off label,,,,,,,Systematic label,,,,,,,,,,,,,,,,,,,,,,,,,,,,,,,,,,,,One-off label,,,,,
Z9NZDJ,0,6,kneeling,,,,,,,,,,,,,,,,,,,,,,,,,,,,,,,,,,,,,,,,,,,,,,,,,,,,,,,,,,,,,,,,,,,,,,,,,,,,,,,,,,,,,,,,,,,,,,,,,,,,,,,,,,,,,,,,,,,,,,,,,,,One-off label,,,,,,,Systematic label,,,,,,,,,,,,,,,,,,,,,,,,,,,,,,,,,,,,One-off label,,,,,
Z9NZDJ,0,7,splits,,,,,,,,,,,,,,,,,,,,,,,,,,,,,,,,,,,,,,,,,,,,,,,,,,,,,,,,,,,,,,,,,,,,,,,,,,,,,,,,,,,,,,,,,,,,,,,,,,,,,,,,,,,,,,,,,,,,,,,,,,,One-off label,,,,,,,Systematic label,,,,,,,,,,,,,,,,,,,,,,,,,,,,,,,,,,,,One-off label,,,,,
Z9NZDJ,0,8,kneeling with foot,,,,,,,,,,,,,,,,,,,,,,,,,,,,,,,,,,,,,,,,,,,,,,,,,,,,,,,,,,,,,,,,,,,,,,,,,,,,,,,,,,,,,,,,,,,,,,,,,,,,,,,,,,,,,,,,,,,,,,,,,,,One-off label,,,,,,,Systematic label,,,,,,,,,,,,,,,,,,,,,,,,,,,,,,,,,,,,One-off label,,,,,
Z9NZDJ,1,1,ymca,,,,,,,,,,,,,,,,,,,,,,,,,,,,,,,,One-off label,,,,,,,,,,,,,,,,,,,,,,,,,,,,,,,,,,,,,,,,,,,,,,,,,,,,,,,,,,,One-off label,,,,,,,,,,,,,,,,One-off label,,,,,,,,,,,,,,,,,,,,,,,,,,,,,,,,,,,,,,,,,,,,,,,,,,,,,,,,,,,,,,,,
Z9NZDJ,1,2,standing on one foot,,,,,,,,,,,,,,,,,,,,,,,,,,,,,,,,Systematic label,,,,,,,,,,,,,,,,,,,,,,,,,,,,,,,,,,,,,,,,,,,,,,,,,,,,,,,,,,,Systematic label,,,,,,,,,,,,,,,,One-off label,,,,,,,,,,,,,,,,,,,,,,,,,,,,,,,,,,,,,,,,,,,,,,,,,,,,,,,,,,,,,,,,
Z9NZDJ,1,3,kneeling,,,,,,,,,,,,,,,,,,,,,,,,,,,,,,,,Systematic label,,,,,,,,,,,,,,,,,,,,,,,,,,,,,,,,,,,,,,,,,,,,,,,,,,,,,,,,,,,Can't tell / Neither,,,,,,,,,,,,,,,,One-off label,,,,,,,,,,,,,,,,,,,,,,,,,,,,,,,,,,,,,,,,,,,,,,,,,,,,,,,,,,,,,,,,
Z9NZDJ,1,4,standing on one foot,,,,,,,,,,,,,,,,,,,,,,,,,,,,,,,,Systematic label,,,,,,,,,,,,,,,,,,,,,,,,,,,,,,,,,,,,,,,,,,,,,,,,,,,,,,,,,,,Systematic label,,,,,,,,,,,,,,,,One-off label,,,,,,,,,,,,,,,,,,,,,,,,,,,,,,,,,,,,,,,,,,,,,,,,,,,,,,,,,,,,,,,,
Z9NZDJ,1,5,standing,,,,,,,,,,,,,,,,,,,,,,,,,,,,,,,,Systematic label,,,,,,,,,,,,,,,,,,,,,,,,,,,,,,,,,,,,,,,,,,,,,,,,,,,,,,,,,,,Can't tell / Neither,,,,,,,,,,,,,,,,One-off label,,,,,,,,,,,,,,,,,,,,,,,,,,,,,,,,,,,,,,,,,,,,,,,,,,,,,,,,,,,,,,,,
Z9NZDJ,1,6,kneeling,,,,,,,,,,,,,,,,,,,,,,,,,,,,,,,,Systematic label,,,,,,,,,,,,,,,,,,,,,,,,,,,,,,,,,,,,,,,,,,,,,,,,,,,,,,,,,,,Can't tell / Neither,,,,,,,,,,,,,,,,One-off label,,,,,,,,,,,,,,,,,,,,,,,,,,,,,,,,,,,,,,,,,,,,,,,,,,,,,,,,,,,,,,,,
Z9NZDJ,1,7,lunging,,,,,,,,,,,,,,,,,,,,,,,,,,,,,,,,Systematic label,,,,,,,,,,,,,,,,,,,,,,,,,,,,,,,,,,,,,,,,,,,,,,,,,,,,,,,,,,,Can't tell / Neither,,,,,,,,,,,,,,,,One-off label,,,,,,,,,,,,,,,,,,,,,,,,,,,,,,,,,,,,,,,,,,,,,,,,,,,,,,,,,,,,,,,,
Z9NZDJ,1,8,kneeling,,,,,,,,,,,,,,,,,,,,,,,,,,,,,,,,Systematic label,,,,,,,,,,,,,,,,,,,,,,,,,,,,,,,,,,,,,,,,,,,,,,,,,,,,,,,,,,,Can't tell / Neither,,,,,,,,,,,,,,,,One-off label,,,,,,,,,,,,,,,,,,,,,,,,,,,,,,,,,,,,,,,,,,,,,,,,,,,,,,,,,,,,,,,,
ZCXXHV,0,1,tall,,,,,,,,,,,,,,,,,,,,,,,,,,,,,,,,,,,,,,,,,,,,,,,,,,,,,,,,,,,,,,,,,,,,,,,,One-off label,,,,,,,,,,,,,,,,,,,,,,,,,,,,,,One-off label,,,,,,,,,,,,,,,,,,,,,,,,,,,,,,,,,,,,,,,,,,,,,,,,,,,,,,,,,,,,One-off label,,,,,,,,,
ZCXXHV,0,2,book,,,,,,,,,,,,,,,,,,,,,,,,,,,,,,,,,,,,,,,,,,,,,,,,,,,,,,,,,,,,,,,,,,,,,,,,One-off label,,,,,,,,,,,,,,,,,,,,,,,,,,,,,,One-off label,,,,,,,,,,,,,,,,,,,,,,,,,,,,,,,,,,,,,,,,,,,,,,,,,,,,,,,,,,,,One-off label,,,,,,,,,
ZCXXHV,0,3,cheese,,,,,,,,,,,,,,,,,,,,,,,,,,,,,,,,,,,,,,,,,,,,,,,,,,,,,,,,,,,,,,,,,,,,,,,,One-off label,,,,,,,,,,,,,,,,,,,,,,,,,,,,,,One-off label,,,,,,,,,,,,,,,,,,,,,,,,,,,,,,,,,,,,,,,,,,,,,,,,,,,,,,,,,,,,One-off label,,,,,,,,,
ZCXXHV,0,4,poop,,,,,,,,,,,,,,,,,,,,,,,,,,,,,,,,,,,,,,,,,,,,,,,,,,,,,,,,,,,,,,,,,,,,,,,,One-off label,,,,,,,,,,,,,,,,,,,,,,,,,,,,,,One-off label,,,,,,,,,,,,,,,,,,,,,,,,,,,,,,,,,,,,,,,,,,,,,,,,,,,,,,,,,,,,One-off label,,,,,,,,,
ZCXXHV,0,5,cd,,,,,,,,,,,,,,,,,,,,,,,,,,,,,,,,,,,,,,,,,,,,,,,,,,,,,,,,,,,,,,,,,,,,,,,,One-off label,,,,,,,,,,,,,,,,,,,,,,,,,,,,,,One-off label,,,,,,,,,,,,,,,,,,,,,,,,,,,,,,,,,,,,,,,,,,,,,,,,,,,,,,,,,,,,Can't tell / Neither,,,,,,,,,
ZCXXHV,0,6,spider,,,,,,,,,,,,,,,,,,,,,,,,,,,,,,,,,,,,,,,,,,,,,,,,,,,,,,,,,,,,,,,,,,,,,,,,One-off label,,,,,,,,,,,,,,,,,,,,,,,,,,,,,,One-off label,,,,,,,,,,,,,,,,,,,,,,,,,,,,,,,,,,,,,,,,,,,,,,,,,,,,,,,,,,,,One-off label,,,,,,,,,
ZCXXHV,0,7,ship,,,,,,,,,,,,,,,,,,,,,,,,,,,,,,,,,,,,,,,,,,,,,,,,,,,,,,,,,,,,,,,,,,,,,,,,One-off label,,,,,,,,,,,,,,,,,,,,,,,,,,,,,,One-off label,,,,,,,,,,,,,,,,,,,,,,,,,,,,,,,,,,,,,,,,,,,,,,,,,,,,,,,,,,,,One-off label,,,,,,,,,
ZCXXHV,0,8,bender,,,,,,,,,,,,,,,,,,,,,,,,,,,,,,,,,,,,,,,,,,,,,,,,,,,,,,,,,,,,,,,,,,,,,,,,Can't tell / Neither,,,,,,,,,,,,,,,,,,,,,,,,,,,,,,One-off label,,,,,,,,,,,,,,,,,,,,,,,,,,,,,,,,,,,,,,,,,,,,,,,,,,,,,,,,,,,,One-off label,,,,,,,,,
ZCXXHV,1,1,tall,,,,,,,,,,,,,,,,,,,,,,Systematic label,,,,,,,,,,,,,,,,,,,,,,,,,,,,,,,,,,,,,,,,,,,,,,,,,,,,,,,,,,,,,,,,,,,,,,,,,,,,,,,,,,,,,,,,,,,One-off label,,,,,,,,,,,,,,,,,,,,,,,,,,,,,,,,,,,,,,,,,,,,,,,,,,,Systematic label,,,,,,,
ZCXXHV,1,2,book,,,,,,,,,,,,,,,,,,,,,,One-off label,,,,,,,,,,,,,,,,,,,,,,,,,,,,,,,,,,,,,,,,,,,,,,,,,,,,,,,,,,,,,,,,,,,,,,,,,,,,,,,,,,,,,,,,,,,One-off label,,,,,,,,,,,,,,,,,,,,,,,,,,,,,,,,,,,,,,,,,,,,,,,,,,,Can't tell / Neither,,,,,,,
ZCXXHV,1,3,cheese,,,,,,,,,,,,,,,,,,,,,,One-off label,,,,,,,,,,,,,,,,,,,,,,,,,,,,,,,,,,,,,,,,,,,,,,,,,,,,,,,,,,,,,,,,,,,,,,,,,,,,,,,,,,,,,,,,,,,One-off label,,,,,,,,,,,,,,,,,,,,,,,,,,,,,,,,,,,,,,,,,,,,,,,,,,,Can't tell / Neither,,,,,,,
ZCXXHV,1,4,poop,,,,,,,,,,,,,,,,,,,,,,One-off label,,,,,,,,,,,,,,,,,,,,,,,,,,,,,,,,,,,,,,,,,,,,,,,,,,,,,,,,,,,,,,,,,,,,,,,,,,,,,,,,,,,,,,,,,,,One-off label,,,,,,,,,,,,,,,,,,,,,,,,,,,,,,,,,,,,,,,,,,,,,,,,,,,Can't tell / Neither,,,,,,,
ZCXXHV,1,5,cd,,,,,,,,,,,,,,,,,,,,,,One-off label,,,,,,,,,,,,,,,,,,,,,,,,,,,,,,,,,,,,,,,,,,,,,,,,,,,,,,,,,,,,,,,,,,,,,,,,,,,,,,,,,,,,,,,,,,,One-off label,,,,,,,,,,,,,,,,,,,,,,,,,,,,,,,,,,,,,,,,,,,,,,,,,,,Can't tell / Neither,,,,,,,
ZCXXHV,1,6,spider,,,,,,,,,,,,,,,,,,,,,,One-off label,,,,,,,,,,,,,,,,,,,,,,,,,,,,,,,,,,,,,,,,,,,,,,,,,,,,,,,,,,,,,,,,,,,,,,,,,,,,,,,,,,,,,,,,,,,One-off label,,,,,,,,,,,,,,,,,,,,,,,,,,,,,,,,,,,,,,,,,,,,,,,,,,,Can't tell / Neither,,,,,,,
ZCXXHV,1,7,ship,,,,,,,,,,,,,,,,,,,,,,One-off label,,,,,,,,,,,,,,,,,,,,,,,,,,,,,,,,,,,,,,,,,,,,,,,,,,,,,,,,,,,,,,,,,,,,,,,,,,,,,,,,,,,,,,,,,,,One-off label,,,,,,,,,,,,,,,,,,,,,,,,,,,,,,,,,,,,,,,,,,,,,,,,,,,Can't tell / Neither,,,,,,,
ZCXXHV,1,8,bender,,,,,,,,,,,,,,,,,,,,,,One-off label,,,,,,,,,,,,,,,,,,,,,,,,,,,,,,,,,,,,,,,,,,,,,,,,,,,,,,,,,,,,,,,,,,,,,,,,,,,,,,,,,,,,,,,,,,,One-off label,,,,,,,,,,,,,,,,,,,,,,,,,,,,,,,,,,,,,,,,,,,,,,,,,,,Can't tell / Neither,,,,,,,
ZM3JQA,0,1,flying,,,,,,,,,,,,,,,Systematic label,,,,,,,,,,,,,,,,,,,,,,,,,,,,,,,,,Systematic label,,,,,,,,,,,,,,,,,,,One-off label,,,,,,,,,,,,,,,,,,,,,,,,,,,,,,,,,,,,,,,,,,,,,,,,,,,,,,,,,,,,,,,,,,,,,Can't tell / Neither,,,,,,,,,,,,,,,,,,,,,One-off label,,,,,,,,,,,,One-off label,,
ZM3JQA,0,2,one leg,,,,,,,,,,,,,,,Systematic label,,,,,,,,,,,,,,,,,,,,,,,,,,,,,,,,,One-off label,,,,,,,,,,,,,,,,,,,One-off label,,,,,,,,,,,,,,,,,,,,,,,,,,,,,,,,,,,,,,,,,,,,,,,,,,,,,,,,,,,,,,,,,,,,,Can't tell / Neither,,,,,,,,,,,,,,,,,,,,,Systematic label,,,,,,,,,,,,Systematic label,,
ZM3JQA,0,3,sitting,,,,,,,,,,,,,,,One-off label,,,,,,,,,,,,,,,,,,,,,,,,,,,,,,,,,One-off label,,,,,,,,,,,,,,,,,,,One-off label,,,,,,,,,,,,,,,,,,,,,,,,,,,,,,,,,,,,,,,,,,,,,,,,,,,,,,,,,,,,,,,,,,,,,Can't tell / Neither,,,,,,,,,,,,,,,,,,,,,One-off label,,,,,,,,,,,,One-off label,,
ZM3JQA,0,4,bent,,,,,,,,,,,,,,,One-off label,,,,,,,,,,,,,,,,,,,,,,,,,,,,,,,,,Systematic label,,,,,,,,,,,,,,,,,,,One-off label,,,,,,,,,,,,,,,,,,,,,,,,,,,,,,,,,,,,,,,,,,,,,,,,,,,,,,,,,,,,,,,,,,,,,Can't tell / Neither,,,,,,,,,,,,,,,,,,,,,Can't tell / Neither,,,,,,,,,,,,One-off label,,
ZM3JQA,0,5,standing,,,,,,,,,,,,,,,Systematic label,,,,,,,,,,,,,,,,,,,,,,,,,,,,,,,,,One-off label,,,,,,,,,,,,,,,,,,,One-off label,,,,,,,,,,,,,,,,,,,,,,,,,,,,,,,,,,,,,,,,,,,,,,,,,,,,,,,,,,,,,,,,,,,,,Can't tell / Neither,,,,,,,,,,,,,,,,,,,,,Systematic label,,,,,,,,,,,,One-off label,,
ZM3JQA,0,6,elbow,,,,,,,,,,,,,,,One-off label,,,,,,,,,,,,,,,,,,,,,,,,,,,,,,,,,One-off label,,,,,,,,,,,,,,,,,,,One-off label,,,,,,,,,,,,,,,,,,,,,,,,,,,,,,,,,,,,,,,,,,,,,,,,,,,,,,,,,,,,,,,,,,,,,Can't tell / Neither,,,,,,,,,,,,,,,,,,,,,One-off label,,,,,,,,,,,,One-off label,,
ZM3JQA,0,7,yoga,,,,,,,,,,,,,,,One-off label,,,,,,,,,,,,,,,,,,,,,,,,,,,,,,,,,Systematic label,,,,,,,,,,,,,,,,,,,One-off label,,,,,,,,,,,,,,,,,,,,,,,,,,,,,,,,,,,,,,,,,,,,,,,,,,,,,,,,,,,,,,,,,,,,,Can't tell / Neither,,,,,,,,,,,,,,,,,,,,,One-off label,,,,,,,,,,,,One-off label,,
ZM3JQA,0,8,elbow,,,,,,,,,,,,,,,One-off label,,,,,,,,,,,,,,,,,,,,,,,,,,,,,,,,,Can't tell / Neither,,,,,,,,,,,,,,,,,,,One-off label,,,,,,,,,,,,,,,,,,,,,,,,,,,,,,,,,,,,,,,,,,,,,,,,,,,,,,,,,,,,,,,,,,,,,Can't tell / Neither,,,,,,,,,,,,,,,,,,,,,One-off label,,,,,,,,,,,,One-off label,,
ZM3JQA,1,1,flying,,,,,,,,,,,,,,,,,,,,,,,,,,,,,,,,,,,,,,,,,,,,,,,,,,,,,,,,,,,,,,,,,,,,,,,,,,One-off label,,,,,,,,,,,,,,,,,,,,,,,,One-off label,,,,,,,,,,,,,,,,,,,,,,,,,,,,,,,,,,,,,,,,,,,,,,,,,,,Can't tell / Neither,,,,,,,,,,,,,,,,,,,,,,
ZM3JQA,1,2,one leg,,,,,,,,,,,,,,,,,,,,,,,,,,,,,,,,,,,,,,,,,,,,,,,,,,,,,,,,,,,,,,,,,,,,,,,,,,One-off label,,,,,,,,,,,,,,,,,,,,,,,,Systematic label,,,,,,,,,,,,,,,,,,,,,,,,,,,,,,,,,,,,,,,,,,,,,,,,,,,Systematic label,,,,,,,,,,,,,,,,,,,,,,
ZM3JQA,1,3,sitting,,,,,,,,,,,,,,,,,,,,,,,,,,,,,,,,,,,,,,,,,,,,,,,,,,,,,,,,,,,,,,,,,,,,,,,,,,One-off label,,,,,,,,,,,,,,,,,,,,,,,,One-off label,,,,,,,,,,,,,,,,,,,,,,,,,,,,,,,,,,,,,,,,,,,,,,,,,,,One-off label,,,,,,,,,,,,,,,,,,,,,,
ZM3JQA,1,4,elbow,,,,,,,,,,,,,,,,,,,,,,,,,,,,,,,,,,,,,,,,,,,,,,,,,,,,,,,,,,,,,,,,,,,,,,,,,,One-off label,,,,,,,,,,,,,,,,,,,,,,,,One-off label,,,,,,,,,,,,,,,,,,,,,,,,,,,,,,,,,,,,,,,,,,,,,,,,,,,Can't tell / Neither,,,,,,,,,,,,,,,,,,,,,,
ZM3JQA,1,5,standing,,,,,,,,,,,,,,,,,,,,,,,,,,,,,,,,,,,,,,,,,,,,,,,,,,,,,,,,,,,,,,,,,,,,,,,,,,One-off label,,,,,,,,,,,,,,,,,,,,,,,,One-off label,,,,,,,,,,,,,,,,,,,,,,,,,,,,,,,,,,,,,,,,,,,,,,,,,,,One-off label,,,,,,,,,,,,,,,,,,,,,,
ZM3JQA,1,6,hopping,,,,,,,,,,,,,,,,,,,,,,,,,,,,,,,,,,,,,,,,,,,,,,,,,,,,,,,,,,,,,,,,,,,,,,,,,,One-off label,,,,,,,,,,,,,,,,,,,,,,,,One-off label,,,,,,,,,,,,,,,,,,,,,,,,,,,,,,,,,,,,,,,,,,,,,,,,,,,Systematic label,,,,,,,,,,,,,,,,,,,,,,
ZM3JQA,1,7,yoga,,,,,,,,,,,,,,,,,,,,,,,,,,,,,,,,,,,,,,,,,,,,,,,,,,,,,,,,,,,,,,,,,,,,,,,,,,One-off label,,,,,,,,,,,,,,,,,,,,,,,,One-off label,,,,,,,,,,,,,,,,,,,,,,,,,,,,,,,,,,,,,,,,,,,,,,,,,,,One-off label,,,,,,,,,,,,,,,,,,,,,,
ZM3JQA,1,8,elbow,,,,,,,,,,,,,,,,,,,,,,,,,,,,,,,,,,,,,,,,,,,,,,,,,,,,,,,,,,,,,,,,,,,,,,,,,,One-off label,,,,,,,,,,,,,,,,,,,,,,,,One-off label,,,,,,,,,,,,,,,,,,,,,,,,,,,,,,,,,,,,,,,,,,,,,,,,,,,Systematic label,,,,,,,,,,,,,,,,,,,,,,
ZR4NH1,0,1,"left head, right arms",,,,,,,Systematic label,,,,,,,,,,,,,,,,,,,,,,,,,,,,,,,,,,,,,,,,Systematic label,,,,,,,,,,,,,,,,,,,,,,,,,,,,,,,,,,,,,,,,,,,,,,,,,,,,,,,,,,,,,,,,,,,,,,,,,,,,,,,,,,,,,,,,,,,,,,Systematic label,,,,,,,,,,,,,,,,,,,,,,,,,,,,,,
ZR4NH1,0,2,"right head, left legs",,,,,,,Systematic label,,,,,,,,,,,,,,,,,,,,,,,,,,,,,,,,,,,,,,,,Systematic label,,,,,,,,,,,,,,,,,,,,,,,,,,,,,,,,,,,,,,,,,,,,,,,,,,,,,,,,,,,,,,,,,,,,,,,,,,,,,,,,,,,,,,,,,,,,,,Systematic label,,,,,,,,,,,,,,,,,,,,,,,,,,,,,,
ZR4NH1,0,3,"center head, center arms",,,,,,,Systematic label,,,,,,,,,,,,,,,,,,,,,,,,,,,,,,,,,,,,,,,,Systematic label,,,,,,,,,,,,,,,,,,,,,,,,,,,,,,,,,,,,,,,,,,,,,,,,,,,,,,,,,,,,,,,,,,,,,,,,,,,,,,,,,,,,,,,,,,,,,,Systematic label,,,,,,,,,,,,,,,,,,,,,,,,,,,,,,
ZR4NH1,0,4,"left head, right arms",,,,,,,Systematic label,,,,,,,,,,,,,,,,,,,,,,,,,,,,,,,,,,,,,,,,Systematic label,,,,,,,,,,,,,,,,,,,,,,,,,,,,,,,,,,,,,,,,,,,,,,,,,,,,,,,,,,,,,,,,,,,,,,,,,,,,,,,,,,,,,,,,,,,,,,Systematic label,,,,,,,,,,,,,,,,,,,,,,,,,,,,,,
ZR4NH1,0,5,"center head, left arm",,,,,,,Systematic label,,,,,,,,,,,,,,,,,,,,,,,,,,,,,,,,,,,,,,,,Systematic label,,,,,,,,,,,,,,,,,,,,,,,,,,,,,,,,,,,,,,,,,,,,,,,,,,,,,,,,,,,,,,,,,,,,,,,,,,,,,,,,,,,,,,,,,,,,,,Systematic label,,,,,,,,,,,,,,,,,,,,,,,,,,,,,,
ZR4NH1,0,6,"center head, right arms",,,,,,,Systematic label,,,,,,,,,,,,,,,,,,,,,,,,,,,,,,,,,,,,,,,,Systematic label,,,,,,,,,,,,,,,,,,,,,,,,,,,,,,,,,,,,,,,,,,,,,,,,,,,,,,,,,,,,,,,,,,,,,,,,,,,,,,,,,,,,,,,,,,,,,,Systematic label,,,,,,,,,,,,,,,,,,,,,,,,,,,,,,
ZR4NH1,0,7,"center head, right arms, left legs",,,,,,,Systematic label,,,,,,,,,,,,,,,,,,,,,,,,,,,,,,,,,,,,,,,,Systematic label,,,,,,,,,,,,,,,,,,,,,,,,,,,,,,,,,,,,,,,,,,,,,,,,,,,,,,,,,,,,,,,,,,,,,,,,,,,,,,,,,,,,,,,,,,,,,,Systematic label,,,,,,,,,,,,,,,,,,,,,,,,,,,,,,
ZR4NH1,0,8,"center head, right arms",,,,,,,Systematic label,,,,,,,,,,,,,,,,,,,,,,,,,,,,,,,,,,,,,,,,Systematic label,,,,,,,,,,,,,,,,,,,,,,,,,,,,,,,,,,,,,,,,,,,,,,,,,,,,,,,,,,,,,,,,,,,,,,,,,,,,,,,,,,,,,,,,,,,,,,Systematic label,,,,,,,,,,,,,,,,,,,,,,,,,,,,,,
ZR4NH1,1,1,"center head, right arms",,,,,,,,,Systematic label,,,,,,,,,,,,,,,,,,,,,,,,,,,,,,,,,,,,,,,,,,,,,,,Systematic label,,,,,,,,,,,,,,,,,,,,,Systematic label,,,,,,,,,,,,,,,,,,,,,,,,,,,,,,,,,,,,,,,,,,,,,,,,,,,,,,,,,,,,,,,,,,,,,,,,,,,,,,,,,,,,,,,,,,,,,,
ZR4NH1,1,2,"right head, left legs",,,,,,,,,Systematic label,,,,,,,,,,,,,,,,,,,,,,,,,,,,,,,,,,,,,,,,,,,,,,,Systematic label,,,,,,,,,,,,,,,,,,,,,Systematic label,,,,,,,,,,,,,,,,,,,,,,,,,,,,,,,,,,,,,,,,,,,,,,,,,,,,,,,,,,,,,,,,,,,,,,,,,,,,,,,,,,,,,,,,,,,,,,
ZR4NH1,1,3,"center head, center arms",,,,,,,,,Systematic label,,,,,,,,,,,,,,,,,,,,,,,,,,,,,,,,,,,,,,,,,,,,,,,Systematic label,,,,,,,,,,,,,,,,,,,,,Systematic label,,,,,,,,,,,,,,,,,,,,,,,,,,,,,,,,,,,,,,,,,,,,,,,,,,,,,,,,,,,,,,,,,,,,,,,,,,,,,,,,,,,,,,,,,,,,,,
ZR4NH1,1,4,(no response),,,,,,,,,Can't tell / Neither,,,,,,,,,,,,,,,,,,,,,,,,,,,,,,,,,,,,,,,,,,,,,,,Systematic label,,,,,,,,,,,,,,,,,,,,,Can't tell / Neither,,,,,,,,,,,,,,,,,,,,,,,,,,,,,,,,,,,,,,,,,,,,,,,,,,,,,,,,,,,,,,,,,,,,,,,,,,,,,,,,,,,,,,,,,,,,,,
ZR4NH1,1,5,"center head, left arms",,,,,,,,,Systematic label,,,,,,,,,,,,,,,,,,,,,,,,,,,,,,,,,,,,,,,,,,,,,,,Systematic label,,,,,,,,,,,,,,,,,,,,,Systematic label,,,,,,,,,,,,,,,,,,,,,,,,,,,,,,,,,,,,,,,,,,,,,,,,,,,,,,,,,,,,,,,,,,,,,,,,,,,,,,,,,,,,,,,,,,,,,,
ZR4NH1,1,6,"center head, right arms",,,,,,,,,Systematic label,,,,,,,,,,,,,,,,,,,,,,,,,,,,,,,,,,,,,,,,,,,,,,,Systematic label,,,,,,,,,,,,,,,,,,,,,Systematic label,,,,,,,,,,,,,,,,,,,,,,,,,,,,,,,,,,,,,,,,,,,,,,,,,,,,,,,,,,,,,,,,,,,,,,,,,,,,,,,,,,,,,,,,,,,,,,
ZR4NH1,1,7,(no response),,,,,,,,,Can't tell / Neither,,,,,,,,,,,,,,,,,,,,,,,,,,,,,,,,,,,,,,,,,,,,,,,One-off label,,,,,,,,,,,,,,,,,,,,,Can't tell / Neither,,,,,,,,,,,,,,,,,,,,,,,,,,,,,,,,,,,,,,,,,,,,,,,,,,,,,,,,,,,,,,,,,,,,,,,,,,,,,,,,,,,,,,,,,,,,,,
ZR4NH1,1,8,"center head, right arms",,,,,,,,,Systematic label,,,,,,,,,,,,,,,,,,,,,,,,,,,,,,,,,,,,,,,,,,,,,,,Systematic label,,,,,,,,,,,,,,,,,,,,,Systematic label,,,,,,,,,,,,,,,,,,,,,,,,,,,,,,,,,,,,,,,,,,,,,,,,,,,,,,,,,,,,,,,,,,,,,,,,,,,,,,,,,,,,,,,,,,,,,,
ZSRWVW,0,1,hug 2,,,,,,,,,,,,,,,,,,,,,,,,,,,,,,,,,,,,,,,,,,,,,,,One-off label,,,,,,,,,,,,,,,,,,,,,,,,,,,,,,,,,,,,,,,,,,,,,,,,,,,,,,,,,,,,,,,,,,,,,,,,,,,,,,,,,,,,,One-off label,,,,,,Can't tell / Neither,,,,,,,,,,,,,,,,,,,,,,,,,,,,,,,,,
ZSRWVW,0,2,one step,,,,,,,,,,,,,,,,,,,,,,,,,,,,,,,,,,,,,,,,,,,,,,,One-off label,,,,,,,,,,,,,,,,,,,,,,,,,,,,,,,,,,,,,,,,,,,,,,,,,,,,,,,,,,,,,,,,,,,,,,,,,,,,,,,,,,,,,One-off label,,,,,,Can't tell / Neither,,,,,,,,,,,,,,,,,,,,,,,,,,,,,,,,,
ZSRWVW,0,3,hug 1,,,,,,,,,,,,,,,,,,,,,,,,,,,,,,,,,,,,,,,,,,,,,,,One-off label,,,,,,,,,,,,,,,,,,,,,,,,,,,,,,,,,,,,,,,,,,,,,,,,,,,,,,,,,,,,,,,,,,,,,,,,,,,,,,,,,,,,,Systematic label,,,,,,Can't tell / Neither,,,,,,,,,,,,,,,,,,,,,,,,,,,,,,,,,
ZSRWVW,0,4,kick,,,,,,,,,,,,,,,,,,,,,,,,,,,,,,,,,,,,,,,,,,,,,,,One-off label,,,,,,,,,,,,,,,,,,,,,,,,,,,,,,,,,,,,,,,,,,,,,,,,,,,,,,,,,,,,,,,,,,,,,,,,,,,,,,,,,,,,,One-off label,,,,,,Can't tell / Neither,,,,,,,,,,,,,,,,,,,,,,,,,,,,,,,,,
ZSRWVW,0,5,back,,,,,,,,,,,,,,,,,,,,,,,,,,,,,,,,,,,,,,,,,,,,,,,One-off label,,,,,,,,,,,,,,,,,,,,,,,,,,,,,,,,,,,,,,,,,,,,,,,,,,,,,,,,,,,,,,,,,,,,,,,,,,,,,,,,,,,,,One-off label,,,,,,Can't tell / Neither,,,,,,,,,,,,,,,,,,,,,,,,,,,,,,,,,
ZSRWVW,0,6,bend,,,,,,,,,,,,,,,,,,,,,,,,,,,,,,,,,,,,,,,,,,,,,,,One-off label,,,,,,,,,,,,,,,,,,,,,,,,,,,,,,,,,,,,,,,,,,,,,,,,,,,,,,,,,,,,,,,,,,,,,,,,,,,,,,,,,,,,,One-off label,,,,,,Can't tell / Neither,,,,,,,,,,,,,,,,,,,,,,,,,,,,,,,,,
ZSRWVW,0,7,fall,,,,,,,,,,,,,,,,,,,,,,,,,,,,,,,,,,,,,,,,,,,,,,,One-off label,,,,,,,,,,,,,,,,,,,,,,,,,,,,,,,,,,,,,,,,,,,,,,,,,,,,,,,,,,,,,,,,,,,,,,,,,,,,,,,,,,,,,Systematic label,,,,,,Can't tell / Neither,,,,,,,,,,,,,,,,,,,,,,,,,,,,,,,,,
ZSRWVW,0,8,one step,,,,,,,,,,,,,,,,,,,,,,,,,,,,,,,,,,,,,,,,,,,,,,,One-off label,,,,,,,,,,,,,,,,,,,,,,,,,,,,,,,,,,,,,,,,,,,,,,,,,,,,,,,,,,,,,,,,,,,,,,,,,,,,,,,,,,,,,One-off label,,,,,,Can't tell / Neither,,,,,,,,,,,,,,,,,,,,,,,,,,,,,,,,,
ZSRWVW,1,1,hug 1,,,,,,,,,,,,,,,Can't tell / Neither,,,,,,,,,,,,,,,,,,,One-off label,,,,,,,,,,,,,,,,,,,,,,,,,,,,,,,,,,,,,,,,,,,,,,,,,,,,,,,,,,,,,,,,,,,,,,,,,,One-off label,,,,,,,,,,,,,,,,,,,,,,,,,,,,,,,,,,,,,,,,,,,,,,,,,Systematic label,,,,,,,,,,,,Systematic label,,
ZSRWVW,1,2,one step,,,,,,,,,,,,,,,Systematic label,,,,,,,,,,,,,,,,,,,One-off label,,,,,,,,,,,,,,,,,,,,,,,,,,,,,,,,,,,,,,,,,,,,,,,,,,,,,,,,,,,,,,,,,,,,,,,,,,One-off label,,,,,,,,,,,,,,,,,,,,,,,,,,,,,,,,,,,,,,,,,,,,,,,,,Can't tell / Neither,,,,,,,,,,,,Systematic label,,
ZSRWVW,1,3,bend,,,,,,,,,,,,,,,One-off label,,,,,,,,,,,,,,,,,,,One-off label,,,,,,,,,,,,,,,,,,,,,,,,,,,,,,,,,,,,,,,,,,,,,,,,,,,,,,,,,,,,,,,,,,,,,,,,,,One-off label,,,,,,,,,,,,,,,,,,,,,,,,,,,,,,,,,,,,,,,,,,,,,,,,,One-off label,,,,,,,,,,,,One-off label,,
ZSRWVW,1,4,kick,,,,,,,,,,,,,,,One-off label,,,,,,,,,,,,,,,,,,,One-off label,,,,,,,,,,,,,,,,,,,,,,,,,,,,,,,,,,,,,,,,,,,,,,,,,,,,,,,,,,,,,,,,,,,,,,,,,,One-off label,,,,,,,,,,,,,,,,,,,,,,,,,,,,,,,,,,,,,,,,,,,,,,,,,One-off label,,,,,,,,,,,,One-off label,,
ZSRWVW,1,5,back,,,,,,,,,,,,,,,One-off label,,,,,,,,,,,,,,,,,,,One-off label,,,,,,,,,,,,,,,,,,,,,,,,,,,,,,,,,,,,,,,,,,,,,,,,,,,,,,,,,,,,,,,,,,,,,,,,,,One-off label,,,,,,,,,,,,,,,,,,,,,,,,,,,,,,,,,,,,,,,,,,,,,,,,,One-off label,,,,,,,,,,,,One-off label,,
ZSRWVW,1,6,fall,,,,,,,,,,,,,,,One-off label,,,,,,,,,,,,,,,,,,,One-off label,,,,,,,,,,,,,,,,,,,,,,,,,,,,,,,,,,,,,,,,,,,,,,,,,,,,,,,,,,,,,,,,,,,,,,,,,,One-off label,,,,,,,,,,,,,,,,,,,,,,,,,,,,,,,,,,,,,,,,,,,,,,,,,One-off label,,,,,,,,,,,,One-off label,,
ZSRWVW,1,7,fall,,,,,,,,,,,,,,,One-off label,,,,,,,,,,,,,,,,,,,One-off label,,,,,,,,,,,,,,,,,,,,,,,,,,,,,,,,,,,,,,,,,,,,,,,,,,,,,,,,,,,,,,,,,,,,,,,,,,One-off label,,,,,,,,,,,,,,,,,,,,,,,,,,,,,,,,,,,,,,,,,,,,,,,,,One-off label,,,,,,,,,,,,One-off label,,
ZSRWVW,1,8,bend,,,,,,,,,,,,,,,One-off label,,,,,,,,,,,,,,,,,,,One-off label,,,,,,,,,,,,,,,,,,,,,,,,,,,,,,,,,,,,,,,,,,,,,,,,,,,,,,,,,,,,,,,,,,,,,,,,,,One-off label,,,,,,,,,,,,,,,,,,,,,,,,,,,,,,,,,,,,,,,,,,,,,,,,,One-off label,,,,,,,,,,,,One-off label,,
