gameId,treatment,changeType,position,image_index,label_r4_self,label_r4_partner,context_r1c_self,context_r2_self,context_r3_self,context_r3_partner,coder_1_schema_based,coder_2_schema_based,coder_3_schema_based,notes
0ES8D4,schema,ambiguous,0,0,purple hat right yellow feet tall,purple hat right yellow feet tall,purple hat right brown feet; orange hat right brown feet; purple hat left brown feet; purple hat right yellow feet; orange hat left yellow feet; orange hat right yellow feet; orange hat left brown feet; purple hat left yellow feet,purple hat left brown feet; orange hat left yellow feet; orange hat left brown feet; orange hat right brown feet; purple hat right yellow feet; purple hat left yellow feet; purple hat right brown feet; orange hat right yellow feet,orange hat right yellow feet; orange hat left brown feet; orange hat left yellow feet; purple hat left yellow feet; orange hat right brown feet; purple hat right brown feet; purple hat right yellow feet; purple hat left brown feet,orange hat right yellow feet; orange hat left brown feet; orange hat left yellow feet; purple hat left yellow feet; orange hat right brown feet; purple hat right brown feet; purple hat right yellow feet; purple hat left brown feet,,,,
0ES8D4,schema,ambiguous,0,1,purple hat right yellow feet short,purple hat right yellow feet short,purple hat right brown feet; orange hat right brown feet; purple hat left brown feet; purple hat right yellow feet; orange hat left yellow feet; orange hat right yellow feet; orange hat left brown feet; purple hat left yellow feet,purple hat left brown feet; orange hat left yellow feet; orange hat left brown feet; orange hat right brown feet; purple hat right yellow feet; purple hat left yellow feet; purple hat right brown feet; orange hat right yellow feet,orange hat right yellow feet; orange hat left brown feet; orange hat left yellow feet; purple hat left yellow feet; orange hat right brown feet; purple hat right brown feet; purple hat right yellow feet; purple hat left brown feet,orange hat right yellow feet; orange hat left brown feet; orange hat left yellow feet; purple hat left yellow feet; orange hat right brown feet; purple hat right brown feet; purple hat right yellow feet; purple hat left brown feet,,,,
0ES8D4,schema,ambiguous,0,2,orange hat left brown feet tall,orange hat right brown feet tall,purple hat right brown feet; orange hat right brown feet; purple hat left brown feet; purple hat right yellow feet; orange hat left yellow feet; orange hat right yellow feet; orange hat left brown feet; purple hat left yellow feet,purple hat left brown feet; orange hat left yellow feet; orange hat left brown feet; orange hat right brown feet; purple hat right yellow feet; purple hat left yellow feet; purple hat right brown feet; orange hat right yellow feet,orange hat right yellow feet; orange hat left brown feet; orange hat left yellow feet; purple hat left yellow feet; orange hat right brown feet; purple hat right brown feet; purple hat right yellow feet; purple hat left brown feet,orange hat right yellow feet; orange hat left brown feet; orange hat left yellow feet; purple hat left yellow feet; orange hat right brown feet; purple hat right brown feet; purple hat right yellow feet; purple hat left brown feet,,,,
0ES8D4,schema,ambiguous,0,3,orange hat left brown feet tall,orange hat left brown feet,purple hat right brown feet; orange hat right brown feet; purple hat left brown feet; purple hat right yellow feet; orange hat left yellow feet; orange hat right yellow feet; orange hat left brown feet; purple hat left yellow feet,purple hat left brown feet; orange hat left yellow feet; orange hat left brown feet; orange hat right brown feet; purple hat right yellow feet; purple hat left yellow feet; purple hat right brown feet; orange hat right yellow feet,orange hat right yellow feet; orange hat left brown feet; orange hat left yellow feet; purple hat left yellow feet; orange hat right brown feet; purple hat right brown feet; purple hat right yellow feet; purple hat left brown feet,orange hat right yellow feet; orange hat left brown feet; orange hat left yellow feet; purple hat left yellow feet; orange hat right brown feet; purple hat right brown feet; purple hat right yellow feet; purple hat left brown feet,,,,
0ES8D4,schema,ambiguous,0,4,orange hat left brown feet short,orange hat left brown feet short,purple hat right brown feet; orange hat right brown feet; purple hat left brown feet; purple hat right yellow feet; orange hat left yellow feet; orange hat right yellow feet; orange hat left brown feet; purple hat left yellow feet,purple hat left brown feet; orange hat left yellow feet; orange hat left brown feet; orange hat right brown feet; purple hat right yellow feet; purple hat left yellow feet; purple hat right brown feet; orange hat right yellow feet,orange hat right yellow feet; orange hat left brown feet; orange hat left yellow feet; purple hat left yellow feet; orange hat right brown feet; purple hat right brown feet; purple hat right yellow feet; purple hat left brown feet,orange hat right yellow feet; orange hat left brown feet; orange hat left yellow feet; purple hat left yellow feet; orange hat right brown feet; purple hat right brown feet; purple hat right yellow feet; purple hat left brown feet,,,,
0ES8D4,schema,ambiguous,0,5,orange hat left brown feet short,orange hat left brown feet,purple hat right brown feet; orange hat right brown feet; purple hat left brown feet; purple hat right yellow feet; orange hat left yellow feet; orange hat right yellow feet; orange hat left brown feet; purple hat left yellow feet,purple hat left brown feet; orange hat left yellow feet; orange hat left brown feet; orange hat right brown feet; purple hat right yellow feet; purple hat left yellow feet; purple hat right brown feet; orange hat right yellow feet,orange hat right yellow feet; orange hat left brown feet; orange hat left yellow feet; purple hat left yellow feet; orange hat right brown feet; purple hat right brown feet; purple hat right yellow feet; purple hat left brown feet,orange hat right yellow feet; orange hat left brown feet; orange hat left yellow feet; purple hat left yellow feet; orange hat right brown feet; purple hat right brown feet; purple hat right yellow feet; purple hat left brown feet,,,,
0ES8D4,schema,ambiguous,0,6,purple hat right yellow feet short,purple hat right yellow feet,purple hat right brown feet; orange hat right brown feet; purple hat left brown feet; purple hat right yellow feet; orange hat left yellow feet; orange hat right yellow feet; orange hat left brown feet; purple hat left yellow feet,purple hat left brown feet; orange hat left yellow feet; orange hat left brown feet; orange hat right brown feet; purple hat right yellow feet; purple hat left yellow feet; purple hat right brown feet; orange hat right yellow feet,orange hat right yellow feet; orange hat left brown feet; orange hat left yellow feet; purple hat left yellow feet; orange hat right brown feet; purple hat right brown feet; purple hat right yellow feet; purple hat left brown feet,orange hat right yellow feet; orange hat left brown feet; orange hat left yellow feet; purple hat left yellow feet; orange hat right brown feet; purple hat right brown feet; purple hat right yellow feet; purple hat left brown feet,,,,
0ES8D4,schema,ambiguous,0,7,purple hat right yellow feet tall,purple hat right yellow tall,purple hat right brown feet; orange hat right brown feet; purple hat left brown feet; purple hat right yellow feet; orange hat left yellow feet; orange hat right yellow feet; orange hat left brown feet; purple hat left yellow feet,purple hat left brown feet; orange hat left yellow feet; orange hat left brown feet; orange hat right brown feet; purple hat right yellow feet; purple hat left yellow feet; purple hat right brown feet; orange hat right yellow feet,orange hat right yellow feet; orange hat left brown feet; orange hat left yellow feet; purple hat left yellow feet; orange hat right brown feet; purple hat right brown feet; purple hat right yellow feet; purple hat left brown feet,orange hat right yellow feet; orange hat left brown feet; orange hat left yellow feet; purple hat left yellow feet; orange hat right brown feet; purple hat right brown feet; purple hat right yellow feet; purple hat left brown feet,,,,
0ES8D4,schema,ambiguous,1,0,purple hat right yellow feet tall,purple hat right yellow feet tall,purple hat right brown feet; orange hat right brown feet; purple hat brown feet; purple hat right yellow feet; orange hat left yellow feet; orange hat right yellow feet; orange hat left brown feet; purple hat left yellow feet,purple hat left brown feet; orange hat left yellow feet; orange hat left brown feet; orange hat right brown feet; purple hat right yellow feet; purple hat left yellow feet; purple hat right brown feet; orange hat right yellow feet,orange hat right yellow feet; orange hat left brown feet; orange hat left yellow feet; purple hat left yellow feet; orange hat right brown feet; purple hat right brown feet; purple hat right yellow feet; purple hat left brown feet,orange hat right yellow feet; orange hat left brown feet; orange hat left yellow feet; purple hat left yellow feet; orange hat right brown feet; purple hat right brown feet; purple hat right yellow feet; purple hat left brown feet,,,,
0ES8D4,schema,ambiguous,1,1,purple hat right yellow feet short,purple hat right yellow feet short,purple hat right brown feet; orange hat right brown feet; purple hat brown feet; purple hat right yellow feet; orange hat left yellow feet; orange hat right yellow feet; orange hat left brown feet; purple hat left yellow feet,purple hat left brown feet; orange hat left yellow feet; orange hat left brown feet; orange hat right brown feet; purple hat right yellow feet; purple hat left yellow feet; purple hat right brown feet; orange hat right yellow feet,orange hat right yellow feet; orange hat left brown feet; orange hat left yellow feet; purple hat left yellow feet; orange hat right brown feet; purple hat right brown feet; purple hat right yellow feet; purple hat left brown feet,orange hat right yellow feet; orange hat left brown feet; orange hat left yellow feet; purple hat left yellow feet; orange hat right brown feet; purple hat right brown feet; purple hat right yellow feet; purple hat left brown feet,,,,
0ES8D4,schema,ambiguous,1,2,orange hat right brown feet tall,orange hat left brown feet tall,purple hat right brown feet; orange hat right brown feet; purple hat brown feet; purple hat right yellow feet; orange hat left yellow feet; orange hat right yellow feet; orange hat left brown feet; purple hat left yellow feet,purple hat left brown feet; orange hat left yellow feet; orange hat left brown feet; orange hat right brown feet; purple hat right yellow feet; purple hat left yellow feet; purple hat right brown feet; orange hat right yellow feet,orange hat right yellow feet; orange hat left brown feet; orange hat left yellow feet; purple hat left yellow feet; orange hat right brown feet; purple hat right brown feet; purple hat right yellow feet; purple hat left brown feet,orange hat right yellow feet; orange hat left brown feet; orange hat left yellow feet; purple hat left yellow feet; orange hat right brown feet; purple hat right brown feet; purple hat right yellow feet; purple hat left brown feet,,,,
0ES8D4,schema,ambiguous,1,3,orange hat left brown feet,orange hat left brown feet tall,purple hat right brown feet; orange hat right brown feet; purple hat brown feet; purple hat right yellow feet; orange hat left yellow feet; orange hat right yellow feet; orange hat left brown feet; purple hat left yellow feet,purple hat left brown feet; orange hat left yellow feet; orange hat left brown feet; orange hat right brown feet; purple hat right yellow feet; purple hat left yellow feet; purple hat right brown feet; orange hat right yellow feet,orange hat right yellow feet; orange hat left brown feet; orange hat left yellow feet; purple hat left yellow feet; orange hat right brown feet; purple hat right brown feet; purple hat right yellow feet; purple hat left brown feet,orange hat right yellow feet; orange hat left brown feet; orange hat left yellow feet; purple hat left yellow feet; orange hat right brown feet; purple hat right brown feet; purple hat right yellow feet; purple hat left brown feet,,,,
0ES8D4,schema,ambiguous,1,4,orange hat left brown feet short,orange hat left brown feet short,purple hat right brown feet; orange hat right brown feet; purple hat brown feet; purple hat right yellow feet; orange hat left yellow feet; orange hat right yellow feet; orange hat left brown feet; purple hat left yellow feet,purple hat left brown feet; orange hat left yellow feet; orange hat left brown feet; orange hat right brown feet; purple hat right yellow feet; purple hat left yellow feet; purple hat right brown feet; orange hat right yellow feet,orange hat right yellow feet; orange hat left brown feet; orange hat left yellow feet; purple hat left yellow feet; orange hat right brown feet; purple hat right brown feet; purple hat right yellow feet; purple hat left brown feet,orange hat right yellow feet; orange hat left brown feet; orange hat left yellow feet; purple hat left yellow feet; orange hat right brown feet; purple hat right brown feet; purple hat right yellow feet; purple hat left brown feet,,,,
0ES8D4,schema,ambiguous,1,5,orange hat left brown feet,orange hat left brown feet short,purple hat right brown feet; orange hat right brown feet; purple hat brown feet; purple hat right yellow feet; orange hat left yellow feet; orange hat right yellow feet; orange hat left brown feet; purple hat left yellow feet,purple hat left brown feet; orange hat left yellow feet; orange hat left brown feet; orange hat right brown feet; purple hat right yellow feet; purple hat left yellow feet; purple hat right brown feet; orange hat right yellow feet,orange hat right yellow feet; orange hat left brown feet; orange hat left yellow feet; purple hat left yellow feet; orange hat right brown feet; purple hat right brown feet; purple hat right yellow feet; purple hat left brown feet,orange hat right yellow feet; orange hat left brown feet; orange hat left yellow feet; purple hat left yellow feet; orange hat right brown feet; purple hat right brown feet; purple hat right yellow feet; purple hat left brown feet,,,,
0ES8D4,schema,ambiguous,1,6,purple hat right yellow feet,purple hat right yellow feet short,purple hat right brown feet; orange hat right brown feet; purple hat brown feet; purple hat right yellow feet; orange hat left yellow feet; orange hat right yellow feet; orange hat left brown feet; purple hat left yellow feet,purple hat left brown feet; orange hat left yellow feet; orange hat left brown feet; orange hat right brown feet; purple hat right yellow feet; purple hat left yellow feet; purple hat right brown feet; orange hat right yellow feet,orange hat right yellow feet; orange hat left brown feet; orange hat left yellow feet; purple hat left yellow feet; orange hat right brown feet; purple hat right brown feet; purple hat right yellow feet; purple hat left brown feet,orange hat right yellow feet; orange hat left brown feet; orange hat left yellow feet; purple hat left yellow feet; orange hat right brown feet; purple hat right brown feet; purple hat right yellow feet; purple hat left brown feet,,,,
0ES8D4,schema,ambiguous,1,7,purple hat right yellow tall,purple hat right yellow feet tall,purple hat right brown feet; orange hat right brown feet; purple hat brown feet; purple hat right yellow feet; orange hat left yellow feet; orange hat right yellow feet; orange hat left brown feet; purple hat left yellow feet,purple hat left brown feet; orange hat left yellow feet; orange hat left brown feet; orange hat right brown feet; purple hat right yellow feet; purple hat left yellow feet; purple hat right brown feet; orange hat right yellow feet,orange hat right yellow feet; orange hat left brown feet; orange hat left yellow feet; purple hat left yellow feet; orange hat right brown feet; purple hat right brown feet; purple hat right yellow feet; purple hat left brown feet,orange hat right yellow feet; orange hat left brown feet; orange hat left yellow feet; purple hat left yellow feet; orange hat right brown feet; purple hat right brown feet; purple hat right yellow feet; purple hat left brown feet,,,,
1H73GM,schema,ambiguous,0,0,grey yellow right red,grey yellow right red,grey brown right; orange brown right; grey brown left; grey yellow right; orange yellow left; orange yellow right; orange brown left; grey yellow left,grey brown left; orange yellow left; orange brown left; orange brown right; grey yellow right; grey yellow left; grey brown right; orange yellow left,orange yellow right; orange brown left; orange yellow left; grey yelllow left; orange brown right; grey brown right; grey yellow right; grey brown left,orange yellow right; orange brown left; orange yellow left; grey yellow left; orange brown right; grey brown right; grey yellow right; grey brown left,,,,
1H73GM,schema,ambiguous,0,1,grey yellow right yellow,grey yellow right yellow,grey brown right; orange brown right; grey brown left; grey yellow right; orange yellow left; orange yellow right; orange brown left; grey yellow left,grey brown left; orange yellow left; orange brown left; orange brown right; grey yellow right; grey yellow left; grey brown right; orange yellow left,orange yellow right; orange brown left; orange yellow left; grey yelllow left; orange brown right; grey brown right; grey yellow right; grey brown left,orange yellow right; orange brown left; orange yellow left; grey yellow left; orange brown right; grey brown right; grey yellow right; grey brown left,,,,
1H73GM,schema,ambiguous,0,2,orange brown left yellow,orange brown left yellow,grey brown right; orange brown right; grey brown left; grey yellow right; orange yellow left; orange yellow right; orange brown left; grey yellow left,grey brown left; orange yellow left; orange brown left; orange brown right; grey yellow right; grey yellow left; grey brown right; orange yellow left,orange yellow right; orange brown left; orange yellow left; grey yelllow left; orange brown right; grey brown right; grey yellow right; grey brown left,orange yellow right; orange brown left; orange yellow left; grey yellow left; orange brown right; grey brown right; grey yellow right; grey brown left,,,,
1H73GM,schema,ambiguous,0,3,orange brown left brown,orange brown left brown,grey brown right; orange brown right; grey brown left; grey yellow right; orange yellow left; orange yellow right; orange brown left; grey yellow left,grey brown left; orange yellow left; orange brown left; orange brown right; grey yellow right; grey yellow left; grey brown right; orange yellow left,orange yellow right; orange brown left; orange yellow left; grey yelllow left; orange brown right; grey brown right; grey yellow right; grey brown left,orange yellow right; orange brown left; orange yellow left; grey yellow left; orange brown right; grey brown right; grey yellow right; grey brown left,,,,
1H73GM,schema,ambiguous,0,4,orange brown left blue,orange brown left blue,grey brown right; orange brown right; grey brown left; grey yellow right; orange yellow left; orange yellow right; orange brown left; grey yellow left,grey brown left; orange yellow left; orange brown left; orange brown right; grey yellow right; grey yellow left; grey brown right; orange yellow left,orange yellow right; orange brown left; orange yellow left; grey yelllow left; orange brown right; grey brown right; grey yellow right; grey brown left,orange yellow right; orange brown left; orange yellow left; grey yellow left; orange brown right; grey brown right; grey yellow right; grey brown left,,,,
1H73GM,schema,ambiguous,0,5,orange brown left black,orange brown left black,grey brown right; orange brown right; grey brown left; grey yellow right; orange yellow left; orange yellow right; orange brown left; grey yellow left,grey brown left; orange yellow left; orange brown left; orange brown right; grey yellow right; grey yellow left; grey brown right; orange yellow left,orange yellow right; orange brown left; orange yellow left; grey yelllow left; orange brown right; grey brown right; grey yellow right; grey brown left,orange yellow right; orange brown left; orange yellow left; grey yellow left; orange brown right; grey brown right; grey yellow right; grey brown left,,,,
1H73GM,schema,ambiguous,0,6,grey yellow right white,grey yellow right white,grey brown right; orange brown right; grey brown left; grey yellow right; orange yellow left; orange yellow right; orange brown left; grey yellow left,grey brown left; orange yellow left; orange brown left; orange brown right; grey yellow right; grey yellow left; grey brown right; orange yellow left,orange yellow right; orange brown left; orange yellow left; grey yelllow left; orange brown right; grey brown right; grey yellow right; grey brown left,orange yellow right; orange brown left; orange yellow left; grey yellow left; orange brown right; grey brown right; grey yellow right; grey brown left,,,,
1H73GM,schema,ambiguous,0,7,grey yellow right brown,grey yellow right brown,grey brown right; orange brown right; grey brown left; grey yellow right; orange yellow left; orange yellow right; orange brown left; grey yellow left,grey brown left; orange yellow left; orange brown left; orange brown right; grey yellow right; grey yellow left; grey brown right; orange yellow left,orange yellow right; orange brown left; orange yellow left; grey yelllow left; orange brown right; grey brown right; grey yellow right; grey brown left,orange yellow right; orange brown left; orange yellow left; grey yellow left; orange brown right; grey brown right; grey yellow right; grey brown left,,,,
1H73GM,schema,ambiguous,1,0,grey yellow right red,grey yellow right red,grey brown right; orange brown right; grey brown right; grey yellow right; orange yellow left; orange yellow right; orange brown left; grey yellow left,grey brown left; orange yellow left; orange brown left; orange brown right; grey yellow right; grey yellow left; grey brown right; orange yellow right,orange yellow right; orange brown left; orange yellow left; grey yellow left; orange brown right; grey brown right; grey yellow right; grey brown left,orange yellow right; orange brown left; orange yellow left; grey yelllow left; orange brown right; grey brown right; grey yellow right; grey brown left,,,,
1H73GM,schema,ambiguous,1,1,grey yellow right yellow,grey yellow right yellow,grey brown right; orange brown right; grey brown right; grey yellow right; orange yellow left; orange yellow right; orange brown left; grey yellow left,grey brown left; orange yellow left; orange brown left; orange brown right; grey yellow right; grey yellow left; grey brown right; orange yellow right,orange yellow right; orange brown left; orange yellow left; grey yellow left; orange brown right; grey brown right; grey yellow right; grey brown left,orange yellow right; orange brown left; orange yellow left; grey yelllow left; orange brown right; grey brown right; grey yellow right; grey brown left,,,,
1H73GM,schema,ambiguous,1,2,orange brown left yellow,orange brown left yellow,grey brown right; orange brown right; grey brown right; grey yellow right; orange yellow left; orange yellow right; orange brown left; grey yellow left,grey brown left; orange yellow left; orange brown left; orange brown right; grey yellow right; grey yellow left; grey brown right; orange yellow right,orange yellow right; orange brown left; orange yellow left; grey yellow left; orange brown right; grey brown right; grey yellow right; grey brown left,orange yellow right; orange brown left; orange yellow left; grey yelllow left; orange brown right; grey brown right; grey yellow right; grey brown left,,,,
1H73GM,schema,ambiguous,1,3,orange brown left brown,orange brown left brown,grey brown right; orange brown right; grey brown right; grey yellow right; orange yellow left; orange yellow right; orange brown left; grey yellow left,grey brown left; orange yellow left; orange brown left; orange brown right; grey yellow right; grey yellow left; grey brown right; orange yellow right,orange yellow right; orange brown left; orange yellow left; grey yellow left; orange brown right; grey brown right; grey yellow right; grey brown left,orange yellow right; orange brown left; orange yellow left; grey yelllow left; orange brown right; grey brown right; grey yellow right; grey brown left,,,,
1H73GM,schema,ambiguous,1,4,orange brown left blue,orange brown left blue,grey brown right; orange brown right; grey brown right; grey yellow right; orange yellow left; orange yellow right; orange brown left; grey yellow left,grey brown left; orange yellow left; orange brown left; orange brown right; grey yellow right; grey yellow left; grey brown right; orange yellow right,orange yellow right; orange brown left; orange yellow left; grey yellow left; orange brown right; grey brown right; grey yellow right; grey brown left,orange yellow right; orange brown left; orange yellow left; grey yelllow left; orange brown right; grey brown right; grey yellow right; grey brown left,,,,
1H73GM,schema,ambiguous,1,5,orange brown left black,orange brown left black,grey brown right; orange brown right; grey brown right; grey yellow right; orange yellow left; orange yellow right; orange brown left; grey yellow left,grey brown left; orange yellow left; orange brown left; orange brown right; grey yellow right; grey yellow left; grey brown right; orange yellow right,orange yellow right; orange brown left; orange yellow left; grey yellow left; orange brown right; grey brown right; grey yellow right; grey brown left,orange yellow right; orange brown left; orange yellow left; grey yelllow left; orange brown right; grey brown right; grey yellow right; grey brown left,,,,
1H73GM,schema,ambiguous,1,6,grey yellow right white,grey yellow right white,grey brown right; orange brown right; grey brown right; grey yellow right; orange yellow left; orange yellow right; orange brown left; grey yellow left,grey brown left; orange yellow left; orange brown left; orange brown right; grey yellow right; grey yellow left; grey brown right; orange yellow right,orange yellow right; orange brown left; orange yellow left; grey yellow left; orange brown right; grey brown right; grey yellow right; grey brown left,orange yellow right; orange brown left; orange yellow left; grey yelllow left; orange brown right; grey brown right; grey yellow right; grey brown left,,,,
1H73GM,schema,ambiguous,1,7,grey yellow right brown,grey yellow right brown,grey brown right; orange brown right; grey brown right; grey yellow right; orange yellow left; orange yellow right; orange brown left; grey yellow left,grey brown left; orange yellow left; orange brown left; orange brown right; grey yellow right; grey yellow left; grey brown right; orange yellow right,orange yellow right; orange brown left; orange yellow left; grey yellow left; orange brown right; grey brown right; grey yellow right; grey brown left,orange yellow right; orange brown left; orange yellow left; grey yelllow left; orange brown right; grey brown right; grey yellow right; grey brown left,,,,
2TH981,schema,ambiguous,0,0,pby red,pby red,purple black brown; orange black brown; purple red brown; purple black yellow; orange red yellow; orange black yellow; orange red brown; purple red yellow,prb; ory; orb; obb; pby; pry; pbb; oby,oby; orb; ory; pry; obb; pbb; pby; prb,oby; orb; ory; pry; obb; pbb; pby; prb,,,,
2TH981,schema,ambiguous,0,1,pby short,pby short,purple black brown; orange black brown; purple red brown; purple black yellow; orange red yellow; orange black yellow; orange red brown; purple red yellow,prb; ory; orb; obb; pby; pry; pbb; oby,oby; orb; ory; pry; obb; pbb; pby; prb,oby; orb; ory; pry; obb; pbb; pby; prb,,,,
2TH981,schema,ambiguous,0,2,orb tall,orb tall,purple black brown; orange black brown; purple red brown; purple black yellow; orange red yellow; orange black yellow; orange red brown; purple red yellow,prb; ory; orb; obb; pby; pry; pbb; oby,oby; orb; ory; pry; obb; pbb; pby; prb,oby; orb; ory; pry; obb; pbb; pby; prb,,,,
2TH981,schema,ambiguous,0,3,orb legs,orb legs,purple black brown; orange black brown; purple red brown; purple black yellow; orange red yellow; orange black yellow; orange red brown; purple red yellow,prb; ory; orb; obb; pby; pry; pbb; oby,oby; orb; ory; pry; obb; pbb; pby; prb,oby; orb; ory; pry; obb; pbb; pby; prb,,,,
2TH981,schema,ambiguous,0,4,orb circle,orb circle,purple black brown; orange black brown; purple red brown; purple black yellow; orange red yellow; orange black yellow; orange red brown; purple red yellow,prb; ory; orb; obb; pby; pry; pbb; oby,oby; orb; ory; pry; obb; pbb; pby; prb,oby; orb; ory; pry; obb; pbb; pby; prb,,,,
2TH981,schema,ambiguous,0,5,orb short,orb wide,purple black brown; orange black brown; purple red brown; purple black yellow; orange red yellow; orange black yellow; orange red brown; purple red yellow,prb; ory; orb; obb; pby; pry; pbb; oby,oby; orb; ory; pry; obb; pbb; pby; prb,oby; orb; ory; pry; obb; pbb; pby; prb,,,,
2TH981,schema,ambiguous,0,6,pby wide,pby short,purple black brown; orange black brown; purple red brown; purple black yellow; orange red yellow; orange black yellow; orange red brown; purple red yellow,prb; ory; orb; obb; pby; pry; pbb; oby,oby; orb; ory; pry; obb; pbb; pby; prb,oby; orb; ory; pry; obb; pbb; pby; prb,,,,
2TH981,schema,ambiguous,0,7,pby tall,pby tall,purple black brown; orange black brown; purple red brown; purple black yellow; orange red yellow; orange black yellow; orange red brown; purple red yellow,prb; ory; orb; obb; pby; pry; pbb; oby,oby; orb; ory; pry; obb; pbb; pby; prb,oby; orb; ory; pry; obb; pbb; pby; prb,,,,
2TH981,schema,ambiguous,1,0,pby red,pby red,purple black brown; orange black brown; purple red brown; purple black yellow; orange red yellow; orange black yellow; orange red brown; purple red yellow,prb; ory; orb; obb; pby; pry; pbb; oby,oby; orb; ory; pry; obb; pbb; pby; prb,oby; orb; ory; pry; obb; pbb; pby; prb,,,,
2TH981,schema,ambiguous,1,1,pby short,pby short,purple black brown; orange black brown; purple red brown; purple black yellow; orange red yellow; orange black yellow; orange red brown; purple red yellow,prb; ory; orb; obb; pby; pry; pbb; oby,oby; orb; ory; pry; obb; pbb; pby; prb,oby; orb; ory; pry; obb; pbb; pby; prb,,,,
2TH981,schema,ambiguous,1,2,orb tall,orb tall,purple black brown; orange black brown; purple red brown; purple black yellow; orange red yellow; orange black yellow; orange red brown; purple red yellow,prb; ory; orb; obb; pby; pry; pbb; oby,oby; orb; ory; pry; obb; pbb; pby; prb,oby; orb; ory; pry; obb; pbb; pby; prb,,,,
2TH981,schema,ambiguous,1,3,orb legs,orb legs,purple black brown; orange black brown; purple red brown; purple black yellow; orange red yellow; orange black yellow; orange red brown; purple red yellow,prb; ory; orb; obb; pby; pry; pbb; oby,oby; orb; ory; pry; obb; pbb; pby; prb,oby; orb; ory; pry; obb; pbb; pby; prb,,,,
2TH981,schema,ambiguous,1,4,orb circle,orb circle,purple black brown; orange black brown; purple red brown; purple black yellow; orange red yellow; orange black yellow; orange red brown; purple red yellow,prb; ory; orb; obb; pby; pry; pbb; oby,oby; orb; ory; pry; obb; pbb; pby; prb,oby; orb; ory; pry; obb; pbb; pby; prb,,,,
2TH981,schema,ambiguous,1,5,orb wide,orb short,purple black brown; orange black brown; purple red brown; purple black yellow; orange red yellow; orange black yellow; orange red brown; purple red yellow,prb; ory; orb; obb; pby; pry; pbb; oby,oby; orb; ory; pry; obb; pbb; pby; prb,oby; orb; ory; pry; obb; pbb; pby; prb,,,,
2TH981,schema,ambiguous,1,6,pby short,pby wide,purple black brown; orange black brown; purple red brown; purple black yellow; orange red yellow; orange black yellow; orange red brown; purple red yellow,prb; ory; orb; obb; pby; pry; pbb; oby,oby; orb; ory; pry; obb; pbb; pby; prb,oby; orb; ory; pry; obb; pbb; pby; prb,,,,
2TH981,schema,ambiguous,1,7,pby tall,pby tall,purple black brown; orange black brown; purple red brown; purple black yellow; orange red yellow; orange black yellow; orange red brown; purple red yellow,prb; ory; orb; obb; pby; pry; pbb; oby,oby; orb; ory; pry; obb; pbb; pby; prb,oby; orb; ory; pry; obb; pbb; pby; prb,,,,
34WHMR,schema_tangrams,incompatible,0,0,ghost,ghost,purple brown; orange brown; purple red brown; purple yellow; orange red yellow; orange yellow; orange red brown; purple red yellow,purple red brown; orange red yellow; orange red brown; orange black brown; purple black yellow; purple red yellow; purple black brown; orange black yellow,orange black yellow; orange red brown; orange red yellow; purple red yellow; orange black brown; purple black brown; purple black yellow; purple red brown,orange black yellow; orange red brown; orange red yellow; purple red yellow; orange black brown; purple black brown; purple black yellow; purple red brown,,,,
34WHMR,schema_tangrams,incompatible,0,1,zombie,zombie,purple brown; orange brown; purple red brown; purple yellow; orange red yellow; orange yellow; orange red brown; purple red yellow,purple red brown; orange red yellow; orange red brown; orange black brown; purple black yellow; purple red yellow; purple black brown; orange black yellow,orange black yellow; orange red brown; orange red yellow; purple red yellow; orange black brown; purple black brown; purple black yellow; purple red brown,orange black yellow; orange red brown; orange red yellow; purple red yellow; orange black brown; purple black brown; purple black yellow; purple red brown,,,,
34WHMR,schema_tangrams,incompatible,0,2,square,square,purple brown; orange brown; purple red brown; purple yellow; orange red yellow; orange yellow; orange red brown; purple red yellow,purple red brown; orange red yellow; orange red brown; orange black brown; purple black yellow; purple red yellow; purple black brown; orange black yellow,orange black yellow; orange red brown; orange red yellow; purple red yellow; orange black brown; purple black brown; purple black yellow; purple red brown,orange black yellow; orange red brown; orange red yellow; purple red yellow; orange black brown; purple black brown; purple black yellow; purple red brown,,,,
34WHMR,schema_tangrams,incompatible,0,3,chicken,chicken,purple brown; orange brown; purple red brown; purple yellow; orange red yellow; orange yellow; orange red brown; purple red yellow,purple red brown; orange red yellow; orange red brown; orange black brown; purple black yellow; purple red yellow; purple black brown; orange black yellow,orange black yellow; orange red brown; orange red yellow; purple red yellow; orange black brown; purple black brown; purple black yellow; purple red brown,orange black yellow; orange red brown; orange red yellow; purple red yellow; orange black brown; purple black brown; purple black yellow; purple red brown,,,,
34WHMR,schema_tangrams,incompatible,0,4,box,box,purple brown; orange brown; purple red brown; purple yellow; orange red yellow; orange yellow; orange red brown; purple red yellow,purple red brown; orange red yellow; orange red brown; orange black brown; purple black yellow; purple red yellow; purple black brown; orange black yellow,orange black yellow; orange red brown; orange red yellow; purple red yellow; orange black brown; purple black brown; purple black yellow; purple red brown,orange black yellow; orange red brown; orange red yellow; purple red yellow; orange black brown; purple black brown; purple black yellow; purple red brown,,,,
34WHMR,schema_tangrams,incompatible,0,5,knees,tail,purple brown; orange brown; purple red brown; purple yellow; orange red yellow; orange yellow; orange red brown; purple red yellow,purple red brown; orange red yellow; orange red brown; orange black brown; purple black yellow; purple red yellow; purple black brown; orange black yellow,orange black yellow; orange red brown; orange red yellow; purple red yellow; orange black brown; purple black brown; purple black yellow; purple red brown,orange black yellow; orange red brown; orange red yellow; purple red yellow; orange black brown; purple black brown; purple black yellow; purple red brown,,,,
34WHMR,schema_tangrams,incompatible,0,6,d,dance,purple brown; orange brown; purple red brown; purple yellow; orange red yellow; orange yellow; orange red brown; purple red yellow,purple red brown; orange red yellow; orange red brown; orange black brown; purple black yellow; purple red yellow; purple black brown; orange black yellow,orange black yellow; orange red brown; orange red yellow; purple red yellow; orange black brown; purple black brown; purple black yellow; purple red brown,orange black yellow; orange red brown; orange red yellow; purple red yellow; orange black brown; purple black brown; purple black yellow; purple red brown,,,,
34WHMR,schema_tangrams,incompatible,0,7,tail,tail,purple brown; orange brown; purple red brown; purple yellow; orange red yellow; orange yellow; orange red brown; purple red yellow,purple red brown; orange red yellow; orange red brown; orange black brown; purple black yellow; purple red yellow; purple black brown; orange black yellow,orange black yellow; orange red brown; orange red yellow; purple red yellow; orange black brown; purple black brown; purple black yellow; purple red brown,orange black yellow; orange red brown; orange red yellow; purple red yellow; orange black brown; purple black brown; purple black yellow; purple red brown,,,,
34WHMR,schema_tangrams,incompatible,1,0,ghost,ghost,purple brown; orange brown; purple red brown; purple yellow; orange red yellow; orange yellow; orange red brown; purple red yellow,purple red brown; orange red yellow; orange red brown; orange black brown; purple black yellow; purple red yellow; purple black brown; orange black,orange black yellow; orange red brown; orange red yellow; purple red yellow; orange black brown; purple black brown; purple black yellow; purple red brown,orange black yellow; orange red brown; orange red yellow; purple red yellow; orange black brown; purple black brown; purple black yellow; purple red brown,,,,
34WHMR,schema_tangrams,incompatible,1,1,zombie,zombie,purple brown; orange brown; purple red brown; purple yellow; orange red yellow; orange yellow; orange red brown; purple red yellow,purple red brown; orange red yellow; orange red brown; orange black brown; purple black yellow; purple red yellow; purple black brown; orange black,orange black yellow; orange red brown; orange red yellow; purple red yellow; orange black brown; purple black brown; purple black yellow; purple red brown,orange black yellow; orange red brown; orange red yellow; purple red yellow; orange black brown; purple black brown; purple black yellow; purple red brown,,,,
34WHMR,schema_tangrams,incompatible,1,2,square,square,purple brown; orange brown; purple red brown; purple yellow; orange red yellow; orange yellow; orange red brown; purple red yellow,purple red brown; orange red yellow; orange red brown; orange black brown; purple black yellow; purple red yellow; purple black brown; orange black,orange black yellow; orange red brown; orange red yellow; purple red yellow; orange black brown; purple black brown; purple black yellow; purple red brown,orange black yellow; orange red brown; orange red yellow; purple red yellow; orange black brown; purple black brown; purple black yellow; purple red brown,,,,
34WHMR,schema_tangrams,incompatible,1,3,chicken,chicken,purple brown; orange brown; purple red brown; purple yellow; orange red yellow; orange yellow; orange red brown; purple red yellow,purple red brown; orange red yellow; orange red brown; orange black brown; purple black yellow; purple red yellow; purple black brown; orange black,orange black yellow; orange red brown; orange red yellow; purple red yellow; orange black brown; purple black brown; purple black yellow; purple red brown,orange black yellow; orange red brown; orange red yellow; purple red yellow; orange black brown; purple black brown; purple black yellow; purple red brown,,,,
34WHMR,schema_tangrams,incompatible,1,4,box,box,purple brown; orange brown; purple red brown; purple yellow; orange red yellow; orange yellow; orange red brown; purple red yellow,purple red brown; orange red yellow; orange red brown; orange black brown; purple black yellow; purple red yellow; purple black brown; orange black,orange black yellow; orange red brown; orange red yellow; purple red yellow; orange black brown; purple black brown; purple black yellow; purple red brown,orange black yellow; orange red brown; orange red yellow; purple red yellow; orange black brown; purple black brown; purple black yellow; purple red brown,,,,
34WHMR,schema_tangrams,incompatible,1,5,tail,knees,purple brown; orange brown; purple red brown; purple yellow; orange red yellow; orange yellow; orange red brown; purple red yellow,purple red brown; orange red yellow; orange red brown; orange black brown; purple black yellow; purple red yellow; purple black brown; orange black,orange black yellow; orange red brown; orange red yellow; purple red yellow; orange black brown; purple black brown; purple black yellow; purple red brown,orange black yellow; orange red brown; orange red yellow; purple red yellow; orange black brown; purple black brown; purple black yellow; purple red brown,,,,
34WHMR,schema_tangrams,incompatible,1,6,dance,d,purple brown; orange brown; purple red brown; purple yellow; orange red yellow; orange yellow; orange red brown; purple red yellow,purple red brown; orange red yellow; orange red brown; orange black brown; purple black yellow; purple red yellow; purple black brown; orange black,orange black yellow; orange red brown; orange red yellow; purple red yellow; orange black brown; purple black brown; purple black yellow; purple red brown,orange black yellow; orange red brown; orange red yellow; purple red yellow; orange black brown; purple black brown; purple black yellow; purple red brown,,,,
34WHMR,schema_tangrams,incompatible,1,7,tail,tail,purple brown; orange brown; purple red brown; purple yellow; orange red yellow; orange yellow; orange red brown; purple red yellow,purple red brown; orange red yellow; orange red brown; orange black brown; purple black yellow; purple red yellow; purple black brown; orange black,orange black yellow; orange red brown; orange red yellow; purple red yellow; orange black brown; purple black brown; purple black yellow; purple red brown,orange black yellow; orange red brown; orange red yellow; purple red yellow; orange black brown; purple black brown; purple black yellow; purple red brown,,,,
3BC0PA,schema,ambiguous,0,0,deep pink,deep pink,purple black brown; orange black brown; purple red brown; purple black yellow; orange red yellow; orange black yellow; orange red brown; purple red yellow,purple red brown; orange red yellow; orange red brown; orange black brown; purple black yellow; purple red yellow; purple black brown; orange black yellow,g; orange green brown; orange red yellow; purple green yellow; orange white brown; purple yellow brown; multi colour; purple red brown,grey; orange green brown; orange red yellow; purple green yellow; orange white brown; purple yellow brown; multi colour; purple white brown,,,,
3BC0PA,schema,ambiguous,0,1,pink purple yellow,pink purple yellow,purple black brown; orange black brown; purple red brown; purple black yellow; orange red yellow; orange black yellow; orange red brown; purple red yellow,purple red brown; orange red yellow; orange red brown; orange black brown; purple black yellow; purple red yellow; purple black brown; orange black yellow,g; orange green brown; orange red yellow; purple green yellow; orange white brown; purple yellow brown; multi colour; purple red brown,grey; orange green brown; orange red yellow; purple green yellow; orange white brown; purple yellow brown; multi colour; purple white brown,,,,
3BC0PA,schema,ambiguous,0,2,orange yellow brow,orange yellow brown,purple black brown; orange black brown; purple red brown; purple black yellow; orange red yellow; orange black yellow; orange red brown; purple red yellow,purple red brown; orange red yellow; orange red brown; orange black brown; purple black yellow; purple red yellow; purple black brown; orange black yellow,g; orange green brown; orange red yellow; purple green yellow; orange white brown; purple yellow brown; multi colour; purple red brown,grey; orange green brown; orange red yellow; purple green yellow; orange white brown; purple yellow brown; multi colour; purple white brown,,,,
3BC0PA,schema,ambiguous,0,3,orange brown,orange red brown,purple black brown; orange black brown; purple red brown; purple black yellow; orange red yellow; orange black yellow; orange red brown; purple red yellow,purple red brown; orange red yellow; orange red brown; orange black brown; purple black yellow; purple red yellow; purple black brown; orange black yellow,g; orange green brown; orange red yellow; purple green yellow; orange white brown; purple yellow brown; multi colour; purple red brown,grey; orange green brown; orange red yellow; purple green yellow; orange white brown; purple yellow brown; multi colour; purple white brown,,,,
3BC0PA,schema,ambiguous,0,4,blue,blue,purple black brown; orange black brown; purple red brown; purple black yellow; orange red yellow; orange black yellow; orange red brown; purple red yellow,purple red brown; orange red yellow; orange red brown; orange black brown; purple black yellow; purple red yellow; purple black brown; orange black yellow,g; orange green brown; orange red yellow; purple green yellow; orange white brown; purple yellow brown; multi colour; purple red brown,grey; orange green brown; orange red yellow; purple green yellow; orange white brown; purple yellow brown; multi colour; purple white brown,,,,
3BC0PA,schema,ambiguous,0,5,black,black,purple black brown; orange black brown; purple red brown; purple black yellow; orange red yellow; orange black yellow; orange red brown; purple red yellow,purple red brown; orange red yellow; orange red brown; orange black brown; purple black yellow; purple red yellow; purple black brown; orange black yellow,g; orange green brown; orange red yellow; purple green yellow; orange white brown; purple yellow brown; multi colour; purple red brown,grey; orange green brown; orange red yellow; purple green yellow; orange white brown; purple yellow brown; multi colour; purple white brown,,,,
3BC0PA,schema,ambiguous,0,6,purple white yellow,purple white yellow,purple black brown; orange black brown; purple red brown; purple black yellow; orange red yellow; orange black yellow; orange red brown; purple red yellow,purple red brown; orange red yellow; orange red brown; orange black brown; purple black yellow; purple red yellow; purple black brown; orange black yellow,g; orange green brown; orange red yellow; purple green yellow; orange white brown; purple yellow brown; multi colour; purple red brown,grey; orange green brown; orange red yellow; purple green yellow; orange white brown; purple yellow brown; multi colour; purple white brown,,,,
3BC0PA,schema,ambiguous,0,7,purple white red,purple white red,purple black brown; orange black brown; purple red brown; purple black yellow; orange red yellow; orange black yellow; orange red brown; purple red yellow,purple red brown; orange red yellow; orange red brown; orange black brown; purple black yellow; purple red yellow; purple black brown; orange black yellow,g; orange green brown; orange red yellow; purple green yellow; orange white brown; purple yellow brown; multi colour; purple red brown,grey; orange green brown; orange red yellow; purple green yellow; orange white brown; purple yellow brown; multi colour; purple white brown,,,,
3BC0PA,schema,ambiguous,1,0,deep pink,deep pink,purple black brown; orange black brown; purple red brown; purple black yellow; orange red yellow; orange black yellow; orange red brown; purple red yellow,purple red brown; orange red yellow; orange red brown; orange black brown; purple black yellow; purple red yellow; purple black brown; orange black yellow,grey; orange green brown; orange red yellow; purple green yellow; orange white brown; purple yellow brown; multi colour; purple white brown,g; orange green brown; orange red yellow; purple green yellow; orange white brown; purple yellow brown; multi colour; purple red brown,,,,
3BC0PA,schema,ambiguous,1,1,pink purple yellow,pink purple yellow,purple black brown; orange black brown; purple red brown; purple black yellow; orange red yellow; orange black yellow; orange red brown; purple red yellow,purple red brown; orange red yellow; orange red brown; orange black brown; purple black yellow; purple red yellow; purple black brown; orange black yellow,grey; orange green brown; orange red yellow; purple green yellow; orange white brown; purple yellow brown; multi colour; purple white brown,g; orange green brown; orange red yellow; purple green yellow; orange white brown; purple yellow brown; multi colour; purple red brown,,,,
3BC0PA,schema,ambiguous,1,2,orange yellow brown,orange yellow brow,purple black brown; orange black brown; purple red brown; purple black yellow; orange red yellow; orange black yellow; orange red brown; purple red yellow,purple red brown; orange red yellow; orange red brown; orange black brown; purple black yellow; purple red yellow; purple black brown; orange black yellow,grey; orange green brown; orange red yellow; purple green yellow; orange white brown; purple yellow brown; multi colour; purple white brown,g; orange green brown; orange red yellow; purple green yellow; orange white brown; purple yellow brown; multi colour; purple red brown,,,,
3BC0PA,schema,ambiguous,1,3,orange red brown,orange brown,purple black brown; orange black brown; purple red brown; purple black yellow; orange red yellow; orange black yellow; orange red brown; purple red yellow,purple red brown; orange red yellow; orange red brown; orange black brown; purple black yellow; purple red yellow; purple black brown; orange black yellow,grey; orange green brown; orange red yellow; purple green yellow; orange white brown; purple yellow brown; multi colour; purple white brown,g; orange green brown; orange red yellow; purple green yellow; orange white brown; purple yellow brown; multi colour; purple red brown,,,,
3BC0PA,schema,ambiguous,1,4,blue,blue,purple black brown; orange black brown; purple red brown; purple black yellow; orange red yellow; orange black yellow; orange red brown; purple red yellow,purple red brown; orange red yellow; orange red brown; orange black brown; purple black yellow; purple red yellow; purple black brown; orange black yellow,grey; orange green brown; orange red yellow; purple green yellow; orange white brown; purple yellow brown; multi colour; purple white brown,g; orange green brown; orange red yellow; purple green yellow; orange white brown; purple yellow brown; multi colour; purple red brown,,,,
3BC0PA,schema,ambiguous,1,5,black,black,purple black brown; orange black brown; purple red brown; purple black yellow; orange red yellow; orange black yellow; orange red brown; purple red yellow,purple red brown; orange red yellow; orange red brown; orange black brown; purple black yellow; purple red yellow; purple black brown; orange black yellow,grey; orange green brown; orange red yellow; purple green yellow; orange white brown; purple yellow brown; multi colour; purple white brown,g; orange green brown; orange red yellow; purple green yellow; orange white brown; purple yellow brown; multi colour; purple red brown,,,,
3BC0PA,schema,ambiguous,1,6,purple white yellow,purple white yellow,purple black brown; orange black brown; purple red brown; purple black yellow; orange red yellow; orange black yellow; orange red brown; purple red yellow,purple red brown; orange red yellow; orange red brown; orange black brown; purple black yellow; purple red yellow; purple black brown; orange black yellow,grey; orange green brown; orange red yellow; purple green yellow; orange white brown; purple yellow brown; multi colour; purple white brown,g; orange green brown; orange red yellow; purple green yellow; orange white brown; purple yellow brown; multi colour; purple red brown,,,,
3BC0PA,schema,ambiguous,1,7,purple white red,purple white red,purple black brown; orange black brown; purple red brown; purple black yellow; orange red yellow; orange black yellow; orange red brown; purple red yellow,purple red brown; orange red yellow; orange red brown; orange black brown; purple black yellow; purple red yellow; purple black brown; orange black yellow,grey; orange green brown; orange red yellow; purple green yellow; orange white brown; purple yellow brown; multi colour; purple white brown,g; orange green brown; orange red yellow; purple green yellow; orange white brown; purple yellow brown; multi colour; purple red brown,,,,
3DRJ3F,schema,ambiguous,0,0,purple,purple,purple black brown; orange black brown; purple red brown; purple black yellow; orange red yellow; orange black yellow; orange red brown; purple red yellow,purple red brown; orange red yellow; orange red brown; orange black brown; purple black yellow; purple red yellow; purple black brown; orange black yellow,tower; wheel; red; wizard; square; lemon; quilt; crane,tower; wheel; red; wizard; square; lemon; quilt; crane,,,,
3DRJ3F,schema,ambiguous,0,1,short,short,purple black brown; orange black brown; purple red brown; purple black yellow; orange red yellow; orange black yellow; orange red brown; purple red yellow,purple red brown; orange red yellow; orange red brown; orange black brown; purple black yellow; purple red yellow; purple black brown; orange black yellow,tower; wheel; red; wizard; square; lemon; quilt; crane,tower; wheel; red; wizard; square; lemon; quilt; crane,,,,
3DRJ3F,schema,ambiguous,0,2,yellow,yellow,purple black brown; orange black brown; purple red brown; purple black yellow; orange red yellow; orange black yellow; orange red brown; purple red yellow,purple red brown; orange red yellow; orange red brown; orange black brown; purple black yellow; purple red yellow; purple black brown; orange black yellow,tower; wheel; red; wizard; square; lemon; quilt; crane,tower; wheel; red; wizard; square; lemon; quilt; crane,,,,
3DRJ3F,schema,ambiguous,0,3,brown,brown,purple black brown; orange black brown; purple red brown; purple black yellow; orange red yellow; orange black yellow; orange red brown; purple red yellow,purple red brown; orange red yellow; orange red brown; orange black brown; purple black yellow; purple red yellow; purple black brown; orange black yellow,tower; wheel; red; wizard; square; lemon; quilt; crane,tower; wheel; red; wizard; square; lemon; quilt; crane,,,,
3DRJ3F,schema,ambiguous,0,4,blue,blue,purple black brown; orange black brown; purple red brown; purple black yellow; orange red yellow; orange black yellow; orange red brown; purple red yellow,purple red brown; orange red yellow; orange red brown; orange black brown; purple black yellow; purple red yellow; purple black brown; orange black yellow,tower; wheel; red; wizard; square; lemon; quilt; crane,tower; wheel; red; wizard; square; lemon; quilt; crane,,,,
3DRJ3F,schema,ambiguous,0,5,black,black,purple black brown; orange black brown; purple red brown; purple black yellow; orange red yellow; orange black yellow; orange red brown; purple red yellow,purple red brown; orange red yellow; orange red brown; orange black brown; purple black yellow; purple red yellow; purple black brown; orange black yellow,tower; wheel; red; wizard; square; lemon; quilt; crane,tower; wheel; red; wizard; square; lemon; quilt; crane,,,,
3DRJ3F,schema,ambiguous,0,6,tea,tea,purple black brown; orange black brown; purple red brown; purple black yellow; orange red yellow; orange black yellow; orange red brown; purple red yellow,purple red brown; orange red yellow; orange red brown; orange black brown; purple black yellow; purple red yellow; purple black brown; orange black yellow,tower; wheel; red; wizard; square; lemon; quilt; crane,tower; wheel; red; wizard; square; lemon; quilt; crane,,,,
3DRJ3F,schema,ambiguous,0,7,glasses,glasses,purple black brown; orange black brown; purple red brown; purple black yellow; orange red yellow; orange black yellow; orange red brown; purple red yellow,purple red brown; orange red yellow; orange red brown; orange black brown; purple black yellow; purple red yellow; purple black brown; orange black yellow,tower; wheel; red; wizard; square; lemon; quilt; crane,tower; wheel; red; wizard; square; lemon; quilt; crane,,,,
3DRJ3F,schema,ambiguous,1,0,purple,purple,purple black brown; orange black brown; purple red brown; purple black yellow; orange red yellow; orange black yellow; orange red brown; purple red yellow,purple red brown; orange red yellow; orange red brown; orange black brown; purple black yellow; purple red yellow; purple black brown; orange black yellow,tower; wheel; red; wizard; square; lemon; quilt; crane,tower; wheel; red; wizard; square; lemon; quilt; crane,,,,
3DRJ3F,schema,ambiguous,1,1,short,short,purple black brown; orange black brown; purple red brown; purple black yellow; orange red yellow; orange black yellow; orange red brown; purple red yellow,purple red brown; orange red yellow; orange red brown; orange black brown; purple black yellow; purple red yellow; purple black brown; orange black yellow,tower; wheel; red; wizard; square; lemon; quilt; crane,tower; wheel; red; wizard; square; lemon; quilt; crane,,,,
3DRJ3F,schema,ambiguous,1,2,yellow,yellow,purple black brown; orange black brown; purple red brown; purple black yellow; orange red yellow; orange black yellow; orange red brown; purple red yellow,purple red brown; orange red yellow; orange red brown; orange black brown; purple black yellow; purple red yellow; purple black brown; orange black yellow,tower; wheel; red; wizard; square; lemon; quilt; crane,tower; wheel; red; wizard; square; lemon; quilt; crane,,,,
3DRJ3F,schema,ambiguous,1,3,brown,brown,purple black brown; orange black brown; purple red brown; purple black yellow; orange red yellow; orange black yellow; orange red brown; purple red yellow,purple red brown; orange red yellow; orange red brown; orange black brown; purple black yellow; purple red yellow; purple black brown; orange black yellow,tower; wheel; red; wizard; square; lemon; quilt; crane,tower; wheel; red; wizard; square; lemon; quilt; crane,,,,
3DRJ3F,schema,ambiguous,1,4,blue,blue,purple black brown; orange black brown; purple red brown; purple black yellow; orange red yellow; orange black yellow; orange red brown; purple red yellow,purple red brown; orange red yellow; orange red brown; orange black brown; purple black yellow; purple red yellow; purple black brown; orange black yellow,tower; wheel; red; wizard; square; lemon; quilt; crane,tower; wheel; red; wizard; square; lemon; quilt; crane,,,,
3DRJ3F,schema,ambiguous,1,5,black,black,purple black brown; orange black brown; purple red brown; purple black yellow; orange red yellow; orange black yellow; orange red brown; purple red yellow,purple red brown; orange red yellow; orange red brown; orange black brown; purple black yellow; purple red yellow; purple black brown; orange black yellow,tower; wheel; red; wizard; square; lemon; quilt; crane,tower; wheel; red; wizard; square; lemon; quilt; crane,,,,
3DRJ3F,schema,ambiguous,1,6,tea,tea,purple black brown; orange black brown; purple red brown; purple black yellow; orange red yellow; orange black yellow; orange red brown; purple red yellow,purple red brown; orange red yellow; orange red brown; orange black brown; purple black yellow; purple red yellow; purple black brown; orange black yellow,tower; wheel; red; wizard; square; lemon; quilt; crane,tower; wheel; red; wizard; square; lemon; quilt; crane,,,,
3DRJ3F,schema,ambiguous,1,7,glasses,glasses,purple black brown; orange black brown; purple red brown; purple black yellow; orange red yellow; orange black yellow; orange red brown; purple red yellow,purple red brown; orange red yellow; orange red brown; orange black brown; purple black yellow; purple red yellow; purple black brown; orange black yellow,tower; wheel; red; wizard; square; lemon; quilt; crane,tower; wheel; red; wizard; square; lemon; quilt; crane,,,,
40Y5YE,schema,ambiguous,0,0,purple right black yellow tall,purple right black yellow tall,purple right black brown; orange right black brown; purple left red brown; purple right black yellow; orange left red yellow; orange right black yellow; orange left red brown; purple left red yellow,purple left red brown; orange left red yellow; orange left red brown; orange right black brown; purple right black yellow; purple left red yellow; purple right black brown; orange right black yellow,orange right black yellow; orange left red brown; orange left red yellow; purple left red yellow; orange left black brown; purple right black brown; purple right black yellow; purple left red brown,orange right black yellow; orange left red brown; orange left red yellow; purple left red yellow; orange right black brown; purple right black brown; purple right black yellow; purple left red brown,,,,
40Y5YE,schema,ambiguous,0,1,purple right black yellow short,purple right black yellow short,purple right black brown; orange right black brown; purple left red brown; purple right black yellow; orange left red yellow; orange right black yellow; orange left red brown; purple left red yellow,purple left red brown; orange left red yellow; orange left red brown; orange right black brown; purple right black yellow; purple left red yellow; purple right black brown; orange right black yellow,orange right black yellow; orange left red brown; orange left red yellow; purple left red yellow; orange left black brown; purple right black brown; purple right black yellow; purple left red brown,orange right black yellow; orange left red brown; orange left red yellow; purple left red yellow; orange right black brown; purple right black brown; purple right black yellow; purple left red brown,,,,
40Y5YE,schema,ambiguous,0,2,orange left red brown tall,orange left red brown tall,purple right black brown; orange right black brown; purple left red brown; purple right black yellow; orange left red yellow; orange right black yellow; orange left red brown; purple left red yellow,purple left red brown; orange left red yellow; orange left red brown; orange right black brown; purple right black yellow; purple left red yellow; purple right black brown; orange right black yellow,orange right black yellow; orange left red brown; orange left red yellow; purple left red yellow; orange left black brown; purple right black brown; purple right black yellow; purple left red brown,orange right black yellow; orange left red brown; orange left red yellow; purple left red yellow; orange right black brown; purple right black brown; purple right black yellow; purple left red brown,,,,
40Y5YE,schema,ambiguous,0,3,orange left red brown legs,orange left red brown legs,purple right black brown; orange right black brown; purple left red brown; purple right black yellow; orange left red yellow; orange right black yellow; orange left red brown; purple left red yellow,purple left red brown; orange left red yellow; orange left red brown; orange right black brown; purple right black yellow; purple left red yellow; purple right black brown; orange right black yellow,orange right black yellow; orange left red brown; orange left red yellow; purple left red yellow; orange left black brown; purple right black brown; purple right black yellow; purple left red brown,orange right black yellow; orange left red brown; orange left red yellow; purple left red yellow; orange right black brown; purple right black brown; purple right black yellow; purple left red brown,,,,
40Y5YE,schema,ambiguous,0,4,orange left red brown short,orange left red brown short,purple right black brown; orange right black brown; purple left red brown; purple right black yellow; orange left red yellow; orange right black yellow; orange left red brown; purple left red yellow,purple left red brown; orange left red yellow; orange left red brown; orange right black brown; purple right black yellow; purple left red yellow; purple right black brown; orange right black yellow,orange right black yellow; orange left red brown; orange left red yellow; purple left red yellow; orange left black brown; purple right black brown; purple right black yellow; purple left red brown,orange right black yellow; orange left red brown; orange left red yellow; purple left red yellow; orange right black brown; purple right black brown; purple right black yellow; purple left red brown,,,,
40Y5YE,schema,ambiguous,0,5,orange left red brown short,orange left red brown short,purple right black brown; orange right black brown; purple left red brown; purple right black yellow; orange left red yellow; orange right black yellow; orange left red brown; purple left red yellow,purple left red brown; orange left red yellow; orange left red brown; orange right black brown; purple right black yellow; purple left red yellow; purple right black brown; orange right black yellow,orange right black yellow; orange left red brown; orange left red yellow; purple left red yellow; orange left black brown; purple right black brown; purple right black yellow; purple left red brown,orange right black yellow; orange left red brown; orange left red yellow; purple left red yellow; orange right black brown; purple right black brown; purple right black yellow; purple left red brown,,,,
40Y5YE,schema,ambiguous,0,6,purple right black yellow short,purple right black yellow short,purple right black brown; orange right black brown; purple left red brown; purple right black yellow; orange left red yellow; orange right black yellow; orange left red brown; purple left red yellow,purple left red brown; orange left red yellow; orange left red brown; orange right black brown; purple right black yellow; purple left red yellow; purple right black brown; orange right black yellow,orange right black yellow; orange left red brown; orange left red yellow; purple left red yellow; orange left black brown; purple right black brown; purple right black yellow; purple left red brown,orange right black yellow; orange left red brown; orange left red yellow; purple left red yellow; orange right black brown; purple right black brown; purple right black yellow; purple left red brown,,,,
40Y5YE,schema,ambiguous,0,7,purple right black yellow tall,purple right black yellow tall,purple right black brown; orange right black brown; purple left red brown; purple right black yellow; orange left red yellow; orange right black yellow; orange left red brown; purple left red yellow,purple left red brown; orange left red yellow; orange left red brown; orange right black brown; purple right black yellow; purple left red yellow; purple right black brown; orange right black yellow,orange right black yellow; orange left red brown; orange left red yellow; purple left red yellow; orange left black brown; purple right black brown; purple right black yellow; purple left red brown,orange right black yellow; orange left red brown; orange left red yellow; purple left red yellow; orange right black brown; purple right black brown; purple right black yellow; purple left red brown,,,,
40Y5YE,schema,ambiguous,1,0,purple right black yellow tall,purple right black yellow tall,purple right black brown; orange right black brown; purple left red brown; purple right black yellow; orange left red yellow; orange right black yellow; orange left red brown; purple left red yellow,purple left red brown; orange left red yellow; orange left red brown; orange right black brown; purple right black yellow; purple left red yellow; purple right black brown; orange right black yellow,orange right black yellow; orange left red brown; orange left red yellow; purple left red yellow; orange right black brown; purple right black brown; purple right black yellow; purple left red brown,orange right black yellow; orange left red brown; orange left red yellow; purple left red yellow; orange left black brown; purple right black brown; purple right black yellow; purple left red brown,,,,
40Y5YE,schema,ambiguous,1,1,purple right black yellow short,purple right black yellow short,purple right black brown; orange right black brown; purple left red brown; purple right black yellow; orange left red yellow; orange right black yellow; orange left red brown; purple left red yellow,purple left red brown; orange left red yellow; orange left red brown; orange right black brown; purple right black yellow; purple left red yellow; purple right black brown; orange right black yellow,orange right black yellow; orange left red brown; orange left red yellow; purple left red yellow; orange right black brown; purple right black brown; purple right black yellow; purple left red brown,orange right black yellow; orange left red brown; orange left red yellow; purple left red yellow; orange left black brown; purple right black brown; purple right black yellow; purple left red brown,,,,
40Y5YE,schema,ambiguous,1,2,orange left red brown tall,orange left red brown tall,purple right black brown; orange right black brown; purple left red brown; purple right black yellow; orange left red yellow; orange right black yellow; orange left red brown; purple left red yellow,purple left red brown; orange left red yellow; orange left red brown; orange right black brown; purple right black yellow; purple left red yellow; purple right black brown; orange right black yellow,orange right black yellow; orange left red brown; orange left red yellow; purple left red yellow; orange right black brown; purple right black brown; purple right black yellow; purple left red brown,orange right black yellow; orange left red brown; orange left red yellow; purple left red yellow; orange left black brown; purple right black brown; purple right black yellow; purple left red brown,,,,
40Y5YE,schema,ambiguous,1,3,orange left red brown legs,orange left red brown legs,purple right black brown; orange right black brown; purple left red brown; purple right black yellow; orange left red yellow; orange right black yellow; orange left red brown; purple left red yellow,purple left red brown; orange left red yellow; orange left red brown; orange right black brown; purple right black yellow; purple left red yellow; purple right black brown; orange right black yellow,orange right black yellow; orange left red brown; orange left red yellow; purple left red yellow; orange right black brown; purple right black brown; purple right black yellow; purple left red brown,orange right black yellow; orange left red brown; orange left red yellow; purple left red yellow; orange left black brown; purple right black brown; purple right black yellow; purple left red brown,,,,
40Y5YE,schema,ambiguous,1,4,orange left red brown short,orange left red brown short,purple right black brown; orange right black brown; purple left red brown; purple right black yellow; orange left red yellow; orange right black yellow; orange left red brown; purple left red yellow,purple left red brown; orange left red yellow; orange left red brown; orange right black brown; purple right black yellow; purple left red yellow; purple right black brown; orange right black yellow,orange right black yellow; orange left red brown; orange left red yellow; purple left red yellow; orange right black brown; purple right black brown; purple right black yellow; purple left red brown,orange right black yellow; orange left red brown; orange left red yellow; purple left red yellow; orange left black brown; purple right black brown; purple right black yellow; purple left red brown,,,,
40Y5YE,schema,ambiguous,1,5,orange left red brown short,orange left red brown short,purple right black brown; orange right black brown; purple left red brown; purple right black yellow; orange left red yellow; orange right black yellow; orange left red brown; purple left red yellow,purple left red brown; orange left red yellow; orange left red brown; orange right black brown; purple right black yellow; purple left red yellow; purple right black brown; orange right black yellow,orange right black yellow; orange left red brown; orange left red yellow; purple left red yellow; orange right black brown; purple right black brown; purple right black yellow; purple left red brown,orange right black yellow; orange left red brown; orange left red yellow; purple left red yellow; orange left black brown; purple right black brown; purple right black yellow; purple left red brown,,,,
40Y5YE,schema,ambiguous,1,6,purple right black yellow short,purple right black yellow short,purple right black brown; orange right black brown; purple left red brown; purple right black yellow; orange left red yellow; orange right black yellow; orange left red brown; purple left red yellow,purple left red brown; orange left red yellow; orange left red brown; orange right black brown; purple right black yellow; purple left red yellow; purple right black brown; orange right black yellow,orange right black yellow; orange left red brown; orange left red yellow; purple left red yellow; orange right black brown; purple right black brown; purple right black yellow; purple left red brown,orange right black yellow; orange left red brown; orange left red yellow; purple left red yellow; orange left black brown; purple right black brown; purple right black yellow; purple left red brown,,,,
40Y5YE,schema,ambiguous,1,7,purple right black yellow tall,purple right black yellow tall,purple right black brown; orange right black brown; purple left red brown; purple right black yellow; orange left red yellow; orange right black yellow; orange left red brown; purple left red yellow,purple left red brown; orange left red yellow; orange left red brown; orange right black brown; purple right black yellow; purple left red yellow; purple right black brown; orange right black yellow,orange right black yellow; orange left red brown; orange left red yellow; purple left red yellow; orange right black brown; purple right black brown; purple right black yellow; purple left red brown,orange right black yellow; orange left red brown; orange left red yellow; purple left red yellow; orange left black brown; purple right black brown; purple right black yellow; purple left red brown,,,,
4CMZDP,schema,ambiguous,0,0,gray purple yellow,gray purple yellow,gray black brown; orange black brown; gray red brown; gray black yellow; orange red yellow; orange black yellow; orange red brown; gray red yellow,gray red brown; orange red yellow; orange red brown; orange black brown; gray black yellow; gray red yellow; gray black brown; orange black yellow,orange black yellow; orange red brown; orange red yellow; gray red yellow; orange black brown; gray black brown; gray black yellow; gray red brown,orange black yellow; orange red brown; orange red yellow; gray red yellow; orange black brown; gray black brown; gray black yellow; gray red brown,,,,
4CMZDP,schema,ambiguous,0,1,purple black yellow,gray black yellow,gray black brown; orange black brown; gray red brown; gray black yellow; orange red yellow; orange black yellow; orange red brown; gray red yellow,gray red brown; orange red yellow; orange red brown; orange black brown; gray black yellow; gray red yellow; gray black brown; orange black yellow,orange black yellow; orange red brown; orange red yellow; gray red yellow; orange black brown; gray black brown; gray black yellow; gray red brown,orange black yellow; orange red brown; orange red yellow; gray red yellow; orange black brown; gray black brown; gray black yellow; gray red brown,,,,
4CMZDP,schema,ambiguous,0,2,orange yellow brown,orange yellow brown,gray black brown; orange black brown; gray red brown; gray black yellow; orange red yellow; orange black yellow; orange red brown; gray red yellow,gray red brown; orange red yellow; orange red brown; orange black brown; gray black yellow; gray red yellow; gray black brown; orange black yellow,orange black yellow; orange red brown; orange red yellow; gray red yellow; orange black brown; gray black brown; gray black yellow; gray red brown,orange black yellow; orange red brown; orange red yellow; gray red yellow; orange black brown; gray black brown; gray black yellow; gray red brown,,,,
4CMZDP,schema,ambiguous,0,3,orange red brown 2,orange red brown,gray black brown; orange black brown; gray red brown; gray black yellow; orange red yellow; orange black yellow; orange red brown; gray red yellow,gray red brown; orange red yellow; orange red brown; orange black brown; gray black yellow; gray red yellow; gray black brown; orange black yellow,orange black yellow; orange red brown; orange red yellow; gray red yellow; orange black brown; gray black brown; gray black yellow; gray red brown,orange black yellow; orange red brown; orange red yellow; gray red yellow; orange black brown; gray black brown; gray black yellow; gray red brown,,,,
4CMZDP,schema,ambiguous,0,4,orange red brown,orange red brown,gray black brown; orange black brown; gray red brown; gray black yellow; orange red yellow; orange black yellow; orange red brown; gray red yellow,gray red brown; orange red yellow; orange red brown; orange black brown; gray black yellow; gray red yellow; gray black brown; orange black yellow,orange black yellow; orange red brown; orange red yellow; gray red yellow; orange black brown; gray black brown; gray black yellow; gray red brown,orange black yellow; orange red brown; orange red yellow; gray red yellow; orange black brown; gray black brown; gray black yellow; gray red brown,,,,
4CMZDP,schema,ambiguous,0,5,orange red brown,orange red brown,gray black brown; orange black brown; gray red brown; gray black yellow; orange red yellow; orange black yellow; orange red brown; gray red yellow,gray red brown; orange red yellow; orange red brown; orange black brown; gray black yellow; gray red yellow; gray black brown; orange black yellow,orange black yellow; orange red brown; orange red yellow; gray red yellow; orange black brown; gray black brown; gray black yellow; gray red brown,orange black yellow; orange red brown; orange red yellow; gray red yellow; orange black brown; gray black brown; gray black yellow; gray red brown,,,,
4CMZDP,schema,ambiguous,0,6,gray black yellow,gray black yellow,gray black brown; orange black brown; gray red brown; gray black yellow; orange red yellow; orange black yellow; orange red brown; gray red yellow,gray red brown; orange red yellow; orange red brown; orange black brown; gray black yellow; gray red yellow; gray black brown; orange black yellow,orange black yellow; orange red brown; orange red yellow; gray red yellow; orange black brown; gray black brown; gray black yellow; gray red brown,orange black yellow; orange red brown; orange red yellow; gray red yellow; orange black brown; gray black brown; gray black yellow; gray red brown,,,,
4CMZDP,schema,ambiguous,0,7,gray black yellow 2,gray black yellow,gray black brown; orange black brown; gray red brown; gray black yellow; orange red yellow; orange black yellow; orange red brown; gray red yellow,gray red brown; orange red yellow; orange red brown; orange black brown; gray black yellow; gray red yellow; gray black brown; orange black yellow,orange black yellow; orange red brown; orange red yellow; gray red yellow; orange black brown; gray black brown; gray black yellow; gray red brown,orange black yellow; orange red brown; orange red yellow; gray red yellow; orange black brown; gray black brown; gray black yellow; gray red brown,,,,
4CMZDP,schema,ambiguous,1,0,gray purple yellow,gray purple yellow,gray black brown; orange black brown; gray red brown; gray black yellow; orange red yellow; orange black yellow; orange red brown; gray red yellow,gray red brown; orange red yellow; orange red brown; orange black brown; gray black yellow; gray red yellow; gray black brown; orange black yellow,orange black yellow; orange red brown; orange red yellow; gray red yellow; orange black brown; gray black brown; gray black yellow; gray red brown,orange black yellow; orange red brown; orange red yellow; gray red yellow; orange black brown; gray black brown; gray black yellow; gray red brown,,,,
4CMZDP,schema,ambiguous,1,1,gray black yellow,purple black yellow,gray black brown; orange black brown; gray red brown; gray black yellow; orange red yellow; orange black yellow; orange red brown; gray red yellow,gray red brown; orange red yellow; orange red brown; orange black brown; gray black yellow; gray red yellow; gray black brown; orange black yellow,orange black yellow; orange red brown; orange red yellow; gray red yellow; orange black brown; gray black brown; gray black yellow; gray red brown,orange black yellow; orange red brown; orange red yellow; gray red yellow; orange black brown; gray black brown; gray black yellow; gray red brown,,,,
4CMZDP,schema,ambiguous,1,2,orange yellow brown,orange yellow brown,gray black brown; orange black brown; gray red brown; gray black yellow; orange red yellow; orange black yellow; orange red brown; gray red yellow,gray red brown; orange red yellow; orange red brown; orange black brown; gray black yellow; gray red yellow; gray black brown; orange black yellow,orange black yellow; orange red brown; orange red yellow; gray red yellow; orange black brown; gray black brown; gray black yellow; gray red brown,orange black yellow; orange red brown; orange red yellow; gray red yellow; orange black brown; gray black brown; gray black yellow; gray red brown,,,,
4CMZDP,schema,ambiguous,1,3,orange red brown,orange red brown 2,gray black brown; orange black brown; gray red brown; gray black yellow; orange red yellow; orange black yellow; orange red brown; gray red yellow,gray red brown; orange red yellow; orange red brown; orange black brown; gray black yellow; gray red yellow; gray black brown; orange black yellow,orange black yellow; orange red brown; orange red yellow; gray red yellow; orange black brown; gray black brown; gray black yellow; gray red brown,orange black yellow; orange red brown; orange red yellow; gray red yellow; orange black brown; gray black brown; gray black yellow; gray red brown,,,,
4CMZDP,schema,ambiguous,1,4,orange red brown,orange red brown,gray black brown; orange black brown; gray red brown; gray black yellow; orange red yellow; orange black yellow; orange red brown; gray red yellow,gray red brown; orange red yellow; orange red brown; orange black brown; gray black yellow; gray red yellow; gray black brown; orange black yellow,orange black yellow; orange red brown; orange red yellow; gray red yellow; orange black brown; gray black brown; gray black yellow; gray red brown,orange black yellow; orange red brown; orange red yellow; gray red yellow; orange black brown; gray black brown; gray black yellow; gray red brown,,,,
4CMZDP,schema,ambiguous,1,5,orange red brown,orange red brown,gray black brown; orange black brown; gray red brown; gray black yellow; orange red yellow; orange black yellow; orange red brown; gray red yellow,gray red brown; orange red yellow; orange red brown; orange black brown; gray black yellow; gray red yellow; gray black brown; orange black yellow,orange black yellow; orange red brown; orange red yellow; gray red yellow; orange black brown; gray black brown; gray black yellow; gray red brown,orange black yellow; orange red brown; orange red yellow; gray red yellow; orange black brown; gray black brown; gray black yellow; gray red brown,,,,
4CMZDP,schema,ambiguous,1,6,gray black yellow,gray black yellow,gray black brown; orange black brown; gray red brown; gray black yellow; orange red yellow; orange black yellow; orange red brown; gray red yellow,gray red brown; orange red yellow; orange red brown; orange black brown; gray black yellow; gray red yellow; gray black brown; orange black yellow,orange black yellow; orange red brown; orange red yellow; gray red yellow; orange black brown; gray black brown; gray black yellow; gray red brown,orange black yellow; orange red brown; orange red yellow; gray red yellow; orange black brown; gray black brown; gray black yellow; gray red brown,,,,
4CMZDP,schema,ambiguous,1,7,gray black yellow,gray black yellow 2,gray black brown; orange black brown; gray red brown; gray black yellow; orange red yellow; orange black yellow; orange red brown; gray red yellow,gray red brown; orange red yellow; orange red brown; orange black brown; gray black yellow; gray red yellow; gray black brown; orange black yellow,orange black yellow; orange red brown; orange red yellow; gray red yellow; orange black brown; gray black brown; gray black yellow; gray red brown,orange black yellow; orange red brown; orange red yellow; gray red yellow; orange black brown; gray black brown; gray black yellow; gray red brown,,,,
4MZDNN,schema_tangrams,incompatible,0,0,open,open,pbb; obb; prb; pby; ory; oby; orb; pry,perb; oery; oerb; oebb; peby; pery; pebb; oeby,grey; green fat; red; green thin; white fat; yellow; colour; white thin,grey; green fat; red; green thin; white fat; yellow; colour; white thin,,,,
4MZDNN,schema_tangrams,incompatible,0,1,one leg,one leg,pbb; obb; prb; pby; ory; oby; orb; pry,perb; oery; oerb; oebb; peby; pery; pebb; oeby,grey; green fat; red; green thin; white fat; yellow; colour; white thin,grey; green fat; red; green thin; white fat; yellow; colour; white thin,,,,
4MZDNN,schema_tangrams,incompatible,0,2,fighting,fighting,pbb; obb; prb; pby; ory; oby; orb; pry,perb; oery; oerb; oebb; peby; pery; pebb; oeby,grey; green fat; red; green thin; white fat; yellow; colour; white thin,grey; green fat; red; green thin; white fat; yellow; colour; white thin,,,,
4MZDNN,schema_tangrams,incompatible,0,3,balancing,balancing,pbb; obb; prb; pby; ory; oby; orb; pry,perb; oery; oerb; oebb; peby; pery; pebb; oeby,grey; green fat; red; green thin; white fat; yellow; colour; white thin,grey; green fat; red; green thin; white fat; yellow; colour; white thin,,,,
4MZDNN,schema_tangrams,incompatible,0,4,praying,prist,pbb; obb; prb; pby; ory; oby; orb; pry,perb; oery; oerb; oebb; peby; pery; pebb; oeby,grey; green fat; red; green thin; white fat; yellow; colour; white thin,grey; green fat; red; green thin; white fat; yellow; colour; white thin,,,,
4MZDNN,schema_tangrams,incompatible,0,5,praying,praying,pbb; obb; prb; pby; ory; oby; orb; pry,perb; oery; oerb; oebb; peby; pery; pebb; oeby,grey; green fat; red; green thin; white fat; yellow; colour; white thin,grey; green fat; red; green thin; white fat; yellow; colour; white thin,,,,
4MZDNN,schema_tangrams,incompatible,0,6,laying,laying,pbb; obb; prb; pby; ory; oby; orb; pry,perb; oery; oerb; oebb; peby; pery; pebb; oeby,grey; green fat; red; green thin; white fat; yellow; colour; white thin,grey; green fat; red; green thin; white fat; yellow; colour; white thin,,,,
4MZDNN,schema_tangrams,incompatible,0,7,kneeling,kneeling,pbb; obb; prb; pby; ory; oby; orb; pry,perb; oery; oerb; oebb; peby; pery; pebb; oeby,grey; green fat; red; green thin; white fat; yellow; colour; white thin,grey; green fat; red; green thin; white fat; yellow; colour; white thin,,,,
4MZDNN,schema_tangrams,incompatible,1,0,open,open,pbb; obb; prb; pby; ory; oby; orb; pry,perb; oery; oerb; oebb; peby; pery; pebb; oeby,grey; green fat; red; green thin; white fat; yellow; colour; white thin,grey; green fat; red; green thin; white fat; yellow; colour; white thin,,,,
4MZDNN,schema_tangrams,incompatible,1,1,one leg,one leg,pbb; obb; prb; pby; ory; oby; orb; pry,perb; oery; oerb; oebb; peby; pery; pebb; oeby,grey; green fat; red; green thin; white fat; yellow; colour; white thin,grey; green fat; red; green thin; white fat; yellow; colour; white thin,,,,
4MZDNN,schema_tangrams,incompatible,1,2,fighting,fighting,pbb; obb; prb; pby; ory; oby; orb; pry,perb; oery; oerb; oebb; peby; pery; pebb; oeby,grey; green fat; red; green thin; white fat; yellow; colour; white thin,grey; green fat; red; green thin; white fat; yellow; colour; white thin,,,,
4MZDNN,schema_tangrams,incompatible,1,3,balancing,balancing,pbb; obb; prb; pby; ory; oby; orb; pry,perb; oery; oerb; oebb; peby; pery; pebb; oeby,grey; green fat; red; green thin; white fat; yellow; colour; white thin,grey; green fat; red; green thin; white fat; yellow; colour; white thin,,,,
4MZDNN,schema_tangrams,incompatible,1,4,prist,praying,pbb; obb; prb; pby; ory; oby; orb; pry,perb; oery; oerb; oebb; peby; pery; pebb; oeby,grey; green fat; red; green thin; white fat; yellow; colour; white thin,grey; green fat; red; green thin; white fat; yellow; colour; white thin,,,,
4MZDNN,schema_tangrams,incompatible,1,5,praying,praying,pbb; obb; prb; pby; ory; oby; orb; pry,perb; oery; oerb; oebb; peby; pery; pebb; oeby,grey; green fat; red; green thin; white fat; yellow; colour; white thin,grey; green fat; red; green thin; white fat; yellow; colour; white thin,,,,
4MZDNN,schema_tangrams,incompatible,1,6,laying,laying,pbb; obb; prb; pby; ory; oby; orb; pry,perb; oery; oerb; oebb; peby; pery; pebb; oeby,grey; green fat; red; green thin; white fat; yellow; colour; white thin,grey; green fat; red; green thin; white fat; yellow; colour; white thin,,,,
4MZDNN,schema_tangrams,incompatible,1,7,kneeling,kneeling,pbb; obb; prb; pby; ory; oby; orb; pry,perb; oery; oerb; oebb; peby; pery; pebb; oeby,grey; green fat; red; green thin; white fat; yellow; colour; white thin,grey; green fat; red; green thin; white fat; yellow; colour; white thin,,,,
5RYPPV,schema,ambiguous,0,0,purplepinkyellow,purplepinkyellow,purpleblackbrown; orangeblackbrown; purpleredbrown; purpleblackyellow; orangeredyellow; orangeblackyellow; orangeredbrown; purpleredyellow,purpleredbrown; orangeredyellow; orangeredbrown; orangeblackbrown; purpleblackyellow; purpleredyellow; purpleblackbrown; orangeblackyellow,orangegreyyellow; orangegreenbrown; orangeredyellow; purplegreenyellow; orangeblackbrown; purpleyellowbrown; purpleorangeyellow; purplewhitebrown,orangegreyyellow; orangegreenbrown; orangeredyellow; purplegreenyellow; orangeblackbrown; purpleyellowbrown; purplewhiteyellow; purpleyellowbrown,,,,
5RYPPV,schema,ambiguous,0,1,purpleblackyellow,purpleblackyellow,purpleblackbrown; orangeblackbrown; purpleredbrown; purpleblackyellow; orangeredyellow; orangeblackyellow; orangeredbrown; purpleredyellow,purpleredbrown; orangeredyellow; orangeredbrown; orangeblackbrown; purpleblackyellow; purpleredyellow; purpleblackbrown; orangeblackyellow,orangegreyyellow; orangegreenbrown; orangeredyellow; purplegreenyellow; orangeblackbrown; purpleyellowbrown; purpleorangeyellow; purplewhitebrown,orangegreyyellow; orangegreenbrown; orangeredyellow; purplegreenyellow; orangeblackbrown; purpleyellowbrown; purplewhiteyellow; purpleyellowbrown,,,,
5RYPPV,schema,ambiguous,0,2,orangeyellowbrown,orangeyellowbrown,purpleblackbrown; orangeblackbrown; purpleredbrown; purpleblackyellow; orangeredyellow; orangeblackyellow; orangeredbrown; purpleredyellow,purpleredbrown; orangeredyellow; orangeredbrown; orangeblackbrown; purpleblackyellow; purpleredyellow; purpleblackbrown; orangeblackyellow,orangegreyyellow; orangegreenbrown; orangeredyellow; purplegreenyellow; orangeblackbrown; purpleyellowbrown; purpleorangeyellow; purplewhitebrown,orangegreyyellow; orangegreenbrown; orangeredyellow; purplegreenyellow; orangeblackbrown; purpleyellowbrown; purplewhiteyellow; purpleyellowbrown,,,,
5RYPPV,schema,ambiguous,0,3,orangebrown,orangebrown,purpleblackbrown; orangeblackbrown; purpleredbrown; purpleblackyellow; orangeredyellow; orangeblackyellow; orangeredbrown; purpleredyellow,purpleredbrown; orangeredyellow; orangeredbrown; orangeblackbrown; purpleblackyellow; purpleredyellow; purpleblackbrown; orangeblackyellow,orangegreyyellow; orangegreenbrown; orangeredyellow; purplegreenyellow; orangeblackbrown; purpleyellowbrown; purpleorangeyellow; purplewhitebrown,orangegreyyellow; orangegreenbrown; orangeredyellow; purplegreenyellow; orangeblackbrown; purpleyellowbrown; purplewhiteyellow; purpleyellowbrown,,,,
5RYPPV,schema,ambiguous,0,4,orangebluebrown,orangebluebrown,purpleblackbrown; orangeblackbrown; purpleredbrown; purpleblackyellow; orangeredyellow; orangeblackyellow; orangeredbrown; purpleredyellow,purpleredbrown; orangeredyellow; orangeredbrown; orangeblackbrown; purpleblackyellow; purpleredyellow; purpleblackbrown; orangeblackyellow,orangegreyyellow; orangegreenbrown; orangeredyellow; purplegreenyellow; orangeblackbrown; purpleyellowbrown; purpleorangeyellow; purplewhitebrown,orangegreyyellow; orangegreenbrown; orangeredyellow; purplegreenyellow; orangeblackbrown; purpleyellowbrown; purplewhiteyellow; purpleyellowbrown,,,,
5RYPPV,schema,ambiguous,0,5,orangeblackbrown,orangeblackbrown,purpleblackbrown; orangeblackbrown; purpleredbrown; purpleblackyellow; orangeredyellow; orangeblackyellow; orangeredbrown; purpleredyellow,purpleredbrown; orangeredyellow; orangeredbrown; orangeblackbrown; purpleblackyellow; purpleredyellow; purpleblackbrown; orangeblackyellow,orangegreyyellow; orangegreenbrown; orangeredyellow; purplegreenyellow; orangeblackbrown; purpleyellowbrown; purpleorangeyellow; purplewhitebrown,orangegreyyellow; orangegreenbrown; orangeredyellow; purplegreenyellow; orangeblackbrown; purpleyellowbrown; purplewhiteyellow; purpleyellowbrown,,,,
5RYPPV,schema,ambiguous,0,6,purplewhiteyellow,orangewhiteyellow,purpleblackbrown; orangeblackbrown; purpleredbrown; purpleblackyellow; orangeredyellow; orangeblackyellow; orangeredbrown; purpleredyellow,purpleredbrown; orangeredyellow; orangeredbrown; orangeblackbrown; purpleblackyellow; purpleredyellow; purpleblackbrown; orangeblackyellow,orangegreyyellow; orangegreenbrown; orangeredyellow; purplegreenyellow; orangeblackbrown; purpleyellowbrown; purpleorangeyellow; purplewhitebrown,orangegreyyellow; orangegreenbrown; orangeredyellow; purplegreenyellow; orangeblackbrown; purpleyellowbrown; purplewhiteyellow; purpleyellowbrown,,,,
5RYPPV,schema,ambiguous,0,7,purplewhitered,purplewhitered,purpleblackbrown; orangeblackbrown; purpleredbrown; purpleblackyellow; orangeredyellow; orangeblackyellow; orangeredbrown; purpleredyellow,purpleredbrown; orangeredyellow; orangeredbrown; orangeblackbrown; purpleblackyellow; purpleredyellow; purpleblackbrown; orangeblackyellow,orangegreyyellow; orangegreenbrown; orangeredyellow; purplegreenyellow; orangeblackbrown; purpleyellowbrown; purpleorangeyellow; purplewhitebrown,orangegreyyellow; orangegreenbrown; orangeredyellow; purplegreenyellow; orangeblackbrown; purpleyellowbrown; purplewhiteyellow; purpleyellowbrown,,,,
5RYPPV,schema,ambiguous,1,0,purplepinkyellow,purplepinkyellow,purpleblackbrown; orangeblackbrown; purpleredbrown; purpleblackyellow; orangeredyellow; orangeblackyellow; orangeredbrown; purpleredyellow,purpleredbrown; orangeredyellow; orangeredbrown; orangeblackbrown; purpleblackyellow; purpleredyellow; purpleblackbrown; orangeblackyellow,orangegreyyellow; orangegreenbrown; orangeredyellow; purplegreenyellow; orangeblackbrown; purpleyellowbrown; purplewhiteyellow; purpleyellowbrown,orangegreyyellow; orangegreenbrown; orangeredyellow; purplegreenyellow; orangeblackbrown; purpleyellowbrown; purpleorangeyellow; purplewhitebrown,,,,
5RYPPV,schema,ambiguous,1,1,purpleblackyellow,purpleblackyellow,purpleblackbrown; orangeblackbrown; purpleredbrown; purpleblackyellow; orangeredyellow; orangeblackyellow; orangeredbrown; purpleredyellow,purpleredbrown; orangeredyellow; orangeredbrown; orangeblackbrown; purpleblackyellow; purpleredyellow; purpleblackbrown; orangeblackyellow,orangegreyyellow; orangegreenbrown; orangeredyellow; purplegreenyellow; orangeblackbrown; purpleyellowbrown; purplewhiteyellow; purpleyellowbrown,orangegreyyellow; orangegreenbrown; orangeredyellow; purplegreenyellow; orangeblackbrown; purpleyellowbrown; purpleorangeyellow; purplewhitebrown,,,,
5RYPPV,schema,ambiguous,1,2,orangeyellowbrown,orangeyellowbrown,purpleblackbrown; orangeblackbrown; purpleredbrown; purpleblackyellow; orangeredyellow; orangeblackyellow; orangeredbrown; purpleredyellow,purpleredbrown; orangeredyellow; orangeredbrown; orangeblackbrown; purpleblackyellow; purpleredyellow; purpleblackbrown; orangeblackyellow,orangegreyyellow; orangegreenbrown; orangeredyellow; purplegreenyellow; orangeblackbrown; purpleyellowbrown; purplewhiteyellow; purpleyellowbrown,orangegreyyellow; orangegreenbrown; orangeredyellow; purplegreenyellow; orangeblackbrown; purpleyellowbrown; purpleorangeyellow; purplewhitebrown,,,,
5RYPPV,schema,ambiguous,1,3,orangebrown,orangebrown,purpleblackbrown; orangeblackbrown; purpleredbrown; purpleblackyellow; orangeredyellow; orangeblackyellow; orangeredbrown; purpleredyellow,purpleredbrown; orangeredyellow; orangeredbrown; orangeblackbrown; purpleblackyellow; purpleredyellow; purpleblackbrown; orangeblackyellow,orangegreyyellow; orangegreenbrown; orangeredyellow; purplegreenyellow; orangeblackbrown; purpleyellowbrown; purplewhiteyellow; purpleyellowbrown,orangegreyyellow; orangegreenbrown; orangeredyellow; purplegreenyellow; orangeblackbrown; purpleyellowbrown; purpleorangeyellow; purplewhitebrown,,,,
5RYPPV,schema,ambiguous,1,4,orangebluebrown,orangebluebrown,purpleblackbrown; orangeblackbrown; purpleredbrown; purpleblackyellow; orangeredyellow; orangeblackyellow; orangeredbrown; purpleredyellow,purpleredbrown; orangeredyellow; orangeredbrown; orangeblackbrown; purpleblackyellow; purpleredyellow; purpleblackbrown; orangeblackyellow,orangegreyyellow; orangegreenbrown; orangeredyellow; purplegreenyellow; orangeblackbrown; purpleyellowbrown; purplewhiteyellow; purpleyellowbrown,orangegreyyellow; orangegreenbrown; orangeredyellow; purplegreenyellow; orangeblackbrown; purpleyellowbrown; purpleorangeyellow; purplewhitebrown,,,,
5RYPPV,schema,ambiguous,1,5,orangeblackbrown,orangeblackbrown,purpleblackbrown; orangeblackbrown; purpleredbrown; purpleblackyellow; orangeredyellow; orangeblackyellow; orangeredbrown; purpleredyellow,purpleredbrown; orangeredyellow; orangeredbrown; orangeblackbrown; purpleblackyellow; purpleredyellow; purpleblackbrown; orangeblackyellow,orangegreyyellow; orangegreenbrown; orangeredyellow; purplegreenyellow; orangeblackbrown; purpleyellowbrown; purplewhiteyellow; purpleyellowbrown,orangegreyyellow; orangegreenbrown; orangeredyellow; purplegreenyellow; orangeblackbrown; purpleyellowbrown; purpleorangeyellow; purplewhitebrown,,,,
5RYPPV,schema,ambiguous,1,6,orangewhiteyellow,purplewhiteyellow,purpleblackbrown; orangeblackbrown; purpleredbrown; purpleblackyellow; orangeredyellow; orangeblackyellow; orangeredbrown; purpleredyellow,purpleredbrown; orangeredyellow; orangeredbrown; orangeblackbrown; purpleblackyellow; purpleredyellow; purpleblackbrown; orangeblackyellow,orangegreyyellow; orangegreenbrown; orangeredyellow; purplegreenyellow; orangeblackbrown; purpleyellowbrown; purplewhiteyellow; purpleyellowbrown,orangegreyyellow; orangegreenbrown; orangeredyellow; purplegreenyellow; orangeblackbrown; purpleyellowbrown; purpleorangeyellow; purplewhitebrown,,,,
5RYPPV,schema,ambiguous,1,7,purplewhitered,purplewhitered,purpleblackbrown; orangeblackbrown; purpleredbrown; purpleblackyellow; orangeredyellow; orangeblackyellow; orangeredbrown; purpleredyellow,purpleredbrown; orangeredyellow; orangeredbrown; orangeblackbrown; purpleblackyellow; purpleredyellow; purpleblackbrown; orangeblackyellow,orangegreyyellow; orangegreenbrown; orangeredyellow; purplegreenyellow; orangeblackbrown; purpleyellowbrown; purplewhiteyellow; purpleyellowbrown,orangegreyyellow; orangegreenbrown; orangeredyellow; purplegreenyellow; orangeblackbrown; purpleyellowbrown; purpleorangeyellow; purplewhitebrown,,,,
5Y647G,schema,ambiguous,0,0,purple,purple,purple black brown; red black brown; purple red brown; purple black yellow; orange red yellow; orange black yellow; orange red brown; purple red yellow,purple red brown; orange red yellow; orange red brown; orange black brown; purple black yellow; purple red yellow; purple black brown; orange black yellow,orange black yellow; orange red brown; orange red yellow; purple red yellow; orange black brown; purple black brown; purple black yellow; purple red brown,orange black yellow; orange red brown; orange red yellow; purple red yellow; orange black brown; purple black brown; purple black yellow; purple red brown,,,,
5Y647G,schema,ambiguous,0,1,pink,pink,purple black brown; red black brown; purple red brown; purple black yellow; orange red yellow; orange black yellow; orange red brown; purple red yellow,purple red brown; orange red yellow; orange red brown; orange black brown; purple black yellow; purple red yellow; purple black brown; orange black yellow,orange black yellow; orange red brown; orange red yellow; purple red yellow; orange black brown; purple black brown; purple black yellow; purple red brown,orange black yellow; orange red brown; orange red yellow; purple red yellow; orange black brown; purple black brown; purple black yellow; purple red brown,,,,
5Y647G,schema,ambiguous,0,2,orange,orange,purple black brown; red black brown; purple red brown; purple black yellow; orange red yellow; orange black yellow; orange red brown; purple red yellow,purple red brown; orange red yellow; orange red brown; orange black brown; purple black yellow; purple red yellow; purple black brown; orange black yellow,orange black yellow; orange red brown; orange red yellow; purple red yellow; orange black brown; purple black brown; purple black yellow; purple red brown,orange black yellow; orange red brown; orange red yellow; purple red yellow; orange black brown; purple black brown; purple black yellow; purple red brown,,,,
5Y647G,schema,ambiguous,0,3,brown,brown,purple black brown; red black brown; purple red brown; purple black yellow; orange red yellow; orange black yellow; orange red brown; purple red yellow,purple red brown; orange red yellow; orange red brown; orange black brown; purple black yellow; purple red yellow; purple black brown; orange black yellow,orange black yellow; orange red brown; orange red yellow; purple red yellow; orange black brown; purple black brown; purple black yellow; purple red brown,orange black yellow; orange red brown; orange red yellow; purple red yellow; orange black brown; purple black brown; purple black yellow; purple red brown,,,,
5Y647G,schema,ambiguous,0,4,blue,blue,purple black brown; red black brown; purple red brown; purple black yellow; orange red yellow; orange black yellow; orange red brown; purple red yellow,purple red brown; orange red yellow; orange red brown; orange black brown; purple black yellow; purple red yellow; purple black brown; orange black yellow,orange black yellow; orange red brown; orange red yellow; purple red yellow; orange black brown; purple black brown; purple black yellow; purple red brown,orange black yellow; orange red brown; orange red yellow; purple red yellow; orange black brown; purple black brown; purple black yellow; purple red brown,,,,
5Y647G,schema,ambiguous,0,5,black,black,purple black brown; red black brown; purple red brown; purple black yellow; orange red yellow; orange black yellow; orange red brown; purple red yellow,purple red brown; orange red yellow; orange red brown; orange black brown; purple black yellow; purple red yellow; purple black brown; orange black yellow,orange black yellow; orange red brown; orange red yellow; purple red yellow; orange black brown; purple black brown; purple black yellow; purple red brown,orange black yellow; orange red brown; orange red yellow; purple red yellow; orange black brown; purple black brown; purple black yellow; purple red brown,,,,
5Y647G,schema,ambiguous,0,6,white,white,purple black brown; red black brown; purple red brown; purple black yellow; orange red yellow; orange black yellow; orange red brown; purple red yellow,purple red brown; orange red yellow; orange red brown; orange black brown; purple black yellow; purple red yellow; purple black brown; orange black yellow,orange black yellow; orange red brown; orange red yellow; purple red yellow; orange black brown; purple black brown; purple black yellow; purple red brown,orange black yellow; orange red brown; orange red yellow; purple red yellow; orange black brown; purple black brown; purple black yellow; purple red brown,,,,
5Y647G,schema,ambiguous,0,7,gray,gray,purple black brown; red black brown; purple red brown; purple black yellow; orange red yellow; orange black yellow; orange red brown; purple red yellow,purple red brown; orange red yellow; orange red brown; orange black brown; purple black yellow; purple red yellow; purple black brown; orange black yellow,orange black yellow; orange red brown; orange red yellow; purple red yellow; orange black brown; purple black brown; purple black yellow; purple red brown,orange black yellow; orange red brown; orange red yellow; purple red yellow; orange black brown; purple black brown; purple black yellow; purple red brown,,,,
5Y647G,schema,ambiguous,1,0,purple,purple,purple black brown; orange black brown; purple red brown; purple black yellow; orange red yellow; orange black yellow; orange red brown; purple red yellow,purple red brown; orange red yellow; orange red brown; orange black brown; purple black yellow; purple red yellow; purple black brown; orange black yellow,orange black yellow; orange red brown; orange red yellow; purple red yellow; orange black brown; purple black brown; purple black yellow; purple red brown,orange black yellow; orange red brown; orange red yellow; purple red yellow; orange black brown; purple black brown; purple black yellow; purple red brown,,,,
5Y647G,schema,ambiguous,1,1,pink,pink,purple black brown; orange black brown; purple red brown; purple black yellow; orange red yellow; orange black yellow; orange red brown; purple red yellow,purple red brown; orange red yellow; orange red brown; orange black brown; purple black yellow; purple red yellow; purple black brown; orange black yellow,orange black yellow; orange red brown; orange red yellow; purple red yellow; orange black brown; purple black brown; purple black yellow; purple red brown,orange black yellow; orange red brown; orange red yellow; purple red yellow; orange black brown; purple black brown; purple black yellow; purple red brown,,,,
5Y647G,schema,ambiguous,1,2,orange,orange,purple black brown; orange black brown; purple red brown; purple black yellow; orange red yellow; orange black yellow; orange red brown; purple red yellow,purple red brown; orange red yellow; orange red brown; orange black brown; purple black yellow; purple red yellow; purple black brown; orange black yellow,orange black yellow; orange red brown; orange red yellow; purple red yellow; orange black brown; purple black brown; purple black yellow; purple red brown,orange black yellow; orange red brown; orange red yellow; purple red yellow; orange black brown; purple black brown; purple black yellow; purple red brown,,,,
5Y647G,schema,ambiguous,1,3,brown,brown,purple black brown; orange black brown; purple red brown; purple black yellow; orange red yellow; orange black yellow; orange red brown; purple red yellow,purple red brown; orange red yellow; orange red brown; orange black brown; purple black yellow; purple red yellow; purple black brown; orange black yellow,orange black yellow; orange red brown; orange red yellow; purple red yellow; orange black brown; purple black brown; purple black yellow; purple red brown,orange black yellow; orange red brown; orange red yellow; purple red yellow; orange black brown; purple black brown; purple black yellow; purple red brown,,,,
5Y647G,schema,ambiguous,1,4,blue,blue,purple black brown; orange black brown; purple red brown; purple black yellow; orange red yellow; orange black yellow; orange red brown; purple red yellow,purple red brown; orange red yellow; orange red brown; orange black brown; purple black yellow; purple red yellow; purple black brown; orange black yellow,orange black yellow; orange red brown; orange red yellow; purple red yellow; orange black brown; purple black brown; purple black yellow; purple red brown,orange black yellow; orange red brown; orange red yellow; purple red yellow; orange black brown; purple black brown; purple black yellow; purple red brown,,,,
5Y647G,schema,ambiguous,1,5,black,black,purple black brown; orange black brown; purple red brown; purple black yellow; orange red yellow; orange black yellow; orange red brown; purple red yellow,purple red brown; orange red yellow; orange red brown; orange black brown; purple black yellow; purple red yellow; purple black brown; orange black yellow,orange black yellow; orange red brown; orange red yellow; purple red yellow; orange black brown; purple black brown; purple black yellow; purple red brown,orange black yellow; orange red brown; orange red yellow; purple red yellow; orange black brown; purple black brown; purple black yellow; purple red brown,,,,
5Y647G,schema,ambiguous,1,6,white,white,purple black brown; orange black brown; purple red brown; purple black yellow; orange red yellow; orange black yellow; orange red brown; purple red yellow,purple red brown; orange red yellow; orange red brown; orange black brown; purple black yellow; purple red yellow; purple black brown; orange black yellow,orange black yellow; orange red brown; orange red yellow; purple red yellow; orange black brown; purple black brown; purple black yellow; purple red brown,orange black yellow; orange red brown; orange red yellow; purple red yellow; orange black brown; purple black brown; purple black yellow; purple red brown,,,,
5Y647G,schema,ambiguous,1,7,gray,gray,purple black brown; orange black brown; purple red brown; purple black yellow; orange red yellow; orange black yellow; orange red brown; purple red yellow,purple red brown; orange red yellow; orange red brown; orange black brown; purple black yellow; purple red yellow; purple black brown; orange black yellow,orange black yellow; orange red brown; orange red yellow; purple red yellow; orange black brown; purple black brown; purple black yellow; purple red brown,orange black yellow; orange red brown; orange red yellow; purple red yellow; orange black brown; purple black brown; purple black yellow; purple red brown,,,,
5ZXSPS,schema_tangrams,incompatible,0,0,wave,wave,pbb; obb; prb; pby; ory; oby; orb; pry,prb; ory; orb; obb; pby; pry; pbb; oby,oby; orb; ory; pry; obb; pbb; pby; prb,oby; orb; ory; pry; obb; pbb; pby; prb,,,,
5ZXSPS,schema_tangrams,incompatible,0,1,zombie,zombie,pbb; obb; prb; pby; ory; oby; orb; pry,prb; ory; orb; obb; pby; pry; pbb; oby,oby; orb; ory; pry; obb; pbb; pby; prb,oby; orb; ory; pry; obb; pbb; pby; prb,,,,
5ZXSPS,schema_tangrams,incompatible,0,2,punch,lecture,pbb; obb; prb; pby; ory; oby; orb; pry,prb; ory; orb; obb; pby; pry; pbb; oby,oby; orb; ory; pry; obb; pbb; pby; prb,oby; orb; ory; pry; obb; pbb; pby; prb,,,,
5ZXSPS,schema_tangrams,incompatible,0,3,kick,kick,pbb; obb; prb; pby; ory; oby; orb; pry,prb; ory; orb; obb; pby; pry; pbb; oby,oby; orb; ory; pry; obb; pbb; pby; prb,oby; orb; ory; pry; obb; pbb; pby; prb,,,,
5ZXSPS,schema_tangrams,incompatible,0,4,hold,hold,pbb; obb; prb; pby; ory; oby; orb; pry,prb; ory; orb; obb; pby; pry; pbb; oby,oby; orb; ory; pry; obb; pbb; pby; prb,oby; orb; ory; pry; obb; pbb; pby; prb,,,,
5ZXSPS,schema_tangrams,incompatible,0,5,sit,lecture,pbb; obb; prb; pby; ory; oby; orb; pry,prb; ory; orb; obb; pby; pry; pbb; oby,oby; orb; ory; pry; obb; pbb; pby; prb,oby; orb; ory; pry; obb; pbb; pby; prb,,,,
5ZXSPS,schema_tangrams,incompatible,0,6,split,spilt,pbb; obb; prb; pby; ory; oby; orb; pry,prb; ory; orb; obb; pby; pry; pbb; oby,oby; orb; ory; pry; obb; pbb; pby; prb,oby; orb; ory; pry; obb; pbb; pby; prb,,,,
5ZXSPS,schema_tangrams,incompatible,0,7,lecture,lecture,pbb; obb; prb; pby; ory; oby; orb; pry,prb; ory; orb; obb; pby; pry; pbb; oby,oby; orb; ory; pry; obb; pbb; pby; prb,oby; orb; ory; pry; obb; pbb; pby; prb,,,,
5ZXSPS,schema_tangrams,incompatible,1,0,wave,wave,pbb; obb; prb; pby; ory; oby; orb; pry,prb; ory; orb; obb; pby; pry; pbb; oby,oby; orb; ory; pry; obb; pbb; pby; prb,oby; orb; ory; pry; obb; pbb; pby; prb,,,,
5ZXSPS,schema_tangrams,incompatible,1,1,zombie,zombie,pbb; obb; prb; pby; ory; oby; orb; pry,prb; ory; orb; obb; pby; pry; pbb; oby,oby; orb; ory; pry; obb; pbb; pby; prb,oby; orb; ory; pry; obb; pbb; pby; prb,,,,
5ZXSPS,schema_tangrams,incompatible,1,2,lecture,punch,pbb; obb; prb; pby; ory; oby; orb; pry,prb; ory; orb; obb; pby; pry; pbb; oby,oby; orb; ory; pry; obb; pbb; pby; prb,oby; orb; ory; pry; obb; pbb; pby; prb,,,,
5ZXSPS,schema_tangrams,incompatible,1,3,kick,kick,pbb; obb; prb; pby; ory; oby; orb; pry,prb; ory; orb; obb; pby; pry; pbb; oby,oby; orb; ory; pry; obb; pbb; pby; prb,oby; orb; ory; pry; obb; pbb; pby; prb,,,,
5ZXSPS,schema_tangrams,incompatible,1,4,hold,hold,pbb; obb; prb; pby; ory; oby; orb; pry,prb; ory; orb; obb; pby; pry; pbb; oby,oby; orb; ory; pry; obb; pbb; pby; prb,oby; orb; ory; pry; obb; pbb; pby; prb,,,,
5ZXSPS,schema_tangrams,incompatible,1,5,lecture,sit,pbb; obb; prb; pby; ory; oby; orb; pry,prb; ory; orb; obb; pby; pry; pbb; oby,oby; orb; ory; pry; obb; pbb; pby; prb,oby; orb; ory; pry; obb; pbb; pby; prb,,,,
5ZXSPS,schema_tangrams,incompatible,1,6,spilt,split,pbb; obb; prb; pby; ory; oby; orb; pry,prb; ory; orb; obb; pby; pry; pbb; oby,oby; orb; ory; pry; obb; pbb; pby; prb,oby; orb; ory; pry; obb; pbb; pby; prb,,,,
5ZXSPS,schema_tangrams,incompatible,1,7,lecture,lecture,pbb; obb; prb; pby; ory; oby; orb; pry,prb; ory; orb; obb; pby; pry; pbb; oby,oby; orb; ory; pry; obb; pbb; pby; prb,oby; orb; ory; pry; obb; pbb; pby; prb,,,,
63CTX0,schema_tangrams,incompatible,0,0,sleeping,sleeping,pbb; obb; prb; pby; ory; oby; orb; pry,prb; ory; orb; obb; pby; pry; pbb; oby,oby; orb; ory; pry; obb; pbb; pby; prb,oby; orb; ory; pry; obb; pbb; pby; prb,,,,
63CTX0,schema_tangrams,incompatible,0,1,running,running,pbb; obb; prb; pby; ory; oby; orb; pry,prb; ory; orb; obb; pby; pry; pbb; oby,oby; orb; ory; pry; obb; pbb; pby; prb,oby; orb; ory; pry; obb; pbb; pby; prb,,,,
63CTX0,schema_tangrams,incompatible,0,2,karate,karate,pbb; obb; prb; pby; ory; oby; orb; pry,prb; ory; orb; obb; pby; pry; pbb; oby,oby; orb; ory; pry; obb; pbb; pby; prb,oby; orb; ory; pry; obb; pbb; pby; prb,,,,
63CTX0,schema_tangrams,incompatible,0,3,dog,dog,pbb; obb; prb; pby; ory; oby; orb; pry,prb; ory; orb; obb; pby; pry; pbb; oby,oby; orb; ory; pry; obb; pbb; pby; prb,oby; orb; ory; pry; obb; pbb; pby; prb,,,,
63CTX0,schema_tangrams,incompatible,0,4,pointing,pointing,pbb; obb; prb; pby; ory; oby; orb; pry,prb; ory; orb; obb; pby; pry; pbb; oby,oby; orb; ory; pry; obb; pbb; pby; prb,oby; orb; ory; pry; obb; pbb; pby; prb,,,,
63CTX0,schema_tangrams,incompatible,0,5,squating,squating,pbb; obb; prb; pby; ory; oby; orb; pry,prb; ory; orb; obb; pby; pry; pbb; oby,oby; orb; ory; pry; obb; pbb; pby; prb,oby; orb; ory; pry; obb; pbb; pby; prb,,,,
63CTX0,schema_tangrams,incompatible,0,6,dancing,dancing,pbb; obb; prb; pby; ory; oby; orb; pry,prb; ory; orb; obb; pby; pry; pbb; oby,oby; orb; ory; pry; obb; pbb; pby; prb,oby; orb; ory; pry; obb; pbb; pby; prb,,,,
63CTX0,schema_tangrams,incompatible,0,7,kneeling,kneeling,pbb; obb; prb; pby; ory; oby; orb; pry,prb; ory; orb; obb; pby; pry; pbb; oby,oby; orb; ory; pry; obb; pbb; pby; prb,oby; orb; ory; pry; obb; pbb; pby; prb,,,,
63CTX0,schema_tangrams,incompatible,1,0,sleeping,sleeping,pbb; obb; prb; pby; ory; oby; orb; pry,prb; ory; orb; obb; pby; pry; pbb; oby,oby; orb; ory; pry; obb; pbb; pby; prb,oby; orb; ory; pry; obb; pbb; pby; prb,,,,
63CTX0,schema_tangrams,incompatible,1,1,running,running,pbb; obb; prb; pby; ory; oby; orb; pry,prb; ory; orb; obb; pby; pry; pbb; oby,oby; orb; ory; pry; obb; pbb; pby; prb,oby; orb; ory; pry; obb; pbb; pby; prb,,,,
63CTX0,schema_tangrams,incompatible,1,2,karate,karate,pbb; obb; prb; pby; ory; oby; orb; pry,prb; ory; orb; obb; pby; pry; pbb; oby,oby; orb; ory; pry; obb; pbb; pby; prb,oby; orb; ory; pry; obb; pbb; pby; prb,,,,
63CTX0,schema_tangrams,incompatible,1,3,dog,dog,pbb; obb; prb; pby; ory; oby; orb; pry,prb; ory; orb; obb; pby; pry; pbb; oby,oby; orb; ory; pry; obb; pbb; pby; prb,oby; orb; ory; pry; obb; pbb; pby; prb,,,,
63CTX0,schema_tangrams,incompatible,1,4,pointing,pointing,pbb; obb; prb; pby; ory; oby; orb; pry,prb; ory; orb; obb; pby; pry; pbb; oby,oby; orb; ory; pry; obb; pbb; pby; prb,oby; orb; ory; pry; obb; pbb; pby; prb,,,,
63CTX0,schema_tangrams,incompatible,1,5,squating,squating,pbb; obb; prb; pby; ory; oby; orb; pry,prb; ory; orb; obb; pby; pry; pbb; oby,oby; orb; ory; pry; obb; pbb; pby; prb,oby; orb; ory; pry; obb; pbb; pby; prb,,,,
63CTX0,schema_tangrams,incompatible,1,6,dancing,dancing,pbb; obb; prb; pby; ory; oby; orb; pry,prb; ory; orb; obb; pby; pry; pbb; oby,oby; orb; ory; pry; obb; pbb; pby; prb,oby; orb; ory; pry; obb; pbb; pby; prb,,,,
63CTX0,schema_tangrams,incompatible,1,7,kneeling,kneeling,pbb; obb; prb; pby; ory; oby; orb; pry,prb; ory; orb; obb; pby; pry; pbb; oby,oby; orb; ory; pry; obb; pbb; pby; prb,oby; orb; ory; pry; obb; pbb; pby; prb,,,,
6FYRF3,schema,ambiguous,0,0,purple black yellow big,purple black yellow big,purple brown minion; orange brown minion; purple minion; purple square minion; orange red minion; orange square minion; orange minion; purple red minion,purple red brown; orange red yellow; orange red brown; orange black brown; purple black yellow; purple red yellow; purple black brown; orange black yellow,orange black yellow; orange red brown; orange red yellow; purple red yellow; orange black brown; purple black brown; rainbow; purple red brown,orange black yellow; orange rede; orange red yellow; purple red yellow; orange black brown; purple black brown; rainbow; purple red brown,,,,
6FYRF3,schema,ambiguous,0,1,small yellow,small purple,purple brown minion; orange brown minion; purple minion; purple square minion; orange red minion; orange square minion; orange minion; purple red minion,purple red brown; orange red yellow; orange red brown; orange black brown; purple black yellow; purple red yellow; purple black brown; orange black yellow,orange black yellow; orange red brown; orange red yellow; purple red yellow; orange black brown; purple black brown; rainbow; purple red brown,orange black yellow; orange rede; orange red yellow; purple red yellow; orange black brown; purple black brown; rainbow; purple red brown,,,,
6FYRF3,schema,ambiguous,0,2,orange red brown,orange red brown,purple brown minion; orange brown minion; purple minion; purple square minion; orange red minion; orange square minion; orange minion; purple red minion,purple red brown; orange red yellow; orange red brown; orange black brown; purple black yellow; purple red yellow; purple black brown; orange black yellow,orange black yellow; orange red brown; orange red yellow; purple red yellow; orange black brown; purple black brown; rainbow; purple red brown,orange black yellow; orange rede; orange red yellow; purple red yellow; orange black brown; purple black brown; rainbow; purple red brown,,,,
6FYRF3,schema,ambiguous,0,3,orange red brown og,orange red brown og,purple brown minion; orange brown minion; purple minion; purple square minion; orange red minion; orange square minion; orange minion; purple red minion,purple red brown; orange red yellow; orange red brown; orange black brown; purple black yellow; purple red yellow; purple black brown; orange black yellow,orange black yellow; orange red brown; orange red yellow; purple red yellow; orange black brown; purple black brown; rainbow; purple red brown,orange black yellow; orange rede; orange red yellow; purple red yellow; orange black brown; purple black brown; rainbow; purple red brown,,,,
6FYRF3,schema,ambiguous,0,4,blue,orange blue brown,purple brown minion; orange brown minion; purple minion; purple square minion; orange red minion; orange square minion; orange minion; purple red minion,purple red brown; orange red yellow; orange red brown; orange black brown; purple black yellow; purple red yellow; purple black brown; orange black yellow,orange black yellow; orange red brown; orange red yellow; purple red yellow; orange black brown; purple black brown; rainbow; purple red brown,orange black yellow; orange rede; orange red yellow; purple red yellow; orange black brown; purple black brown; rainbow; purple red brown,,,,
6FYRF3,schema,ambiguous,0,5,small black,small black,purple brown minion; orange brown minion; purple minion; purple square minion; orange red minion; orange square minion; orange minion; purple red minion,purple red brown; orange red yellow; orange red brown; orange black brown; purple black yellow; purple red yellow; purple black brown; orange black yellow,orange black yellow; orange red brown; orange red yellow; purple red yellow; orange black brown; purple black brown; rainbow; purple red brown,orange black yellow; orange rede; orange red yellow; purple red yellow; orange black brown; purple black brown; rainbow; purple red brown,,,,
6FYRF3,schema,ambiguous,0,6,purple black yellow,purple black yellow small,purple brown minion; orange brown minion; purple minion; purple square minion; orange red minion; orange square minion; orange minion; purple red minion,purple red brown; orange red yellow; orange red brown; orange black brown; purple black yellow; purple red yellow; purple black brown; orange black yellow,orange black yellow; orange red brown; orange red yellow; purple red yellow; orange black brown; purple black brown; rainbow; purple red brown,orange black yellow; orange rede; orange red yellow; purple red yellow; orange black brown; purple black brown; rainbow; purple red brown,,,,
6FYRF3,schema,ambiguous,0,7,penguin,penguin,purple brown minion; orange brown minion; purple minion; purple square minion; orange red minion; orange square minion; orange minion; purple red minion,purple red brown; orange red yellow; orange red brown; orange black brown; purple black yellow; purple red yellow; purple black brown; orange black yellow,orange black yellow; orange red brown; orange red yellow; purple red yellow; orange black brown; purple black brown; rainbow; purple red brown,orange black yellow; orange rede; orange red yellow; purple red yellow; orange black brown; purple black brown; rainbow; purple red brown,,,,
6FYRF3,schema,ambiguous,1,0,purple black yellow big,purple black yellow big,purple brown minion; orange brown minion; purple red minion; purple minion; orange red minion; orange square minion; orange brown minion; purple red minion,purple red brown; orange red yellow; orange red brown; orange black brown; purple black yellow; purple red yellow; purple black brown; orange black yellow,orange black yellow; orange rede; orange red yellow; purple red yellow; orange black brown; purple black brown; rainbow; purple red brown,orange black yellow; orange red brown; orange red yellow; purple red yellow; orange black brown; purple black brown; rainbow; purple red brown,,,,
6FYRF3,schema,ambiguous,1,1,small purple,small yellow,purple brown minion; orange brown minion; purple red minion; purple minion; orange red minion; orange square minion; orange brown minion; purple red minion,purple red brown; orange red yellow; orange red brown; orange black brown; purple black yellow; purple red yellow; purple black brown; orange black yellow,orange black yellow; orange rede; orange red yellow; purple red yellow; orange black brown; purple black brown; rainbow; purple red brown,orange black yellow; orange red brown; orange red yellow; purple red yellow; orange black brown; purple black brown; rainbow; purple red brown,,,,
6FYRF3,schema,ambiguous,1,2,orange red brown,orange red brown,purple brown minion; orange brown minion; purple red minion; purple minion; orange red minion; orange square minion; orange brown minion; purple red minion,purple red brown; orange red yellow; orange red brown; orange black brown; purple black yellow; purple red yellow; purple black brown; orange black yellow,orange black yellow; orange rede; orange red yellow; purple red yellow; orange black brown; purple black brown; rainbow; purple red brown,orange black yellow; orange red brown; orange red yellow; purple red yellow; orange black brown; purple black brown; rainbow; purple red brown,,,,
6FYRF3,schema,ambiguous,1,3,orange red brown og,orange red brown og,purple brown minion; orange brown minion; purple red minion; purple minion; orange red minion; orange square minion; orange brown minion; purple red minion,purple red brown; orange red yellow; orange red brown; orange black brown; purple black yellow; purple red yellow; purple black brown; orange black yellow,orange black yellow; orange rede; orange red yellow; purple red yellow; orange black brown; purple black brown; rainbow; purple red brown,orange black yellow; orange red brown; orange red yellow; purple red yellow; orange black brown; purple black brown; rainbow; purple red brown,,,,
6FYRF3,schema,ambiguous,1,4,orange blue brown,blue,purple brown minion; orange brown minion; purple red minion; purple minion; orange red minion; orange square minion; orange brown minion; purple red minion,purple red brown; orange red yellow; orange red brown; orange black brown; purple black yellow; purple red yellow; purple black brown; orange black yellow,orange black yellow; orange rede; orange red yellow; purple red yellow; orange black brown; purple black brown; rainbow; purple red brown,orange black yellow; orange red brown; orange red yellow; purple red yellow; orange black brown; purple black brown; rainbow; purple red brown,,,,
6FYRF3,schema,ambiguous,1,5,small black,small black,purple brown minion; orange brown minion; purple red minion; purple minion; orange red minion; orange square minion; orange brown minion; purple red minion,purple red brown; orange red yellow; orange red brown; orange black brown; purple black yellow; purple red yellow; purple black brown; orange black yellow,orange black yellow; orange rede; orange red yellow; purple red yellow; orange black brown; purple black brown; rainbow; purple red brown,orange black yellow; orange red brown; orange red yellow; purple red yellow; orange black brown; purple black brown; rainbow; purple red brown,,,,
6FYRF3,schema,ambiguous,1,6,purple black yellow small,purple black yellow,purple brown minion; orange brown minion; purple red minion; purple minion; orange red minion; orange square minion; orange brown minion; purple red minion,purple red brown; orange red yellow; orange red brown; orange black brown; purple black yellow; purple red yellow; purple black brown; orange black yellow,orange black yellow; orange rede; orange red yellow; purple red yellow; orange black brown; purple black brown; rainbow; purple red brown,orange black yellow; orange red brown; orange red yellow; purple red yellow; orange black brown; purple black brown; rainbow; purple red brown,,,,
6FYRF3,schema,ambiguous,1,7,penguin,penguin,purple brown minion; orange brown minion; purple red minion; purple minion; orange red minion; orange square minion; orange brown minion; purple red minion,purple red brown; orange red yellow; orange red brown; orange black brown; purple black yellow; purple red yellow; purple black brown; orange black yellow,orange black yellow; orange rede; orange red yellow; purple red yellow; orange black brown; purple black brown; rainbow; purple red brown,orange black yellow; orange red brown; orange red yellow; purple red yellow; orange black brown; purple black brown; rainbow; purple red brown,,,,
6RJ7Z8,schema_tangrams,incompatible,0,0,flying,flying,prbb; orbb; plrb; prby; olry; orby; olrb; plry,plrb; olry; olrb; orbb; prby; plry; prbb; orby,orby; olrb; olry; plry; orbb; prbb; prby; plrb,orby; olrb; olry; plry; orbb; prbb; prby; plrb,,,,
6RJ7Z8,schema_tangrams,incompatible,0,1,dancing,dancing,prbb; orbb; plrb; prby; olry; orby; olrb; plry,plrb; olry; olrb; orbb; prby; plry; prbb; orby,orby; olrb; olry; plry; orbb; prbb; prby; plrb,orby; olrb; olry; plry; orbb; prbb; prby; plrb,,,,
6RJ7Z8,schema_tangrams,incompatible,0,2,crane,crane,prbb; orbb; plrb; prby; olry; orby; olrb; plry,plrb; olry; olrb; orbb; prby; plry; prbb; orby,orby; olrb; olry; plry; orbb; prbb; prby; plrb,orby; olrb; olry; plry; orbb; prbb; prby; plrb,,,,
6RJ7Z8,schema_tangrams,incompatible,0,3,ballerina,ballerina,prbb; orbb; plrb; prby; olry; orby; olrb; plry,plrb; olry; olrb; orbb; prby; plry; prbb; orby,orby; olrb; olry; plry; orbb; prbb; prby; plrb,orby; olrb; olry; plry; orbb; prbb; prby; plrb,,,,
6RJ7Z8,schema_tangrams,incompatible,0,4,teacher,teacher,prbb; orbb; plrb; prby; olry; orby; olrb; plry,plrb; olry; olrb; orbb; prby; plry; prbb; orby,orby; olrb; olry; plry; orbb; prbb; prby; plrb,orby; olrb; olry; plry; orbb; prbb; prby; plrb,,,,
6RJ7Z8,schema_tangrams,incompatible,0,5,praying,praying,prbb; orbb; plrb; prby; olry; orby; olrb; plry,plrb; olry; olrb; orbb; prby; plry; prbb; orby,orby; olrb; olry; plry; orbb; prbb; prby; plrb,orby; olrb; olry; plry; orbb; prbb; prby; plrb,,,,
6RJ7Z8,schema_tangrams,incompatible,0,6,fighting,fighting,prbb; orbb; plrb; prby; olry; orby; olrb; plry,plrb; olry; olrb; orbb; prby; plry; prbb; orby,orby; olrb; olry; plry; orbb; prbb; prby; plrb,orby; olrb; olry; plry; orbb; prbb; prby; plrb,,,,
6RJ7Z8,schema_tangrams,incompatible,0,7,kneeling,kneeling,prbb; orbb; plrb; prby; olry; orby; olrb; plry,plrb; olry; olrb; orbb; prby; plry; prbb; orby,orby; olrb; olry; plry; orbb; prbb; prby; plrb,orby; olrb; olry; plry; orbb; prbb; prby; plrb,,,,
6RJ7Z8,schema_tangrams,incompatible,1,0,flying,flying,prbb; orbb; plrb; prby; olry; orby; olrb; plry,plrb; olry; olrb; orbb; prby; plry; prbb; orby,orby; olrb; olry; plry; orbb; prbb; prby; plrb,orby; olrb; olry; plry; orbb; prbb; prby; plrb,,,,
6RJ7Z8,schema_tangrams,incompatible,1,1,dancing,dancing,prbb; orbb; plrb; prby; olry; orby; olrb; plry,plrb; olry; olrb; orbb; prby; plry; prbb; orby,orby; olrb; olry; plry; orbb; prbb; prby; plrb,orby; olrb; olry; plry; orbb; prbb; prby; plrb,,,,
6RJ7Z8,schema_tangrams,incompatible,1,2,crane,crane,prbb; orbb; plrb; prby; olry; orby; olrb; plry,plrb; olry; olrb; orbb; prby; plry; prbb; orby,orby; olrb; olry; plry; orbb; prbb; prby; plrb,orby; olrb; olry; plry; orbb; prbb; prby; plrb,,,,
6RJ7Z8,schema_tangrams,incompatible,1,3,ballerina,ballerina,prbb; orbb; plrb; prby; olry; orby; olrb; plry,plrb; olry; olrb; orbb; prby; plry; prbb; orby,orby; olrb; olry; plry; orbb; prbb; prby; plrb,orby; olrb; olry; plry; orbb; prbb; prby; plrb,,,,
6RJ7Z8,schema_tangrams,incompatible,1,4,teacher,teacher,prbb; orbb; plrb; prby; olry; orby; olrb; plry,plrb; olry; olrb; orbb; prby; plry; prbb; orby,orby; olrb; olry; plry; orbb; prbb; prby; plrb,orby; olrb; olry; plry; orbb; prbb; prby; plrb,,,,
6RJ7Z8,schema_tangrams,incompatible,1,5,praying,praying,prbb; orbb; plrb; prby; olry; orby; olrb; plry,plrb; olry; olrb; orbb; prby; plry; prbb; orby,orby; olrb; olry; plry; orbb; prbb; prby; plrb,orby; olrb; olry; plry; orbb; prbb; prby; plrb,,,,
6RJ7Z8,schema_tangrams,incompatible,1,6,fighting,fighting,prbb; orbb; plrb; prby; olry; orby; olrb; plry,plrb; olry; olrb; orbb; prby; plry; prbb; orby,orby; olrb; olry; plry; orbb; prbb; prby; plrb,orby; olrb; olry; plry; orbb; prbb; prby; plrb,,,,
6RJ7Z8,schema_tangrams,incompatible,1,7,kneeling,kneeling,prbb; orbb; plrb; prby; olry; orby; olrb; plry,plrb; olry; olrb; orbb; prby; plry; prbb; orby,orby; olrb; olry; plry; orbb; prbb; prby; plrb,orby; olrb; olry; plry; orbb; prbb; prby; plrb,,,,
6TEJDC,schema,ambiguous,0,0,purple right back yellow purple,purple right black yellow purple,purple right black brown; red right black brown; purple left red brown; purple right black yellow; red left red yellow; red right black yellow; red left red brown; purple left red yellow,purple left red brown; red left red yellow; red left red brown; red right black brown; purple right black yellow; purple left red yellow; purple right black brown; red right black yellow,red right black yellow; red left red brown; red left red yellow; purple left red yellow; red right black brown; purple right black brown; purple right black yellow; purple left red brown,red right black yellow; red left red brown; red left red yellow; purple left red yellow; red right black brown; purple right black brown; purple right black yellow; purple left red brown,,,,
6TEJDC,schema,ambiguous,0,1,purple right black yellow pink,purple right black yellow pink,purple right black brown; red right black brown; purple left red brown; purple right black yellow; red left red yellow; red right black yellow; red left red brown; purple left red yellow,purple left red brown; red left red yellow; red left red brown; red right black brown; purple right black yellow; purple left red yellow; purple right black brown; red right black yellow,red right black yellow; red left red brown; red left red yellow; purple left red yellow; red right black brown; purple right black brown; purple right black yellow; purple left red brown,red right black yellow; red left red brown; red left red yellow; purple left red yellow; red right black brown; purple right black brown; purple right black yellow; purple left red brown,,,,
6TEJDC,schema,ambiguous,0,2,red left red brown orange,red left red brown orange,purple right black brown; red right black brown; purple left red brown; purple right black yellow; red left red yellow; red right black yellow; red left red brown; purple left red yellow,purple left red brown; red left red yellow; red left red brown; red right black brown; purple right black yellow; purple left red yellow; purple right black brown; red right black yellow,red right black yellow; red left red brown; red left red yellow; purple left red yellow; red right black brown; purple right black brown; purple right black yellow; purple left red brown,red right black yellow; red left red brown; red left red yellow; purple left red yellow; red right black brown; purple right black brown; purple right black yellow; purple left red brown,,,,
6TEJDC,schema,ambiguous,0,3,red left red brown brown,red left red brown brown,purple right black brown; red right black brown; purple left red brown; purple right black yellow; red left red yellow; red right black yellow; red left red brown; purple left red yellow,purple left red brown; red left red yellow; red left red brown; red right black brown; purple right black yellow; purple left red yellow; purple right black brown; red right black yellow,red right black yellow; red left red brown; red left red yellow; purple left red yellow; red right black brown; purple right black brown; purple right black yellow; purple left red brown,red right black yellow; red left red brown; red left red yellow; purple left red yellow; red right black brown; purple right black brown; purple right black yellow; purple left red brown,,,,
6TEJDC,schema,ambiguous,0,4,red left red brown blue,red left red brown blue,purple right black brown; red right black brown; purple left red brown; purple right black yellow; red left red yellow; red right black yellow; red left red brown; purple left red yellow,purple left red brown; red left red yellow; red left red brown; red right black brown; purple right black yellow; purple left red yellow; purple right black brown; red right black yellow,red right black yellow; red left red brown; red left red yellow; purple left red yellow; red right black brown; purple right black brown; purple right black yellow; purple left red brown,red right black yellow; red left red brown; red left red yellow; purple left red yellow; red right black brown; purple right black brown; purple right black yellow; purple left red brown,,,,
6TEJDC,schema,ambiguous,0,5,red left red brown black,red left red brown black,purple right black brown; red right black brown; purple left red brown; purple right black yellow; red left red yellow; red right black yellow; red left red brown; purple left red yellow,purple left red brown; red left red yellow; red left red brown; red right black brown; purple right black yellow; purple left red yellow; purple right black brown; red right black yellow,red right black yellow; red left red brown; red left red yellow; purple left red yellow; red right black brown; purple right black brown; purple right black yellow; purple left red brown,red right black yellow; red left red brown; red left red yellow; purple left red yellow; red right black brown; purple right black brown; purple right black yellow; purple left red brown,,,,
6TEJDC,schema,ambiguous,0,6,purple right black yellow white,purple right black yellow white,purple right black brown; red right black brown; purple left red brown; purple right black yellow; red left red yellow; red right black yellow; red left red brown; purple left red yellow,purple left red brown; red left red yellow; red left red brown; red right black brown; purple right black yellow; purple left red yellow; purple right black brown; red right black yellow,red right black yellow; red left red brown; red left red yellow; purple left red yellow; red right black brown; purple right black brown; purple right black yellow; purple left red brown,red right black yellow; red left red brown; red left red yellow; purple left red yellow; red right black brown; purple right black brown; purple right black yellow; purple left red brown,,,,
6TEJDC,schema,ambiguous,0,7,purple right black yellow white brown,purple right black yellow white brown,purple right black brown; red right black brown; purple left red brown; purple right black yellow; red left red yellow; red right black yellow; red left red brown; purple left red yellow,purple left red brown; red left red yellow; red left red brown; red right black brown; purple right black yellow; purple left red yellow; purple right black brown; red right black yellow,red right black yellow; red left red brown; red left red yellow; purple left red yellow; red right black brown; purple right black brown; purple right black yellow; purple left red brown,red right black yellow; red left red brown; red left red yellow; purple left red yellow; red right black brown; purple right black brown; purple right black yellow; purple left red brown,,,,
6TEJDC,schema,ambiguous,1,0,purple right black yellow purple,purple right back yellow purple,purple right black brown; red right black brown; purple left red brown; purple right black yellow; red left red yellow; red right black yellow; red left red brown; purple left red yellow,purple left red brown; red left red yellow; red left red brown; red right black brown; purple right black yellow; purple left red yellow; purple right black brown; red right black yellow,red right black yellow; red left red brown; red left red yellow; purple left red yellow; red right black brown; purple right black brown; purple right black yellow; purple left red brown,red right black yellow; red left red brown; red left red yellow; purple left red yellow; red right black brown; purple right black brown; purple right black yellow; purple left red brown,,,,
6TEJDC,schema,ambiguous,1,1,purple right black yellow pink,purple right black yellow pink,purple right black brown; red right black brown; purple left red brown; purple right black yellow; red left red yellow; red right black yellow; red left red brown; purple left red yellow,purple left red brown; red left red yellow; red left red brown; red right black brown; purple right black yellow; purple left red yellow; purple right black brown; red right black yellow,red right black yellow; red left red brown; red left red yellow; purple left red yellow; red right black brown; purple right black brown; purple right black yellow; purple left red brown,red right black yellow; red left red brown; red left red yellow; purple left red yellow; red right black brown; purple right black brown; purple right black yellow; purple left red brown,,,,
6TEJDC,schema,ambiguous,1,2,red left red brown orange,red left red brown orange,purple right black brown; red right black brown; purple left red brown; purple right black yellow; red left red yellow; red right black yellow; red left red brown; purple left red yellow,purple left red brown; red left red yellow; red left red brown; red right black brown; purple right black yellow; purple left red yellow; purple right black brown; red right black yellow,red right black yellow; red left red brown; red left red yellow; purple left red yellow; red right black brown; purple right black brown; purple right black yellow; purple left red brown,red right black yellow; red left red brown; red left red yellow; purple left red yellow; red right black brown; purple right black brown; purple right black yellow; purple left red brown,,,,
6TEJDC,schema,ambiguous,1,3,red left red brown brown,red left red brown brown,purple right black brown; red right black brown; purple left red brown; purple right black yellow; red left red yellow; red right black yellow; red left red brown; purple left red yellow,purple left red brown; red left red yellow; red left red brown; red right black brown; purple right black yellow; purple left red yellow; purple right black brown; red right black yellow,red right black yellow; red left red brown; red left red yellow; purple left red yellow; red right black brown; purple right black brown; purple right black yellow; purple left red brown,red right black yellow; red left red brown; red left red yellow; purple left red yellow; red right black brown; purple right black brown; purple right black yellow; purple left red brown,,,,
6TEJDC,schema,ambiguous,1,4,red left red brown blue,red left red brown blue,purple right black brown; red right black brown; purple left red brown; purple right black yellow; red left red yellow; red right black yellow; red left red brown; purple left red yellow,purple left red brown; red left red yellow; red left red brown; red right black brown; purple right black yellow; purple left red yellow; purple right black brown; red right black yellow,red right black yellow; red left red brown; red left red yellow; purple left red yellow; red right black brown; purple right black brown; purple right black yellow; purple left red brown,red right black yellow; red left red brown; red left red yellow; purple left red yellow; red right black brown; purple right black brown; purple right black yellow; purple left red brown,,,,
6TEJDC,schema,ambiguous,1,5,red left red brown black,red left red brown black,purple right black brown; red right black brown; purple left red brown; purple right black yellow; red left red yellow; red right black yellow; red left red brown; purple left red yellow,purple left red brown; red left red yellow; red left red brown; red right black brown; purple right black yellow; purple left red yellow; purple right black brown; red right black yellow,red right black yellow; red left red brown; red left red yellow; purple left red yellow; red right black brown; purple right black brown; purple right black yellow; purple left red brown,red right black yellow; red left red brown; red left red yellow; purple left red yellow; red right black brown; purple right black brown; purple right black yellow; purple left red brown,,,,
6TEJDC,schema,ambiguous,1,6,purple right black yellow white,purple right black yellow white,purple right black brown; red right black brown; purple left red brown; purple right black yellow; red left red yellow; red right black yellow; red left red brown; purple left red yellow,purple left red brown; red left red yellow; red left red brown; red right black brown; purple right black yellow; purple left red yellow; purple right black brown; red right black yellow,red right black yellow; red left red brown; red left red yellow; purple left red yellow; red right black brown; purple right black brown; purple right black yellow; purple left red brown,red right black yellow; red left red brown; red left red yellow; purple left red yellow; red right black brown; purple right black brown; purple right black yellow; purple left red brown,,,,
6TEJDC,schema,ambiguous,1,7,purple right black yellow white brown,purple right black yellow white brown,purple right black brown; red right black brown; purple left red brown; purple right black yellow; red left red yellow; red right black yellow; red left red brown; purple left red yellow,purple left red brown; red left red yellow; red left red brown; red right black brown; purple right black yellow; purple left red yellow; purple right black brown; red right black yellow,red right black yellow; red left red brown; red left red yellow; purple left red yellow; red right black brown; purple right black brown; purple right black yellow; purple left red brown,red right black yellow; red left red brown; red left red yellow; purple left red yellow; red right black brown; purple right black brown; purple right black yellow; purple left red brown,,,,
6Z472W,schema,ambiguous,0,0,pp,pp,prb; orb; plb; pry; oly; ory; olb; ply,prb; ory; orb; obb; pby; pry; pbb; oby,oy; ob; oy; py; ob; pb; r; pb,oy; ob; oy; py; ob; pb; r; pb,,,,
6Z472W,schema,ambiguous,0,1,pp,pp,prb; orb; plb; pry; oly; ory; olb; ply,prb; ory; orb; obb; pby; pry; pbb; oby,oy; ob; oy; py; ob; pb; r; pb,oy; ob; oy; py; ob; pb; r; pb,,,,
6Z472W,schema,ambiguous,0,2,oy,oy,prb; orb; plb; pry; oly; ory; olb; ply,prb; ory; orb; obb; pby; pry; pbb; oby,oy; ob; oy; py; ob; pb; r; pb,oy; ob; oy; py; ob; pb; r; pb,,,,
6Z472W,schema,ambiguous,0,3,ob,ob,prb; orb; plb; pry; oly; ory; olb; ply,prb; ory; orb; obb; pby; pry; pbb; oby,oy; ob; oy; py; ob; pb; r; pb,oy; ob; oy; py; ob; pb; r; pb,,,,
6Z472W,schema,ambiguous,0,4,ob,ob,prb; orb; plb; pry; oly; ory; olb; ply,prb; ory; orb; obb; pby; pry; pbb; oby,oy; ob; oy; py; ob; pb; r; pb,oy; ob; oy; py; ob; pb; r; pb,,,,
6Z472W,schema,ambiguous,0,5,ob,ob,prb; orb; plb; pry; oly; ory; olb; ply,prb; ory; orb; obb; pby; pry; pbb; oby,oy; ob; oy; py; ob; pb; r; pb,oy; ob; oy; py; ob; pb; r; pb,,,,
6Z472W,schema,ambiguous,0,6,pw,pw,prb; orb; plb; pry; oly; ory; olb; ply,prb; ory; orb; obb; pby; pry; pbb; oby,oy; ob; oy; py; ob; pb; r; pb,oy; ob; oy; py; ob; pb; r; pb,,,,
6Z472W,schema,ambiguous,0,7,pb,pb,prb; orb; plb; pry; oly; ory; olb; ply,prb; ory; orb; obb; pby; pry; pbb; oby,oy; ob; oy; py; ob; pb; r; pb,oy; ob; oy; py; ob; pb; r; pb,,,,
6Z472W,schema,ambiguous,1,0,pp,pp,prb; orb; plb; pry; oly; ory; olb; ply,prb; ory; orb; obb; pby; pry; pbb; oby,oy; ob; oy; py; ob; pb; r; pb,oy; ob; oy; py; ob; pb; r; pb,,,,
6Z472W,schema,ambiguous,1,1,pp,pp,prb; orb; plb; pry; oly; ory; olb; ply,prb; ory; orb; obb; pby; pry; pbb; oby,oy; ob; oy; py; ob; pb; r; pb,oy; ob; oy; py; ob; pb; r; pb,,,,
6Z472W,schema,ambiguous,1,2,oy,oy,prb; orb; plb; pry; oly; ory; olb; ply,prb; ory; orb; obb; pby; pry; pbb; oby,oy; ob; oy; py; ob; pb; r; pb,oy; ob; oy; py; ob; pb; r; pb,,,,
6Z472W,schema,ambiguous,1,3,ob,ob,prb; orb; plb; pry; oly; ory; olb; ply,prb; ory; orb; obb; pby; pry; pbb; oby,oy; ob; oy; py; ob; pb; r; pb,oy; ob; oy; py; ob; pb; r; pb,,,,
6Z472W,schema,ambiguous,1,4,ob,ob,prb; orb; plb; pry; oly; ory; olb; ply,prb; ory; orb; obb; pby; pry; pbb; oby,oy; ob; oy; py; ob; pb; r; pb,oy; ob; oy; py; ob; pb; r; pb,,,,
6Z472W,schema,ambiguous,1,5,ob,ob,prb; orb; plb; pry; oly; ory; olb; ply,prb; ory; orb; obb; pby; pry; pbb; oby,oy; ob; oy; py; ob; pb; r; pb,oy; ob; oy; py; ob; pb; r; pb,,,,
6Z472W,schema,ambiguous,1,6,pw,pw,prb; orb; plb; pry; oly; ory; olb; ply,prb; ory; orb; obb; pby; pry; pbb; oby,oy; ob; oy; py; ob; pb; r; pb,oy; ob; oy; py; ob; pb; r; pb,,,,
6Z472W,schema,ambiguous,1,7,pb,pb,prb; orb; plb; pry; oly; ory; olb; ply,prb; ory; orb; obb; pby; pry; pbb; oby,oy; ob; oy; py; ob; pb; r; pb,oy; ob; oy; py; ob; pb; r; pb,,,,
74XPR3,schema_tangrams,incompatible,0,0,two hands,dance up,purple right red; orange right red; purple left red; purple right yellow; orange left yellow; orange right yellow; orange left red; purple left yellow,purple left red brown; orange left red yellow; orange left red brown; orange right black brown; purple right black yellow; purple left red yellow; purple right black brown; orange right black yellow,grey; green circle; red; green; white square; yellow; rainbow; white line,grey; green circle; red; green; white square; yellow; rainbow; white line,,,,
74XPR3,schema_tangrams,incompatible,0,1,pray up,dance left,purple right red; orange right red; purple left red; purple right yellow; orange left yellow; orange right yellow; orange left red; purple left yellow,purple left red brown; orange left red yellow; orange left red brown; orange right black brown; purple right black yellow; purple left red yellow; purple right black brown; orange right black yellow,grey; green circle; red; green; white square; yellow; rainbow; white line,grey; green circle; red; green; white square; yellow; rainbow; white line,,,,
74XPR3,schema_tangrams,incompatible,0,2,2 hands dance,hands up,purple right red; orange right red; purple left red; purple right yellow; orange left yellow; orange right yellow; orange left red; purple left yellow,purple left red brown; orange left red yellow; orange left red brown; orange right black brown; purple right black yellow; purple left red yellow; purple right black brown; orange right black yellow,grey; green circle; red; green; white square; yellow; rainbow; white line,grey; green circle; red; green; white square; yellow; rainbow; white line,,,,
74XPR3,schema_tangrams,incompatible,0,3,dance left,dance left,purple right red; orange right red; purple left red; purple right yellow; orange left yellow; orange right yellow; orange left red; purple left yellow,purple left red brown; orange left red yellow; orange left red brown; orange right black brown; purple right black yellow; purple left red yellow; purple right black brown; orange right black yellow,grey; green circle; red; green; white square; yellow; rainbow; white line,grey; green circle; red; green; white square; yellow; rainbow; white line,,,,
74XPR3,schema_tangrams,incompatible,0,4,pray left,pray left,purple right red; orange right red; purple left red; purple right yellow; orange left yellow; orange right yellow; orange left red; purple left yellow,purple left red brown; orange left red yellow; orange left red brown; orange right black brown; purple right black yellow; purple left red yellow; purple right black brown; orange right black yellow,grey; green circle; red; green; white square; yellow; rainbow; white line,grey; green circle; red; green; white square; yellow; rainbow; white line,,,,
74XPR3,schema_tangrams,incompatible,0,5,pray right,pray left,purple right red; orange right red; purple left red; purple right yellow; orange left yellow; orange right yellow; orange left red; purple left yellow,purple left red brown; orange left red yellow; orange left red brown; orange right black brown; purple right black yellow; purple left red yellow; purple right black brown; orange right black yellow,grey; green circle; red; green; white square; yellow; rainbow; white line,grey; green circle; red; green; white square; yellow; rainbow; white line,,,,
74XPR3,schema_tangrams,incompatible,0,6,dance right,hands up,purple right red; orange right red; purple left red; purple right yellow; orange left yellow; orange right yellow; orange left red; purple left yellow,purple left red brown; orange left red yellow; orange left red brown; orange right black brown; purple right black yellow; purple left red yellow; purple right black brown; orange right black yellow,grey; green circle; red; green; white square; yellow; rainbow; white line,grey; green circle; red; green; white square; yellow; rainbow; white line,,,,
74XPR3,schema_tangrams,incompatible,0,7,pray right,pray right,purple right red; orange right red; purple left red; purple right yellow; orange left yellow; orange right yellow; orange left red; purple left yellow,purple left red brown; orange left red yellow; orange left red brown; orange right black brown; purple right black yellow; purple left red yellow; purple right black brown; orange right black yellow,grey; green circle; red; green; white square; yellow; rainbow; white line,grey; green circle; red; green; white square; yellow; rainbow; white line,,,,
74XPR3,schema_tangrams,incompatible,1,0,dance up,two hands,purple right red; orange right red; purple left red; purple right yellow; orange left yellow; orange right yellow; orange left red; purple left yellow,purple left red brown; orange left red yellow; orange left red brown; orange right black brown; purple right black yellow; purple left red yellow; purple right black brown; orange right black yellow,grey; green circle; red; green; white square; yellow; rainbow; white line,grey; green circle; red; green; white square; yellow; rainbow; white line,,,,
74XPR3,schema_tangrams,incompatible,1,1,dance left,pray up,purple right red; orange right red; purple left red; purple right yellow; orange left yellow; orange right yellow; orange left red; purple left yellow,purple left red brown; orange left red yellow; orange left red brown; orange right black brown; purple right black yellow; purple left red yellow; purple right black brown; orange right black yellow,grey; green circle; red; green; white square; yellow; rainbow; white line,grey; green circle; red; green; white square; yellow; rainbow; white line,,,,
74XPR3,schema_tangrams,incompatible,1,2,hands up,2 hands dance,purple right red; orange right red; purple left red; purple right yellow; orange left yellow; orange right yellow; orange left red; purple left yellow,purple left red brown; orange left red yellow; orange left red brown; orange right black brown; purple right black yellow; purple left red yellow; purple right black brown; orange right black yellow,grey; green circle; red; green; white square; yellow; rainbow; white line,grey; green circle; red; green; white square; yellow; rainbow; white line,,,,
74XPR3,schema_tangrams,incompatible,1,3,dance left,dance left,purple right red; orange right red; purple left red; purple right yellow; orange left yellow; orange right yellow; orange left red; purple left yellow,purple left red brown; orange left red yellow; orange left red brown; orange right black brown; purple right black yellow; purple left red yellow; purple right black brown; orange right black yellow,grey; green circle; red; green; white square; yellow; rainbow; white line,grey; green circle; red; green; white square; yellow; rainbow; white line,,,,
74XPR3,schema_tangrams,incompatible,1,4,pray left,pray left,purple right red; orange right red; purple left red; purple right yellow; orange left yellow; orange right yellow; orange left red; purple left yellow,purple left red brown; orange left red yellow; orange left red brown; orange right black brown; purple right black yellow; purple left red yellow; purple right black brown; orange right black yellow,grey; green circle; red; green; white square; yellow; rainbow; white line,grey; green circle; red; green; white square; yellow; rainbow; white line,,,,
74XPR3,schema_tangrams,incompatible,1,5,pray left,pray right,purple right red; orange right red; purple left red; purple right yellow; orange left yellow; orange right yellow; orange left red; purple left yellow,purple left red brown; orange left red yellow; orange left red brown; orange right black brown; purple right black yellow; purple left red yellow; purple right black brown; orange right black yellow,grey; green circle; red; green; white square; yellow; rainbow; white line,grey; green circle; red; green; white square; yellow; rainbow; white line,,,,
74XPR3,schema_tangrams,incompatible,1,6,hands up,dance right,purple right red; orange right red; purple left red; purple right yellow; orange left yellow; orange right yellow; orange left red; purple left yellow,purple left red brown; orange left red yellow; orange left red brown; orange right black brown; purple right black yellow; purple left red yellow; purple right black brown; orange right black yellow,grey; green circle; red; green; white square; yellow; rainbow; white line,grey; green circle; red; green; white square; yellow; rainbow; white line,,,,
74XPR3,schema_tangrams,incompatible,1,7,pray right,pray right,purple right red; orange right red; purple left red; purple right yellow; orange left yellow; orange right yellow; orange left red; purple left yellow,purple left red brown; orange left red yellow; orange left red brown; orange right black brown; purple right black yellow; purple left red yellow; purple right black brown; orange right black yellow,grey; green circle; red; green; white square; yellow; rainbow; white line,grey; green circle; red; green; white square; yellow; rainbow; white line,,,,
79E82M,schema_tangrams,incompatible,0,0,cheering,cheering,purple hat + black hands + brown feet; orange hat + black hands + brown feet; purple hat + red hands + brown feet; purple hat + black hands + yellow feet; orange hat + red hands + yellow feet; orange hat + black hands + yellow feet; orange hat + red hands + feet; purple hat + red hands + yellow feet,purple hat + red hands + brown feet; orange hat + red hands + yellow feet; orange hat + red hands + brown feet; orange hat + black hands + brown feet; purple hat + black hands + yellow feet; purple hat + red hands + yellow feet; purple hat + black hands + brown feet; orange hat + black hands + yellow feet,orange hat + black hands + yellow feet; orange hat + red hands + brown feet; orange hat + red hands + yellow feet; purple hat + red hands + yellow feet; orange hat + black hands + brown feet; purple hat + black hands + brown feet; purple hat + black hands + yellow feet; purple hat + red hands + brown feet,orange hat + black hands + yellow feet; orange hat + red hands + brown feet; orange hat + red hands + yellow feet; purple hat + red hands + yellow feet; orange hat + black hands + brown feet; purple hat + black hands + brown feet; purple hat + black hands + yellow feet; purple hat + red hands + brown feet,,,,
79E82M,schema_tangrams,incompatible,0,1,drunk,drunk,purple hat + black hands + brown feet; orange hat + black hands + brown feet; purple hat + red hands + brown feet; purple hat + black hands + yellow feet; orange hat + red hands + yellow feet; orange hat + black hands + yellow feet; orange hat + red hands + feet; purple hat + red hands + yellow feet,purple hat + red hands + brown feet; orange hat + red hands + yellow feet; orange hat + red hands + brown feet; orange hat + black hands + brown feet; purple hat + black hands + yellow feet; purple hat + red hands + yellow feet; purple hat + black hands + brown feet; orange hat + black hands + yellow feet,orange hat + black hands + yellow feet; orange hat + red hands + brown feet; orange hat + red hands + yellow feet; purple hat + red hands + yellow feet; orange hat + black hands + brown feet; purple hat + black hands + brown feet; purple hat + black hands + yellow feet; purple hat + red hands + brown feet,orange hat + black hands + yellow feet; orange hat + red hands + brown feet; orange hat + red hands + yellow feet; purple hat + red hands + yellow feet; orange hat + black hands + brown feet; purple hat + black hands + brown feet; purple hat + black hands + yellow feet; purple hat + red hands + brown feet,,,,
79E82M,schema_tangrams,incompatible,0,2,abstract,abstract,purple hat + black hands + brown feet; orange hat + black hands + brown feet; purple hat + red hands + brown feet; purple hat + black hands + yellow feet; orange hat + red hands + yellow feet; orange hat + black hands + yellow feet; orange hat + red hands + feet; purple hat + red hands + yellow feet,purple hat + red hands + brown feet; orange hat + red hands + yellow feet; orange hat + red hands + brown feet; orange hat + black hands + brown feet; purple hat + black hands + yellow feet; purple hat + red hands + yellow feet; purple hat + black hands + brown feet; orange hat + black hands + yellow feet,orange hat + black hands + yellow feet; orange hat + red hands + brown feet; orange hat + red hands + yellow feet; purple hat + red hands + yellow feet; orange hat + black hands + brown feet; purple hat + black hands + brown feet; purple hat + black hands + yellow feet; purple hat + red hands + brown feet,orange hat + black hands + yellow feet; orange hat + red hands + brown feet; orange hat + red hands + yellow feet; purple hat + red hands + yellow feet; orange hat + black hands + brown feet; purple hat + black hands + brown feet; purple hat + black hands + yellow feet; purple hat + red hands + brown feet,,,,
79E82M,schema_tangrams,incompatible,0,3,skating,skating,purple hat + black hands + brown feet; orange hat + black hands + brown feet; purple hat + red hands + brown feet; purple hat + black hands + yellow feet; orange hat + red hands + yellow feet; orange hat + black hands + yellow feet; orange hat + red hands + feet; purple hat + red hands + yellow feet,purple hat + red hands + brown feet; orange hat + red hands + yellow feet; orange hat + red hands + brown feet; orange hat + black hands + brown feet; purple hat + black hands + yellow feet; purple hat + red hands + yellow feet; purple hat + black hands + brown feet; orange hat + black hands + yellow feet,orange hat + black hands + yellow feet; orange hat + red hands + brown feet; orange hat + red hands + yellow feet; purple hat + red hands + yellow feet; orange hat + black hands + brown feet; purple hat + black hands + brown feet; purple hat + black hands + yellow feet; purple hat + red hands + brown feet,orange hat + black hands + yellow feet; orange hat + red hands + brown feet; orange hat + red hands + yellow feet; purple hat + red hands + yellow feet; orange hat + black hands + brown feet; purple hat + black hands + brown feet; purple hat + black hands + yellow feet; purple hat + red hands + brown feet,,,,
79E82M,schema_tangrams,incompatible,0,4,priest,priest,purple hat + black hands + brown feet; orange hat + black hands + brown feet; purple hat + red hands + brown feet; purple hat + black hands + yellow feet; orange hat + red hands + yellow feet; orange hat + black hands + yellow feet; orange hat + red hands + feet; purple hat + red hands + yellow feet,purple hat + red hands + brown feet; orange hat + red hands + yellow feet; orange hat + red hands + brown feet; orange hat + black hands + brown feet; purple hat + black hands + yellow feet; purple hat + red hands + yellow feet; purple hat + black hands + brown feet; orange hat + black hands + yellow feet,orange hat + black hands + yellow feet; orange hat + red hands + brown feet; orange hat + red hands + yellow feet; purple hat + red hands + yellow feet; orange hat + black hands + brown feet; purple hat + black hands + brown feet; purple hat + black hands + yellow feet; purple hat + red hands + brown feet,orange hat + black hands + yellow feet; orange hat + red hands + brown feet; orange hat + red hands + yellow feet; purple hat + red hands + yellow feet; orange hat + black hands + brown feet; purple hat + black hands + brown feet; purple hat + black hands + yellow feet; purple hat + red hands + brown feet,,,,
79E82M,schema_tangrams,incompatible,0,5,praying,praying,purple hat + black hands + brown feet; orange hat + black hands + brown feet; purple hat + red hands + brown feet; purple hat + black hands + yellow feet; orange hat + red hands + yellow feet; orange hat + black hands + yellow feet; orange hat + red hands + feet; purple hat + red hands + yellow feet,purple hat + red hands + brown feet; orange hat + red hands + yellow feet; orange hat + red hands + brown feet; orange hat + black hands + brown feet; purple hat + black hands + yellow feet; purple hat + red hands + yellow feet; purple hat + black hands + brown feet; orange hat + black hands + yellow feet,orange hat + black hands + yellow feet; orange hat + red hands + brown feet; orange hat + red hands + yellow feet; purple hat + red hands + yellow feet; orange hat + black hands + brown feet; purple hat + black hands + brown feet; purple hat + black hands + yellow feet; purple hat + red hands + brown feet,orange hat + black hands + yellow feet; orange hat + red hands + brown feet; orange hat + red hands + yellow feet; purple hat + red hands + yellow feet; orange hat + black hands + brown feet; purple hat + black hands + brown feet; purple hat + black hands + yellow feet; purple hat + red hands + brown feet,,,,
79E82M,schema_tangrams,incompatible,0,6,seal,seal,purple hat + black hands + brown feet; orange hat + black hands + brown feet; purple hat + red hands + brown feet; purple hat + black hands + yellow feet; orange hat + red hands + yellow feet; orange hat + black hands + yellow feet; orange hat + red hands + feet; purple hat + red hands + yellow feet,purple hat + red hands + brown feet; orange hat + red hands + yellow feet; orange hat + red hands + brown feet; orange hat + black hands + brown feet; purple hat + black hands + yellow feet; purple hat + red hands + yellow feet; purple hat + black hands + brown feet; orange hat + black hands + yellow feet,orange hat + black hands + yellow feet; orange hat + red hands + brown feet; orange hat + red hands + yellow feet; purple hat + red hands + yellow feet; orange hat + black hands + brown feet; purple hat + black hands + brown feet; purple hat + black hands + yellow feet; purple hat + red hands + brown feet,orange hat + black hands + yellow feet; orange hat + red hands + brown feet; orange hat + red hands + yellow feet; purple hat + red hands + yellow feet; orange hat + black hands + brown feet; purple hat + black hands + brown feet; purple hat + black hands + yellow feet; purple hat + red hands + brown feet,,,,
79E82M,schema_tangrams,incompatible,0,7,2 square head,2 square head,purple hat + black hands + brown feet; orange hat + black hands + brown feet; purple hat + red hands + brown feet; purple hat + black hands + yellow feet; orange hat + red hands + yellow feet; orange hat + black hands + yellow feet; orange hat + red hands + feet; purple hat + red hands + yellow feet,purple hat + red hands + brown feet; orange hat + red hands + yellow feet; orange hat + red hands + brown feet; orange hat + black hands + brown feet; purple hat + black hands + yellow feet; purple hat + red hands + yellow feet; purple hat + black hands + brown feet; orange hat + black hands + yellow feet,orange hat + black hands + yellow feet; orange hat + red hands + brown feet; orange hat + red hands + yellow feet; purple hat + red hands + yellow feet; orange hat + black hands + brown feet; purple hat + black hands + brown feet; purple hat + black hands + yellow feet; purple hat + red hands + brown feet,orange hat + black hands + yellow feet; orange hat + red hands + brown feet; orange hat + red hands + yellow feet; purple hat + red hands + yellow feet; orange hat + black hands + brown feet; purple hat + black hands + brown feet; purple hat + black hands + yellow feet; purple hat + red hands + brown feet,,,,
79E82M,schema_tangrams,incompatible,1,0,cheering,cheering,purple hat + black hands brown shoes; orange hat + black hands + brown shoes; purple hat + red hands + brown feet; purple hat + black hands + yellow feet; orange hat + red hands + yellow feet; orange hat + black hands + yellow feet; orange hat + red hands + brown feet; purple hat + red hands + yellow feet,purple hat + red hands + brown feet; orange hat + red hands + yellow feet; orange hat + red hands + brown feet; orange hat + black hands + brown feet; purple hat + black hands + yellow feet; purple hat + red hands + yellow feet; purple hat + black hands + brown feet; orange hat + black hands + yellow feet,orange hat + black hands + yellow feet; orange hat + red hands + brown feet; orange hat + red hands + yellow feet; purple hat + red hands + yellow feet; orange hat + black hands + brown feet; purple hat + black hands + brown feet; purple hat + black hands + yellow feet; purple hat + red hands + brown feet,orange hat + black hands + yellow feet; orange hat + red hands + brown feet; orange hat + red hands + yellow feet; purple hat + red hands + yellow feet; orange hat + black hands + brown feet; purple hat + black hands + brown feet; purple hat + black hands + yellow feet; purple hat + red hands + brown feet,,,,
79E82M,schema_tangrams,incompatible,1,1,drunk,drunk,purple hat + black hands brown shoes; orange hat + black hands + brown shoes; purple hat + red hands + brown feet; purple hat + black hands + yellow feet; orange hat + red hands + yellow feet; orange hat + black hands + yellow feet; orange hat + red hands + brown feet; purple hat + red hands + yellow feet,purple hat + red hands + brown feet; orange hat + red hands + yellow feet; orange hat + red hands + brown feet; orange hat + black hands + brown feet; purple hat + black hands + yellow feet; purple hat + red hands + yellow feet; purple hat + black hands + brown feet; orange hat + black hands + yellow feet,orange hat + black hands + yellow feet; orange hat + red hands + brown feet; orange hat + red hands + yellow feet; purple hat + red hands + yellow feet; orange hat + black hands + brown feet; purple hat + black hands + brown feet; purple hat + black hands + yellow feet; purple hat + red hands + brown feet,orange hat + black hands + yellow feet; orange hat + red hands + brown feet; orange hat + red hands + yellow feet; purple hat + red hands + yellow feet; orange hat + black hands + brown feet; purple hat + black hands + brown feet; purple hat + black hands + yellow feet; purple hat + red hands + brown feet,,,,
79E82M,schema_tangrams,incompatible,1,2,abstract,abstract,purple hat + black hands brown shoes; orange hat + black hands + brown shoes; purple hat + red hands + brown feet; purple hat + black hands + yellow feet; orange hat + red hands + yellow feet; orange hat + black hands + yellow feet; orange hat + red hands + brown feet; purple hat + red hands + yellow feet,purple hat + red hands + brown feet; orange hat + red hands + yellow feet; orange hat + red hands + brown feet; orange hat + black hands + brown feet; purple hat + black hands + yellow feet; purple hat + red hands + yellow feet; purple hat + black hands + brown feet; orange hat + black hands + yellow feet,orange hat + black hands + yellow feet; orange hat + red hands + brown feet; orange hat + red hands + yellow feet; purple hat + red hands + yellow feet; orange hat + black hands + brown feet; purple hat + black hands + brown feet; purple hat + black hands + yellow feet; purple hat + red hands + brown feet,orange hat + black hands + yellow feet; orange hat + red hands + brown feet; orange hat + red hands + yellow feet; purple hat + red hands + yellow feet; orange hat + black hands + brown feet; purple hat + black hands + brown feet; purple hat + black hands + yellow feet; purple hat + red hands + brown feet,,,,
79E82M,schema_tangrams,incompatible,1,3,skating,skating,purple hat + black hands brown shoes; orange hat + black hands + brown shoes; purple hat + red hands + brown feet; purple hat + black hands + yellow feet; orange hat + red hands + yellow feet; orange hat + black hands + yellow feet; orange hat + red hands + brown feet; purple hat + red hands + yellow feet,purple hat + red hands + brown feet; orange hat + red hands + yellow feet; orange hat + red hands + brown feet; orange hat + black hands + brown feet; purple hat + black hands + yellow feet; purple hat + red hands + yellow feet; purple hat + black hands + brown feet; orange hat + black hands + yellow feet,orange hat + black hands + yellow feet; orange hat + red hands + brown feet; orange hat + red hands + yellow feet; purple hat + red hands + yellow feet; orange hat + black hands + brown feet; purple hat + black hands + brown feet; purple hat + black hands + yellow feet; purple hat + red hands + brown feet,orange hat + black hands + yellow feet; orange hat + red hands + brown feet; orange hat + red hands + yellow feet; purple hat + red hands + yellow feet; orange hat + black hands + brown feet; purple hat + black hands + brown feet; purple hat + black hands + yellow feet; purple hat + red hands + brown feet,,,,
79E82M,schema_tangrams,incompatible,1,4,priest,priest,purple hat + black hands brown shoes; orange hat + black hands + brown shoes; purple hat + red hands + brown feet; purple hat + black hands + yellow feet; orange hat + red hands + yellow feet; orange hat + black hands + yellow feet; orange hat + red hands + brown feet; purple hat + red hands + yellow feet,purple hat + red hands + brown feet; orange hat + red hands + yellow feet; orange hat + red hands + brown feet; orange hat + black hands + brown feet; purple hat + black hands + yellow feet; purple hat + red hands + yellow feet; purple hat + black hands + brown feet; orange hat + black hands + yellow feet,orange hat + black hands + yellow feet; orange hat + red hands + brown feet; orange hat + red hands + yellow feet; purple hat + red hands + yellow feet; orange hat + black hands + brown feet; purple hat + black hands + brown feet; purple hat + black hands + yellow feet; purple hat + red hands + brown feet,orange hat + black hands + yellow feet; orange hat + red hands + brown feet; orange hat + red hands + yellow feet; purple hat + red hands + yellow feet; orange hat + black hands + brown feet; purple hat + black hands + brown feet; purple hat + black hands + yellow feet; purple hat + red hands + brown feet,,,,
79E82M,schema_tangrams,incompatible,1,5,praying,praying,purple hat + black hands brown shoes; orange hat + black hands + brown shoes; purple hat + red hands + brown feet; purple hat + black hands + yellow feet; orange hat + red hands + yellow feet; orange hat + black hands + yellow feet; orange hat + red hands + brown feet; purple hat + red hands + yellow feet,purple hat + red hands + brown feet; orange hat + red hands + yellow feet; orange hat + red hands + brown feet; orange hat + black hands + brown feet; purple hat + black hands + yellow feet; purple hat + red hands + yellow feet; purple hat + black hands + brown feet; orange hat + black hands + yellow feet,orange hat + black hands + yellow feet; orange hat + red hands + brown feet; orange hat + red hands + yellow feet; purple hat + red hands + yellow feet; orange hat + black hands + brown feet; purple hat + black hands + brown feet; purple hat + black hands + yellow feet; purple hat + red hands + brown feet,orange hat + black hands + yellow feet; orange hat + red hands + brown feet; orange hat + red hands + yellow feet; purple hat + red hands + yellow feet; orange hat + black hands + brown feet; purple hat + black hands + brown feet; purple hat + black hands + yellow feet; purple hat + red hands + brown feet,,,,
79E82M,schema_tangrams,incompatible,1,6,seal,seal,purple hat + black hands brown shoes; orange hat + black hands + brown shoes; purple hat + red hands + brown feet; purple hat + black hands + yellow feet; orange hat + red hands + yellow feet; orange hat + black hands + yellow feet; orange hat + red hands + brown feet; purple hat + red hands + yellow feet,purple hat + red hands + brown feet; orange hat + red hands + yellow feet; orange hat + red hands + brown feet; orange hat + black hands + brown feet; purple hat + black hands + yellow feet; purple hat + red hands + yellow feet; purple hat + black hands + brown feet; orange hat + black hands + yellow feet,orange hat + black hands + yellow feet; orange hat + red hands + brown feet; orange hat + red hands + yellow feet; purple hat + red hands + yellow feet; orange hat + black hands + brown feet; purple hat + black hands + brown feet; purple hat + black hands + yellow feet; purple hat + red hands + brown feet,orange hat + black hands + yellow feet; orange hat + red hands + brown feet; orange hat + red hands + yellow feet; purple hat + red hands + yellow feet; orange hat + black hands + brown feet; purple hat + black hands + brown feet; purple hat + black hands + yellow feet; purple hat + red hands + brown feet,,,,
79E82M,schema_tangrams,incompatible,1,7,2 square head,2 square head,purple hat + black hands brown shoes; orange hat + black hands + brown shoes; purple hat + red hands + brown feet; purple hat + black hands + yellow feet; orange hat + red hands + yellow feet; orange hat + black hands + yellow feet; orange hat + red hands + brown feet; purple hat + red hands + yellow feet,purple hat + red hands + brown feet; orange hat + red hands + yellow feet; orange hat + red hands + brown feet; orange hat + black hands + brown feet; purple hat + black hands + yellow feet; purple hat + red hands + yellow feet; purple hat + black hands + brown feet; orange hat + black hands + yellow feet,orange hat + black hands + yellow feet; orange hat + red hands + brown feet; orange hat + red hands + yellow feet; purple hat + red hands + yellow feet; orange hat + black hands + brown feet; purple hat + black hands + brown feet; purple hat + black hands + yellow feet; purple hat + red hands + brown feet,orange hat + black hands + yellow feet; orange hat + red hands + brown feet; orange hat + red hands + yellow feet; purple hat + red hands + yellow feet; orange hat + black hands + brown feet; purple hat + black hands + brown feet; purple hat + black hands + yellow feet; purple hat + red hands + brown feet,,,,
7BE84W,schema,ambiguous,0,0,purple pink,purple pink,purple black hands brown feet; orange black hands brown feet; purple red hands brown feet; purple black hands yellow feet; orange red hands yellow feet; orange black hands yellow feet; orange red hands brown feet; purple red hands yellow feet,purple red hands brown feet; orange red hands yellow feet; orange red hands brown feet; orange black hands brown feet; purple black hands yellow feet; purple red hands yellow feet; purple black hands brown feet; orange black hands yellow feet,orange black hands yellow feet; orange red hands brown feet; orange red hands yellow feet; purple red hands yellow feet; orange black hands brown feet; purple black hands brown feet; purple black hands yellow feet; purple red hands brown feet,orange black hands yellow feet; orange red hands brown feet; orange red hands yellow feet; purple red hands yellow feet; orange black hands brown feet; purple black hands brown feet; purple black hands yellow feet; purple red hands brown feet,,,,
7BE84W,schema,ambiguous,0,1,purple yellow,purple yellow,purple black hands brown feet; orange black hands brown feet; purple red hands brown feet; purple black hands yellow feet; orange red hands yellow feet; orange black hands yellow feet; orange red hands brown feet; purple red hands yellow feet,purple red hands brown feet; orange red hands yellow feet; orange red hands brown feet; orange black hands brown feet; purple black hands yellow feet; purple red hands yellow feet; purple black hands brown feet; orange black hands yellow feet,orange black hands yellow feet; orange red hands brown feet; orange red hands yellow feet; purple red hands yellow feet; orange black hands brown feet; purple black hands brown feet; purple black hands yellow feet; purple red hands brown feet,orange black hands yellow feet; orange red hands brown feet; orange red hands yellow feet; purple red hands yellow feet; orange black hands brown feet; purple black hands brown feet; purple black hands yellow feet; purple red hands brown feet,,,,
7BE84W,schema,ambiguous,0,2,orange yellow,orange yellow,purple black hands brown feet; orange black hands brown feet; purple red hands brown feet; purple black hands yellow feet; orange red hands yellow feet; orange black hands yellow feet; orange red hands brown feet; purple red hands yellow feet,purple red hands brown feet; orange red hands yellow feet; orange red hands brown feet; orange black hands brown feet; purple black hands yellow feet; purple red hands yellow feet; purple black hands brown feet; orange black hands yellow feet,orange black hands yellow feet; orange red hands brown feet; orange red hands yellow feet; purple red hands yellow feet; orange black hands brown feet; purple black hands brown feet; purple black hands yellow feet; purple red hands brown feet,orange black hands yellow feet; orange red hands brown feet; orange red hands yellow feet; purple red hands yellow feet; orange black hands brown feet; purple black hands brown feet; purple black hands yellow feet; purple red hands brown feet,,,,
7BE84W,schema,ambiguous,0,3,orange brown,orange brown,purple black hands brown feet; orange black hands brown feet; purple red hands brown feet; purple black hands yellow feet; orange red hands yellow feet; orange black hands yellow feet; orange red hands brown feet; purple red hands yellow feet,purple red hands brown feet; orange red hands yellow feet; orange red hands brown feet; orange black hands brown feet; purple black hands yellow feet; purple red hands yellow feet; purple black hands brown feet; orange black hands yellow feet,orange black hands yellow feet; orange red hands brown feet; orange red hands yellow feet; purple red hands yellow feet; orange black hands brown feet; purple black hands brown feet; purple black hands yellow feet; purple red hands brown feet,orange black hands yellow feet; orange red hands brown feet; orange red hands yellow feet; purple red hands yellow feet; orange black hands brown feet; purple black hands brown feet; purple black hands yellow feet; purple red hands brown feet,,,,
7BE84W,schema,ambiguous,0,4,orange blue,orange blue,purple black hands brown feet; orange black hands brown feet; purple red hands brown feet; purple black hands yellow feet; orange red hands yellow feet; orange black hands yellow feet; orange red hands brown feet; purple red hands yellow feet,purple red hands brown feet; orange red hands yellow feet; orange red hands brown feet; orange black hands brown feet; purple black hands yellow feet; purple red hands yellow feet; purple black hands brown feet; orange black hands yellow feet,orange black hands yellow feet; orange red hands brown feet; orange red hands yellow feet; purple red hands yellow feet; orange black hands brown feet; purple black hands brown feet; purple black hands yellow feet; purple red hands brown feet,orange black hands yellow feet; orange red hands brown feet; orange red hands yellow feet; purple red hands yellow feet; orange black hands brown feet; purple black hands brown feet; purple black hands yellow feet; purple red hands brown feet,,,,
7BE84W,schema,ambiguous,0,5,orange black,orange black,purple black hands brown feet; orange black hands brown feet; purple red hands brown feet; purple black hands yellow feet; orange red hands yellow feet; orange black hands yellow feet; orange red hands brown feet; purple red hands yellow feet,purple red hands brown feet; orange red hands yellow feet; orange red hands brown feet; orange black hands brown feet; purple black hands yellow feet; purple red hands yellow feet; purple black hands brown feet; orange black hands yellow feet,orange black hands yellow feet; orange red hands brown feet; orange red hands yellow feet; purple red hands yellow feet; orange black hands brown feet; purple black hands brown feet; purple black hands yellow feet; purple red hands brown feet,orange black hands yellow feet; orange red hands brown feet; orange red hands yellow feet; purple red hands yellow feet; orange black hands brown feet; purple black hands brown feet; purple black hands yellow feet; purple red hands brown feet,,,,
7BE84W,schema,ambiguous,0,6,purple white white,purple white white,purple black hands brown feet; orange black hands brown feet; purple red hands brown feet; purple black hands yellow feet; orange red hands yellow feet; orange black hands yellow feet; orange red hands brown feet; purple red hands yellow feet,purple red hands brown feet; orange red hands yellow feet; orange red hands brown feet; orange black hands brown feet; purple black hands yellow feet; purple red hands yellow feet; purple black hands brown feet; orange black hands yellow feet,orange black hands yellow feet; orange red hands brown feet; orange red hands yellow feet; purple red hands yellow feet; orange black hands brown feet; purple black hands brown feet; purple black hands yellow feet; purple red hands brown feet,orange black hands yellow feet; orange red hands brown feet; orange red hands yellow feet; purple red hands yellow feet; orange black hands brown feet; purple black hands brown feet; purple black hands yellow feet; purple red hands brown feet,,,,
7BE84W,schema,ambiguous,0,7,purple white brown,purple white brown,purple black hands brown feet; orange black hands brown feet; purple red hands brown feet; purple black hands yellow feet; orange red hands yellow feet; orange black hands yellow feet; orange red hands brown feet; purple red hands yellow feet,purple red hands brown feet; orange red hands yellow feet; orange red hands brown feet; orange black hands brown feet; purple black hands yellow feet; purple red hands yellow feet; purple black hands brown feet; orange black hands yellow feet,orange black hands yellow feet; orange red hands brown feet; orange red hands yellow feet; purple red hands yellow feet; orange black hands brown feet; purple black hands brown feet; purple black hands yellow feet; purple red hands brown feet,orange black hands yellow feet; orange red hands brown feet; orange red hands yellow feet; purple red hands yellow feet; orange black hands brown feet; purple black hands brown feet; purple black hands yellow feet; purple red hands brown feet,,,,
7BE84W,schema,ambiguous,1,0,purple pink,purple pink,purple black hands brown feet; orange black hands brown feet; purple red hands brown feet; purple black hands yellow feet; orange red hands yellow feet; orange black hands yellow feet; orange red hands brown feet; purple red hands yellow feet,purple red hands brown feet; orange red hands yellow feet; orange red hands brown feet; orange black hands brown feet; purple black hands yellow feet; purple red hands yellow feet; purple black hands brown feet; orange black hands yellow feet,orange black hands yellow feet; orange red hands brown feet; orange red hands yellow feet; purple red hands yellow feet; orange black hands brown feet; purple black hands brown feet; purple black hands yellow feet; purple red hands brown feet,orange black hands yellow feet; orange red hands brown feet; orange red hands yellow feet; purple red hands yellow feet; orange black hands brown feet; purple black hands brown feet; purple black hands yellow feet; purple red hands brown feet,,,,
7BE84W,schema,ambiguous,1,1,purple yellow,purple yellow,purple black hands brown feet; orange black hands brown feet; purple red hands brown feet; purple black hands yellow feet; orange red hands yellow feet; orange black hands yellow feet; orange red hands brown feet; purple red hands yellow feet,purple red hands brown feet; orange red hands yellow feet; orange red hands brown feet; orange black hands brown feet; purple black hands yellow feet; purple red hands yellow feet; purple black hands brown feet; orange black hands yellow feet,orange black hands yellow feet; orange red hands brown feet; orange red hands yellow feet; purple red hands yellow feet; orange black hands brown feet; purple black hands brown feet; purple black hands yellow feet; purple red hands brown feet,orange black hands yellow feet; orange red hands brown feet; orange red hands yellow feet; purple red hands yellow feet; orange black hands brown feet; purple black hands brown feet; purple black hands yellow feet; purple red hands brown feet,,,,
7BE84W,schema,ambiguous,1,2,orange yellow,orange yellow,purple black hands brown feet; orange black hands brown feet; purple red hands brown feet; purple black hands yellow feet; orange red hands yellow feet; orange black hands yellow feet; orange red hands brown feet; purple red hands yellow feet,purple red hands brown feet; orange red hands yellow feet; orange red hands brown feet; orange black hands brown feet; purple black hands yellow feet; purple red hands yellow feet; purple black hands brown feet; orange black hands yellow feet,orange black hands yellow feet; orange red hands brown feet; orange red hands yellow feet; purple red hands yellow feet; orange black hands brown feet; purple black hands brown feet; purple black hands yellow feet; purple red hands brown feet,orange black hands yellow feet; orange red hands brown feet; orange red hands yellow feet; purple red hands yellow feet; orange black hands brown feet; purple black hands brown feet; purple black hands yellow feet; purple red hands brown feet,,,,
7BE84W,schema,ambiguous,1,3,orange brown,orange brown,purple black hands brown feet; orange black hands brown feet; purple red hands brown feet; purple black hands yellow feet; orange red hands yellow feet; orange black hands yellow feet; orange red hands brown feet; purple red hands yellow feet,purple red hands brown feet; orange red hands yellow feet; orange red hands brown feet; orange black hands brown feet; purple black hands yellow feet; purple red hands yellow feet; purple black hands brown feet; orange black hands yellow feet,orange black hands yellow feet; orange red hands brown feet; orange red hands yellow feet; purple red hands yellow feet; orange black hands brown feet; purple black hands brown feet; purple black hands yellow feet; purple red hands brown feet,orange black hands yellow feet; orange red hands brown feet; orange red hands yellow feet; purple red hands yellow feet; orange black hands brown feet; purple black hands brown feet; purple black hands yellow feet; purple red hands brown feet,,,,
7BE84W,schema,ambiguous,1,4,orange blue,orange blue,purple black hands brown feet; orange black hands brown feet; purple red hands brown feet; purple black hands yellow feet; orange red hands yellow feet; orange black hands yellow feet; orange red hands brown feet; purple red hands yellow feet,purple red hands brown feet; orange red hands yellow feet; orange red hands brown feet; orange black hands brown feet; purple black hands yellow feet; purple red hands yellow feet; purple black hands brown feet; orange black hands yellow feet,orange black hands yellow feet; orange red hands brown feet; orange red hands yellow feet; purple red hands yellow feet; orange black hands brown feet; purple black hands brown feet; purple black hands yellow feet; purple red hands brown feet,orange black hands yellow feet; orange red hands brown feet; orange red hands yellow feet; purple red hands yellow feet; orange black hands brown feet; purple black hands brown feet; purple black hands yellow feet; purple red hands brown feet,,,,
7BE84W,schema,ambiguous,1,5,orange black,orange black,purple black hands brown feet; orange black hands brown feet; purple red hands brown feet; purple black hands yellow feet; orange red hands yellow feet; orange black hands yellow feet; orange red hands brown feet; purple red hands yellow feet,purple red hands brown feet; orange red hands yellow feet; orange red hands brown feet; orange black hands brown feet; purple black hands yellow feet; purple red hands yellow feet; purple black hands brown feet; orange black hands yellow feet,orange black hands yellow feet; orange red hands brown feet; orange red hands yellow feet; purple red hands yellow feet; orange black hands brown feet; purple black hands brown feet; purple black hands yellow feet; purple red hands brown feet,orange black hands yellow feet; orange red hands brown feet; orange red hands yellow feet; purple red hands yellow feet; orange black hands brown feet; purple black hands brown feet; purple black hands yellow feet; purple red hands brown feet,,,,
7BE84W,schema,ambiguous,1,6,purple white white,purple white white,purple black hands brown feet; orange black hands brown feet; purple red hands brown feet; purple black hands yellow feet; orange red hands yellow feet; orange black hands yellow feet; orange red hands brown feet; purple red hands yellow feet,purple red hands brown feet; orange red hands yellow feet; orange red hands brown feet; orange black hands brown feet; purple black hands yellow feet; purple red hands yellow feet; purple black hands brown feet; orange black hands yellow feet,orange black hands yellow feet; orange red hands brown feet; orange red hands yellow feet; purple red hands yellow feet; orange black hands brown feet; purple black hands brown feet; purple black hands yellow feet; purple red hands brown feet,orange black hands yellow feet; orange red hands brown feet; orange red hands yellow feet; purple red hands yellow feet; orange black hands brown feet; purple black hands brown feet; purple black hands yellow feet; purple red hands brown feet,,,,
7BE84W,schema,ambiguous,1,7,purple white brown,purple white brown,purple black hands brown feet; orange black hands brown feet; purple red hands brown feet; purple black hands yellow feet; orange red hands yellow feet; orange black hands yellow feet; orange red hands brown feet; purple red hands yellow feet,purple red hands brown feet; orange red hands yellow feet; orange red hands brown feet; orange black hands brown feet; purple black hands yellow feet; purple red hands yellow feet; purple black hands brown feet; orange black hands yellow feet,orange black hands yellow feet; orange red hands brown feet; orange red hands yellow feet; purple red hands yellow feet; orange black hands brown feet; purple black hands brown feet; purple black hands yellow feet; purple red hands brown feet,orange black hands yellow feet; orange red hands brown feet; orange red hands yellow feet; purple red hands yellow feet; orange black hands brown feet; purple black hands brown feet; purple black hands yellow feet; purple red hands brown feet,,,,
7E7FN0,schema,ambiguous,0,0,nick byp,nick byp,nick bb; sherbert bb; nick rb; nick by; sherbert ry; sherbert by; sherbert rb; nick ry,nick rb; sherbert ry; sherbert rb; sherbert bb; nick by; nick ry; nick bb; sherbert by,sherbert by; sherbert rb; sherbert ry; nick ry; sherbert bb; nick bb; nick by; nick rb,sherbert by; sherbert rb; sherbert ry; nick ry; sherbert bb; nick bb; nick by; nick rb,,,,
7E7FN0,schema,ambiguous,0,1,nick byp,nick byp,nick bb; sherbert bb; nick rb; nick by; sherbert ry; sherbert by; sherbert rb; nick ry,nick rb; sherbert ry; sherbert rb; sherbert bb; nick by; nick ry; nick bb; sherbert by,sherbert by; sherbert rb; sherbert ry; nick ry; sherbert bb; nick bb; nick by; nick rb,sherbert by; sherbert rb; sherbert ry; nick ry; sherbert bb; nick bb; nick by; nick rb,,,,
7E7FN0,schema,ambiguous,0,2,sherbert rbo,sherbert rbo,nick bb; sherbert bb; nick rb; nick by; sherbert ry; sherbert by; sherbert rb; nick ry,nick rb; sherbert ry; sherbert rb; sherbert bb; nick by; nick ry; nick bb; sherbert by,sherbert by; sherbert rb; sherbert ry; nick ry; sherbert bb; nick bb; nick by; nick rb,sherbert by; sherbert rb; sherbert ry; nick ry; sherbert bb; nick bb; nick by; nick rb,,,,
7E7FN0,schema,ambiguous,0,3,sherbert rbb,sherbert rbb,nick bb; sherbert bb; nick rb; nick by; sherbert ry; sherbert by; sherbert rb; nick ry,nick rb; sherbert ry; sherbert rb; sherbert bb; nick by; nick ry; nick bb; sherbert by,sherbert by; sherbert rb; sherbert ry; nick ry; sherbert bb; nick bb; nick by; nick rb,sherbert by; sherbert rb; sherbert ry; nick ry; sherbert bb; nick bb; nick by; nick rb,,,,
7E7FN0,schema,ambiguous,0,4,sherbert rbb,sherbert rbb,nick bb; sherbert bb; nick rb; nick by; sherbert ry; sherbert by; sherbert rb; nick ry,nick rb; sherbert ry; sherbert rb; sherbert bb; nick by; nick ry; nick bb; sherbert by,sherbert by; sherbert rb; sherbert ry; nick ry; sherbert bb; nick bb; nick by; nick rb,sherbert by; sherbert rb; sherbert ry; nick ry; sherbert bb; nick bb; nick by; nick rb,,,,
7E7FN0,schema,ambiguous,0,5,sherbert rbp,sherbert rbp,nick bb; sherbert bb; nick rb; nick by; sherbert ry; sherbert by; sherbert rb; nick ry,nick rb; sherbert ry; sherbert rb; sherbert bb; nick by; nick ry; nick bb; sherbert by,sherbert by; sherbert rb; sherbert ry; nick ry; sherbert bb; nick bb; nick by; nick rb,sherbert by; sherbert rb; sherbert ry; nick ry; sherbert bb; nick bb; nick by; nick rb,,,,
7E7FN0,schema,ambiguous,0,6,nick ryw,nick byw,nick bb; sherbert bb; nick rb; nick by; sherbert ry; sherbert by; sherbert rb; nick ry,nick rb; sherbert ry; sherbert rb; sherbert bb; nick by; nick ry; nick bb; sherbert by,sherbert by; sherbert rb; sherbert ry; nick ry; sherbert bb; nick bb; nick by; nick rb,sherbert by; sherbert rb; sherbert ry; nick ry; sherbert bb; nick bb; nick by; nick rb,,,,
7E7FN0,schema,ambiguous,0,7,nick byb,nick byb,nick bb; sherbert bb; nick rb; nick by; sherbert ry; sherbert by; sherbert rb; nick ry,nick rb; sherbert ry; sherbert rb; sherbert bb; nick by; nick ry; nick bb; sherbert by,sherbert by; sherbert rb; sherbert ry; nick ry; sherbert bb; nick bb; nick by; nick rb,sherbert by; sherbert rb; sherbert ry; nick ry; sherbert bb; nick bb; nick by; nick rb,,,,
7E7FN0,schema,ambiguous,1,0,nick byp,nick byp,nick bb; sherbert bb; nick rb; nick by; sherbert ry; sherbert by; sherbert rb; nick ry,nick rb; sherbert ry; sherbert rb; sherbert bb; nick by; nick ry; nick bb; sherbert by,sherbert by; sherbert rb; sherbert ry; nick ry; sherbert bb; nick bb; nick by; nick rb,sherbert by; sherbert rb; sherbert ry; nick ry; sherbert bb; nick bb; nick by; nick rb,,,,
7E7FN0,schema,ambiguous,1,1,nick byp,nick byp,nick bb; sherbert bb; nick rb; nick by; sherbert ry; sherbert by; sherbert rb; nick ry,nick rb; sherbert ry; sherbert rb; sherbert bb; nick by; nick ry; nick bb; sherbert by,sherbert by; sherbert rb; sherbert ry; nick ry; sherbert bb; nick bb; nick by; nick rb,sherbert by; sherbert rb; sherbert ry; nick ry; sherbert bb; nick bb; nick by; nick rb,,,,
7E7FN0,schema,ambiguous,1,2,sherbert rbo,sherbert rbo,nick bb; sherbert bb; nick rb; nick by; sherbert ry; sherbert by; sherbert rb; nick ry,nick rb; sherbert ry; sherbert rb; sherbert bb; nick by; nick ry; nick bb; sherbert by,sherbert by; sherbert rb; sherbert ry; nick ry; sherbert bb; nick bb; nick by; nick rb,sherbert by; sherbert rb; sherbert ry; nick ry; sherbert bb; nick bb; nick by; nick rb,,,,
7E7FN0,schema,ambiguous,1,3,sherbert rbb,sherbert rbb,nick bb; sherbert bb; nick rb; nick by; sherbert ry; sherbert by; sherbert rb; nick ry,nick rb; sherbert ry; sherbert rb; sherbert bb; nick by; nick ry; nick bb; sherbert by,sherbert by; sherbert rb; sherbert ry; nick ry; sherbert bb; nick bb; nick by; nick rb,sherbert by; sherbert rb; sherbert ry; nick ry; sherbert bb; nick bb; nick by; nick rb,,,,
7E7FN0,schema,ambiguous,1,4,sherbert rbb,sherbert rbb,nick bb; sherbert bb; nick rb; nick by; sherbert ry; sherbert by; sherbert rb; nick ry,nick rb; sherbert ry; sherbert rb; sherbert bb; nick by; nick ry; nick bb; sherbert by,sherbert by; sherbert rb; sherbert ry; nick ry; sherbert bb; nick bb; nick by; nick rb,sherbert by; sherbert rb; sherbert ry; nick ry; sherbert bb; nick bb; nick by; nick rb,,,,
7E7FN0,schema,ambiguous,1,5,sherbert rbp,sherbert rbp,nick bb; sherbert bb; nick rb; nick by; sherbert ry; sherbert by; sherbert rb; nick ry,nick rb; sherbert ry; sherbert rb; sherbert bb; nick by; nick ry; nick bb; sherbert by,sherbert by; sherbert rb; sherbert ry; nick ry; sherbert bb; nick bb; nick by; nick rb,sherbert by; sherbert rb; sherbert ry; nick ry; sherbert bb; nick bb; nick by; nick rb,,,,
7E7FN0,schema,ambiguous,1,6,nick byw,nick ryw,nick bb; sherbert bb; nick rb; nick by; sherbert ry; sherbert by; sherbert rb; nick ry,nick rb; sherbert ry; sherbert rb; sherbert bb; nick by; nick ry; nick bb; sherbert by,sherbert by; sherbert rb; sherbert ry; nick ry; sherbert bb; nick bb; nick by; nick rb,sherbert by; sherbert rb; sherbert ry; nick ry; sherbert bb; nick bb; nick by; nick rb,,,,
7E7FN0,schema,ambiguous,1,7,nick byb,nick byb,nick bb; sherbert bb; nick rb; nick by; sherbert ry; sherbert by; sherbert rb; nick ry,nick rb; sherbert ry; sherbert rb; sherbert bb; nick by; nick ry; nick bb; sherbert by,sherbert by; sherbert rb; sherbert ry; nick ry; sherbert bb; nick bb; nick by; nick rb,sherbert by; sherbert rb; sherbert ry; nick ry; sherbert bb; nick bb; nick by; nick rb,,,,
7ZTEW8,schema,ambiguous,0,0,lpy,r,lpb; lob; rpb; lpy; roy; loy; rob; rpy,rpb; roy; rob; lob; lpy; rpy; lpb; loy,loy; rob; roy; rpy; lob; lpb; lpy; rpb,loy; rob; roy; rpy; lob; lpb; rpy; rpb,,,,
7ZTEW8,schema,ambiguous,0,1,p,p,lpb; lob; rpb; lpy; roy; loy; rob; rpy,rpb; roy; rob; lob; lpy; rpy; lpb; loy,loy; rob; roy; rpy; lob; lpb; lpy; rpb,loy; rob; roy; rpy; lob; lpb; rpy; rpb,,,,
7ZTEW8,schema,ambiguous,0,2,o,o,lpb; lob; rpb; lpy; roy; loy; rob; rpy,rpb; roy; rob; lob; lpy; rpy; lpb; loy,loy; rob; roy; rpy; lob; lpb; lpy; rpb,loy; rob; roy; rpy; lob; lpb; rpy; rpb,,,,
7ZTEW8,schema,ambiguous,0,3,rob,b,lpb; lob; rpb; lpy; roy; loy; rob; rpy,rpb; roy; rob; lob; lpy; rpy; lpb; loy,loy; rob; roy; rpy; lob; lpb; lpy; rpb,loy; rob; roy; rpy; lob; lpb; rpy; rpb,,,,
7ZTEW8,schema,ambiguous,0,4,b,b,lpb; lob; rpb; lpy; roy; loy; rob; rpy,rpb; roy; rob; lob; lpy; rpy; lpb; loy,loy; rob; roy; rpy; lob; lpb; lpy; rpb,loy; rob; roy; rpy; lob; lpb; rpy; rpb,,,,
7ZTEW8,schema,ambiguous,0,5,bl,bl,lpb; lob; rpb; lpy; roy; loy; rob; rpy,rpb; roy; rob; lob; lpy; rpy; lpb; loy,loy; rob; roy; rpy; lob; lpb; lpy; rpb,loy; rob; roy; rpy; lob; lpb; rpy; rpb,,,,
7ZTEW8,schema,ambiguous,0,6,w,w,lpb; lob; rpb; lpy; roy; loy; rob; rpy,rpb; roy; rob; lob; lpy; rpy; lpb; loy,loy; rob; roy; rpy; lob; lpb; lpy; rpb,loy; rob; roy; rpy; lob; lpb; rpy; rpb,,,,
7ZTEW8,schema,ambiguous,0,7,wh,b,lpb; lob; rpb; lpy; roy; loy; rob; rpy,rpb; roy; rob; lob; lpy; rpy; lpb; loy,loy; rob; roy; rpy; lob; lpb; lpy; rpb,loy; rob; roy; rpy; lob; lpb; rpy; rpb,,,,
7ZTEW8,schema,ambiguous,1,0,r,lpy,lpb; olb; rpb; lpy; roy; loy; rob; rpy,rpb; roy; rob; lob; lpy; rpy; lpb; loy,loy; rob; roy; rpy; lob; lpb; rpy; rpb,loy; rob; roy; rpy; lob; lpb; lpy; rpb,,,,
7ZTEW8,schema,ambiguous,1,1,p,p,lpb; olb; rpb; lpy; roy; loy; rob; rpy,rpb; roy; rob; lob; lpy; rpy; lpb; loy,loy; rob; roy; rpy; lob; lpb; rpy; rpb,loy; rob; roy; rpy; lob; lpb; lpy; rpb,,,,
7ZTEW8,schema,ambiguous,1,2,o,o,lpb; olb; rpb; lpy; roy; loy; rob; rpy,rpb; roy; rob; lob; lpy; rpy; lpb; loy,loy; rob; roy; rpy; lob; lpb; rpy; rpb,loy; rob; roy; rpy; lob; lpb; lpy; rpb,,,,
7ZTEW8,schema,ambiguous,1,3,b,rob,lpb; olb; rpb; lpy; roy; loy; rob; rpy,rpb; roy; rob; lob; lpy; rpy; lpb; loy,loy; rob; roy; rpy; lob; lpb; rpy; rpb,loy; rob; roy; rpy; lob; lpb; lpy; rpb,,,,
7ZTEW8,schema,ambiguous,1,4,b,b,lpb; olb; rpb; lpy; roy; loy; rob; rpy,rpb; roy; rob; lob; lpy; rpy; lpb; loy,loy; rob; roy; rpy; lob; lpb; rpy; rpb,loy; rob; roy; rpy; lob; lpb; lpy; rpb,,,,
7ZTEW8,schema,ambiguous,1,5,bl,bl,lpb; olb; rpb; lpy; roy; loy; rob; rpy,rpb; roy; rob; lob; lpy; rpy; lpb; loy,loy; rob; roy; rpy; lob; lpb; rpy; rpb,loy; rob; roy; rpy; lob; lpb; lpy; rpb,,,,
7ZTEW8,schema,ambiguous,1,6,w,w,lpb; olb; rpb; lpy; roy; loy; rob; rpy,rpb; roy; rob; lob; lpy; rpy; lpb; loy,loy; rob; roy; rpy; lob; lpb; rpy; rpb,loy; rob; roy; rpy; lob; lpb; lpy; rpb,,,,
7ZTEW8,schema,ambiguous,1,7,b,wh,lpb; olb; rpb; lpy; roy; loy; rob; rpy,rpb; roy; rob; lob; lpy; rpy; lpb; loy,loy; rob; roy; rpy; lob; lpb; rpy; rpb,loy; rob; roy; rpy; lob; lpb; lpy; rpb,,,,
83Y6EK,schema,ambiguous,0,0,magenta,magenta,purple black brown; orange black brown; purple red brown; purple black yellow; orange red yellow; orange black yellow; orange red brown; purple red yellow,prb; ory; orb; obb; pby; pry; pbb; oby,oby; orb; ory; pry; obb; pbb; pby; prb,oby; orb; ory; pry; obb; pbb; pby; prb,,,,
83Y6EK,schema,ambiguous,0,1,pink,pink,purple black brown; orange black brown; purple red brown; purple black yellow; orange red yellow; orange black yellow; orange red brown; purple red yellow,prb; ory; orb; obb; pby; pry; pbb; oby,oby; orb; ory; pry; obb; pbb; pby; prb,oby; orb; ory; pry; obb; pbb; pby; prb,,,,
83Y6EK,schema,ambiguous,0,2,orange,orange,purple black brown; orange black brown; purple red brown; purple black yellow; orange red yellow; orange black yellow; orange red brown; purple red yellow,prb; ory; orb; obb; pby; pry; pbb; oby,oby; orb; ory; pry; obb; pbb; pby; prb,oby; orb; ory; pry; obb; pbb; pby; prb,,,,
83Y6EK,schema,ambiguous,0,3,brown,brown,purple black brown; orange black brown; purple red brown; purple black yellow; orange red yellow; orange black yellow; orange red brown; purple red yellow,prb; ory; orb; obb; pby; pry; pbb; oby,oby; orb; ory; pry; obb; pbb; pby; prb,oby; orb; ory; pry; obb; pbb; pby; prb,,,,
83Y6EK,schema,ambiguous,0,4,teal,teal,purple black brown; orange black brown; purple red brown; purple black yellow; orange red yellow; orange black yellow; orange red brown; purple red yellow,prb; ory; orb; obb; pby; pry; pbb; oby,oby; orb; ory; pry; obb; pbb; pby; prb,oby; orb; ory; pry; obb; pbb; pby; prb,,,,
83Y6EK,schema,ambiguous,0,5,black,black,purple black brown; orange black brown; purple red brown; purple black yellow; orange red yellow; orange black yellow; orange red brown; purple red yellow,prb; ory; orb; obb; pby; pry; pbb; oby,oby; orb; ory; pry; obb; pbb; pby; prb,oby; orb; ory; pry; obb; pbb; pby; prb,,,,
83Y6EK,schema,ambiguous,0,6,white,white,purple black brown; orange black brown; purple red brown; purple black yellow; orange red yellow; orange black yellow; orange red brown; purple red yellow,prb; ory; orb; obb; pby; pry; pbb; oby,oby; orb; ory; pry; obb; pbb; pby; prb,oby; orb; ory; pry; obb; pbb; pby; prb,,,,
83Y6EK,schema,ambiguous,0,7,gray,gray,purple black brown; orange black brown; purple red brown; purple black yellow; orange red yellow; orange black yellow; orange red brown; purple red yellow,prb; ory; orb; obb; pby; pry; pbb; oby,oby; orb; ory; pry; obb; pbb; pby; prb,oby; orb; ory; pry; obb; pbb; pby; prb,,,,
83Y6EK,schema,ambiguous,1,0,magenta,magenta,purple black brown; orange black brown; purple red brown; purple black yellow; orange red yellow; orange black yellow; orange red brown; purple red yellow,prb; ory; orb; obb; pby; pry; pbb; obb,oby; orb; ory; pry; obb; pbb; pby; prb,oby; orb; ory; pry; obb; pbb; pby; prb,,,,
83Y6EK,schema,ambiguous,1,1,pink,pink,purple black brown; orange black brown; purple red brown; purple black yellow; orange red yellow; orange black yellow; orange red brown; purple red yellow,prb; ory; orb; obb; pby; pry; pbb; obb,oby; orb; ory; pry; obb; pbb; pby; prb,oby; orb; ory; pry; obb; pbb; pby; prb,,,,
83Y6EK,schema,ambiguous,1,2,orange,orange,purple black brown; orange black brown; purple red brown; purple black yellow; orange red yellow; orange black yellow; orange red brown; purple red yellow,prb; ory; orb; obb; pby; pry; pbb; obb,oby; orb; ory; pry; obb; pbb; pby; prb,oby; orb; ory; pry; obb; pbb; pby; prb,,,,
83Y6EK,schema,ambiguous,1,3,brown,brown,purple black brown; orange black brown; purple red brown; purple black yellow; orange red yellow; orange black yellow; orange red brown; purple red yellow,prb; ory; orb; obb; pby; pry; pbb; obb,oby; orb; ory; pry; obb; pbb; pby; prb,oby; orb; ory; pry; obb; pbb; pby; prb,,,,
83Y6EK,schema,ambiguous,1,4,teal,teal,purple black brown; orange black brown; purple red brown; purple black yellow; orange red yellow; orange black yellow; orange red brown; purple red yellow,prb; ory; orb; obb; pby; pry; pbb; obb,oby; orb; ory; pry; obb; pbb; pby; prb,oby; orb; ory; pry; obb; pbb; pby; prb,,,,
83Y6EK,schema,ambiguous,1,5,black,black,purple black brown; orange black brown; purple red brown; purple black yellow; orange red yellow; orange black yellow; orange red brown; purple red yellow,prb; ory; orb; obb; pby; pry; pbb; obb,oby; orb; ory; pry; obb; pbb; pby; prb,oby; orb; ory; pry; obb; pbb; pby; prb,,,,
83Y6EK,schema,ambiguous,1,6,white,white,purple black brown; orange black brown; purple red brown; purple black yellow; orange red yellow; orange black yellow; orange red brown; purple red yellow,prb; ory; orb; obb; pby; pry; pbb; obb,oby; orb; ory; pry; obb; pbb; pby; prb,oby; orb; ory; pry; obb; pbb; pby; prb,,,,
83Y6EK,schema,ambiguous,1,7,gray,gray,purple black brown; orange black brown; purple red brown; purple black yellow; orange red yellow; orange black yellow; orange red brown; purple red yellow,prb; ory; orb; obb; pby; pry; pbb; obb,oby; orb; ory; pry; obb; pbb; pby; prb,oby; orb; ory; pry; obb; pbb; pby; prb,,,,
8JTE0M,schema,ambiguous,0,0,pby,pby,pbb; obb; prb; pby; ory; oby; orb; pry,prb; ory; orb; obb; pby; pry; pbb; oby,oby; orb; ory; pry; obb; pbb; pby; prb,oby; orb; ory; pry; obb; pbb; pby; prb,,,,
8JTE0M,schema,ambiguous,0,1,pby,pby,pbb; obb; prb; pby; ory; oby; orb; pry,prb; ory; orb; obb; pby; pry; pbb; oby,oby; orb; ory; pry; obb; pbb; pby; prb,oby; orb; ory; pry; obb; pbb; pby; prb,,,,
8JTE0M,schema,ambiguous,0,2,orb,orb,pbb; obb; prb; pby; ory; oby; orb; pry,prb; ory; orb; obb; pby; pry; pbb; oby,oby; orb; ory; pry; obb; pbb; pby; prb,oby; orb; ory; pry; obb; pbb; pby; prb,,,,
8JTE0M,schema,ambiguous,0,3,orb,orb,pbb; obb; prb; pby; ory; oby; orb; pry,prb; ory; orb; obb; pby; pry; pbb; oby,oby; orb; ory; pry; obb; pbb; pby; prb,oby; orb; ory; pry; obb; pbb; pby; prb,,,,
8JTE0M,schema,ambiguous,0,4,orbb,orbb,pbb; obb; prb; pby; ory; oby; orb; pry,prb; ory; orb; obb; pby; pry; pbb; oby,oby; orb; ory; pry; obb; pbb; pby; prb,oby; orb; ory; pry; obb; pbb; pby; prb,,,,
8JTE0M,schema,ambiguous,0,5,orb,orb,pbb; obb; prb; pby; ory; oby; orb; pry,prb; ory; orb; obb; pby; pry; pbb; oby,oby; orb; ory; pry; obb; pbb; pby; prb,oby; orb; ory; pry; obb; pbb; pby; prb,,,,
8JTE0M,schema,ambiguous,0,6,pbyw,pbyw,pbb; obb; prb; pby; ory; oby; orb; pry,prb; ory; orb; obb; pby; pry; pbb; oby,oby; orb; ory; pry; obb; pbb; pby; prb,oby; orb; ory; pry; obb; pbb; pby; prb,,,,
8JTE0M,schema,ambiguous,0,7,pbr,pbr,pbb; obb; prb; pby; ory; oby; orb; pry,prb; ory; orb; obb; pby; pry; pbb; oby,oby; orb; ory; pry; obb; pbb; pby; prb,oby; orb; ory; pry; obb; pbb; pby; prb,,,,
8JTE0M,schema,ambiguous,1,0,pby,pby,pbb; obb; prb; pby; ory; oby; orb; pry,prb; ory; orb; obb; pby; pry; pbb; oby,oby; orb; ory; pry; obb; pbb; pby; prb,oby; orb; ory; pry; obb; pbb; pby; prb,,,,
8JTE0M,schema,ambiguous,1,1,pby,pby,pbb; obb; prb; pby; ory; oby; orb; pry,prb; ory; orb; obb; pby; pry; pbb; oby,oby; orb; ory; pry; obb; pbb; pby; prb,oby; orb; ory; pry; obb; pbb; pby; prb,,,,
8JTE0M,schema,ambiguous,1,2,orb,orb,pbb; obb; prb; pby; ory; oby; orb; pry,prb; ory; orb; obb; pby; pry; pbb; oby,oby; orb; ory; pry; obb; pbb; pby; prb,oby; orb; ory; pry; obb; pbb; pby; prb,,,,
8JTE0M,schema,ambiguous,1,3,orb,orb,pbb; obb; prb; pby; ory; oby; orb; pry,prb; ory; orb; obb; pby; pry; pbb; oby,oby; orb; ory; pry; obb; pbb; pby; prb,oby; orb; ory; pry; obb; pbb; pby; prb,,,,
8JTE0M,schema,ambiguous,1,4,orbb,orbb,pbb; obb; prb; pby; ory; oby; orb; pry,prb; ory; orb; obb; pby; pry; pbb; oby,oby; orb; ory; pry; obb; pbb; pby; prb,oby; orb; ory; pry; obb; pbb; pby; prb,,,,
8JTE0M,schema,ambiguous,1,5,orb,orb,pbb; obb; prb; pby; ory; oby; orb; pry,prb; ory; orb; obb; pby; pry; pbb; oby,oby; orb; ory; pry; obb; pbb; pby; prb,oby; orb; ory; pry; obb; pbb; pby; prb,,,,
8JTE0M,schema,ambiguous,1,6,pbyw,pbyw,pbb; obb; prb; pby; ory; oby; orb; pry,prb; ory; orb; obb; pby; pry; pbb; oby,oby; orb; ory; pry; obb; pbb; pby; prb,oby; orb; ory; pry; obb; pbb; pby; prb,,,,
8JTE0M,schema,ambiguous,1,7,pbr,pbr,pbb; obb; prb; pby; ory; oby; orb; pry,prb; ory; orb; obb; pby; pry; pbb; oby,oby; orb; ory; pry; obb; pbb; pby; prb,oby; orb; ory; pry; obb; pbb; pby; prb,,,,
92ZPH4,schema_tangrams,incompatible,0,0,singer,singer,bpbotl; bobotl; bpbotr; ypbotl; yobotr; yobotl; bobotr; ypbotr,bpbotr; yobotr; bobotr; bobotl; ypbotl; ypbotr; bpbotl; yobot,yobotl; bobotr; yobotr; ypbotr; bobotl; bpbotl; ypbotl; bpbot,yobotl; bobotr; yobotr; ypbotr; bobotl; bpbotl; ypbotl; bpbotr,,,,
92ZPH4,schema_tangrams,incompatible,0,1,elephant,elephant,bpbotl; bobotl; bpbotr; ypbotl; yobotr; yobotl; bobotr; ypbotr,bpbotr; yobotr; bobotr; bobotl; ypbotl; ypbotr; bpbotl; yobot,yobotl; bobotr; yobotr; ypbotr; bobotl; bpbotl; ypbotl; bpbot,yobotl; bobotr; yobotr; ypbotr; bobotl; bpbotl; ypbotl; bpbotr,,,,
92ZPH4,schema_tangrams,incompatible,0,2,angelr,angelr,bpbotl; bobotl; bpbotr; ypbotl; yobotr; yobotl; bobotr; ypbotr,bpbotr; yobotr; bobotr; bobotl; ypbotl; ypbotr; bpbotl; yobot,yobotl; bobotr; yobotr; ypbotr; bobotl; bpbotl; ypbotl; bpbot,yobotl; bobotr; yobotr; ypbotr; bobotl; bpbotl; ypbotl; bpbotr,,,,
92ZPH4,schema_tangrams,incompatible,0,3,flamingo,flamingo,bpbotl; bobotl; bpbotr; ypbotl; yobotr; yobotl; bobotr; ypbotr,bpbotr; yobotr; bobotr; bobotl; ypbotl; ypbotr; bpbotl; yobot,yobotl; bobotr; yobotr; ypbotr; bobotl; bpbotl; ypbotl; bpbot,yobotl; bobotr; yobotr; ypbotr; bobotl; bpbotl; ypbotl; bpbotr,,,,
92ZPH4,schema_tangrams,incompatible,0,4,priest,priest,bpbotl; bobotl; bpbotr; ypbotl; yobotr; yobotl; bobotr; ypbotr,bpbotr; yobotr; bobotr; bobotl; ypbotl; ypbotr; bpbotl; yobot,yobotl; bobotr; yobotr; ypbotr; bobotl; bpbotl; ypbotl; bpbot,yobotl; bobotr; yobotr; ypbotr; bobotl; bpbotl; ypbotl; bpbotr,,,,
92ZPH4,schema_tangrams,incompatible,0,5,crouch,crouch,bpbotl; bobotl; bpbotr; ypbotl; yobotr; yobotl; bobotr; ypbotr,bpbotr; yobotr; bobotr; bobotl; ypbotl; ypbotr; bpbotl; yobot,yobotl; bobotr; yobotr; ypbotr; bobotl; bpbotl; ypbotl; bpbot,yobotl; bobotr; yobotr; ypbotr; bobotl; bpbotl; ypbotl; bpbotr,,,,
92ZPH4,schema_tangrams,incompatible,0,6,dancer,dancer,bpbotl; bobotl; bpbotr; ypbotl; yobotr; yobotl; bobotr; ypbotr,bpbotr; yobotr; bobotr; bobotl; ypbotl; ypbotr; bpbotl; yobot,yobotl; bobotr; yobotr; ypbotr; bobotl; bpbotl; ypbotl; bpbot,yobotl; bobotr; yobotr; ypbotr; bobotl; bpbotl; ypbotl; bpbotr,,,,
92ZPH4,schema_tangrams,incompatible,0,7,angell,angell,bpbotl; bobotl; bpbotr; ypbotl; yobotr; yobotl; bobotr; ypbotr,bpbotr; yobotr; bobotr; bobotl; ypbotl; ypbotr; bpbotl; yobot,yobotl; bobotr; yobotr; ypbotr; bobotl; bpbotl; ypbotl; bpbot,yobotl; bobotr; yobotr; ypbotr; bobotl; bpbotl; ypbotl; bpbotr,,,,
92ZPH4,schema_tangrams,incompatible,1,0,singer,singer,bpbotl; bobotl; bpbotr; ypbotl; yobotr; yobotl; bobotr; ypbotr,bpbotr; yobotr; bobotr; bobotl; ypbotl; ypbotr; bpbotl; yobotl,yobotl; bobotr; yobotr; ypbotr; bobotl; bpbotl; ypbotl; bpbotr,yobotl; bobotr; yobotr; ypbotr; bobotl; bpbotl; ypbotl; bpbot,,,,
92ZPH4,schema_tangrams,incompatible,1,1,elephant,elephant,bpbotl; bobotl; bpbotr; ypbotl; yobotr; yobotl; bobotr; ypbotr,bpbotr; yobotr; bobotr; bobotl; ypbotl; ypbotr; bpbotl; yobotl,yobotl; bobotr; yobotr; ypbotr; bobotl; bpbotl; ypbotl; bpbotr,yobotl; bobotr; yobotr; ypbotr; bobotl; bpbotl; ypbotl; bpbot,,,,
92ZPH4,schema_tangrams,incompatible,1,2,angelr,angelr,bpbotl; bobotl; bpbotr; ypbotl; yobotr; yobotl; bobotr; ypbotr,bpbotr; yobotr; bobotr; bobotl; ypbotl; ypbotr; bpbotl; yobotl,yobotl; bobotr; yobotr; ypbotr; bobotl; bpbotl; ypbotl; bpbotr,yobotl; bobotr; yobotr; ypbotr; bobotl; bpbotl; ypbotl; bpbot,,,,
92ZPH4,schema_tangrams,incompatible,1,3,flamingo,flamingo,bpbotl; bobotl; bpbotr; ypbotl; yobotr; yobotl; bobotr; ypbotr,bpbotr; yobotr; bobotr; bobotl; ypbotl; ypbotr; bpbotl; yobotl,yobotl; bobotr; yobotr; ypbotr; bobotl; bpbotl; ypbotl; bpbotr,yobotl; bobotr; yobotr; ypbotr; bobotl; bpbotl; ypbotl; bpbot,,,,
92ZPH4,schema_tangrams,incompatible,1,4,priest,priest,bpbotl; bobotl; bpbotr; ypbotl; yobotr; yobotl; bobotr; ypbotr,bpbotr; yobotr; bobotr; bobotl; ypbotl; ypbotr; bpbotl; yobotl,yobotl; bobotr; yobotr; ypbotr; bobotl; bpbotl; ypbotl; bpbotr,yobotl; bobotr; yobotr; ypbotr; bobotl; bpbotl; ypbotl; bpbot,,,,
92ZPH4,schema_tangrams,incompatible,1,5,crouch,crouch,bpbotl; bobotl; bpbotr; ypbotl; yobotr; yobotl; bobotr; ypbotr,bpbotr; yobotr; bobotr; bobotl; ypbotl; ypbotr; bpbotl; yobotl,yobotl; bobotr; yobotr; ypbotr; bobotl; bpbotl; ypbotl; bpbotr,yobotl; bobotr; yobotr; ypbotr; bobotl; bpbotl; ypbotl; bpbot,,,,
92ZPH4,schema_tangrams,incompatible,1,6,dancer,dancer,bpbotl; bobotl; bpbotr; ypbotl; yobotr; yobotl; bobotr; ypbotr,bpbotr; yobotr; bobotr; bobotl; ypbotl; ypbotr; bpbotl; yobotl,yobotl; bobotr; yobotr; ypbotr; bobotl; bpbotl; ypbotl; bpbotr,yobotl; bobotr; yobotr; ypbotr; bobotl; bpbotl; ypbotl; bpbot,,,,
92ZPH4,schema_tangrams,incompatible,1,7,angell,angell,bpbotl; bobotl; bpbotr; ypbotl; yobotr; yobotl; bobotr; ypbotr,bpbotr; yobotr; bobotr; bobotl; ypbotl; ypbotr; bpbotl; yobotl,yobotl; bobotr; yobotr; ypbotr; bobotl; bpbotl; ypbotl; bpbotr,yobotl; bobotr; yobotr; ypbotr; bobotl; bpbotl; ypbotl; bpbot,,,,
9NQWJN,schema,ambiguous,0,0,pink man,purple man,purple right; orange right brown; purple left brown; purple right yellow; orange left yellow; orange right yellow; orange left brown; purple left yellow,purple left brown; orange left yellow; orange left brown; orange right brown; purple right yellow; purple left yellow; purple right brown; orange right yellow,orange right yellow; orange left brown; orange left yellow; purple right yellow; orange right brown; orange right brown; purple right yellow; purple left brown,orange right yellow; orange left brown; orange left yellow; purple left yellow; orange left brown; purple right brown; purple right brown; purple left brown,,,,
9NQWJN,schema,ambiguous,0,1,puppy,puppy,purple right; orange right brown; purple left brown; purple right yellow; orange left yellow; orange right yellow; orange left brown; purple left yellow,purple left brown; orange left yellow; orange left brown; orange right brown; purple right yellow; purple left yellow; purple right brown; orange right yellow,orange right yellow; orange left brown; orange left yellow; purple right yellow; orange right brown; orange right brown; purple right yellow; purple left brown,orange right yellow; orange left brown; orange left yellow; purple left yellow; orange left brown; purple right brown; purple right brown; purple left brown,,,,
9NQWJN,schema,ambiguous,0,2,yellow man,yellow man,purple right; orange right brown; purple left brown; purple right yellow; orange left yellow; orange right yellow; orange left brown; purple left yellow,purple left brown; orange left yellow; orange left brown; orange right brown; purple right yellow; purple left yellow; purple right brown; orange right yellow,orange right yellow; orange left brown; orange left yellow; purple right yellow; orange right brown; orange right brown; purple right yellow; purple left brown,orange right yellow; orange left brown; orange left yellow; purple left yellow; orange left brown; purple right brown; purple right brown; purple left brown,,,,
9NQWJN,schema,ambiguous,0,3,brown man,brown man,purple right; orange right brown; purple left brown; purple right yellow; orange left yellow; orange right yellow; orange left brown; purple left yellow,purple left brown; orange left yellow; orange left brown; orange right brown; purple right yellow; purple left yellow; purple right brown; orange right yellow,orange right yellow; orange left brown; orange left yellow; purple right yellow; orange right brown; orange right brown; purple right yellow; purple left brown,orange right yellow; orange left brown; orange left yellow; purple left yellow; orange left brown; purple right brown; purple right brown; purple left brown,,,,
9NQWJN,schema,ambiguous,0,4,blue disc,chicken,purple right; orange right brown; purple left brown; purple right yellow; orange left yellow; orange right yellow; orange left brown; purple left yellow,purple left brown; orange left yellow; orange left brown; orange right brown; purple right yellow; purple left yellow; purple right brown; orange right yellow,orange right yellow; orange left brown; orange left yellow; purple right yellow; orange right brown; orange right brown; purple right yellow; purple left brown,orange right yellow; orange left brown; orange left yellow; purple left yellow; orange left brown; purple right brown; purple right brown; purple left brown,,,,
9NQWJN,schema,ambiguous,0,5,spider,spider,purple right; orange right brown; purple left brown; purple right yellow; orange left yellow; orange right yellow; orange left brown; purple left yellow,purple left brown; orange left yellow; orange left brown; orange right brown; purple right yellow; purple left yellow; purple right brown; orange right yellow,orange right yellow; orange left brown; orange left yellow; purple right yellow; orange right brown; orange right brown; purple right yellow; purple left brown,orange right yellow; orange left brown; orange left yellow; purple left yellow; orange left brown; purple right brown; purple right brown; purple left brown,,,,
9NQWJN,schema,ambiguous,0,6,chicken,chicken,purple right; orange right brown; purple left brown; purple right yellow; orange left yellow; orange right yellow; orange left brown; purple left yellow,purple left brown; orange left yellow; orange left brown; orange right brown; purple right yellow; purple left yellow; purple right brown; orange right yellow,orange right yellow; orange left brown; orange left yellow; purple right yellow; orange right brown; orange right brown; purple right yellow; purple left brown,orange right yellow; orange left brown; orange left yellow; purple left yellow; orange left brown; purple right brown; purple right brown; purple left brown,,,,
9NQWJN,schema,ambiguous,0,7,white man,i dont rememebr,purple right; orange right brown; purple left brown; purple right yellow; orange left yellow; orange right yellow; orange left brown; purple left yellow,purple left brown; orange left yellow; orange left brown; orange right brown; purple right yellow; purple left yellow; purple right brown; orange right yellow,orange right yellow; orange left brown; orange left yellow; purple right yellow; orange right brown; orange right brown; purple right yellow; purple left brown,orange right yellow; orange left brown; orange left yellow; purple left yellow; orange left brown; purple right brown; purple right brown; purple left brown,,,,
9NQWJN,schema,ambiguous,1,0,purple man,pink man,purple right brown; orange right brown; purple left brown; purple right yellow; orange left yellow; orange right yellow; orange left brown; purple left yellow,purple left brown; orange left yellow; orange left brown; orange right brown; purple right yellow; purple left yellow; purple right brown; orange right yellow,orange right yellow; orange left brown; orange left yellow; purple left yellow; orange left brown; purple right brown; purple right brown; purple left brown,orange right yellow; orange left brown; orange left yellow; purple right yellow; orange right brown; orange right brown; purple right yellow; purple left brown,,,,
9NQWJN,schema,ambiguous,1,1,puppy,puppy,purple right brown; orange right brown; purple left brown; purple right yellow; orange left yellow; orange right yellow; orange left brown; purple left yellow,purple left brown; orange left yellow; orange left brown; orange right brown; purple right yellow; purple left yellow; purple right brown; orange right yellow,orange right yellow; orange left brown; orange left yellow; purple left yellow; orange left brown; purple right brown; purple right brown; purple left brown,orange right yellow; orange left brown; orange left yellow; purple right yellow; orange right brown; orange right brown; purple right yellow; purple left brown,,,,
9NQWJN,schema,ambiguous,1,2,yellow man,yellow man,purple right brown; orange right brown; purple left brown; purple right yellow; orange left yellow; orange right yellow; orange left brown; purple left yellow,purple left brown; orange left yellow; orange left brown; orange right brown; purple right yellow; purple left yellow; purple right brown; orange right yellow,orange right yellow; orange left brown; orange left yellow; purple left yellow; orange left brown; purple right brown; purple right brown; purple left brown,orange right yellow; orange left brown; orange left yellow; purple right yellow; orange right brown; orange right brown; purple right yellow; purple left brown,,,,
9NQWJN,schema,ambiguous,1,3,brown man,brown man,purple right brown; orange right brown; purple left brown; purple right yellow; orange left yellow; orange right yellow; orange left brown; purple left yellow,purple left brown; orange left yellow; orange left brown; orange right brown; purple right yellow; purple left yellow; purple right brown; orange right yellow,orange right yellow; orange left brown; orange left yellow; purple left yellow; orange left brown; purple right brown; purple right brown; purple left brown,orange right yellow; orange left brown; orange left yellow; purple right yellow; orange right brown; orange right brown; purple right yellow; purple left brown,,,,
9NQWJN,schema,ambiguous,1,4,chicken,blue disc,purple right brown; orange right brown; purple left brown; purple right yellow; orange left yellow; orange right yellow; orange left brown; purple left yellow,purple left brown; orange left yellow; orange left brown; orange right brown; purple right yellow; purple left yellow; purple right brown; orange right yellow,orange right yellow; orange left brown; orange left yellow; purple left yellow; orange left brown; purple right brown; purple right brown; purple left brown,orange right yellow; orange left brown; orange left yellow; purple right yellow; orange right brown; orange right brown; purple right yellow; purple left brown,,,,
9NQWJN,schema,ambiguous,1,5,spider,spider,purple right brown; orange right brown; purple left brown; purple right yellow; orange left yellow; orange right yellow; orange left brown; purple left yellow,purple left brown; orange left yellow; orange left brown; orange right brown; purple right yellow; purple left yellow; purple right brown; orange right yellow,orange right yellow; orange left brown; orange left yellow; purple left yellow; orange left brown; purple right brown; purple right brown; purple left brown,orange right yellow; orange left brown; orange left yellow; purple right yellow; orange right brown; orange right brown; purple right yellow; purple left brown,,,,
9NQWJN,schema,ambiguous,1,6,chicken,chicken,purple right brown; orange right brown; purple left brown; purple right yellow; orange left yellow; orange right yellow; orange left brown; purple left yellow,purple left brown; orange left yellow; orange left brown; orange right brown; purple right yellow; purple left yellow; purple right brown; orange right yellow,orange right yellow; orange left brown; orange left yellow; purple left yellow; orange left brown; purple right brown; purple right brown; purple left brown,orange right yellow; orange left brown; orange left yellow; purple right yellow; orange right brown; orange right brown; purple right yellow; purple left brown,,,,
9NQWJN,schema,ambiguous,1,7,i dont rememebr,white man,purple right brown; orange right brown; purple left brown; purple right yellow; orange left yellow; orange right yellow; orange left brown; purple left yellow,purple left brown; orange left yellow; orange left brown; orange right brown; purple right yellow; purple left yellow; purple right brown; orange right yellow,orange right yellow; orange left brown; orange left yellow; purple left yellow; orange left brown; purple right brown; purple right brown; purple left brown,orange right yellow; orange left brown; orange left yellow; purple right yellow; orange right brown; orange right brown; purple right yellow; purple left brown,,,,
BF7TZW,schema_tangrams,incompatible,0,0,2 1 2,2 1 1,purple black brown; orange black brown; purple red brown; purple black yellow; orange red yellow; orange black yellow; orange red brown; purple red yellow,purple red brown; orange red yellow; orange red brown; orange black brown; purple black yellow; purple red yellow; purple black brown; orange black yellow,orange black yellow; orange red brown; orange red yellow; purple red yellow; orange black brown; purple black brown; purple black yellow; purple red brown,orange black yellow; orange red brown; orange red yellow; purple red yellow; orange black brown; purple black brown; purple black yellow; purple red brown,,,,
BF7TZW,schema_tangrams,incompatible,0,1,1 2 1,1 2 1,purple black brown; orange black brown; purple red brown; purple black yellow; orange red yellow; orange black yellow; orange red brown; purple red yellow,purple red brown; orange red yellow; orange red brown; orange black brown; purple black yellow; purple red yellow; purple black brown; orange black yellow,orange black yellow; orange red brown; orange red yellow; purple red yellow; orange black brown; purple black brown; purple black yellow; purple red brown,orange black yellow; orange red brown; orange red yellow; purple red yellow; orange black brown; purple black brown; purple black yellow; purple red brown,,,,
BF7TZW,schema_tangrams,incompatible,0,2,2 1 2,2 1 1,purple black brown; orange black brown; purple red brown; purple black yellow; orange red yellow; orange black yellow; orange red brown; purple red yellow,purple red brown; orange red yellow; orange red brown; orange black brown; purple black yellow; purple red yellow; purple black brown; orange black yellow,orange black yellow; orange red brown; orange red yellow; purple red yellow; orange black brown; purple black brown; purple black yellow; purple red brown,orange black yellow; orange red brown; orange red yellow; purple red yellow; orange black brown; purple black brown; purple black yellow; purple red brown,,,,
BF7TZW,schema_tangrams,incompatible,0,3,2 2 1,2 2 1,purple black brown; orange black brown; purple red brown; purple black yellow; orange red yellow; orange black yellow; orange red brown; purple red yellow,purple red brown; orange red yellow; orange red brown; orange black brown; purple black yellow; purple red yellow; purple black brown; orange black yellow,orange black yellow; orange red brown; orange red yellow; purple red yellow; orange black brown; purple black brown; purple black yellow; purple red brown,orange black yellow; orange red brown; orange red yellow; purple red yellow; orange black brown; purple black brown; purple black yellow; purple red brown,,,,
BF7TZW,schema_tangrams,incompatible,0,4,1 1 1,1 1 1,purple black brown; orange black brown; purple red brown; purple black yellow; orange red yellow; orange black yellow; orange red brown; purple red yellow,purple red brown; orange red yellow; orange red brown; orange black brown; purple black yellow; purple red yellow; purple black brown; orange black yellow,orange black yellow; orange red brown; orange red yellow; purple red yellow; orange black brown; purple black brown; purple black yellow; purple red brown,orange black yellow; orange red brown; orange red yellow; purple red yellow; orange black brown; purple black brown; purple black yellow; purple red brown,,,,
BF7TZW,schema_tangrams,incompatible,0,5,1 1 2,1 1 2,purple black brown; orange black brown; purple red brown; purple black yellow; orange red yellow; orange black yellow; orange red brown; purple red yellow,purple red brown; orange red yellow; orange red brown; orange black brown; purple black yellow; purple red yellow; purple black brown; orange black yellow,orange black yellow; orange red brown; orange red yellow; purple red yellow; orange black brown; purple black brown; purple black yellow; purple red brown,orange black yellow; orange red brown; orange red yellow; purple red yellow; orange black brown; purple black brown; purple black yellow; purple red brown,,,,
BF7TZW,schema_tangrams,incompatible,0,6,1 2 2,1 2 2,purple black brown; orange black brown; purple red brown; purple black yellow; orange red yellow; orange black yellow; orange red brown; purple red yellow,purple red brown; orange red yellow; orange red brown; orange black brown; purple black yellow; purple red yellow; purple black brown; orange black yellow,orange black yellow; orange red brown; orange red yellow; purple red yellow; orange black brown; purple black brown; purple black yellow; purple red brown,orange black yellow; orange red brown; orange red yellow; purple red yellow; orange black brown; purple black brown; purple black yellow; purple red brown,,,,
BF7TZW,schema_tangrams,incompatible,0,7,1 1 3,1 1 3,purple black brown; orange black brown; purple red brown; purple black yellow; orange red yellow; orange black yellow; orange red brown; purple red yellow,purple red brown; orange red yellow; orange red brown; orange black brown; purple black yellow; purple red yellow; purple black brown; orange black yellow,orange black yellow; orange red brown; orange red yellow; purple red yellow; orange black brown; purple black brown; purple black yellow; purple red brown,orange black yellow; orange red brown; orange red yellow; purple red yellow; orange black brown; purple black brown; purple black yellow; purple red brown,,,,
BF7TZW,schema_tangrams,incompatible,1,0,2 1 1,2 1 2,purple black brown; orange black; purple red brown; purple black yellow; orange red yellow; orange black yellow; orange red brown; purple red yellow,purple red brown; orange red; orange red brown; orange black brown; purple black yellow; purple red yellow; purple black brown; orange black yellow,orange black yellow; orange red brown; orange red yellow; purple red yellow; orange black brown; purple black brown; purple black yellow; purple red brown,orange black yellow; orange red brown; orange red yellow; purple red yellow; orange black brown; purple black brown; purple black yellow; purple red brown,,,,
BF7TZW,schema_tangrams,incompatible,1,1,1 2 1,1 2 1,purple black brown; orange black; purple red brown; purple black yellow; orange red yellow; orange black yellow; orange red brown; purple red yellow,purple red brown; orange red; orange red brown; orange black brown; purple black yellow; purple red yellow; purple black brown; orange black yellow,orange black yellow; orange red brown; orange red yellow; purple red yellow; orange black brown; purple black brown; purple black yellow; purple red brown,orange black yellow; orange red brown; orange red yellow; purple red yellow; orange black brown; purple black brown; purple black yellow; purple red brown,,,,
BF7TZW,schema_tangrams,incompatible,1,2,2 1 1,2 1 2,purple black brown; orange black; purple red brown; purple black yellow; orange red yellow; orange black yellow; orange red brown; purple red yellow,purple red brown; orange red; orange red brown; orange black brown; purple black yellow; purple red yellow; purple black brown; orange black yellow,orange black yellow; orange red brown; orange red yellow; purple red yellow; orange black brown; purple black brown; purple black yellow; purple red brown,orange black yellow; orange red brown; orange red yellow; purple red yellow; orange black brown; purple black brown; purple black yellow; purple red brown,,,,
BF7TZW,schema_tangrams,incompatible,1,3,2 2 1,2 2 1,purple black brown; orange black; purple red brown; purple black yellow; orange red yellow; orange black yellow; orange red brown; purple red yellow,purple red brown; orange red; orange red brown; orange black brown; purple black yellow; purple red yellow; purple black brown; orange black yellow,orange black yellow; orange red brown; orange red yellow; purple red yellow; orange black brown; purple black brown; purple black yellow; purple red brown,orange black yellow; orange red brown; orange red yellow; purple red yellow; orange black brown; purple black brown; purple black yellow; purple red brown,,,,
BF7TZW,schema_tangrams,incompatible,1,4,1 1 1,1 1 1,purple black brown; orange black; purple red brown; purple black yellow; orange red yellow; orange black yellow; orange red brown; purple red yellow,purple red brown; orange red; orange red brown; orange black brown; purple black yellow; purple red yellow; purple black brown; orange black yellow,orange black yellow; orange red brown; orange red yellow; purple red yellow; orange black brown; purple black brown; purple black yellow; purple red brown,orange black yellow; orange red brown; orange red yellow; purple red yellow; orange black brown; purple black brown; purple black yellow; purple red brown,,,,
BF7TZW,schema_tangrams,incompatible,1,5,1 1 2,1 1 2,purple black brown; orange black; purple red brown; purple black yellow; orange red yellow; orange black yellow; orange red brown; purple red yellow,purple red brown; orange red; orange red brown; orange black brown; purple black yellow; purple red yellow; purple black brown; orange black yellow,orange black yellow; orange red brown; orange red yellow; purple red yellow; orange black brown; purple black brown; purple black yellow; purple red brown,orange black yellow; orange red brown; orange red yellow; purple red yellow; orange black brown; purple black brown; purple black yellow; purple red brown,,,,
BF7TZW,schema_tangrams,incompatible,1,6,1 2 2,1 2 2,purple black brown; orange black; purple red brown; purple black yellow; orange red yellow; orange black yellow; orange red brown; purple red yellow,purple red brown; orange red; orange red brown; orange black brown; purple black yellow; purple red yellow; purple black brown; orange black yellow,orange black yellow; orange red brown; orange red yellow; purple red yellow; orange black brown; purple black brown; purple black yellow; purple red brown,orange black yellow; orange red brown; orange red yellow; purple red yellow; orange black brown; purple black brown; purple black yellow; purple red brown,,,,
BF7TZW,schema_tangrams,incompatible,1,7,1 1 3,1 1 3,purple black brown; orange black; purple red brown; purple black yellow; orange red yellow; orange black yellow; orange red brown; purple red yellow,purple red brown; orange red; orange red brown; orange black brown; purple black yellow; purple red yellow; purple black brown; orange black yellow,orange black yellow; orange red brown; orange red yellow; purple red yellow; orange black brown; purple black brown; purple black yellow; purple red brown,orange black yellow; orange red brown; orange red yellow; purple red yellow; orange black brown; purple black brown; purple black yellow; purple red brown,,,,
BHVX5Z,schema_tangrams,incompatible,0,0,y,y,purple black brown; orange black brown; purple red brown; purple black yellow; orange red yellow; orange black yellow; orange red brown; purple red yellow,purple red brown; orange red yellow; orange red brown; orange black brown; purple black yellow; purple red yellow; purple black brown; orange black yellow,grey; wheel; red; bird; cube; pacman; elma; eyes,grey; wheel; red; bird; cube; pac man; elma; eyes,,,,
BHVX5Z,schema_tangrams,incompatible,0,1,kick,kick,purple black brown; orange black brown; purple red brown; purple black yellow; orange red yellow; orange black yellow; orange red brown; purple red yellow,purple red brown; orange red yellow; orange red brown; orange black brown; purple black yellow; purple red yellow; purple black brown; orange black yellow,grey; wheel; red; bird; cube; pacman; elma; eyes,grey; wheel; red; bird; cube; pac man; elma; eyes,,,,
BHVX5Z,schema_tangrams,incompatible,0,2,dog,dog,purple black brown; orange black brown; purple red brown; purple black yellow; orange red yellow; orange black yellow; orange red brown; purple red yellow,purple red brown; orange red yellow; orange red brown; orange black brown; purple black yellow; purple red yellow; purple black brown; orange black yellow,grey; wheel; red; bird; cube; pacman; elma; eyes,grey; wheel; red; bird; cube; pac man; elma; eyes,,,,
BHVX5Z,schema_tangrams,incompatible,0,3,bird,bird,purple black brown; orange black brown; purple red brown; purple black yellow; orange red yellow; orange black yellow; orange red brown; purple red yellow,purple red brown; orange red yellow; orange red brown; orange black brown; purple black yellow; purple red yellow; purple black brown; orange black yellow,grey; wheel; red; bird; cube; pacman; elma; eyes,grey; wheel; red; bird; cube; pac man; elma; eyes,,,,
BHVX5Z,schema_tangrams,incompatible,0,4,priest,priest,purple black brown; orange black brown; purple red brown; purple black yellow; orange red yellow; orange black yellow; orange red brown; purple red yellow,purple red brown; orange red yellow; orange red brown; orange black brown; purple black yellow; purple red yellow; purple black brown; orange black yellow,grey; wheel; red; bird; cube; pacman; elma; eyes,grey; wheel; red; bird; cube; pac man; elma; eyes,,,,
BHVX5Z,schema_tangrams,incompatible,0,5,knees,knees,purple black brown; orange black brown; purple red brown; purple black yellow; orange red yellow; orange black yellow; orange red brown; purple red yellow,purple red brown; orange red yellow; orange red brown; orange black brown; purple black yellow; purple red yellow; purple black brown; orange black yellow,grey; wheel; red; bird; cube; pacman; elma; eyes,grey; wheel; red; bird; cube; pac man; elma; eyes,,,,
BHVX5Z,schema_tangrams,incompatible,0,6,seal,seal,purple black brown; orange black brown; purple red brown; purple black yellow; orange red yellow; orange black yellow; orange red brown; purple red yellow,purple red brown; orange red yellow; orange red brown; orange black brown; purple black yellow; purple red yellow; purple black brown; orange black yellow,grey; wheel; red; bird; cube; pacman; elma; eyes,grey; wheel; red; bird; cube; pac man; elma; eyes,,,,
BHVX5Z,schema_tangrams,incompatible,0,7,2 diamonds,2 diamonds,purple black brown; orange black brown; purple red brown; purple black yellow; orange red yellow; orange black yellow; orange red brown; purple red yellow,purple red brown; orange red yellow; orange red brown; orange black brown; purple black yellow; purple red yellow; purple black brown; orange black yellow,grey; wheel; red; bird; cube; pacman; elma; eyes,grey; wheel; red; bird; cube; pac man; elma; eyes,,,,
BHVX5Z,schema_tangrams,incompatible,1,0,y,y,purple black brown; orange black brown; purple red brown; purple black yellow; orange red yellow; orange black yellow; orange red brown; purple red yellow,purple red brown; orange red yellow; orange red brown; orange black brown; purple black yellow; purple red yellow; purple black brown; orange black yellow,grey; wheel; red; bird; cube; pac man; elma; eyes,grey; wheel; red; bird; cube; pacman; elma; eyes,,,,
BHVX5Z,schema_tangrams,incompatible,1,1,kick,kick,purple black brown; orange black brown; purple red brown; purple black yellow; orange red yellow; orange black yellow; orange red brown; purple red yellow,purple red brown; orange red yellow; orange red brown; orange black brown; purple black yellow; purple red yellow; purple black brown; orange black yellow,grey; wheel; red; bird; cube; pac man; elma; eyes,grey; wheel; red; bird; cube; pacman; elma; eyes,,,,
BHVX5Z,schema_tangrams,incompatible,1,2,dog,dog,purple black brown; orange black brown; purple red brown; purple black yellow; orange red yellow; orange black yellow; orange red brown; purple red yellow,purple red brown; orange red yellow; orange red brown; orange black brown; purple black yellow; purple red yellow; purple black brown; orange black yellow,grey; wheel; red; bird; cube; pac man; elma; eyes,grey; wheel; red; bird; cube; pacman; elma; eyes,,,,
BHVX5Z,schema_tangrams,incompatible,1,3,bird,bird,purple black brown; orange black brown; purple red brown; purple black yellow; orange red yellow; orange black yellow; orange red brown; purple red yellow,purple red brown; orange red yellow; orange red brown; orange black brown; purple black yellow; purple red yellow; purple black brown; orange black yellow,grey; wheel; red; bird; cube; pac man; elma; eyes,grey; wheel; red; bird; cube; pacman; elma; eyes,,,,
BHVX5Z,schema_tangrams,incompatible,1,4,priest,priest,purple black brown; orange black brown; purple red brown; purple black yellow; orange red yellow; orange black yellow; orange red brown; purple red yellow,purple red brown; orange red yellow; orange red brown; orange black brown; purple black yellow; purple red yellow; purple black brown; orange black yellow,grey; wheel; red; bird; cube; pac man; elma; eyes,grey; wheel; red; bird; cube; pacman; elma; eyes,,,,
BHVX5Z,schema_tangrams,incompatible,1,5,knees,knees,purple black brown; orange black brown; purple red brown; purple black yellow; orange red yellow; orange black yellow; orange red brown; purple red yellow,purple red brown; orange red yellow; orange red brown; orange black brown; purple black yellow; purple red yellow; purple black brown; orange black yellow,grey; wheel; red; bird; cube; pac man; elma; eyes,grey; wheel; red; bird; cube; pacman; elma; eyes,,,,
BHVX5Z,schema_tangrams,incompatible,1,6,seal,seal,purple black brown; orange black brown; purple red brown; purple black yellow; orange red yellow; orange black yellow; orange red brown; purple red yellow,purple red brown; orange red yellow; orange red brown; orange black brown; purple black yellow; purple red yellow; purple black brown; orange black yellow,grey; wheel; red; bird; cube; pac man; elma; eyes,grey; wheel; red; bird; cube; pacman; elma; eyes,,,,
BHVX5Z,schema_tangrams,incompatible,1,7,2 diamonds,2 diamonds,purple black brown; orange black brown; purple red brown; purple black yellow; orange red yellow; orange black yellow; orange red brown; purple red yellow,purple red brown; orange red yellow; orange red brown; orange black brown; purple black yellow; purple red yellow; purple black brown; orange black yellow,grey; wheel; red; bird; cube; pac man; elma; eyes,grey; wheel; red; bird; cube; pacman; elma; eyes,,,,
BK8QW3,schema_tangrams,incompatible,0,0,fly,fly,purple brown 1; orange brown 1; purple brown 2; purple yellow 1; orange yellow 2; orange yellow 1; orange brown 2; purple yellow 2,purple red brown; orange red yellow; orange red brown; orange black brown; purple black yellow; purple red yellow; purple black brown; orange black yellow,orange black yellow; orange red brown; orange red yellow; purple red yellow; orange black brown; purple black brown; rainbow; purple red brown,orange black yellow; orange red brown; orange red yellow; purple red yellow; orange black brown; purple black brown; rainbow; purple red brown,,,,
BK8QW3,schema_tangrams,incompatible,0,1,kick,kick,purple brown 1; orange brown 1; purple brown 2; purple yellow 1; orange yellow 2; orange yellow 1; orange brown 2; purple yellow 2,purple red brown; orange red yellow; orange red brown; orange black brown; purple black yellow; purple red yellow; purple black brown; orange black yellow,orange black yellow; orange red brown; orange red yellow; purple red yellow; orange black brown; purple black brown; rainbow; purple red brown,orange black yellow; orange red brown; orange red yellow; purple red yellow; orange black brown; purple black brown; rainbow; purple red brown,,,,
BK8QW3,schema_tangrams,incompatible,0,2,kneel,dan,purple brown 1; orange brown 1; purple brown 2; purple yellow 1; orange yellow 2; orange yellow 1; orange brown 2; purple yellow 2,purple red brown; orange red yellow; orange red brown; orange black brown; purple black yellow; purple red yellow; purple black brown; orange black yellow,orange black yellow; orange red brown; orange red yellow; purple red yellow; orange black brown; purple black brown; rainbow; purple red brown,orange black yellow; orange red brown; orange red yellow; purple red yellow; orange black brown; purple black brown; rainbow; purple red brown,,,,
BK8QW3,schema_tangrams,incompatible,0,3,skate,skate,purple brown 1; orange brown 1; purple brown 2; purple yellow 1; orange yellow 2; orange yellow 1; orange brown 2; purple yellow 2,purple red brown; orange red yellow; orange red brown; orange black brown; purple black yellow; purple red yellow; purple black brown; orange black yellow,orange black yellow; orange red brown; orange red yellow; purple red yellow; orange black brown; purple black brown; rainbow; purple red brown,orange black yellow; orange red brown; orange red yellow; purple red yellow; orange black brown; purple black brown; rainbow; purple red brown,,,,
BK8QW3,schema_tangrams,incompatible,0,4,read,reading,purple brown 1; orange brown 1; purple brown 2; purple yellow 1; orange yellow 2; orange yellow 1; orange brown 2; purple yellow 2,purple red brown; orange red yellow; orange red brown; orange black brown; purple black yellow; purple red yellow; purple black brown; orange black yellow,orange black yellow; orange red brown; orange red yellow; purple red yellow; orange black brown; purple black brown; rainbow; purple red brown,orange black yellow; orange red brown; orange red yellow; purple red yellow; orange black brown; purple black brown; rainbow; purple red brown,,,,
BK8QW3,schema_tangrams,incompatible,0,5,propose,sit,purple brown 1; orange brown 1; purple brown 2; purple yellow 1; orange yellow 2; orange yellow 1; orange brown 2; purple yellow 2,purple red brown; orange red yellow; orange red brown; orange black brown; purple black yellow; purple red yellow; purple black brown; orange black yellow,orange black yellow; orange red brown; orange red yellow; purple red yellow; orange black brown; purple black brown; rainbow; purple red brown,orange black yellow; orange red brown; orange red yellow; purple red yellow; orange black brown; purple black brown; rainbow; purple red brown,,,,
BK8QW3,schema_tangrams,incompatible,0,6,propose,propose,purple brown 1; orange brown 1; purple brown 2; purple yellow 1; orange yellow 2; orange yellow 1; orange brown 2; purple yellow 2,purple red brown; orange red yellow; orange red brown; orange black brown; purple black yellow; purple red yellow; purple black brown; orange black yellow,orange black yellow; orange red brown; orange red yellow; purple red yellow; orange black brown; purple black brown; rainbow; purple red brown,orange black yellow; orange red brown; orange red yellow; purple red yellow; orange black brown; purple black brown; rainbow; purple red brown,,,,
BK8QW3,schema_tangrams,incompatible,0,7,kneel,kneel,purple brown 1; orange brown 1; purple brown 2; purple yellow 1; orange yellow 2; orange yellow 1; orange brown 2; purple yellow 2,purple red brown; orange red yellow; orange red brown; orange black brown; purple black yellow; purple red yellow; purple black brown; orange black yellow,orange black yellow; orange red brown; orange red yellow; purple red yellow; orange black brown; purple black brown; rainbow; purple red brown,orange black yellow; orange red brown; orange red yellow; purple red yellow; orange black brown; purple black brown; rainbow; purple red brown,,,,
BK8QW3,schema_tangrams,incompatible,1,0,fly,fly,purple brown; orange brown 1; purple brown 2; purple yellow 1; orange yellow 2; orange yellow 1; orange brown 2; purple yellow 2,purple red brown; orange red yellow; orange red brown; orange black brown; purple black yellow; purple red yellow; purple black brown; orange black yellow,orange black yellow; orange red brown; orange red yellow; purple red yellow; orange black brown; purple black brown; rainbow; purple red brown,orange black yellow; orange red brown; orange red yellow; purple red yellow; orange black brown; purple black brown; rainbow; purple red brown,,,,
BK8QW3,schema_tangrams,incompatible,1,1,kick,kick,purple brown; orange brown 1; purple brown 2; purple yellow 1; orange yellow 2; orange yellow 1; orange brown 2; purple yellow 2,purple red brown; orange red yellow; orange red brown; orange black brown; purple black yellow; purple red yellow; purple black brown; orange black yellow,orange black yellow; orange red brown; orange red yellow; purple red yellow; orange black brown; purple black brown; rainbow; purple red brown,orange black yellow; orange red brown; orange red yellow; purple red yellow; orange black brown; purple black brown; rainbow; purple red brown,,,,
BK8QW3,schema_tangrams,incompatible,1,2,dan,kneel,purple brown; orange brown 1; purple brown 2; purple yellow 1; orange yellow 2; orange yellow 1; orange brown 2; purple yellow 2,purple red brown; orange red yellow; orange red brown; orange black brown; purple black yellow; purple red yellow; purple black brown; orange black yellow,orange black yellow; orange red brown; orange red yellow; purple red yellow; orange black brown; purple black brown; rainbow; purple red brown,orange black yellow; orange red brown; orange red yellow; purple red yellow; orange black brown; purple black brown; rainbow; purple red brown,,,,
BK8QW3,schema_tangrams,incompatible,1,3,skate,skate,purple brown; orange brown 1; purple brown 2; purple yellow 1; orange yellow 2; orange yellow 1; orange brown 2; purple yellow 2,purple red brown; orange red yellow; orange red brown; orange black brown; purple black yellow; purple red yellow; purple black brown; orange black yellow,orange black yellow; orange red brown; orange red yellow; purple red yellow; orange black brown; purple black brown; rainbow; purple red brown,orange black yellow; orange red brown; orange red yellow; purple red yellow; orange black brown; purple black brown; rainbow; purple red brown,,,,
BK8QW3,schema_tangrams,incompatible,1,4,reading,read,purple brown; orange brown 1; purple brown 2; purple yellow 1; orange yellow 2; orange yellow 1; orange brown 2; purple yellow 2,purple red brown; orange red yellow; orange red brown; orange black brown; purple black yellow; purple red yellow; purple black brown; orange black yellow,orange black yellow; orange red brown; orange red yellow; purple red yellow; orange black brown; purple black brown; rainbow; purple red brown,orange black yellow; orange red brown; orange red yellow; purple red yellow; orange black brown; purple black brown; rainbow; purple red brown,,,,
BK8QW3,schema_tangrams,incompatible,1,5,sit,propose,purple brown; orange brown 1; purple brown 2; purple yellow 1; orange yellow 2; orange yellow 1; orange brown 2; purple yellow 2,purple red brown; orange red yellow; orange red brown; orange black brown; purple black yellow; purple red yellow; purple black brown; orange black yellow,orange black yellow; orange red brown; orange red yellow; purple red yellow; orange black brown; purple black brown; rainbow; purple red brown,orange black yellow; orange red brown; orange red yellow; purple red yellow; orange black brown; purple black brown; rainbow; purple red brown,,,,
BK8QW3,schema_tangrams,incompatible,1,6,propose,propose,purple brown; orange brown 1; purple brown 2; purple yellow 1; orange yellow 2; orange yellow 1; orange brown 2; purple yellow 2,purple red brown; orange red yellow; orange red brown; orange black brown; purple black yellow; purple red yellow; purple black brown; orange black yellow,orange black yellow; orange red brown; orange red yellow; purple red yellow; orange black brown; purple black brown; rainbow; purple red brown,orange black yellow; orange red brown; orange red yellow; purple red yellow; orange black brown; purple black brown; rainbow; purple red brown,,,,
BK8QW3,schema_tangrams,incompatible,1,7,kneel,kneel,purple brown; orange brown 1; purple brown 2; purple yellow 1; orange yellow 2; orange yellow 1; orange brown 2; purple yellow 2,purple red brown; orange red yellow; orange red brown; orange black brown; purple black yellow; purple red yellow; purple black brown; orange black yellow,orange black yellow; orange red brown; orange red yellow; purple red yellow; orange black brown; purple black brown; rainbow; purple red brown,orange black yellow; orange red brown; orange red yellow; purple red yellow; orange black brown; purple black brown; rainbow; purple red brown,,,,
C85FMG,schema,ambiguous,0,0,snowman,pink,orange; orange black yellow; orange red; purple black brown; orange red yellow; orang b; orange red brown; purple red yellow,purple red brown; orange red yellow; orange red brown; orange lack brown; purple black yellow; purple  red yellow; purple black brown; orange black yellow,orange black yellow; orange red  brown; orange red yellow; purple red yellow; orange black brown; purple yellow brown; purple black yellow; purple red brown,orange black yellow; orange red brown; orange red yellow; purple red yellow; orange black brown; purple black brown; purple black yellow; purple red brown,,,,
C85FMG,schema,ambiguous,0,1,crab,yellow pink,orange; orange black yellow; orange red; purple black brown; orange red yellow; orang b; orange red brown; purple red yellow,purple red brown; orange red yellow; orange red brown; orange lack brown; purple black yellow; purple  red yellow; purple black brown; orange black yellow,orange black yellow; orange red  brown; orange red yellow; purple red yellow; orange black brown; purple yellow brown; purple black yellow; purple red brown,orange black yellow; orange red brown; orange red yellow; purple red yellow; orange black brown; purple black brown; purple black yellow; purple red brown,,,,
C85FMG,schema,ambiguous,0,2,snowman,yellow,orange; orange black yellow; orange red; purple black brown; orange red yellow; orang b; orange red brown; purple red yellow,purple red brown; orange red yellow; orange red brown; orange lack brown; purple black yellow; purple  red yellow; purple black brown; orange black yellow,orange black yellow; orange red  brown; orange red yellow; purple red yellow; orange black brown; purple yellow brown; purple black yellow; purple red brown,orange black yellow; orange red brown; orange red yellow; purple red yellow; orange black brown; purple black brown; purple black yellow; purple red brown,,,,
C85FMG,schema,ambiguous,0,3,legs,legs,orange; orange black yellow; orange red; purple black brown; orange red yellow; orang b; orange red brown; purple red yellow,purple red brown; orange red yellow; orange red brown; orange lack brown; purple black yellow; purple  red yellow; purple black brown; orange black yellow,orange black yellow; orange red  brown; orange red yellow; purple red yellow; orange black brown; purple yellow brown; purple black yellow; purple red brown,orange black yellow; orange red brown; orange red yellow; purple red yellow; orange black brown; purple black brown; purple black yellow; purple red brown,,,,
C85FMG,schema,ambiguous,0,4,blue,blue,orange; orange black yellow; orange red; purple black brown; orange red yellow; orang b; orange red brown; purple red yellow,purple red brown; orange red yellow; orange red brown; orange lack brown; purple black yellow; purple  red yellow; purple black brown; orange black yellow,orange black yellow; orange red  brown; orange red yellow; purple red yellow; orange black brown; purple yellow brown; purple black yellow; purple red brown,orange black yellow; orange red brown; orange red yellow; purple red yellow; orange black brown; purple black brown; purple black yellow; purple red brown,,,,
C85FMG,schema,ambiguous,0,5,crab,crab,orange; orange black yellow; orange red; purple black brown; orange red yellow; orang b; orange red brown; purple red yellow,purple red brown; orange red yellow; orange red brown; orange lack brown; purple black yellow; purple  red yellow; purple black brown; orange black yellow,orange black yellow; orange red  brown; orange red yellow; purple red yellow; orange black brown; purple yellow brown; purple black yellow; purple red brown,orange black yellow; orange red brown; orange red yellow; purple red yellow; orange black brown; purple black brown; purple black yellow; purple red brown,,,,
C85FMG,schema,ambiguous,0,6,robot,robot,orange; orange black yellow; orange red; purple black brown; orange red yellow; orang b; orange red brown; purple red yellow,purple red brown; orange red yellow; orange red brown; orange lack brown; purple black yellow; purple  red yellow; purple black brown; orange black yellow,orange black yellow; orange red  brown; orange red yellow; purple red yellow; orange black brown; purple yellow brown; purple black yellow; purple red brown,orange black yellow; orange red brown; orange red yellow; purple red yellow; orange black brown; purple black brown; purple black yellow; purple red brown,,,,
C85FMG,schema,ambiguous,0,7,snowman,snowman,orange; orange black yellow; orange red; purple black brown; orange red yellow; orang b; orange red brown; purple red yellow,purple red brown; orange red yellow; orange red brown; orange lack brown; purple black yellow; purple  red yellow; purple black brown; orange black yellow,orange black yellow; orange red  brown; orange red yellow; purple red yellow; orange black brown; purple yellow brown; purple black yellow; purple red brown,orange black yellow; orange red brown; orange red yellow; purple red yellow; orange black brown; purple black brown; purple black yellow; purple red brown,,,,
C85FMG,schema,ambiguous,1,0,pink,snowman,purple black brown; orange black brown; purple red brown; purple black yellow; orange red yellow; orange black yellow; orange red brown; purple red yellow,purple red brown; orange red yellow; orange red brown; orange black brown; purple black yellow; purple red yellow; purple black brown; orange black yellow,orange black yellow; orange red brown; orange red yellow; purple red yellow; orange black brown; purple black brown; purple black yellow; purple red brown,orange black yellow; orange red  brown; orange red yellow; purple red yellow; orange black brown; purple yellow brown; purple black yellow; purple red brown,,,,
C85FMG,schema,ambiguous,1,1,yellow pink,crab,purple black brown; orange black brown; purple red brown; purple black yellow; orange red yellow; orange black yellow; orange red brown; purple red yellow,purple red brown; orange red yellow; orange red brown; orange black brown; purple black yellow; purple red yellow; purple black brown; orange black yellow,orange black yellow; orange red brown; orange red yellow; purple red yellow; orange black brown; purple black brown; purple black yellow; purple red brown,orange black yellow; orange red  brown; orange red yellow; purple red yellow; orange black brown; purple yellow brown; purple black yellow; purple red brown,,,,
C85FMG,schema,ambiguous,1,2,yellow,snowman,purple black brown; orange black brown; purple red brown; purple black yellow; orange red yellow; orange black yellow; orange red brown; purple red yellow,purple red brown; orange red yellow; orange red brown; orange black brown; purple black yellow; purple red yellow; purple black brown; orange black yellow,orange black yellow; orange red brown; orange red yellow; purple red yellow; orange black brown; purple black brown; purple black yellow; purple red brown,orange black yellow; orange red  brown; orange red yellow; purple red yellow; orange black brown; purple yellow brown; purple black yellow; purple red brown,,,,
C85FMG,schema,ambiguous,1,3,legs,legs,purple black brown; orange black brown; purple red brown; purple black yellow; orange red yellow; orange black yellow; orange red brown; purple red yellow,purple red brown; orange red yellow; orange red brown; orange black brown; purple black yellow; purple red yellow; purple black brown; orange black yellow,orange black yellow; orange red brown; orange red yellow; purple red yellow; orange black brown; purple black brown; purple black yellow; purple red brown,orange black yellow; orange red  brown; orange red yellow; purple red yellow; orange black brown; purple yellow brown; purple black yellow; purple red brown,,,,
C85FMG,schema,ambiguous,1,4,blue,blue,purple black brown; orange black brown; purple red brown; purple black yellow; orange red yellow; orange black yellow; orange red brown; purple red yellow,purple red brown; orange red yellow; orange red brown; orange black brown; purple black yellow; purple red yellow; purple black brown; orange black yellow,orange black yellow; orange red brown; orange red yellow; purple red yellow; orange black brown; purple black brown; purple black yellow; purple red brown,orange black yellow; orange red  brown; orange red yellow; purple red yellow; orange black brown; purple yellow brown; purple black yellow; purple red brown,,,,
C85FMG,schema,ambiguous,1,5,crab,crab,purple black brown; orange black brown; purple red brown; purple black yellow; orange red yellow; orange black yellow; orange red brown; purple red yellow,purple red brown; orange red yellow; orange red brown; orange black brown; purple black yellow; purple red yellow; purple black brown; orange black yellow,orange black yellow; orange red brown; orange red yellow; purple red yellow; orange black brown; purple black brown; purple black yellow; purple red brown,orange black yellow; orange red  brown; orange red yellow; purple red yellow; orange black brown; purple yellow brown; purple black yellow; purple red brown,,,,
C85FMG,schema,ambiguous,1,6,robot,robot,purple black brown; orange black brown; purple red brown; purple black yellow; orange red yellow; orange black yellow; orange red brown; purple red yellow,purple red brown; orange red yellow; orange red brown; orange black brown; purple black yellow; purple red yellow; purple black brown; orange black yellow,orange black yellow; orange red brown; orange red yellow; purple red yellow; orange black brown; purple black brown; purple black yellow; purple red brown,orange black yellow; orange red  brown; orange red yellow; purple red yellow; orange black brown; purple yellow brown; purple black yellow; purple red brown,,,,
C85FMG,schema,ambiguous,1,7,snowman,snowman,purple black brown; orange black brown; purple red brown; purple black yellow; orange red yellow; orange black yellow; orange red brown; purple red yellow,purple red brown; orange red yellow; orange red brown; orange black brown; purple black yellow; purple red yellow; purple black brown; orange black yellow,orange black yellow; orange red brown; orange red yellow; purple red yellow; orange black brown; purple black brown; purple black yellow; purple red brown,orange black yellow; orange red  brown; orange red yellow; purple red yellow; orange black brown; purple yellow brown; purple black yellow; purple red brown,,,,
DJB2VW,schema_tangrams,incompatible,0,0,praying,praying,prbb; orbb; plrb; prby; olry; orby; oltb; plry,plrb; olry; olrb; orbb; prby; plry; prbb; orby,orby; olrb; olry; plry; orbb; prbb; prby; plrb,orby; olrb; olry; plry; orbb; prbb; prby; plrb,,,,
DJB2VW,schema_tangrams,incompatible,0,1,sld,sld,prbb; orbb; plrb; prby; olry; orby; oltb; plry,plrb; olry; olrb; orbb; prby; plry; prbb; orby,orby; olrb; olry; plry; orbb; prbb; prby; plrb,orby; olrb; olry; plry; orbb; prbb; prby; plrb,,,,
DJB2VW,schema_tangrams,incompatible,0,2,flu,flu,prbb; orbb; plrb; prby; olry; orby; oltb; plry,plrb; olry; olrb; orbb; prby; plry; prbb; orby,orby; olrb; olry; plry; orbb; prbb; prby; plrb,orby; olrb; olry; plry; orbb; prbb; prby; plrb,,,,
DJB2VW,schema_tangrams,incompatible,0,3,skating,skating,prbb; orbb; plrb; prby; olry; orby; oltb; plry,plrb; olry; olrb; orbb; prby; plry; prbb; orby,orby; olrb; olry; plry; orbb; prbb; prby; plrb,orby; olrb; olry; plry; orbb; prbb; prby; plrb,,,,
DJB2VW,schema_tangrams,incompatible,0,4,slu,slu,prbb; orbb; plrb; prby; olry; orby; oltb; plry,plrb; olry; olrb; orbb; prby; plry; prbb; orby,orby; olrb; olry; plry; orbb; prbb; prby; plrb,orby; olrb; olry; plry; orbb; prbb; prby; plrb,,,,
DJB2VW,schema_tangrams,incompatible,0,5,fru,sru,prbb; orbb; plrb; prby; olry; orby; oltb; plry,plrb; olry; olrb; orbb; prby; plry; prbb; orby,orby; olrb; olry; plry; orbb; prbb; prby; plrb,orby; olrb; olry; plry; orbb; prbb; prby; plrb,,,,
DJB2VW,schema_tangrams,incompatible,0,6,srd,frd,prbb; orbb; plrb; prby; olry; orby; oltb; plry,plrb; olry; olrb; orbb; prby; plry; prbb; orby,orby; olrb; olry; plry; orbb; prbb; prby; plrb,orby; olrb; olry; plry; orbb; prbb; prby; plrb,,,,
DJB2VW,schema_tangrams,incompatible,0,7,fru,fru,prbb; orbb; plrb; prby; olry; orby; oltb; plry,plrb; olry; olrb; orbb; prby; plry; prbb; orby,orby; olrb; olry; plry; orbb; prbb; prby; plrb,orby; olrb; olry; plry; orbb; prbb; prby; plrb,,,,
DJB2VW,schema_tangrams,incompatible,1,0,praying,praying,prbb; orbb; plrb; prby; olry; orby; olrb; plry,plrb; olry; olrb; orbb; prby; plry; prbb; orby,orby; olrb; olry; plry; orbb; prbb; prby; plrb,orby; olrb; olry; plry; orbb; prbb; prby; plrb,,,,
DJB2VW,schema_tangrams,incompatible,1,1,sld,sld,prbb; orbb; plrb; prby; olry; orby; olrb; plry,plrb; olry; olrb; orbb; prby; plry; prbb; orby,orby; olrb; olry; plry; orbb; prbb; prby; plrb,orby; olrb; olry; plry; orbb; prbb; prby; plrb,,,,
DJB2VW,schema_tangrams,incompatible,1,2,flu,flu,prbb; orbb; plrb; prby; olry; orby; olrb; plry,plrb; olry; olrb; orbb; prby; plry; prbb; orby,orby; olrb; olry; plry; orbb; prbb; prby; plrb,orby; olrb; olry; plry; orbb; prbb; prby; plrb,,,,
DJB2VW,schema_tangrams,incompatible,1,3,skating,skating,prbb; orbb; plrb; prby; olry; orby; olrb; plry,plrb; olry; olrb; orbb; prby; plry; prbb; orby,orby; olrb; olry; plry; orbb; prbb; prby; plrb,orby; olrb; olry; plry; orbb; prbb; prby; plrb,,,,
DJB2VW,schema_tangrams,incompatible,1,4,slu,slu,prbb; orbb; plrb; prby; olry; orby; olrb; plry,plrb; olry; olrb; orbb; prby; plry; prbb; orby,orby; olrb; olry; plry; orbb; prbb; prby; plrb,orby; olrb; olry; plry; orbb; prbb; prby; plrb,,,,
DJB2VW,schema_tangrams,incompatible,1,5,sru,fru,prbb; orbb; plrb; prby; olry; orby; olrb; plry,plrb; olry; olrb; orbb; prby; plry; prbb; orby,orby; olrb; olry; plry; orbb; prbb; prby; plrb,orby; olrb; olry; plry; orbb; prbb; prby; plrb,,,,
DJB2VW,schema_tangrams,incompatible,1,6,frd,srd,prbb; orbb; plrb; prby; olry; orby; olrb; plry,plrb; olry; olrb; orbb; prby; plry; prbb; orby,orby; olrb; olry; plry; orbb; prbb; prby; plrb,orby; olrb; olry; plry; orbb; prbb; prby; plrb,,,,
DJB2VW,schema_tangrams,incompatible,1,7,fru,fru,prbb; orbb; plrb; prby; olry; orby; olrb; plry,plrb; olry; olrb; orbb; prby; plry; prbb; orby,orby; olrb; olry; plry; orbb; prbb; prby; plrb,orby; olrb; olry; plry; orbb; prbb; prby; plrb,,,,
DY36DF,schema_tangrams,incompatible,0,0,fly,fly,pbb; obb; prb; pby; ory; oby; orb; pry,prb; ory; orb; obb; pby; pry; pbb; oby,oby; orb; oby; pry; obb; pbb; pby; prb,oby; orb; ory; pry; obb; pbb; pby; prb,,,,
DY36DF,schema_tangrams,incompatible,0,1,brucelee,brucelee,pbb; obb; prb; pby; ory; oby; orb; pry,prb; ory; orb; obb; pby; pry; pbb; oby,oby; orb; oby; pry; obb; pbb; pby; prb,oby; orb; ory; pry; obb; pbb; pby; prb,,,,
DY36DF,schema_tangrams,incompatible,0,2,twirl,twirl,pbb; obb; prb; pby; ory; oby; orb; pry,prb; ory; orb; obb; pby; pry; pbb; oby,oby; orb; oby; pry; obb; pbb; pby; prb,oby; orb; ory; pry; obb; pbb; pby; prb,,,,
DY36DF,schema_tangrams,incompatible,0,3,superman,superman,pbb; obb; prb; pby; ory; oby; orb; pry,prb; ory; orb; obb; pby; pry; pbb; oby,oby; orb; oby; pry; obb; pbb; pby; prb,oby; orb; ory; pry; obb; pbb; pby; prb,,,,
DY36DF,schema_tangrams,incompatible,0,4,box,box,pbb; obb; prb; pby; ory; oby; orb; pry,prb; ory; orb; obb; pby; pry; pbb; oby,oby; orb; oby; pry; obb; pbb; pby; prb,oby; orb; ory; pry; obb; pbb; pby; prb,,,,
DY36DF,schema_tangrams,incompatible,0,5,pray,bend,pbb; obb; prb; pby; ory; oby; orb; pry,prb; ory; orb; obb; pby; pry; pbb; oby,oby; orb; oby; pry; obb; pbb; pby; prb,oby; orb; ory; pry; obb; pbb; pby; prb,,,,
DY36DF,schema_tangrams,incompatible,0,6,leep,leap,pbb; obb; prb; pby; ory; oby; orb; pry,prb; ory; orb; obb; pby; pry; pbb; oby,oby; orb; oby; pry; obb; pbb; pby; prb,oby; orb; ory; pry; obb; pbb; pby; prb,,,,
DY36DF,schema_tangrams,incompatible,0,7,pray,pray,pbb; obb; prb; pby; ory; oby; orb; pry,prb; ory; orb; obb; pby; pry; pbb; oby,oby; orb; oby; pry; obb; pbb; pby; prb,oby; orb; ory; pry; obb; pbb; pby; prb,,,,
DY36DF,schema_tangrams,incompatible,1,0,fly,fly,pbb; obb; prb; pby; ory; oby; orb; pry,prb; ory; orb; obb; pby; pry; pbb; oby,oby; orb; ory; pry; obb; pbb; pby; prb,oby; orb; oby; pry; obb; pbb; pby; prb,,,,
DY36DF,schema_tangrams,incompatible,1,1,brucelee,brucelee,pbb; obb; prb; pby; ory; oby; orb; pry,prb; ory; orb; obb; pby; pry; pbb; oby,oby; orb; ory; pry; obb; pbb; pby; prb,oby; orb; oby; pry; obb; pbb; pby; prb,,,,
DY36DF,schema_tangrams,incompatible,1,2,twirl,twirl,pbb; obb; prb; pby; ory; oby; orb; pry,prb; ory; orb; obb; pby; pry; pbb; oby,oby; orb; ory; pry; obb; pbb; pby; prb,oby; orb; oby; pry; obb; pbb; pby; prb,,,,
DY36DF,schema_tangrams,incompatible,1,3,superman,superman,pbb; obb; prb; pby; ory; oby; orb; pry,prb; ory; orb; obb; pby; pry; pbb; oby,oby; orb; ory; pry; obb; pbb; pby; prb,oby; orb; oby; pry; obb; pbb; pby; prb,,,,
DY36DF,schema_tangrams,incompatible,1,4,box,box,pbb; obb; prb; pby; ory; oby; orb; pry,prb; ory; orb; obb; pby; pry; pbb; oby,oby; orb; ory; pry; obb; pbb; pby; prb,oby; orb; oby; pry; obb; pbb; pby; prb,,,,
DY36DF,schema_tangrams,incompatible,1,5,bend,pray,pbb; obb; prb; pby; ory; oby; orb; pry,prb; ory; orb; obb; pby; pry; pbb; oby,oby; orb; ory; pry; obb; pbb; pby; prb,oby; orb; oby; pry; obb; pbb; pby; prb,,,,
DY36DF,schema_tangrams,incompatible,1,6,leap,leep,pbb; obb; prb; pby; ory; oby; orb; pry,prb; ory; orb; obb; pby; pry; pbb; oby,oby; orb; ory; pry; obb; pbb; pby; prb,oby; orb; oby; pry; obb; pbb; pby; prb,,,,
DY36DF,schema_tangrams,incompatible,1,7,pray,pray,pbb; obb; prb; pby; ory; oby; orb; pry,prb; ory; orb; obb; pby; pry; pbb; oby,oby; orb; ory; pry; obb; pbb; pby; prb,oby; orb; oby; pry; obb; pbb; pby; prb,,,,
E1QE4B,schema,ambiguous,0,0,purple cap right yellow pink,purple cap right yellow pink,purple cap right brown; orange cap right brown; purple cap left brown; purple cap right yellow; orange cap left yellow; orange cap right yellow; orange cap left brown; purple cap left yellow,purple cap left brown; orange cap left yellow; orange cap left brown; orange cap right brown; purple cap right yellow; purple cap left yellow; purple cap right brown; orange cap right yellow,orange cap right yellow; orange cap left brown; orange cap left yellow; purple cap left yellow; orange cap left brown; purple cap right brown; purple cap right yellow; purple cap left brown,orange cap right yellow; orange cap left brown; orange cap left yellow; purple cap left yellow; orange cap right brown; purple cap right brown; purple cap right yellow; purple cap left brown,,,,
E1QE4B,schema,ambiguous,0,1,purple cap right yellow pink,purple cap right yellow pink,purple cap right brown; orange cap right brown; purple cap left brown; purple cap right yellow; orange cap left yellow; orange cap right yellow; orange cap left brown; purple cap left yellow,purple cap left brown; orange cap left yellow; orange cap left brown; orange cap right brown; purple cap right yellow; purple cap left yellow; purple cap right brown; orange cap right yellow,orange cap right yellow; orange cap left brown; orange cap left yellow; purple cap left yellow; orange cap left brown; purple cap right brown; purple cap right yellow; purple cap left brown,orange cap right yellow; orange cap left brown; orange cap left yellow; purple cap left yellow; orange cap right brown; purple cap right brown; purple cap right yellow; purple cap left brown,,,,
E1QE4B,schema,ambiguous,0,2,orange cap left brown yellow,orange cap left brown yellow,purple cap right brown; orange cap right brown; purple cap left brown; purple cap right yellow; orange cap left yellow; orange cap right yellow; orange cap left brown; purple cap left yellow,purple cap left brown; orange cap left yellow; orange cap left brown; orange cap right brown; purple cap right yellow; purple cap left yellow; purple cap right brown; orange cap right yellow,orange cap right yellow; orange cap left brown; orange cap left yellow; purple cap left yellow; orange cap left brown; purple cap right brown; purple cap right yellow; purple cap left brown,orange cap right yellow; orange cap left brown; orange cap left yellow; purple cap left yellow; orange cap right brown; purple cap right brown; purple cap right yellow; purple cap left brown,,,,
E1QE4B,schema,ambiguous,0,3,orange cap left brown brown,orange cap left brown brown,purple cap right brown; orange cap right brown; purple cap left brown; purple cap right yellow; orange cap left yellow; orange cap right yellow; orange cap left brown; purple cap left yellow,purple cap left brown; orange cap left yellow; orange cap left brown; orange cap right brown; purple cap right yellow; purple cap left yellow; purple cap right brown; orange cap right yellow,orange cap right yellow; orange cap left brown; orange cap left yellow; purple cap left yellow; orange cap left brown; purple cap right brown; purple cap right yellow; purple cap left brown,orange cap right yellow; orange cap left brown; orange cap left yellow; purple cap left yellow; orange cap right brown; purple cap right brown; purple cap right yellow; purple cap left brown,,,,
E1QE4B,schema,ambiguous,0,4,orange cap left brown blue,orange cap left brown blue,purple cap right brown; orange cap right brown; purple cap left brown; purple cap right yellow; orange cap left yellow; orange cap right yellow; orange cap left brown; purple cap left yellow,purple cap left brown; orange cap left yellow; orange cap left brown; orange cap right brown; purple cap right yellow; purple cap left yellow; purple cap right brown; orange cap right yellow,orange cap right yellow; orange cap left brown; orange cap left yellow; purple cap left yellow; orange cap left brown; purple cap right brown; purple cap right yellow; purple cap left brown,orange cap right yellow; orange cap left brown; orange cap left yellow; purple cap left yellow; orange cap right brown; purple cap right brown; purple cap right yellow; purple cap left brown,,,,
E1QE4B,schema,ambiguous,0,5,orange cap left brown black,orange cap left brown black,purple cap right brown; orange cap right brown; purple cap left brown; purple cap right yellow; orange cap left yellow; orange cap right yellow; orange cap left brown; purple cap left yellow,purple cap left brown; orange cap left yellow; orange cap left brown; orange cap right brown; purple cap right yellow; purple cap left yellow; purple cap right brown; orange cap right yellow,orange cap right yellow; orange cap left brown; orange cap left yellow; purple cap left yellow; orange cap left brown; purple cap right brown; purple cap right yellow; purple cap left brown,orange cap right yellow; orange cap left brown; orange cap left yellow; purple cap left yellow; orange cap right brown; purple cap right brown; purple cap right yellow; purple cap left brown,,,,
E1QE4B,schema,ambiguous,0,6,purple cap right yellow grey,purple cap right yellow grey,purple cap right brown; orange cap right brown; purple cap left brown; purple cap right yellow; orange cap left yellow; orange cap right yellow; orange cap left brown; purple cap left yellow,purple cap left brown; orange cap left yellow; orange cap left brown; orange cap right brown; purple cap right yellow; purple cap left yellow; purple cap right brown; orange cap right yellow,orange cap right yellow; orange cap left brown; orange cap left yellow; purple cap left yellow; orange cap left brown; purple cap right brown; purple cap right yellow; purple cap left brown,orange cap right yellow; orange cap left brown; orange cap left yellow; purple cap left yellow; orange cap right brown; purple cap right brown; purple cap right yellow; purple cap left brown,,,,
E1QE4B,schema,ambiguous,0,7,purple cap right yellow grey,purple cap right yellow grey,purple cap right brown; orange cap right brown; purple cap left brown; purple cap right yellow; orange cap left yellow; orange cap right yellow; orange cap left brown; purple cap left yellow,purple cap left brown; orange cap left yellow; orange cap left brown; orange cap right brown; purple cap right yellow; purple cap left yellow; purple cap right brown; orange cap right yellow,orange cap right yellow; orange cap left brown; orange cap left yellow; purple cap left yellow; orange cap left brown; purple cap right brown; purple cap right yellow; purple cap left brown,orange cap right yellow; orange cap left brown; orange cap left yellow; purple cap left yellow; orange cap right brown; purple cap right brown; purple cap right yellow; purple cap left brown,,,,
E1QE4B,schema,ambiguous,1,0,purple cap right yellow pink,purple cap right yellow pink,purple cap right brown; orange cap right brown; purple cap left brown; purple cap right yellow; orange cap left yellow; orange cap right yellow; oramge cap left brown; purple cap left yellow,purple cap left brown; orange cap left yellow; orange cap left brown; orange cap right brown; purple cap right yellow; purple cap left yellow; purple cap right brown; orange cap right yellow,orange cap right yellow; orange cap left brown; orange cap left yellow; purple cap left yellow; orange cap right brown; purple cap right brown; purple cap right yellow; purple cap left brown,orange cap right yellow; orange cap left brown; orange cap left yellow; purple cap left yellow; orange cap left brown; purple cap right brown; purple cap right yellow; purple cap left brown,,,,
E1QE4B,schema,ambiguous,1,1,purple cap right yellow pink,purple cap right yellow pink,purple cap right brown; orange cap right brown; purple cap left brown; purple cap right yellow; orange cap left yellow; orange cap right yellow; oramge cap left brown; purple cap left yellow,purple cap left brown; orange cap left yellow; orange cap left brown; orange cap right brown; purple cap right yellow; purple cap left yellow; purple cap right brown; orange cap right yellow,orange cap right yellow; orange cap left brown; orange cap left yellow; purple cap left yellow; orange cap right brown; purple cap right brown; purple cap right yellow; purple cap left brown,orange cap right yellow; orange cap left brown; orange cap left yellow; purple cap left yellow; orange cap left brown; purple cap right brown; purple cap right yellow; purple cap left brown,,,,
E1QE4B,schema,ambiguous,1,2,orange cap left brown yellow,orange cap left brown yellow,purple cap right brown; orange cap right brown; purple cap left brown; purple cap right yellow; orange cap left yellow; orange cap right yellow; oramge cap left brown; purple cap left yellow,purple cap left brown; orange cap left yellow; orange cap left brown; orange cap right brown; purple cap right yellow; purple cap left yellow; purple cap right brown; orange cap right yellow,orange cap right yellow; orange cap left brown; orange cap left yellow; purple cap left yellow; orange cap right brown; purple cap right brown; purple cap right yellow; purple cap left brown,orange cap right yellow; orange cap left brown; orange cap left yellow; purple cap left yellow; orange cap left brown; purple cap right brown; purple cap right yellow; purple cap left brown,,,,
E1QE4B,schema,ambiguous,1,3,orange cap left brown brown,orange cap left brown brown,purple cap right brown; orange cap right brown; purple cap left brown; purple cap right yellow; orange cap left yellow; orange cap right yellow; oramge cap left brown; purple cap left yellow,purple cap left brown; orange cap left yellow; orange cap left brown; orange cap right brown; purple cap right yellow; purple cap left yellow; purple cap right brown; orange cap right yellow,orange cap right yellow; orange cap left brown; orange cap left yellow; purple cap left yellow; orange cap right brown; purple cap right brown; purple cap right yellow; purple cap left brown,orange cap right yellow; orange cap left brown; orange cap left yellow; purple cap left yellow; orange cap left brown; purple cap right brown; purple cap right yellow; purple cap left brown,,,,
E1QE4B,schema,ambiguous,1,4,orange cap left brown blue,orange cap left brown blue,purple cap right brown; orange cap right brown; purple cap left brown; purple cap right yellow; orange cap left yellow; orange cap right yellow; oramge cap left brown; purple cap left yellow,purple cap left brown; orange cap left yellow; orange cap left brown; orange cap right brown; purple cap right yellow; purple cap left yellow; purple cap right brown; orange cap right yellow,orange cap right yellow; orange cap left brown; orange cap left yellow; purple cap left yellow; orange cap right brown; purple cap right brown; purple cap right yellow; purple cap left brown,orange cap right yellow; orange cap left brown; orange cap left yellow; purple cap left yellow; orange cap left brown; purple cap right brown; purple cap right yellow; purple cap left brown,,,,
E1QE4B,schema,ambiguous,1,5,orange cap left brown black,orange cap left brown black,purple cap right brown; orange cap right brown; purple cap left brown; purple cap right yellow; orange cap left yellow; orange cap right yellow; oramge cap left brown; purple cap left yellow,purple cap left brown; orange cap left yellow; orange cap left brown; orange cap right brown; purple cap right yellow; purple cap left yellow; purple cap right brown; orange cap right yellow,orange cap right yellow; orange cap left brown; orange cap left yellow; purple cap left yellow; orange cap right brown; purple cap right brown; purple cap right yellow; purple cap left brown,orange cap right yellow; orange cap left brown; orange cap left yellow; purple cap left yellow; orange cap left brown; purple cap right brown; purple cap right yellow; purple cap left brown,,,,
E1QE4B,schema,ambiguous,1,6,purple cap right yellow grey,purple cap right yellow grey,purple cap right brown; orange cap right brown; purple cap left brown; purple cap right yellow; orange cap left yellow; orange cap right yellow; oramge cap left brown; purple cap left yellow,purple cap left brown; orange cap left yellow; orange cap left brown; orange cap right brown; purple cap right yellow; purple cap left yellow; purple cap right brown; orange cap right yellow,orange cap right yellow; orange cap left brown; orange cap left yellow; purple cap left yellow; orange cap right brown; purple cap right brown; purple cap right yellow; purple cap left brown,orange cap right yellow; orange cap left brown; orange cap left yellow; purple cap left yellow; orange cap left brown; purple cap right brown; purple cap right yellow; purple cap left brown,,,,
E1QE4B,schema,ambiguous,1,7,purple cap right yellow grey,purple cap right yellow grey,purple cap right brown; orange cap right brown; purple cap left brown; purple cap right yellow; orange cap left yellow; orange cap right yellow; oramge cap left brown; purple cap left yellow,purple cap left brown; orange cap left yellow; orange cap left brown; orange cap right brown; purple cap right yellow; purple cap left yellow; purple cap right brown; orange cap right yellow,orange cap right yellow; orange cap left brown; orange cap left yellow; purple cap left yellow; orange cap right brown; purple cap right brown; purple cap right yellow; purple cap left brown,orange cap right yellow; orange cap left brown; orange cap left yellow; purple cap left yellow; orange cap left brown; purple cap right brown; purple cap right yellow; purple cap left brown,,,,
E6EPZX,schema_tangrams,incompatible,0,0,falling,falling,purpleblackbrown; orangeblackbrown; purpleredbrown; purpleblackyellow; orangeredyellow; orangeblackyellow; orangeredbrown; purpleredyellow,purpleredbrown; orangeredyellow; orangeredbrown; orangeblackbrown; purpleblackyellow; purpleredyellow; purpleblackbrown; orangeblackyellow,orangeblackyellow; orangeredbrown; orangeredyellow; purpleredyellow; orangeblackbrown; purpleblackbrown; rainbow; purpleredbrown,orangeblackyellow; orangeredbrown; orangeredyellow; purpleredyellow; orangeblackbrown; purpleblackbrown; rainbow; purpleredbrown,,,,
E6EPZX,schema_tangrams,incompatible,0,1,monster,monster,purpleblackbrown; orangeblackbrown; purpleredbrown; purpleblackyellow; orangeredyellow; orangeblackyellow; orangeredbrown; purpleredyellow,purpleredbrown; orangeredyellow; orangeredbrown; orangeblackbrown; purpleblackyellow; purpleredyellow; purpleblackbrown; orangeblackyellow,orangeblackyellow; orangeredbrown; orangeredyellow; purpleredyellow; orangeblackbrown; purpleblackbrown; rainbow; purpleredbrown,orangeblackyellow; orangeredbrown; orangeredyellow; purpleredyellow; orangeblackbrown; purpleblackbrown; rainbow; purpleredbrown,,,,
E6EPZX,schema_tangrams,incompatible,0,2,ladygaga,ladygaga,purpleblackbrown; orangeblackbrown; purpleredbrown; purpleblackyellow; orangeredyellow; orangeblackyellow; orangeredbrown; purpleredyellow,purpleredbrown; orangeredyellow; orangeredbrown; orangeblackbrown; purpleblackyellow; purpleredyellow; purpleblackbrown; orangeblackyellow,orangeblackyellow; orangeredbrown; orangeredyellow; purpleredyellow; orangeblackbrown; purpleblackbrown; rainbow; purpleredbrown,orangeblackyellow; orangeredbrown; orangeredyellow; purpleredyellow; orangeblackbrown; purpleblackbrown; rainbow; purpleredbrown,,,,
E6EPZX,schema_tangrams,incompatible,0,3,skating,skating,purpleblackbrown; orangeblackbrown; purpleredbrown; purpleblackyellow; orangeredyellow; orangeblackyellow; orangeredbrown; purpleredyellow,purpleredbrown; orangeredyellow; orangeredbrown; orangeblackbrown; purpleblackyellow; purpleredyellow; purpleblackbrown; orangeblackyellow,orangeblackyellow; orangeredbrown; orangeredyellow; purpleredyellow; orangeblackbrown; purpleblackbrown; rainbow; purpleredbrown,orangeblackyellow; orangeredbrown; orangeredyellow; purpleredyellow; orangeblackbrown; purpleblackbrown; rainbow; purpleredbrown,,,,
E6EPZX,schema_tangrams,incompatible,0,4,giving,giving,purpleblackbrown; orangeblackbrown; purpleredbrown; purpleblackyellow; orangeredyellow; orangeblackyellow; orangeredbrown; purpleredyellow,purpleredbrown; orangeredyellow; orangeredbrown; orangeblackbrown; purpleblackyellow; purpleredyellow; purpleblackbrown; orangeblackyellow,orangeblackyellow; orangeredbrown; orangeredyellow; purpleredyellow; orangeblackbrown; purpleblackbrown; rainbow; purpleredbrown,orangeblackyellow; orangeredbrown; orangeredyellow; purpleredyellow; orangeblackbrown; purpleblackbrown; rainbow; purpleredbrown,,,,
E6EPZX,schema_tangrams,incompatible,0,5,himpraying,prayingman,purpleblackbrown; orangeblackbrown; purpleredbrown; purpleblackyellow; orangeredyellow; orangeblackyellow; orangeredbrown; purpleredyellow,purpleredbrown; orangeredyellow; orangeredbrown; orangeblackbrown; purpleblackyellow; purpleredyellow; purpleblackbrown; orangeblackyellow,orangeblackyellow; orangeredbrown; orangeredyellow; purpleredyellow; orangeblackbrown; purpleblackbrown; rainbow; purpleredbrown,orangeblackyellow; orangeredbrown; orangeredyellow; purpleredyellow; orangeblackbrown; purpleblackbrown; rainbow; purpleredbrown,,,,
E6EPZX,schema_tangrams,incompatible,0,6,confused,confusing,purpleblackbrown; orangeblackbrown; purpleredbrown; purpleblackyellow; orangeredyellow; orangeblackyellow; orangeredbrown; purpleredyellow,purpleredbrown; orangeredyellow; orangeredbrown; orangeblackbrown; purpleblackyellow; purpleredyellow; purpleblackbrown; orangeblackyellow,orangeblackyellow; orangeredbrown; orangeredyellow; purpleredyellow; orangeblackbrown; purpleblackbrown; rainbow; purpleredbrown,orangeblackyellow; orangeredbrown; orangeredyellow; purpleredyellow; orangeblackbrown; purpleblackbrown; rainbow; purpleredbrown,,,,
E6EPZX,schema_tangrams,incompatible,0,7,prayingwoman,prayinggirl,purpleblackbrown; orangeblackbrown; purpleredbrown; purpleblackyellow; orangeredyellow; orangeblackyellow; orangeredbrown; purpleredyellow,purpleredbrown; orangeredyellow; orangeredbrown; orangeblackbrown; purpleblackyellow; purpleredyellow; purpleblackbrown; orangeblackyellow,orangeblackyellow; orangeredbrown; orangeredyellow; purpleredyellow; orangeblackbrown; purpleblackbrown; rainbow; purpleredbrown,orangeblackyellow; orangeredbrown; orangeredyellow; purpleredyellow; orangeblackbrown; purpleblackbrown; rainbow; purpleredbrown,,,,
E6EPZX,schema_tangrams,incompatible,1,0,falling,falling,purpleblackbrown; orangeblackbrown; purpleredbrown; purpleblackyellow; orangeredyellow; orangeblackyellow; orangeredbrown; purpleredyellow,purpleredbrown; orangeredyellow; orangeredbrown; orangeblackbrown; purpleblackyellow; purpleredyellow; purpleblackbrown; orangeblackyellow,orangeblackyellow; orangeredbrown; orangeredyellow; purpleredyellow; orangeblackbrown; purpleblackbrown; rainbow; purpleredbrown,orangeblackyellow; orangeredbrown; orangeredyellow; purpleredyellow; orangeblackbrown; purpleblackbrown; rainbow; purpleredbrown,,,,
E6EPZX,schema_tangrams,incompatible,1,1,monster,monster,purpleblackbrown; orangeblackbrown; purpleredbrown; purpleblackyellow; orangeredyellow; orangeblackyellow; orangeredbrown; purpleredyellow,purpleredbrown; orangeredyellow; orangeredbrown; orangeblackbrown; purpleblackyellow; purpleredyellow; purpleblackbrown; orangeblackyellow,orangeblackyellow; orangeredbrown; orangeredyellow; purpleredyellow; orangeblackbrown; purpleblackbrown; rainbow; purpleredbrown,orangeblackyellow; orangeredbrown; orangeredyellow; purpleredyellow; orangeblackbrown; purpleblackbrown; rainbow; purpleredbrown,,,,
E6EPZX,schema_tangrams,incompatible,1,2,ladygaga,ladygaga,purpleblackbrown; orangeblackbrown; purpleredbrown; purpleblackyellow; orangeredyellow; orangeblackyellow; orangeredbrown; purpleredyellow,purpleredbrown; orangeredyellow; orangeredbrown; orangeblackbrown; purpleblackyellow; purpleredyellow; purpleblackbrown; orangeblackyellow,orangeblackyellow; orangeredbrown; orangeredyellow; purpleredyellow; orangeblackbrown; purpleblackbrown; rainbow; purpleredbrown,orangeblackyellow; orangeredbrown; orangeredyellow; purpleredyellow; orangeblackbrown; purpleblackbrown; rainbow; purpleredbrown,,,,
E6EPZX,schema_tangrams,incompatible,1,3,skating,skating,purpleblackbrown; orangeblackbrown; purpleredbrown; purpleblackyellow; orangeredyellow; orangeblackyellow; orangeredbrown; purpleredyellow,purpleredbrown; orangeredyellow; orangeredbrown; orangeblackbrown; purpleblackyellow; purpleredyellow; purpleblackbrown; orangeblackyellow,orangeblackyellow; orangeredbrown; orangeredyellow; purpleredyellow; orangeblackbrown; purpleblackbrown; rainbow; purpleredbrown,orangeblackyellow; orangeredbrown; orangeredyellow; purpleredyellow; orangeblackbrown; purpleblackbrown; rainbow; purpleredbrown,,,,
E6EPZX,schema_tangrams,incompatible,1,4,giving,giving,purpleblackbrown; orangeblackbrown; purpleredbrown; purpleblackyellow; orangeredyellow; orangeblackyellow; orangeredbrown; purpleredyellow,purpleredbrown; orangeredyellow; orangeredbrown; orangeblackbrown; purpleblackyellow; purpleredyellow; purpleblackbrown; orangeblackyellow,orangeblackyellow; orangeredbrown; orangeredyellow; purpleredyellow; orangeblackbrown; purpleblackbrown; rainbow; purpleredbrown,orangeblackyellow; orangeredbrown; orangeredyellow; purpleredyellow; orangeblackbrown; purpleblackbrown; rainbow; purpleredbrown,,,,
E6EPZX,schema_tangrams,incompatible,1,5,prayingman,himpraying,purpleblackbrown; orangeblackbrown; purpleredbrown; purpleblackyellow; orangeredyellow; orangeblackyellow; orangeredbrown; purpleredyellow,purpleredbrown; orangeredyellow; orangeredbrown; orangeblackbrown; purpleblackyellow; purpleredyellow; purpleblackbrown; orangeblackyellow,orangeblackyellow; orangeredbrown; orangeredyellow; purpleredyellow; orangeblackbrown; purpleblackbrown; rainbow; purpleredbrown,orangeblackyellow; orangeredbrown; orangeredyellow; purpleredyellow; orangeblackbrown; purpleblackbrown; rainbow; purpleredbrown,,,,
E6EPZX,schema_tangrams,incompatible,1,6,confusing,confused,purpleblackbrown; orangeblackbrown; purpleredbrown; purpleblackyellow; orangeredyellow; orangeblackyellow; orangeredbrown; purpleredyellow,purpleredbrown; orangeredyellow; orangeredbrown; orangeblackbrown; purpleblackyellow; purpleredyellow; purpleblackbrown; orangeblackyellow,orangeblackyellow; orangeredbrown; orangeredyellow; purpleredyellow; orangeblackbrown; purpleblackbrown; rainbow; purpleredbrown,orangeblackyellow; orangeredbrown; orangeredyellow; purpleredyellow; orangeblackbrown; purpleblackbrown; rainbow; purpleredbrown,,,,
E6EPZX,schema_tangrams,incompatible,1,7,prayinggirl,prayingwoman,purpleblackbrown; orangeblackbrown; purpleredbrown; purpleblackyellow; orangeredyellow; orangeblackyellow; orangeredbrown; purpleredyellow,purpleredbrown; orangeredyellow; orangeredbrown; orangeblackbrown; purpleblackyellow; purpleredyellow; purpleblackbrown; orangeblackyellow,orangeblackyellow; orangeredbrown; orangeredyellow; purpleredyellow; orangeblackbrown; purpleblackbrown; rainbow; purpleredbrown,orangeblackyellow; orangeredbrown; orangeredyellow; purpleredyellow; orangeblackbrown; purpleblackbrown; rainbow; purpleredbrown,,,,
FNZD3K,schema_tangrams,incompatible,0,0,why,why,purple hat mister; orange hat dude; other purple hat dude; purple hat guy; other orange hat dude; orange hat guy; other orange hat dude; purple hat guy,purple hat normal; orange hat little guy; orange hat long legs; orange hat oh; purple hat glasses; purple hat yellow shoes; purple hat cup; orange hat glasses,can openner; ship wheel; mushroom; bird; block; cheese burger; rainbow; table,can opener; ship wheel; mushroom; bird; block; cheese burger; rainbow; table,,,,
FNZD3K,schema_tangrams,incompatible,0,1,zoom,zoom,purple hat mister; orange hat dude; other purple hat dude; purple hat guy; other orange hat dude; orange hat guy; other orange hat dude; purple hat guy,purple hat normal; orange hat little guy; orange hat long legs; orange hat oh; purple hat glasses; purple hat yellow shoes; purple hat cup; orange hat glasses,can openner; ship wheel; mushroom; bird; block; cheese burger; rainbow; table,can opener; ship wheel; mushroom; bird; block; cheese burger; rainbow; table,,,,
FNZD3K,schema_tangrams,incompatible,0,2,kneeling,kneeling,purple hat mister; orange hat dude; other purple hat dude; purple hat guy; other orange hat dude; orange hat guy; other orange hat dude; purple hat guy,purple hat normal; orange hat little guy; orange hat long legs; orange hat oh; purple hat glasses; purple hat yellow shoes; purple hat cup; orange hat glasses,can openner; ship wheel; mushroom; bird; block; cheese burger; rainbow; table,can opener; ship wheel; mushroom; bird; block; cheese burger; rainbow; table,,,,
FNZD3K,schema_tangrams,incompatible,0,3,skating,skating,purple hat mister; orange hat dude; other purple hat dude; purple hat guy; other orange hat dude; orange hat guy; other orange hat dude; purple hat guy,purple hat normal; orange hat little guy; orange hat long legs; orange hat oh; purple hat glasses; purple hat yellow shoes; purple hat cup; orange hat glasses,can openner; ship wheel; mushroom; bird; block; cheese burger; rainbow; table,can opener; ship wheel; mushroom; bird; block; cheese burger; rainbow; table,,,,
FNZD3K,schema_tangrams,incompatible,0,4,priest,priest,purple hat mister; orange hat dude; other purple hat dude; purple hat guy; other orange hat dude; orange hat guy; other orange hat dude; purple hat guy,purple hat normal; orange hat little guy; orange hat long legs; orange hat oh; purple hat glasses; purple hat yellow shoes; purple hat cup; orange hat glasses,can openner; ship wheel; mushroom; bird; block; cheese burger; rainbow; table,can opener; ship wheel; mushroom; bird; block; cheese burger; rainbow; table,,,,
FNZD3K,schema_tangrams,incompatible,0,5,hands in the air,pointing,purple hat mister; orange hat dude; other purple hat dude; purple hat guy; other orange hat dude; orange hat guy; other orange hat dude; purple hat guy,purple hat normal; orange hat little guy; orange hat long legs; orange hat oh; purple hat glasses; purple hat yellow shoes; purple hat cup; orange hat glasses,can openner; ship wheel; mushroom; bird; block; cheese burger; rainbow; table,can opener; ship wheel; mushroom; bird; block; cheese burger; rainbow; table,,,,
FNZD3K,schema_tangrams,incompatible,0,6,pointing,dancing,purple hat mister; orange hat dude; other purple hat dude; purple hat guy; other orange hat dude; orange hat guy; other orange hat dude; purple hat guy,purple hat normal; orange hat little guy; orange hat long legs; orange hat oh; purple hat glasses; purple hat yellow shoes; purple hat cup; orange hat glasses,can openner; ship wheel; mushroom; bird; block; cheese burger; rainbow; table,can opener; ship wheel; mushroom; bird; block; cheese burger; rainbow; table,,,,
FNZD3K,schema_tangrams,incompatible,0,7,pointing,pointing,purple hat mister; orange hat dude; other purple hat dude; purple hat guy; other orange hat dude; orange hat guy; other orange hat dude; purple hat guy,purple hat normal; orange hat little guy; orange hat long legs; orange hat oh; purple hat glasses; purple hat yellow shoes; purple hat cup; orange hat glasses,can openner; ship wheel; mushroom; bird; block; cheese burger; rainbow; table,can opener; ship wheel; mushroom; bird; block; cheese burger; rainbow; table,,,,
FNZD3K,schema_tangrams,incompatible,1,0,why,why,purple hat dude mister; orange hat dude mister; purple hat dude guy; purple hat dude; other orange hat dude; orange hat dude; other orange hat guy; other purple hat dude,purple hat normal; orange hat; orange hat glasses; orange hat oh; purple hat glasses; purple hat long legs; purple hat cup; orange hat glasses,can opener; ship wheel; mushroom; bird; block; cheese burger; rainbow; table,can openner; ship wheel; mushroom; bird; block; cheese burger; rainbow; table,,,,
FNZD3K,schema_tangrams,incompatible,1,1,zoom,zoom,purple hat dude mister; orange hat dude mister; purple hat dude guy; purple hat dude; other orange hat dude; orange hat dude; other orange hat guy; other purple hat dude,purple hat normal; orange hat; orange hat glasses; orange hat oh; purple hat glasses; purple hat long legs; purple hat cup; orange hat glasses,can opener; ship wheel; mushroom; bird; block; cheese burger; rainbow; table,can openner; ship wheel; mushroom; bird; block; cheese burger; rainbow; table,,,,
FNZD3K,schema_tangrams,incompatible,1,2,kneeling,kneeling,purple hat dude mister; orange hat dude mister; purple hat dude guy; purple hat dude; other orange hat dude; orange hat dude; other orange hat guy; other purple hat dude,purple hat normal; orange hat; orange hat glasses; orange hat oh; purple hat glasses; purple hat long legs; purple hat cup; orange hat glasses,can opener; ship wheel; mushroom; bird; block; cheese burger; rainbow; table,can openner; ship wheel; mushroom; bird; block; cheese burger; rainbow; table,,,,
FNZD3K,schema_tangrams,incompatible,1,3,skating,skating,purple hat dude mister; orange hat dude mister; purple hat dude guy; purple hat dude; other orange hat dude; orange hat dude; other orange hat guy; other purple hat dude,purple hat normal; orange hat; orange hat glasses; orange hat oh; purple hat glasses; purple hat long legs; purple hat cup; orange hat glasses,can opener; ship wheel; mushroom; bird; block; cheese burger; rainbow; table,can openner; ship wheel; mushroom; bird; block; cheese burger; rainbow; table,,,,
FNZD3K,schema_tangrams,incompatible,1,4,priest,priest,purple hat dude mister; orange hat dude mister; purple hat dude guy; purple hat dude; other orange hat dude; orange hat dude; other orange hat guy; other purple hat dude,purple hat normal; orange hat; orange hat glasses; orange hat oh; purple hat glasses; purple hat long legs; purple hat cup; orange hat glasses,can opener; ship wheel; mushroom; bird; block; cheese burger; rainbow; table,can openner; ship wheel; mushroom; bird; block; cheese burger; rainbow; table,,,,
FNZD3K,schema_tangrams,incompatible,1,5,pointing,hands in the air,purple hat dude mister; orange hat dude mister; purple hat dude guy; purple hat dude; other orange hat dude; orange hat dude; other orange hat guy; other purple hat dude,purple hat normal; orange hat; orange hat glasses; orange hat oh; purple hat glasses; purple hat long legs; purple hat cup; orange hat glasses,can opener; ship wheel; mushroom; bird; block; cheese burger; rainbow; table,can openner; ship wheel; mushroom; bird; block; cheese burger; rainbow; table,,,,
FNZD3K,schema_tangrams,incompatible,1,6,dancing,pointing,purple hat dude mister; orange hat dude mister; purple hat dude guy; purple hat dude; other orange hat dude; orange hat dude; other orange hat guy; other purple hat dude,purple hat normal; orange hat; orange hat glasses; orange hat oh; purple hat glasses; purple hat long legs; purple hat cup; orange hat glasses,can opener; ship wheel; mushroom; bird; block; cheese burger; rainbow; table,can openner; ship wheel; mushroom; bird; block; cheese burger; rainbow; table,,,,
FNZD3K,schema_tangrams,incompatible,1,7,pointing,pointing,purple hat dude mister; orange hat dude mister; purple hat dude guy; purple hat dude; other orange hat dude; orange hat dude; other orange hat guy; other purple hat dude,purple hat normal; orange hat; orange hat glasses; orange hat oh; purple hat glasses; purple hat long legs; purple hat cup; orange hat glasses,can opener; ship wheel; mushroom; bird; block; cheese burger; rainbow; table,can openner; ship wheel; mushroom; bird; block; cheese burger; rainbow; table,,,,
FSR0XH,schema,ambiguous,0,0,purple pink yellow,purple purple yellow,purple right brown; orange right brown; purple left brown; purple right yellow; orange left yellow; orange right yellow; orange left brown; purple left yellow,purple left brown; orange left yellow; orange left brown; orange right brown; purple right yellow; purple left yellow; purple right brown; orange right yellow,orange right yellow; orange left brown; orange left yellow; purple left yellow; orange right brown; purple right brown; purple right yellow; purple left brown,orange right yellow; orange left brown; orange left yellow; purple left yellow; orange right brown; purple right brown; purple right yellow; purple left brown,,,,
FSR0XH,schema,ambiguous,0,1,purple yellow yellow,purple yellow yellow,purple right brown; orange right brown; purple left brown; purple right yellow; orange left yellow; orange right yellow; orange left brown; purple left yellow,purple left brown; orange left yellow; orange left brown; orange right brown; purple right yellow; purple left yellow; purple right brown; orange right yellow,orange right yellow; orange left brown; orange left yellow; purple left yellow; orange right brown; purple right brown; purple right yellow; purple left brown,orange right yellow; orange left brown; orange left yellow; purple left yellow; orange right brown; purple right brown; purple right yellow; purple left brown,,,,
FSR0XH,schema,ambiguous,0,2,orange yellow brown,orange yellow brown,purple right brown; orange right brown; purple left brown; purple right yellow; orange left yellow; orange right yellow; orange left brown; purple left yellow,purple left brown; orange left yellow; orange left brown; orange right brown; purple right yellow; purple left yellow; purple right brown; orange right yellow,orange right yellow; orange left brown; orange left yellow; purple left yellow; orange right brown; purple right brown; purple right yellow; purple left brown,orange right yellow; orange left brown; orange left yellow; purple left yellow; orange right brown; purple right brown; purple right yellow; purple left brown,,,,
FSR0XH,schema,ambiguous,0,3,orange,orange brown brown,purple right brown; orange right brown; purple left brown; purple right yellow; orange left yellow; orange right yellow; orange left brown; purple left yellow,purple left brown; orange left yellow; orange left brown; orange right brown; purple right yellow; purple left yellow; purple right brown; orange right yellow,orange right yellow; orange left brown; orange left yellow; purple left yellow; orange right brown; purple right brown; purple right yellow; purple left brown,orange right yellow; orange left brown; orange left yellow; purple left yellow; orange right brown; purple right brown; purple right yellow; purple left brown,,,,
FSR0XH,schema,ambiguous,0,4,orange blue brown,orange blue brown,purple right brown; orange right brown; purple left brown; purple right yellow; orange left yellow; orange right yellow; orange left brown; purple left yellow,purple left brown; orange left yellow; orange left brown; orange right brown; purple right yellow; purple left yellow; purple right brown; orange right yellow,orange right yellow; orange left brown; orange left yellow; purple left yellow; orange right brown; purple right brown; purple right yellow; purple left brown,orange right yellow; orange left brown; orange left yellow; purple left yellow; orange right brown; purple right brown; purple right yellow; purple left brown,,,,
FSR0XH,schema,ambiguous,0,5,orange black brown,orange black brown,purple right brown; orange right brown; purple left brown; purple right yellow; orange left yellow; orange right yellow; orange left brown; purple left yellow,purple left brown; orange left yellow; orange left brown; orange right brown; purple right yellow; purple left yellow; purple right brown; orange right yellow,orange right yellow; orange left brown; orange left yellow; purple left yellow; orange right brown; purple right brown; purple right yellow; purple left brown,orange right yellow; orange left brown; orange left yellow; purple left yellow; orange right brown; purple right brown; purple right yellow; purple left brown,,,,
FSR0XH,schema,ambiguous,0,6,purple white yellow,purple white yellow,purple right brown; orange right brown; purple left brown; purple right yellow; orange left yellow; orange right yellow; orange left brown; purple left yellow,purple left brown; orange left yellow; orange left brown; orange right brown; purple right yellow; purple left yellow; purple right brown; orange right yellow,orange right yellow; orange left brown; orange left yellow; purple left yellow; orange right brown; purple right brown; purple right yellow; purple left brown,orange right yellow; orange left brown; orange left yellow; purple left yellow; orange right brown; purple right brown; purple right yellow; purple left brown,,,,
FSR0XH,schema,ambiguous,0,7,purple brown brown yellow,purple brown brown yellow,purple right brown; orange right brown; purple left brown; purple right yellow; orange left yellow; orange right yellow; orange left brown; purple left yellow,purple left brown; orange left yellow; orange left brown; orange right brown; purple right yellow; purple left yellow; purple right brown; orange right yellow,orange right yellow; orange left brown; orange left yellow; purple left yellow; orange right brown; purple right brown; purple right yellow; purple left brown,orange right yellow; orange left brown; orange left yellow; purple left yellow; orange right brown; purple right brown; purple right yellow; purple left brown,,,,
FSR0XH,schema,ambiguous,1,0,purple purple yellow,purple pink yellow,purple right brown; orange right brown; purple right brown; purple right yellow; orange left yellow; orange right yellow; orange left brown; purple right yellow,purple left brown; orange left yellow; orange left brown; orange right brown; purple right yellow; purple left yellow; purple right brown; orange right yellow,orange right yellow; orange left brown; orange left yellow; purple left yellow; orange right brown; purple right brown; purple right yellow; purple left brown,orange right yellow; orange left brown; orange left yellow; purple left yellow; orange right brown; purple right brown; purple right yellow; purple left brown,,,,
FSR0XH,schema,ambiguous,1,1,purple yellow yellow,purple yellow yellow,purple right brown; orange right brown; purple right brown; purple right yellow; orange left yellow; orange right yellow; orange left brown; purple right yellow,purple left brown; orange left yellow; orange left brown; orange right brown; purple right yellow; purple left yellow; purple right brown; orange right yellow,orange right yellow; orange left brown; orange left yellow; purple left yellow; orange right brown; purple right brown; purple right yellow; purple left brown,orange right yellow; orange left brown; orange left yellow; purple left yellow; orange right brown; purple right brown; purple right yellow; purple left brown,,,,
FSR0XH,schema,ambiguous,1,2,orange yellow brown,orange yellow brown,purple right brown; orange right brown; purple right brown; purple right yellow; orange left yellow; orange right yellow; orange left brown; purple right yellow,purple left brown; orange left yellow; orange left brown; orange right brown; purple right yellow; purple left yellow; purple right brown; orange right yellow,orange right yellow; orange left brown; orange left yellow; purple left yellow; orange right brown; purple right brown; purple right yellow; purple left brown,orange right yellow; orange left brown; orange left yellow; purple left yellow; orange right brown; purple right brown; purple right yellow; purple left brown,,,,
FSR0XH,schema,ambiguous,1,3,orange brown brown,orange,purple right brown; orange right brown; purple right brown; purple right yellow; orange left yellow; orange right yellow; orange left brown; purple right yellow,purple left brown; orange left yellow; orange left brown; orange right brown; purple right yellow; purple left yellow; purple right brown; orange right yellow,orange right yellow; orange left brown; orange left yellow; purple left yellow; orange right brown; purple right brown; purple right yellow; purple left brown,orange right yellow; orange left brown; orange left yellow; purple left yellow; orange right brown; purple right brown; purple right yellow; purple left brown,,,,
FSR0XH,schema,ambiguous,1,4,orange blue brown,orange blue brown,purple right brown; orange right brown; purple right brown; purple right yellow; orange left yellow; orange right yellow; orange left brown; purple right yellow,purple left brown; orange left yellow; orange left brown; orange right brown; purple right yellow; purple left yellow; purple right brown; orange right yellow,orange right yellow; orange left brown; orange left yellow; purple left yellow; orange right brown; purple right brown; purple right yellow; purple left brown,orange right yellow; orange left brown; orange left yellow; purple left yellow; orange right brown; purple right brown; purple right yellow; purple left brown,,,,
FSR0XH,schema,ambiguous,1,5,orange black brown,orange black brown,purple right brown; orange right brown; purple right brown; purple right yellow; orange left yellow; orange right yellow; orange left brown; purple right yellow,purple left brown; orange left yellow; orange left brown; orange right brown; purple right yellow; purple left yellow; purple right brown; orange right yellow,orange right yellow; orange left brown; orange left yellow; purple left yellow; orange right brown; purple right brown; purple right yellow; purple left brown,orange right yellow; orange left brown; orange left yellow; purple left yellow; orange right brown; purple right brown; purple right yellow; purple left brown,,,,
FSR0XH,schema,ambiguous,1,6,purple white yellow,purple white yellow,purple right brown; orange right brown; purple right brown; purple right yellow; orange left yellow; orange right yellow; orange left brown; purple right yellow,purple left brown; orange left yellow; orange left brown; orange right brown; purple right yellow; purple left yellow; purple right brown; orange right yellow,orange right yellow; orange left brown; orange left yellow; purple left yellow; orange right brown; purple right brown; purple right yellow; purple left brown,orange right yellow; orange left brown; orange left yellow; purple left yellow; orange right brown; purple right brown; purple right yellow; purple left brown,,,,
FSR0XH,schema,ambiguous,1,7,purple brown brown yellow,purple brown brown yellow,purple right brown; orange right brown; purple right brown; purple right yellow; orange left yellow; orange right yellow; orange left brown; purple right yellow,purple left brown; orange left yellow; orange left brown; orange right brown; purple right yellow; purple left yellow; purple right brown; orange right yellow,orange right yellow; orange left brown; orange left yellow; purple left yellow; orange right brown; purple right brown; purple right yellow; purple left brown,orange right yellow; orange left brown; orange left yellow; purple left yellow; orange right brown; purple right brown; purple right yellow; purple left brown,,,,
FTGT9R,schema_tangrams,incompatible,0,0,raver,raver,purple right brown; orange right brown; purple left brown; purple right yellow; orange  left yellow; orange right yellow; orange left brown; purple left yellow,purple left brown; orange left yellow; orange left brown; orange right brown; purple right yellow; purple left yellow; purple right brown; orange right yellow,orange right yellow; orange left brown; orange  left yellow; purple left yellow; orange right brown; purple right brown; purple right yellow; purple left brown,orange right yellow; orange left brown; orange left yellow; purple left yellow; orange right brown; purple right brown; purple right yellow; purple left brown,,,,
FTGT9R,schema_tangrams,incompatible,0,1,kick up,kick up,purple right brown; orange right brown; purple left brown; purple right yellow; orange  left yellow; orange right yellow; orange left brown; purple left yellow,purple left brown; orange left yellow; orange left brown; orange right brown; purple right yellow; purple left yellow; purple right brown; orange right yellow,orange right yellow; orange left brown; orange  left yellow; purple left yellow; orange right brown; purple right brown; purple right yellow; purple left brown,orange right yellow; orange left brown; orange left yellow; purple left yellow; orange right brown; purple right brown; purple right yellow; purple left brown,,,,
FTGT9R,schema_tangrams,incompatible,0,2,angel,angel,purple right brown; orange right brown; purple left brown; purple right yellow; orange  left yellow; orange right yellow; orange left brown; purple left yellow,purple left brown; orange left yellow; orange left brown; orange right brown; purple right yellow; purple left yellow; purple right brown; orange right yellow,orange right yellow; orange left brown; orange  left yellow; purple left yellow; orange right brown; purple right brown; purple right yellow; purple left brown,orange right yellow; orange left brown; orange left yellow; purple left yellow; orange right brown; purple right brown; purple right yellow; purple left brown,,,,
FTGT9R,schema_tangrams,incompatible,0,3,ice skater,ice skater,purple right brown; orange right brown; purple left brown; purple right yellow; orange  left yellow; orange right yellow; orange left brown; purple left yellow,purple left brown; orange left yellow; orange left brown; orange right brown; purple right yellow; purple left yellow; purple right brown; orange right yellow,orange right yellow; orange left brown; orange  left yellow; purple left yellow; orange right brown; purple right brown; purple right yellow; purple left brown,orange right yellow; orange left brown; orange left yellow; purple left yellow; orange right brown; purple right brown; purple right yellow; purple left brown,,,,
FTGT9R,schema_tangrams,incompatible,0,4,bishop,bishop,purple right brown; orange right brown; purple left brown; purple right yellow; orange  left yellow; orange right yellow; orange left brown; purple left yellow,purple left brown; orange left yellow; orange left brown; orange right brown; purple right yellow; purple left yellow; purple right brown; orange right yellow,orange right yellow; orange left brown; orange  left yellow; purple left yellow; orange right brown; purple right brown; purple right yellow; purple left brown,orange right yellow; orange left brown; orange left yellow; purple left yellow; orange right brown; purple right brown; purple right yellow; purple left brown,,,,
FTGT9R,schema_tangrams,incompatible,0,5,man praying,man praying,purple right brown; orange right brown; purple left brown; purple right yellow; orange  left yellow; orange right yellow; orange left brown; purple left yellow,purple left brown; orange left yellow; orange left brown; orange right brown; purple right yellow; purple left yellow; purple right brown; orange right yellow,orange right yellow; orange left brown; orange  left yellow; purple left yellow; orange right brown; purple right brown; purple right yellow; purple left brown,orange right yellow; orange left brown; orange left yellow; purple left yellow; orange right brown; purple right brown; purple right yellow; purple left brown,,,,
FTGT9R,schema_tangrams,incompatible,0,6,random,random,purple right brown; orange right brown; purple left brown; purple right yellow; orange  left yellow; orange right yellow; orange left brown; purple left yellow,purple left brown; orange left yellow; orange left brown; orange right brown; purple right yellow; purple left yellow; purple right brown; orange right yellow,orange right yellow; orange left brown; orange  left yellow; purple left yellow; orange right brown; purple right brown; purple right yellow; purple left brown,orange right yellow; orange left brown; orange left yellow; purple left yellow; orange right brown; purple right brown; purple right yellow; purple left brown,,,,
FTGT9R,schema_tangrams,incompatible,0,7,woman praying,woman praying,purple right brown; orange right brown; purple left brown; purple right yellow; orange  left yellow; orange right yellow; orange left brown; purple left yellow,purple left brown; orange left yellow; orange left brown; orange right brown; purple right yellow; purple left yellow; purple right brown; orange right yellow,orange right yellow; orange left brown; orange  left yellow; purple left yellow; orange right brown; purple right brown; purple right yellow; purple left brown,orange right yellow; orange left brown; orange left yellow; purple left yellow; orange right brown; purple right brown; purple right yellow; purple left brown,,,,
FTGT9R,schema_tangrams,incompatible,1,0,raver,raver,purple right brown; orange right brown; purple left brown; purple right yellow; orange left yellow; orange right yellow; orange left brown; purple left yellow,purple left brown; orange left yellow; orange left brown; orange right brown; purple right yellow; purple left yellow; purple right brown; orange right yellow,orange right yellow; orange left brown; orange left yellow; purple left yellow; orange right brown; purple right brown; purple right yellow; purple left brown,orange right yellow; orange left brown; orange  left yellow; purple left yellow; orange right brown; purple right brown; purple right yellow; purple left brown,,,,
FTGT9R,schema_tangrams,incompatible,1,1,kick up,kick up,purple right brown; orange right brown; purple left brown; purple right yellow; orange left yellow; orange right yellow; orange left brown; purple left yellow,purple left brown; orange left yellow; orange left brown; orange right brown; purple right yellow; purple left yellow; purple right brown; orange right yellow,orange right yellow; orange left brown; orange left yellow; purple left yellow; orange right brown; purple right brown; purple right yellow; purple left brown,orange right yellow; orange left brown; orange  left yellow; purple left yellow; orange right brown; purple right brown; purple right yellow; purple left brown,,,,
FTGT9R,schema_tangrams,incompatible,1,2,angel,angel,purple right brown; orange right brown; purple left brown; purple right yellow; orange left yellow; orange right yellow; orange left brown; purple left yellow,purple left brown; orange left yellow; orange left brown; orange right brown; purple right yellow; purple left yellow; purple right brown; orange right yellow,orange right yellow; orange left brown; orange left yellow; purple left yellow; orange right brown; purple right brown; purple right yellow; purple left brown,orange right yellow; orange left brown; orange  left yellow; purple left yellow; orange right brown; purple right brown; purple right yellow; purple left brown,,,,
FTGT9R,schema_tangrams,incompatible,1,3,ice skater,ice skater,purple right brown; orange right brown; purple left brown; purple right yellow; orange left yellow; orange right yellow; orange left brown; purple left yellow,purple left brown; orange left yellow; orange left brown; orange right brown; purple right yellow; purple left yellow; purple right brown; orange right yellow,orange right yellow; orange left brown; orange left yellow; purple left yellow; orange right brown; purple right brown; purple right yellow; purple left brown,orange right yellow; orange left brown; orange  left yellow; purple left yellow; orange right brown; purple right brown; purple right yellow; purple left brown,,,,
FTGT9R,schema_tangrams,incompatible,1,4,bishop,bishop,purple right brown; orange right brown; purple left brown; purple right yellow; orange left yellow; orange right yellow; orange left brown; purple left yellow,purple left brown; orange left yellow; orange left brown; orange right brown; purple right yellow; purple left yellow; purple right brown; orange right yellow,orange right yellow; orange left brown; orange left yellow; purple left yellow; orange right brown; purple right brown; purple right yellow; purple left brown,orange right yellow; orange left brown; orange  left yellow; purple left yellow; orange right brown; purple right brown; purple right yellow; purple left brown,,,,
FTGT9R,schema_tangrams,incompatible,1,5,man praying,man praying,purple right brown; orange right brown; purple left brown; purple right yellow; orange left yellow; orange right yellow; orange left brown; purple left yellow,purple left brown; orange left yellow; orange left brown; orange right brown; purple right yellow; purple left yellow; purple right brown; orange right yellow,orange right yellow; orange left brown; orange left yellow; purple left yellow; orange right brown; purple right brown; purple right yellow; purple left brown,orange right yellow; orange left brown; orange  left yellow; purple left yellow; orange right brown; purple right brown; purple right yellow; purple left brown,,,,
FTGT9R,schema_tangrams,incompatible,1,6,random,random,purple right brown; orange right brown; purple left brown; purple right yellow; orange left yellow; orange right yellow; orange left brown; purple left yellow,purple left brown; orange left yellow; orange left brown; orange right brown; purple right yellow; purple left yellow; purple right brown; orange right yellow,orange right yellow; orange left brown; orange left yellow; purple left yellow; orange right brown; purple right brown; purple right yellow; purple left brown,orange right yellow; orange left brown; orange  left yellow; purple left yellow; orange right brown; purple right brown; purple right yellow; purple left brown,,,,
FTGT9R,schema_tangrams,incompatible,1,7,woman praying,woman praying,purple right brown; orange right brown; purple left brown; purple right yellow; orange left yellow; orange right yellow; orange left brown; purple left yellow,purple left brown; orange left yellow; orange left brown; orange right brown; purple right yellow; purple left yellow; purple right brown; orange right yellow,orange right yellow; orange left brown; orange left yellow; purple left yellow; orange right brown; purple right brown; purple right yellow; purple left brown,orange right yellow; orange left brown; orange  left yellow; purple left yellow; orange right brown; purple right brown; purple right yellow; purple left brown,,,,
GM9Y3M,schema,ambiguous,0,0,bpsyr,bpsyr,bpsb; bosb; rpsb; bpsy; rosy; bosy; rosb; rpsy,rpsb; rosy; rosb; bosb; bpsy; rpsy; bpsb; bosy,bosy; rosb; rosy; rpsy; bosb; bpsb; bpsy; rpsb,bosy; rosb; rosy; rpsy; bosb; bpsb; bpsy; rpsb,,,,
GM9Y3M,schema,ambiguous,0,1,bpsyp,bpsyp,bpsb; bosb; rpsb; bpsy; rosy; bosy; rosb; rpsy,rpsb; rosy; rosb; bosb; bpsy; rpsy; bpsb; bosy,bosy; rosb; rosy; rpsy; bosb; bpsb; bpsy; rpsb,bosy; rosb; rosy; rpsy; bosb; bpsb; bpsy; rpsb,,,,
GM9Y3M,schema,ambiguous,0,2,rosby,rosby,bpsb; bosb; rpsb; bpsy; rosy; bosy; rosb; rpsy,rpsb; rosy; rosb; bosb; bpsy; rpsy; bpsb; bosy,bosy; rosb; rosy; rpsy; bosb; bpsb; bpsy; rpsb,bosy; rosb; rosy; rpsy; bosb; bpsb; bpsy; rpsb,,,,
GM9Y3M,schema,ambiguous,0,3,rosbb,rosbb,bpsb; bosb; rpsb; bpsy; rosy; bosy; rosb; rpsy,rpsb; rosy; rosb; bosb; bpsy; rpsy; bpsb; bosy,bosy; rosb; rosy; rpsy; bosb; bpsb; bpsy; rpsb,bosy; rosb; rosy; rpsy; bosb; bpsb; bpsy; rpsb,,,,
GM9Y3M,schema,ambiguous,0,4,rosbb,rosbb,bpsb; bosb; rpsb; bpsy; rosy; bosy; rosb; rpsy,rpsb; rosy; rosb; bosb; bpsy; rpsy; bpsb; bosy,bosy; rosb; rosy; rpsy; bosb; bpsb; bpsy; rpsb,bosy; rosb; rosy; rpsy; bosb; bpsb; bpsy; rpsb,,,,
GM9Y3M,schema,ambiguous,0,5,rosbb,rosbb,bpsb; bosb; rpsb; bpsy; rosy; bosy; rosb; rpsy,rpsb; rosy; rosb; bosb; bpsy; rpsy; bpsb; bosy,bosy; rosb; rosy; rpsy; bosb; bpsb; bpsy; rpsb,bosy; rosb; rosy; rpsy; bosb; bpsb; bpsy; rpsb,,,,
GM9Y3M,schema,ambiguous,0,6,bpsyw,bpsyw,bpsb; bosb; rpsb; bpsy; rosy; bosy; rosb; rpsy,rpsb; rosy; rosb; bosb; bpsy; rpsy; bpsb; bosy,bosy; rosb; rosy; rpsy; bosb; bpsb; bpsy; rpsb,bosy; rosb; rosy; rpsy; bosb; bpsb; bpsy; rpsb,,,,
GM9Y3M,schema,ambiguous,0,7,bpsyw,bpsyw,bpsb; bosb; rpsb; bpsy; rosy; bosy; rosb; rpsy,rpsb; rosy; rosb; bosb; bpsy; rpsy; bpsb; bosy,bosy; rosb; rosy; rpsy; bosb; bpsb; bpsy; rpsb,bosy; rosb; rosy; rpsy; bosb; bpsb; bpsy; rpsb,,,,
GM9Y3M,schema,ambiguous,1,0,bpsyr,bpsyr,bpsb; bosb; rpsb; bpsy; rosy; bosy; rosb; rpsy,rpsb; rosy; rosb; bosb; bpsy; rpsy; bpsb; bosy,bosy; rosb; rosy; rpsy; bosb; bpsb; bpsy; rpsb,bosy; rosb; rosy; rpsy; bosb; bpsb; bpsy; rpsb,,,,
GM9Y3M,schema,ambiguous,1,1,bpsyp,bpsyp,bpsb; bosb; rpsb; bpsy; rosy; bosy; rosb; rpsy,rpsb; rosy; rosb; bosb; bpsy; rpsy; bpsb; bosy,bosy; rosb; rosy; rpsy; bosb; bpsb; bpsy; rpsb,bosy; rosb; rosy; rpsy; bosb; bpsb; bpsy; rpsb,,,,
GM9Y3M,schema,ambiguous,1,2,rosby,rosby,bpsb; bosb; rpsb; bpsy; rosy; bosy; rosb; rpsy,rpsb; rosy; rosb; bosb; bpsy; rpsy; bpsb; bosy,bosy; rosb; rosy; rpsy; bosb; bpsb; bpsy; rpsb,bosy; rosb; rosy; rpsy; bosb; bpsb; bpsy; rpsb,,,,
GM9Y3M,schema,ambiguous,1,3,rosbb,rosbb,bpsb; bosb; rpsb; bpsy; rosy; bosy; rosb; rpsy,rpsb; rosy; rosb; bosb; bpsy; rpsy; bpsb; bosy,bosy; rosb; rosy; rpsy; bosb; bpsb; bpsy; rpsb,bosy; rosb; rosy; rpsy; bosb; bpsb; bpsy; rpsb,,,,
GM9Y3M,schema,ambiguous,1,4,rosbb,rosbb,bpsb; bosb; rpsb; bpsy; rosy; bosy; rosb; rpsy,rpsb; rosy; rosb; bosb; bpsy; rpsy; bpsb; bosy,bosy; rosb; rosy; rpsy; bosb; bpsb; bpsy; rpsb,bosy; rosb; rosy; rpsy; bosb; bpsb; bpsy; rpsb,,,,
GM9Y3M,schema,ambiguous,1,5,rosbb,rosbb,bpsb; bosb; rpsb; bpsy; rosy; bosy; rosb; rpsy,rpsb; rosy; rosb; bosb; bpsy; rpsy; bpsb; bosy,bosy; rosb; rosy; rpsy; bosb; bpsb; bpsy; rpsb,bosy; rosb; rosy; rpsy; bosb; bpsb; bpsy; rpsb,,,,
GM9Y3M,schema,ambiguous,1,6,bpsyw,bpsyw,bpsb; bosb; rpsb; bpsy; rosy; bosy; rosb; rpsy,rpsb; rosy; rosb; bosb; bpsy; rpsy; bpsb; bosy,bosy; rosb; rosy; rpsy; bosb; bpsb; bpsy; rpsb,bosy; rosb; rosy; rpsy; bosb; bpsb; bpsy; rpsb,,,,
GM9Y3M,schema,ambiguous,1,7,bpsyw,bpsyw,bpsb; bosb; rpsb; bpsy; rosy; bosy; rosb; rpsy,rpsb; rosy; rosb; bosb; bpsy; rpsy; bpsb; bosy,bosy; rosb; rosy; rpsy; bosb; bpsb; bpsy; rpsb,bosy; rosb; rosy; rpsy; bosb; bpsb; bpsy; rpsb,,,,
GWNNPQ,schema,ambiguous,0,0,pbyp,pbyp,vbb; obb; prb; pby; ory; oby; orb; pry,prb; ory; orb; obb; pby; pry; pbb; oby,oby; orb; ory; pry; obb; pbb; pby; prb,oby; orb; ory; pry; obb; pbb; pby; prb,,,,
GWNNPQ,schema,ambiguous,0,1,pby,pby,vbb; obb; prb; pby; ory; oby; orb; pry,prb; ory; orb; obb; pby; pry; pbb; oby,oby; orb; ory; pry; obb; pbb; pby; prb,oby; orb; ory; pry; obb; pbb; pby; prb,,,,
GWNNPQ,schema,ambiguous,0,2,orbt,orbt,vbb; obb; prb; pby; ory; oby; orb; pry,prb; ory; orb; obb; pby; pry; pbb; oby,oby; orb; ory; pry; obb; pbb; pby; prb,oby; orb; ory; pry; obb; pbb; pby; prb,,,,
GWNNPQ,schema,ambiguous,0,3,orb,orbt,vbb; obb; prb; pby; ory; oby; orb; pry,prb; ory; orb; obb; pby; pry; pbb; oby,oby; orb; ory; pry; obb; pbb; pby; prb,oby; orb; ory; pry; obb; pbb; pby; prb,,,,
GWNNPQ,schema,ambiguous,0,4,orb,orb,vbb; obb; prb; pby; ory; oby; orb; pry,prb; ory; orb; obb; pby; pry; pbb; oby,oby; orb; ory; pry; obb; pbb; pby; prb,oby; orb; ory; pry; obb; pbb; pby; prb,,,,
GWNNPQ,schema,ambiguous,0,5,orb,orbb,vbb; obb; prb; pby; ory; oby; orb; pry,prb; ory; orb; obb; pby; pry; pbb; oby,oby; orb; ory; pry; obb; pbb; pby; prb,oby; orb; ory; pry; obb; pbb; pby; prb,,,,
GWNNPQ,schema,ambiguous,0,6,pby,pby,vbb; obb; prb; pby; ory; oby; orb; pry,prb; ory; orb; obb; pby; pry; pbb; oby,oby; orb; ory; pry; obb; pbb; pby; prb,oby; orb; ory; pry; obb; pbb; pby; prb,,,,
GWNNPQ,schema,ambiguous,0,7,pbyt,pbyt,vbb; obb; prb; pby; ory; oby; orb; pry,prb; ory; orb; obb; pby; pry; pbb; oby,oby; orb; ory; pry; obb; pbb; pby; prb,oby; orb; ory; pry; obb; pbb; pby; prb,,,,
GWNNPQ,schema,ambiguous,1,0,pbyp,pbyp,pbb; obb; prb; vby; ory; oby; orb; vry,prb; ory; orb; obb; pby; pry; pbb; oby,oby; orb; ory; pry; obb; pbb; pby; prb,oby; orb; ory; pry; obb; pbb; pby; prb,,,,
GWNNPQ,schema,ambiguous,1,1,pby,pby,pbb; obb; prb; vby; ory; oby; orb; vry,prb; ory; orb; obb; pby; pry; pbb; oby,oby; orb; ory; pry; obb; pbb; pby; prb,oby; orb; ory; pry; obb; pbb; pby; prb,,,,
GWNNPQ,schema,ambiguous,1,2,orbt,orbt,pbb; obb; prb; vby; ory; oby; orb; vry,prb; ory; orb; obb; pby; pry; pbb; oby,oby; orb; ory; pry; obb; pbb; pby; prb,oby; orb; ory; pry; obb; pbb; pby; prb,,,,
GWNNPQ,schema,ambiguous,1,3,orbt,orb,pbb; obb; prb; vby; ory; oby; orb; vry,prb; ory; orb; obb; pby; pry; pbb; oby,oby; orb; ory; pry; obb; pbb; pby; prb,oby; orb; ory; pry; obb; pbb; pby; prb,,,,
GWNNPQ,schema,ambiguous,1,4,orb,orb,pbb; obb; prb; vby; ory; oby; orb; vry,prb; ory; orb; obb; pby; pry; pbb; oby,oby; orb; ory; pry; obb; pbb; pby; prb,oby; orb; ory; pry; obb; pbb; pby; prb,,,,
GWNNPQ,schema,ambiguous,1,5,orbb,orb,pbb; obb; prb; vby; ory; oby; orb; vry,prb; ory; orb; obb; pby; pry; pbb; oby,oby; orb; ory; pry; obb; pbb; pby; prb,oby; orb; ory; pry; obb; pbb; pby; prb,,,,
GWNNPQ,schema,ambiguous,1,6,pby,pby,pbb; obb; prb; vby; ory; oby; orb; vry,prb; ory; orb; obb; pby; pry; pbb; oby,oby; orb; ory; pry; obb; pbb; pby; prb,oby; orb; ory; pry; obb; pbb; pby; prb,,,,
GWNNPQ,schema,ambiguous,1,7,pbyt,pbyt,pbb; obb; prb; vby; ory; oby; orb; vry,prb; ory; orb; obb; pby; pry; pbb; oby,oby; orb; ory; pry; obb; pbb; pby; prb,oby; orb; ory; pry; obb; pbb; pby; prb,,,,
HDK8KE,schema_tangrams,incompatible,0,0,celebrating,celebrating,purple hat brown shoes; orange hat brown shoes; purple hat red hands; purple hat; orange hat red hands; orange hat black hands; orange hat red hands; purple hat red hands,purple hat brown shoes; orange hat yellow shoes; orange hat brown shoes; orange hat brown shoes; purple hat yellow shoes; purple hat yellow shoes; purple hat brown shoes; orange hat yellow shoes,orange hat yellow shoes; orange hat red hands; orange hat yellow shoes; purple hat red hands; orange hat brown shoes; purple hat brown shoes; purple hat yellow shoes; purple hat brown shoes,orange hat yellow shoes; orange hat red hands; orange hat yellow shoes; purple hat yellow shoes; orange hat brown shoes; purple hat brown shoes; purple hat yellow shoes; purple hat brown shoes,,,,
HDK8KE,schema_tangrams,incompatible,0,1,kicking,kicking,purple hat brown shoes; orange hat brown shoes; purple hat red hands; purple hat; orange hat red hands; orange hat black hands; orange hat red hands; purple hat red hands,purple hat brown shoes; orange hat yellow shoes; orange hat brown shoes; orange hat brown shoes; purple hat yellow shoes; purple hat yellow shoes; purple hat brown shoes; orange hat yellow shoes,orange hat yellow shoes; orange hat red hands; orange hat yellow shoes; purple hat red hands; orange hat brown shoes; purple hat brown shoes; purple hat yellow shoes; purple hat brown shoes,orange hat yellow shoes; orange hat red hands; orange hat yellow shoes; purple hat yellow shoes; orange hat brown shoes; purple hat brown shoes; purple hat yellow shoes; purple hat brown shoes,,,,
HDK8KE,schema_tangrams,incompatible,0,2,yoga,kneeling,purple hat brown shoes; orange hat brown shoes; purple hat red hands; purple hat; orange hat red hands; orange hat black hands; orange hat red hands; purple hat red hands,purple hat brown shoes; orange hat yellow shoes; orange hat brown shoes; orange hat brown shoes; purple hat yellow shoes; purple hat yellow shoes; purple hat brown shoes; orange hat yellow shoes,orange hat yellow shoes; orange hat red hands; orange hat yellow shoes; purple hat red hands; orange hat brown shoes; purple hat brown shoes; purple hat yellow shoes; purple hat brown shoes,orange hat yellow shoes; orange hat red hands; orange hat yellow shoes; purple hat yellow shoes; orange hat brown shoes; purple hat brown shoes; purple hat yellow shoes; purple hat brown shoes,,,,
HDK8KE,schema_tangrams,incompatible,0,3,gymnastics,yoga,purple hat brown shoes; orange hat brown shoes; purple hat red hands; purple hat; orange hat red hands; orange hat black hands; orange hat red hands; purple hat red hands,purple hat brown shoes; orange hat yellow shoes; orange hat brown shoes; orange hat brown shoes; purple hat yellow shoes; purple hat yellow shoes; purple hat brown shoes; orange hat yellow shoes,orange hat yellow shoes; orange hat red hands; orange hat yellow shoes; purple hat red hands; orange hat brown shoes; purple hat brown shoes; purple hat yellow shoes; purple hat brown shoes,orange hat yellow shoes; orange hat red hands; orange hat yellow shoes; purple hat yellow shoes; orange hat brown shoes; purple hat brown shoes; purple hat yellow shoes; purple hat brown shoes,,,,
HDK8KE,schema_tangrams,incompatible,0,4,standing,praying,purple hat brown shoes; orange hat brown shoes; purple hat red hands; purple hat; orange hat red hands; orange hat black hands; orange hat red hands; purple hat red hands,purple hat brown shoes; orange hat yellow shoes; orange hat brown shoes; orange hat brown shoes; purple hat yellow shoes; purple hat yellow shoes; purple hat brown shoes; orange hat yellow shoes,orange hat yellow shoes; orange hat red hands; orange hat yellow shoes; purple hat red hands; orange hat brown shoes; purple hat brown shoes; purple hat yellow shoes; purple hat brown shoes,orange hat yellow shoes; orange hat red hands; orange hat yellow shoes; purple hat yellow shoes; orange hat brown shoes; purple hat brown shoes; purple hat yellow shoes; purple hat brown shoes,,,,
HDK8KE,schema_tangrams,incompatible,0,5,praying,praying,purple hat brown shoes; orange hat brown shoes; purple hat red hands; purple hat; orange hat red hands; orange hat black hands; orange hat red hands; purple hat red hands,purple hat brown shoes; orange hat yellow shoes; orange hat brown shoes; orange hat brown shoes; purple hat yellow shoes; purple hat yellow shoes; purple hat brown shoes; orange hat yellow shoes,orange hat yellow shoes; orange hat red hands; orange hat yellow shoes; purple hat red hands; orange hat brown shoes; purple hat brown shoes; purple hat yellow shoes; purple hat brown shoes,orange hat yellow shoes; orange hat red hands; orange hat yellow shoes; purple hat yellow shoes; orange hat brown shoes; purple hat brown shoes; purple hat yellow shoes; purple hat brown shoes,,,,
HDK8KE,schema_tangrams,incompatible,0,6,yoga,yoga,purple hat brown shoes; orange hat brown shoes; purple hat red hands; purple hat; orange hat red hands; orange hat black hands; orange hat red hands; purple hat red hands,purple hat brown shoes; orange hat yellow shoes; orange hat brown shoes; orange hat brown shoes; purple hat yellow shoes; purple hat yellow shoes; purple hat brown shoes; orange hat yellow shoes,orange hat yellow shoes; orange hat red hands; orange hat yellow shoes; purple hat red hands; orange hat brown shoes; purple hat brown shoes; purple hat yellow shoes; purple hat brown shoes,orange hat yellow shoes; orange hat red hands; orange hat yellow shoes; purple hat yellow shoes; orange hat brown shoes; purple hat brown shoes; purple hat yellow shoes; purple hat brown shoes,,,,
HDK8KE,schema_tangrams,incompatible,0,7,praying,praying,purple hat brown shoes; orange hat brown shoes; purple hat red hands; purple hat; orange hat red hands; orange hat black hands; orange hat red hands; purple hat red hands,purple hat brown shoes; orange hat yellow shoes; orange hat brown shoes; orange hat brown shoes; purple hat yellow shoes; purple hat yellow shoes; purple hat brown shoes; orange hat yellow shoes,orange hat yellow shoes; orange hat red hands; orange hat yellow shoes; purple hat red hands; orange hat brown shoes; purple hat brown shoes; purple hat yellow shoes; purple hat brown shoes,orange hat yellow shoes; orange hat red hands; orange hat yellow shoes; purple hat yellow shoes; orange hat brown shoes; purple hat brown shoes; purple hat yellow shoes; purple hat brown shoes,,,,
HDK8KE,schema_tangrams,incompatible,1,0,celebrating,celebrating,purple hat brown shoes; orange hat brown shoes; purple hat red hands; purple hat yellow shoes; orange hat red hands; orange hat yellow shoes; orange hat red hands; purple hat red hands,purple hat brown shoes; orange hat yellow shoes; orange hat brown shoes; orange hat brown shoes; purple hat yellow shoes; purple hat yellow shoes; purple hat brown shoes; orange hat yellow shoes,orange hat yellow shoes; orange hat red hands; orange hat yellow shoes; purple hat yellow shoes; orange hat brown shoes; purple hat brown shoes; purple hat yellow shoes; purple hat brown shoes,orange hat yellow shoes; orange hat red hands; orange hat yellow shoes; purple hat red hands; orange hat brown shoes; purple hat brown shoes; purple hat yellow shoes; purple hat brown shoes,,,,
HDK8KE,schema_tangrams,incompatible,1,1,kicking,kicking,purple hat brown shoes; orange hat brown shoes; purple hat red hands; purple hat yellow shoes; orange hat red hands; orange hat yellow shoes; orange hat red hands; purple hat red hands,purple hat brown shoes; orange hat yellow shoes; orange hat brown shoes; orange hat brown shoes; purple hat yellow shoes; purple hat yellow shoes; purple hat brown shoes; orange hat yellow shoes,orange hat yellow shoes; orange hat red hands; orange hat yellow shoes; purple hat yellow shoes; orange hat brown shoes; purple hat brown shoes; purple hat yellow shoes; purple hat brown shoes,orange hat yellow shoes; orange hat red hands; orange hat yellow shoes; purple hat red hands; orange hat brown shoes; purple hat brown shoes; purple hat yellow shoes; purple hat brown shoes,,,,
HDK8KE,schema_tangrams,incompatible,1,2,kneeling,yoga,purple hat brown shoes; orange hat brown shoes; purple hat red hands; purple hat yellow shoes; orange hat red hands; orange hat yellow shoes; orange hat red hands; purple hat red hands,purple hat brown shoes; orange hat yellow shoes; orange hat brown shoes; orange hat brown shoes; purple hat yellow shoes; purple hat yellow shoes; purple hat brown shoes; orange hat yellow shoes,orange hat yellow shoes; orange hat red hands; orange hat yellow shoes; purple hat yellow shoes; orange hat brown shoes; purple hat brown shoes; purple hat yellow shoes; purple hat brown shoes,orange hat yellow shoes; orange hat red hands; orange hat yellow shoes; purple hat red hands; orange hat brown shoes; purple hat brown shoes; purple hat yellow shoes; purple hat brown shoes,,,,
HDK8KE,schema_tangrams,incompatible,1,3,yoga,gymnastics,purple hat brown shoes; orange hat brown shoes; purple hat red hands; purple hat yellow shoes; orange hat red hands; orange hat yellow shoes; orange hat red hands; purple hat red hands,purple hat brown shoes; orange hat yellow shoes; orange hat brown shoes; orange hat brown shoes; purple hat yellow shoes; purple hat yellow shoes; purple hat brown shoes; orange hat yellow shoes,orange hat yellow shoes; orange hat red hands; orange hat yellow shoes; purple hat yellow shoes; orange hat brown shoes; purple hat brown shoes; purple hat yellow shoes; purple hat brown shoes,orange hat yellow shoes; orange hat red hands; orange hat yellow shoes; purple hat red hands; orange hat brown shoes; purple hat brown shoes; purple hat yellow shoes; purple hat brown shoes,,,,
HDK8KE,schema_tangrams,incompatible,1,4,praying,standing,purple hat brown shoes; orange hat brown shoes; purple hat red hands; purple hat yellow shoes; orange hat red hands; orange hat yellow shoes; orange hat red hands; purple hat red hands,purple hat brown shoes; orange hat yellow shoes; orange hat brown shoes; orange hat brown shoes; purple hat yellow shoes; purple hat yellow shoes; purple hat brown shoes; orange hat yellow shoes,orange hat yellow shoes; orange hat red hands; orange hat yellow shoes; purple hat yellow shoes; orange hat brown shoes; purple hat brown shoes; purple hat yellow shoes; purple hat brown shoes,orange hat yellow shoes; orange hat red hands; orange hat yellow shoes; purple hat red hands; orange hat brown shoes; purple hat brown shoes; purple hat yellow shoes; purple hat brown shoes,,,,
HDK8KE,schema_tangrams,incompatible,1,5,praying,praying,purple hat brown shoes; orange hat brown shoes; purple hat red hands; purple hat yellow shoes; orange hat red hands; orange hat yellow shoes; orange hat red hands; purple hat red hands,purple hat brown shoes; orange hat yellow shoes; orange hat brown shoes; orange hat brown shoes; purple hat yellow shoes; purple hat yellow shoes; purple hat brown shoes; orange hat yellow shoes,orange hat yellow shoes; orange hat red hands; orange hat yellow shoes; purple hat yellow shoes; orange hat brown shoes; purple hat brown shoes; purple hat yellow shoes; purple hat brown shoes,orange hat yellow shoes; orange hat red hands; orange hat yellow shoes; purple hat red hands; orange hat brown shoes; purple hat brown shoes; purple hat yellow shoes; purple hat brown shoes,,,,
HDK8KE,schema_tangrams,incompatible,1,6,yoga,yoga,purple hat brown shoes; orange hat brown shoes; purple hat red hands; purple hat yellow shoes; orange hat red hands; orange hat yellow shoes; orange hat red hands; purple hat red hands,purple hat brown shoes; orange hat yellow shoes; orange hat brown shoes; orange hat brown shoes; purple hat yellow shoes; purple hat yellow shoes; purple hat brown shoes; orange hat yellow shoes,orange hat yellow shoes; orange hat red hands; orange hat yellow shoes; purple hat yellow shoes; orange hat brown shoes; purple hat brown shoes; purple hat yellow shoes; purple hat brown shoes,orange hat yellow shoes; orange hat red hands; orange hat yellow shoes; purple hat red hands; orange hat brown shoes; purple hat brown shoes; purple hat yellow shoes; purple hat brown shoes,,,,
HDK8KE,schema_tangrams,incompatible,1,7,praying,praying,purple hat brown shoes; orange hat brown shoes; purple hat red hands; purple hat yellow shoes; orange hat red hands; orange hat yellow shoes; orange hat red hands; purple hat red hands,purple hat brown shoes; orange hat yellow shoes; orange hat brown shoes; orange hat brown shoes; purple hat yellow shoes; purple hat yellow shoes; purple hat brown shoes; orange hat yellow shoes,orange hat yellow shoes; orange hat red hands; orange hat yellow shoes; purple hat yellow shoes; orange hat brown shoes; purple hat brown shoes; purple hat yellow shoes; purple hat brown shoes,orange hat yellow shoes; orange hat red hands; orange hat yellow shoes; purple hat red hands; orange hat brown shoes; purple hat brown shoes; purple hat yellow shoes; purple hat brown shoes,,,,
HJAME1,schema_tangrams,incompatible,0,0,fly,fly,eggplant; pumpkin; wine; cabbage; orange; carrot; pepper; grape,square; pancake; roll; whistle; owl; rectangle; icecream; duck,grey; wheel; bee; bird; sugar; burger; rainbow; pancake,grey; wheel; bee; bird; sugar; ; rainbow; ,,,,
HJAME1,schema_tangrams,incompatible,0,1,dancer,zigzag,eggplant; pumpkin; wine; cabbage; orange; carrot; pepper; grape,square; pancake; roll; whistle; owl; rectangle; icecream; duck,grey; wheel; bee; bird; sugar; burger; rainbow; pancake,grey; wheel; bee; bird; sugar; ; rainbow; ,,,,
HJAME1,schema_tangrams,incompatible,0,2,cross,bishop,eggplant; pumpkin; wine; cabbage; orange; carrot; pepper; grape,square; pancake; roll; whistle; owl; rectangle; icecream; duck,grey; wheel; bee; bird; sugar; burger; rainbow; pancake,grey; wheel; bee; bird; sugar; ; rainbow; ,,,,
HJAME1,schema_tangrams,incompatible,0,3,ballet,ballet,eggplant; pumpkin; wine; cabbage; orange; carrot; pepper; grape,square; pancake; roll; whistle; owl; rectangle; icecream; duck,grey; wheel; bee; bird; sugar; burger; rainbow; pancake,grey; wheel; bee; bird; sugar; ; rainbow; ,,,,
HJAME1,schema_tangrams,incompatible,0,4,bishop,bishop,eggplant; pumpkin; wine; cabbage; orange; carrot; pepper; grape,square; pancake; roll; whistle; owl; rectangle; icecream; duck,grey; wheel; bee; bird; sugar; burger; rainbow; pancake,grey; wheel; bee; bird; sugar; ; rainbow; ,,,,
HJAME1,schema_tangrams,incompatible,0,5,zigzag,zigzag,eggplant; pumpkin; wine; cabbage; orange; carrot; pepper; grape,square; pancake; roll; whistle; owl; rectangle; icecream; duck,grey; wheel; bee; bird; sugar; burger; rainbow; pancake,grey; wheel; bee; bird; sugar; ; rainbow; ,,,,
HJAME1,schema_tangrams,incompatible,0,6,bride,swan,eggplant; pumpkin; wine; cabbage; orange; carrot; pepper; grape,square; pancake; roll; whistle; owl; rectangle; icecream; duck,grey; wheel; bee; bird; sugar; burger; rainbow; pancake,grey; wheel; bee; bird; sugar; ; rainbow; ,,,,
HJAME1,schema_tangrams,incompatible,0,7,swan,swan,eggplant; pumpkin; wine; cabbage; orange; carrot; pepper; grape,square; pancake; roll; whistle; owl; rectangle; icecream; duck,grey; wheel; bee; bird; sugar; burger; rainbow; pancake,grey; wheel; bee; bird; sugar; ; rainbow; ,,,,
HJAME1,schema_tangrams,incompatible,1,0,fly,fly,pumpkin; orange; grape; satsuma; carrot; carrot; satsuma; satsuma,rectangle; pancake; owl; whistle; owl; duck; ice cream; duck,grey; wheel; bee; bird; sugar; ; rainbow; ,grey; wheel; bee; bird; sugar; burger; rainbow; pancake,,,,
HJAME1,schema_tangrams,incompatible,1,1,zigzag,dancer,pumpkin; orange; grape; satsuma; carrot; carrot; satsuma; satsuma,rectangle; pancake; owl; whistle; owl; duck; ice cream; duck,grey; wheel; bee; bird; sugar; ; rainbow; ,grey; wheel; bee; bird; sugar; burger; rainbow; pancake,,,,
HJAME1,schema_tangrams,incompatible,1,2,bishop,cross,pumpkin; orange; grape; satsuma; carrot; carrot; satsuma; satsuma,rectangle; pancake; owl; whistle; owl; duck; ice cream; duck,grey; wheel; bee; bird; sugar; ; rainbow; ,grey; wheel; bee; bird; sugar; burger; rainbow; pancake,,,,
HJAME1,schema_tangrams,incompatible,1,3,ballet,ballet,pumpkin; orange; grape; satsuma; carrot; carrot; satsuma; satsuma,rectangle; pancake; owl; whistle; owl; duck; ice cream; duck,grey; wheel; bee; bird; sugar; ; rainbow; ,grey; wheel; bee; bird; sugar; burger; rainbow; pancake,,,,
HJAME1,schema_tangrams,incompatible,1,4,bishop,bishop,pumpkin; orange; grape; satsuma; carrot; carrot; satsuma; satsuma,rectangle; pancake; owl; whistle; owl; duck; ice cream; duck,grey; wheel; bee; bird; sugar; ; rainbow; ,grey; wheel; bee; bird; sugar; burger; rainbow; pancake,,,,
HJAME1,schema_tangrams,incompatible,1,5,zigzag,zigzag,pumpkin; orange; grape; satsuma; carrot; carrot; satsuma; satsuma,rectangle; pancake; owl; whistle; owl; duck; ice cream; duck,grey; wheel; bee; bird; sugar; ; rainbow; ,grey; wheel; bee; bird; sugar; burger; rainbow; pancake,,,,
HJAME1,schema_tangrams,incompatible,1,6,swan,bride,pumpkin; orange; grape; satsuma; carrot; carrot; satsuma; satsuma,rectangle; pancake; owl; whistle; owl; duck; ice cream; duck,grey; wheel; bee; bird; sugar; ; rainbow; ,grey; wheel; bee; bird; sugar; burger; rainbow; pancake,,,,
HJAME1,schema_tangrams,incompatible,1,7,swan,swan,pumpkin; orange; grape; satsuma; carrot; carrot; satsuma; satsuma,rectangle; pancake; owl; whistle; owl; duck; ice cream; duck,grey; wheel; bee; bird; sugar; ; rainbow; ,grey; wheel; bee; bird; sugar; burger; rainbow; pancake,,,,
HKFCMX,schema_tangrams,incompatible,0,0,stand one,stand six,left purple brown; left pink brown; right purple brown; left purple yellow; right pink yellow; left pink yellow; right pink brown; right purple yellow,right purple brown; right pink yellow; right pink brown; left pink brown; left purple yellow; right purple yellow; left purple brown; left pink yellow,left pink yellow; right pink brown; right pink yellow; right purple yellow; left pink brown; left purple brown; left purple yellow; right pur,left pink yellow; right pink brown; right pink yellow; right purple yellow; left pink brown; left purple brown; left purple yellow; right purple brown,,,,
HKFCMX,schema_tangrams,incompatible,0,1,stand two,stand two,left purple brown; left pink brown; right purple brown; left purple yellow; right pink yellow; left pink yellow; right pink brown; right purple yellow,right purple brown; right pink yellow; right pink brown; left pink brown; left purple yellow; right purple yellow; left purple brown; left pink yellow,left pink yellow; right pink brown; right pink yellow; right purple yellow; left pink brown; left purple brown; left purple yellow; right pur,left pink yellow; right pink brown; right pink yellow; right purple yellow; left pink brown; left purple brown; left purple yellow; right purple brown,,,,
HKFCMX,schema_tangrams,incompatible,0,2,kneel three,kneel three,left purple brown; left pink brown; right purple brown; left purple yellow; right pink yellow; left pink yellow; right pink brown; right purple yellow,right purple brown; right pink yellow; right pink brown; left pink brown; left purple yellow; right purple yellow; left purple brown; left pink yellow,left pink yellow; right pink brown; right pink yellow; right purple yellow; left pink brown; left purple brown; left purple yellow; right pur,left pink yellow; right pink brown; right pink yellow; right purple yellow; left pink brown; left purple brown; left purple yellow; right purple brown,,,,
HKFCMX,schema_tangrams,incompatible,0,3,stand four,stand eight,left purple brown; left pink brown; right purple brown; left purple yellow; right pink yellow; left pink yellow; right pink brown; right purple yellow,right purple brown; right pink yellow; right pink brown; left pink brown; left purple yellow; right purple yellow; left purple brown; left pink yellow,left pink yellow; right pink brown; right pink yellow; right purple yellow; left pink brown; left purple brown; left purple yellow; right pur,left pink yellow; right pink brown; right pink yellow; right purple yellow; left pink brown; left purple brown; left purple yellow; right purple brown,,,,
HKFCMX,schema_tangrams,incompatible,0,4,stand five,stand one,left purple brown; left pink brown; right purple brown; left purple yellow; right pink yellow; left pink yellow; right pink brown; right purple yellow,right purple brown; right pink yellow; right pink brown; left pink brown; left purple yellow; right purple yellow; left purple brown; left pink yellow,left pink yellow; right pink brown; right pink yellow; right purple yellow; left pink brown; left purple brown; left purple yellow; right pur,left pink yellow; right pink brown; right pink yellow; right purple yellow; left pink brown; left purple brown; left purple yellow; right purple brown,,,,
HKFCMX,schema_tangrams,incompatible,0,5,kneel six,kneel four,left purple brown; left pink brown; right purple brown; left purple yellow; right pink yellow; left pink yellow; right pink brown; right purple yellow,right purple brown; right pink yellow; right pink brown; left pink brown; left purple yellow; right purple yellow; left purple brown; left pink yellow,left pink yellow; right pink brown; right pink yellow; right purple yellow; left pink brown; left purple brown; left purple yellow; right pur,left pink yellow; right pink brown; right pink yellow; right purple yellow; left pink brown; left purple brown; left purple yellow; right purple brown,,,,
HKFCMX,schema_tangrams,incompatible,0,6,stand seven,kneel five,left purple brown; left pink brown; right purple brown; left purple yellow; right pink yellow; left pink yellow; right pink brown; right purple yellow,right purple brown; right pink yellow; right pink brown; left pink brown; left purple yellow; right purple yellow; left purple brown; left pink yellow,left pink yellow; right pink brown; right pink yellow; right purple yellow; left pink brown; left purple brown; left purple yellow; right pur,left pink yellow; right pink brown; right pink yellow; right purple yellow; left pink brown; left purple brown; left purple yellow; right purple brown,,,,
HKFCMX,schema_tangrams,incompatible,0,7,kneel eight,kneel three,left purple brown; left pink brown; right purple brown; left purple yellow; right pink yellow; left pink yellow; right pink brown; right purple yellow,right purple brown; right pink yellow; right pink brown; left pink brown; left purple yellow; right purple yellow; left purple brown; left pink yellow,left pink yellow; right pink brown; right pink yellow; right purple yellow; left pink brown; left purple brown; left purple yellow; right pur,left pink yellow; right pink brown; right pink yellow; right purple yellow; left pink brown; left purple brown; left purple yellow; right purple brown,,,,
HKFCMX,schema_tangrams,incompatible,1,0,stand six,stand one,left purple brown; left pink brown; right purple brown; left purple yellow; right pink yellow; left pink yellow; right pink brown; right purple yellow,right purple brown; right pink yellow; right pink brown; left pink brown; left purple yellow; right purple yellow; left purple brown; left pink yellow,left pink yellow; right pink brown; right pink yellow; right purple yellow; left pink brown; left purple brown; left purple yellow; right purple brown,left pink yellow; right pink brown; right pink yellow; right purple yellow; left pink brown; left purple brown; left purple yellow; right pur,,,,
HKFCMX,schema_tangrams,incompatible,1,1,stand two,stand two,left purple brown; left pink brown; right purple brown; left purple yellow; right pink yellow; left pink yellow; right pink brown; right purple yellow,right purple brown; right pink yellow; right pink brown; left pink brown; left purple yellow; right purple yellow; left purple brown; left pink yellow,left pink yellow; right pink brown; right pink yellow; right purple yellow; left pink brown; left purple brown; left purple yellow; right purple brown,left pink yellow; right pink brown; right pink yellow; right purple yellow; left pink brown; left purple brown; left purple yellow; right pur,,,,
HKFCMX,schema_tangrams,incompatible,1,2,kneel three,kneel three,left purple brown; left pink brown; right purple brown; left purple yellow; right pink yellow; left pink yellow; right pink brown; right purple yellow,right purple brown; right pink yellow; right pink brown; left pink brown; left purple yellow; right purple yellow; left purple brown; left pink yellow,left pink yellow; right pink brown; right pink yellow; right purple yellow; left pink brown; left purple brown; left purple yellow; right purple brown,left pink yellow; right pink brown; right pink yellow; right purple yellow; left pink brown; left purple brown; left purple yellow; right pur,,,,
HKFCMX,schema_tangrams,incompatible,1,3,stand eight,stand four,left purple brown; left pink brown; right purple brown; left purple yellow; right pink yellow; left pink yellow; right pink brown; right purple yellow,right purple brown; right pink yellow; right pink brown; left pink brown; left purple yellow; right purple yellow; left purple brown; left pink yellow,left pink yellow; right pink brown; right pink yellow; right purple yellow; left pink brown; left purple brown; left purple yellow; right purple brown,left pink yellow; right pink brown; right pink yellow; right purple yellow; left pink brown; left purple brown; left purple yellow; right pur,,,,
HKFCMX,schema_tangrams,incompatible,1,4,stand one,stand five,left purple brown; left pink brown; right purple brown; left purple yellow; right pink yellow; left pink yellow; right pink brown; right purple yellow,right purple brown; right pink yellow; right pink brown; left pink brown; left purple yellow; right purple yellow; left purple brown; left pink yellow,left pink yellow; right pink brown; right pink yellow; right purple yellow; left pink brown; left purple brown; left purple yellow; right purple brown,left pink yellow; right pink brown; right pink yellow; right purple yellow; left pink brown; left purple brown; left purple yellow; right pur,,,,
HKFCMX,schema_tangrams,incompatible,1,5,kneel four,kneel six,left purple brown; left pink brown; right purple brown; left purple yellow; right pink yellow; left pink yellow; right pink brown; right purple yellow,right purple brown; right pink yellow; right pink brown; left pink brown; left purple yellow; right purple yellow; left purple brown; left pink yellow,left pink yellow; right pink brown; right pink yellow; right purple yellow; left pink brown; left purple brown; left purple yellow; right purple brown,left pink yellow; right pink brown; right pink yellow; right purple yellow; left pink brown; left purple brown; left purple yellow; right pur,,,,
HKFCMX,schema_tangrams,incompatible,1,6,kneel five,stand seven,left purple brown; left pink brown; right purple brown; left purple yellow; right pink yellow; left pink yellow; right pink brown; right purple yellow,right purple brown; right pink yellow; right pink brown; left pink brown; left purple yellow; right purple yellow; left purple brown; left pink yellow,left pink yellow; right pink brown; right pink yellow; right purple yellow; left pink brown; left purple brown; left purple yellow; right purple brown,left pink yellow; right pink brown; right pink yellow; right purple yellow; left pink brown; left purple brown; left purple yellow; right pur,,,,
HKFCMX,schema_tangrams,incompatible,1,7,kneel three,kneel eight,left purple brown; left pink brown; right purple brown; left purple yellow; right pink yellow; left pink yellow; right pink brown; right purple yellow,right purple brown; right pink yellow; right pink brown; left pink brown; left purple yellow; right purple yellow; left purple brown; left pink yellow,left pink yellow; right pink brown; right pink yellow; right purple yellow; left pink brown; left purple brown; left purple yellow; right purple brown,left pink yellow; right pink brown; right pink yellow; right purple yellow; left pink brown; left purple brown; left purple yellow; right pur,,,,
HMN4B3,schema_tangrams,incompatible,0,0,pray,pray,pbb; obb; prb; pby; ory; oby; orb; pry,prb; ory; orb; obb; pby; pry; pbb; oby,oby; orb; ory; pry; obb; pbb; pby; prb,oby; orb; ory; pry; obb; pbb; pby; prb,,,,
HMN4B3,schema_tangrams,incompatible,0,1,fu,fb,pbb; obb; prb; pby; ory; oby; orb; pry,prb; ory; orb; obb; pby; pry; pbb; oby,oby; orb; ory; pry; obb; pbb; pby; prb,oby; orb; ory; pry; obb; pbb; pby; prb,,,,
HMN4B3,schema_tangrams,incompatible,0,2,frb,frb,pbb; obb; prb; pby; ory; oby; orb; pry,prb; ory; orb; obb; pby; pry; pbb; oby,oby; orb; ory; pry; obb; pbb; pby; prb,oby; orb; ory; pry; obb; pbb; pby; prb,,,,
HMN4B3,schema_tangrams,incompatible,0,3,skate,skate,pbb; obb; prb; pby; ory; oby; orb; pry,prb; ory; orb; obb; pby; pry; pbb; oby,oby; orb; ory; pry; obb; pbb; pby; prb,oby; orb; ory; pry; obb; pbb; pby; prb,,,,
HMN4B3,schema_tangrams,incompatible,0,4,fl,fl,pbb; obb; prb; pby; ory; oby; orb; pry,prb; ory; orb; obb; pby; pry; pbb; oby,oby; orb; ory; pry; obb; pbb; pby; prb,oby; orb; ory; pry; obb; pbb; pby; prb,,,,
HMN4B3,schema_tangrams,incompatible,0,5,frs,frs,pbb; obb; prb; pby; ory; oby; orb; pry,prb; ory; orb; obb; pby; pry; pbb; oby,oby; orb; ory; pry; obb; pbb; pby; prb,oby; orb; ory; pry; obb; pbb; pby; prb,,,,
HMN4B3,schema_tangrams,incompatible,0,6,fu,fu,pbb; obb; prb; pby; ory; oby; orb; pry,prb; ory; orb; obb; pby; pry; pbb; oby,oby; orb; ory; pry; obb; pbb; pby; prb,oby; orb; ory; pry; obb; pbb; pby; prb,,,,
HMN4B3,schema_tangrams,incompatible,0,7,frb,fr,pbb; obb; prb; pby; ory; oby; orb; pry,prb; ory; orb; obb; pby; pry; pbb; oby,oby; orb; ory; pry; obb; pbb; pby; prb,oby; orb; ory; pry; obb; pbb; pby; prb,,,,
HMN4B3,schema_tangrams,incompatible,1,0,pray,pray,pbb; obb; prb; pby; ory; oby; orb; pry,prb; ory; orb; obb; pby; pry; pbb; oby,oby; orb; ory; pry; obb; pbb; pby; prb,oby; orb; ory; pry; obb; pbb; pby; prb,,,,
HMN4B3,schema_tangrams,incompatible,1,1,fb,fu,pbb; obb; prb; pby; ory; oby; orb; pry,prb; ory; orb; obb; pby; pry; pbb; oby,oby; orb; ory; pry; obb; pbb; pby; prb,oby; orb; ory; pry; obb; pbb; pby; prb,,,,
HMN4B3,schema_tangrams,incompatible,1,2,frb,frb,pbb; obb; prb; pby; ory; oby; orb; pry,prb; ory; orb; obb; pby; pry; pbb; oby,oby; orb; ory; pry; obb; pbb; pby; prb,oby; orb; ory; pry; obb; pbb; pby; prb,,,,
HMN4B3,schema_tangrams,incompatible,1,3,skate,skate,pbb; obb; prb; pby; ory; oby; orb; pry,prb; ory; orb; obb; pby; pry; pbb; oby,oby; orb; ory; pry; obb; pbb; pby; prb,oby; orb; ory; pry; obb; pbb; pby; prb,,,,
HMN4B3,schema_tangrams,incompatible,1,4,fl,fl,pbb; obb; prb; pby; ory; oby; orb; pry,prb; ory; orb; obb; pby; pry; pbb; oby,oby; orb; ory; pry; obb; pbb; pby; prb,oby; orb; ory; pry; obb; pbb; pby; prb,,,,
HMN4B3,schema_tangrams,incompatible,1,5,frs,frs,pbb; obb; prb; pby; ory; oby; orb; pry,prb; ory; orb; obb; pby; pry; pbb; oby,oby; orb; ory; pry; obb; pbb; pby; prb,oby; orb; ory; pry; obb; pbb; pby; prb,,,,
HMN4B3,schema_tangrams,incompatible,1,6,fu,fu,pbb; obb; prb; pby; ory; oby; orb; pry,prb; ory; orb; obb; pby; pry; pbb; oby,oby; orb; ory; pry; obb; pbb; pby; prb,oby; orb; ory; pry; obb; pbb; pby; prb,,,,
HMN4B3,schema_tangrams,incompatible,1,7,fr,frb,pbb; obb; prb; pby; ory; oby; orb; pry,prb; ory; orb; obb; pby; pry; pbb; oby,oby; orb; ory; pry; obb; pbb; pby; prb,oby; orb; ory; pry; obb; pbb; pby; prb,,,,
HWSWDK,schema_tangrams,incompatible,0,0,falling,falling,right down; down right; down left; right left; right right; right left; right down; down down,mouth; short wide; short wide; narrow; tall; short wide; tall; child,building; wheel; kid; bird; square; mouth; rainbow; pig,building; wheel; kid; bird; square; mouth; rainbow; pig,,,,
HWSWDK,schema_tangrams,incompatible,0,1,zombie,zombie,right down; down right; down left; right left; right right; right left; right down; down down,mouth; short wide; short wide; narrow; tall; short wide; tall; child,building; wheel; kid; bird; square; mouth; rainbow; pig,building; wheel; kid; bird; square; mouth; rainbow; pig,,,,
HWSWDK,schema_tangrams,incompatible,0,2,tai chi,sitting,right down; down right; down left; right left; right right; right left; right down; down down,mouth; short wide; short wide; narrow; tall; short wide; tall; child,building; wheel; kid; bird; square; mouth; rainbow; pig,building; wheel; kid; bird; square; mouth; rainbow; pig,,,,
HWSWDK,schema_tangrams,incompatible,0,3,ballerina,ballerina,right down; down right; down left; right left; right right; right left; right down; down down,mouth; short wide; short wide; narrow; tall; short wide; tall; child,building; wheel; kid; bird; square; mouth; rainbow; pig,building; wheel; kid; bird; square; mouth; rainbow; pig,,,,
HWSWDK,schema_tangrams,incompatible,0,4,priest,priest,right down; down right; down left; right left; right right; right left; right down; down down,mouth; short wide; short wide; narrow; tall; short wide; tall; child,building; wheel; kid; bird; square; mouth; rainbow; pig,building; wheel; kid; bird; square; mouth; rainbow; pig,,,,
HWSWDK,schema_tangrams,incompatible,0,5,sitting,kneeling,right down; down right; down left; right left; right right; right left; right down; down down,mouth; short wide; short wide; narrow; tall; short wide; tall; child,building; wheel; kid; bird; square; mouth; rainbow; pig,building; wheel; kid; bird; square; mouth; rainbow; pig,,,,
HWSWDK,schema_tangrams,incompatible,0,6,samurai,samurai,right down; down right; down left; right left; right right; right left; right down; down down,mouth; short wide; short wide; narrow; tall; short wide; tall; child,building; wheel; kid; bird; square; mouth; rainbow; pig,building; wheel; kid; bird; square; mouth; rainbow; pig,,,,
HWSWDK,schema_tangrams,incompatible,0,7,kneeling,sitting,right down; down right; down left; right left; right right; right left; right down; down down,mouth; short wide; short wide; narrow; tall; short wide; tall; child,building; wheel; kid; bird; square; mouth; rainbow; pig,building; wheel; kid; bird; square; mouth; rainbow; pig,,,,
HWSWDK,schema_tangrams,incompatible,1,0,falling,falling,right down; down left; down right; right left; left left; left right; left down; down down,mouth; short; orange wide; tall; big; purple wide; tall; child,building; wheel; kid; bird; square; mouth; rainbow; pig,building; wheel; kid; bird; square; mouth; rainbow; pig,,,,
HWSWDK,schema_tangrams,incompatible,1,1,zombie,zombie,right down; down left; down right; right left; left left; left right; left down; down down,mouth; short; orange wide; tall; big; purple wide; tall; child,building; wheel; kid; bird; square; mouth; rainbow; pig,building; wheel; kid; bird; square; mouth; rainbow; pig,,,,
HWSWDK,schema_tangrams,incompatible,1,2,sitting,tai chi,right down; down left; down right; right left; left left; left right; left down; down down,mouth; short; orange wide; tall; big; purple wide; tall; child,building; wheel; kid; bird; square; mouth; rainbow; pig,building; wheel; kid; bird; square; mouth; rainbow; pig,,,,
HWSWDK,schema_tangrams,incompatible,1,3,ballerina,ballerina,right down; down left; down right; right left; left left; left right; left down; down down,mouth; short; orange wide; tall; big; purple wide; tall; child,building; wheel; kid; bird; square; mouth; rainbow; pig,building; wheel; kid; bird; square; mouth; rainbow; pig,,,,
HWSWDK,schema_tangrams,incompatible,1,4,priest,priest,right down; down left; down right; right left; left left; left right; left down; down down,mouth; short; orange wide; tall; big; purple wide; tall; child,building; wheel; kid; bird; square; mouth; rainbow; pig,building; wheel; kid; bird; square; mouth; rainbow; pig,,,,
HWSWDK,schema_tangrams,incompatible,1,5,kneeling,sitting,right down; down left; down right; right left; left left; left right; left down; down down,mouth; short; orange wide; tall; big; purple wide; tall; child,building; wheel; kid; bird; square; mouth; rainbow; pig,building; wheel; kid; bird; square; mouth; rainbow; pig,,,,
HWSWDK,schema_tangrams,incompatible,1,6,samurai,samurai,right down; down left; down right; right left; left left; left right; left down; down down,mouth; short; orange wide; tall; big; purple wide; tall; child,building; wheel; kid; bird; square; mouth; rainbow; pig,building; wheel; kid; bird; square; mouth; rainbow; pig,,,,
HWSWDK,schema_tangrams,incompatible,1,7,sitting,kneeling,right down; down left; down right; right left; left left; left right; left down; down down,mouth; short; orange wide; tall; big; purple wide; tall; child,building; wheel; kid; bird; square; mouth; rainbow; pig,building; wheel; kid; bird; square; mouth; rainbow; pig,,,,
JT5KTQ,schema_tangrams,incompatible,0,0,l1,l1r,grapeaidebb; orangeaidebb; grapeaidelrb; grapeaideby; orangeaidelry; orangeaideby; orangeaidelrb; grapeaidelry,grapeaidelrb; orangeaidelry; orangeaidelrb; orangeaidebb; grapeaideby; grapeaidelry; grapeaidebb; orangeaideby,orangeaideby; orangeaidelrb; orangeaidelry; grapeaidelry; orangeaidebb; grapeaidebb; grapeaideby; grapeaidelrb,orangeaideby; orangeaidelrb; orangeaidelry; grapeaidelry; orangeaidebb; grapeaidebb; grapeaideby; grapeaidelrb,,,,
JT5KTQ,schema_tangrams,incompatible,0,1,l2r,l2r,grapeaidebb; orangeaidebb; grapeaidelrb; grapeaideby; orangeaidelry; orangeaideby; orangeaidelrb; grapeaidelry,grapeaidelrb; orangeaidelry; orangeaidelrb; orangeaidebb; grapeaideby; grapeaidelry; grapeaidebb; orangeaideby,orangeaideby; orangeaidelrb; orangeaidelry; grapeaidelry; orangeaidebb; grapeaidebb; grapeaideby; grapeaidelrb,orangeaideby; orangeaidelrb; orangeaidelry; grapeaidelry; orangeaidebb; grapeaidebb; grapeaideby; grapeaidelrb,,,,
JT5KTQ,schema_tangrams,incompatible,0,2,r1r,l1s,grapeaidebb; orangeaidebb; grapeaidelrb; grapeaideby; orangeaidelry; orangeaideby; orangeaidelrb; grapeaidelry,grapeaidelrb; orangeaidelry; orangeaidelrb; orangeaidebb; grapeaideby; grapeaidelry; grapeaidebb; orangeaideby,orangeaideby; orangeaidelrb; orangeaidelry; grapeaidelry; orangeaidebb; grapeaidebb; grapeaideby; grapeaidelrb,orangeaideby; orangeaidelrb; orangeaidelry; grapeaidelry; orangeaidebb; grapeaidebb; grapeaideby; grapeaidelrb,,,,
JT5KTQ,schema_tangrams,incompatible,0,3,l2l,r2s,grapeaidebb; orangeaidebb; grapeaidelrb; grapeaideby; orangeaidelry; orangeaideby; orangeaidelrb; grapeaidelry,grapeaidelrb; orangeaidelry; orangeaidelrb; orangeaidebb; grapeaideby; grapeaidelry; grapeaidebb; orangeaideby,orangeaideby; orangeaidelrb; orangeaidelry; grapeaidelry; orangeaidebb; grapeaidebb; grapeaideby; grapeaidelrb,orangeaideby; orangeaidelrb; orangeaidelry; grapeaidelry; orangeaidebb; grapeaidebb; grapeaideby; grapeaidelrb,,,,
JT5KTQ,schema_tangrams,incompatible,0,4,l1s,l1s,grapeaidebb; orangeaidebb; grapeaidelrb; grapeaideby; orangeaidelry; orangeaideby; orangeaidelrb; grapeaidelry,grapeaidelrb; orangeaidelry; orangeaidelrb; orangeaidebb; grapeaideby; grapeaidelry; grapeaidebb; orangeaideby,orangeaideby; orangeaidelrb; orangeaidelry; grapeaidelry; orangeaidebb; grapeaidebb; grapeaideby; grapeaidelrb,orangeaideby; orangeaidelrb; orangeaidelry; grapeaidelry; orangeaidebb; grapeaidebb; grapeaideby; grapeaidelrb,,,,
JT5KTQ,schema_tangrams,incompatible,0,5,r1,r1s,grapeaidebb; orangeaidebb; grapeaidelrb; grapeaideby; orangeaidelry; orangeaideby; orangeaidelrb; grapeaidelry,grapeaidelrb; orangeaidelry; orangeaidelrb; orangeaidebb; grapeaideby; grapeaidelry; grapeaidebb; orangeaideby,orangeaideby; orangeaidelrb; orangeaidelry; grapeaidelry; orangeaidebb; grapeaidebb; grapeaideby; grapeaidelrb,orangeaideby; orangeaidelrb; orangeaidelry; grapeaidelry; orangeaidebb; grapeaidebb; grapeaideby; grapeaidelrb,,,,
JT5KTQ,schema_tangrams,incompatible,0,6,r2l,r2,grapeaidebb; orangeaidebb; grapeaidelrb; grapeaideby; orangeaidelry; orangeaideby; orangeaidelrb; grapeaidelry,grapeaidelrb; orangeaidelry; orangeaidelrb; orangeaidebb; grapeaideby; grapeaidelry; grapeaidebb; orangeaideby,orangeaideby; orangeaidelrb; orangeaidelry; grapeaidelry; orangeaidebb; grapeaidebb; grapeaideby; grapeaidelrb,orangeaideby; orangeaidelrb; orangeaidelry; grapeaidelry; orangeaidebb; grapeaidebb; grapeaideby; grapeaidelrb,,,,
JT5KTQ,schema_tangrams,incompatible,0,7,r1s,l1s,grapeaidebb; orangeaidebb; grapeaidelrb; grapeaideby; orangeaidelry; orangeaideby; orangeaidelrb; grapeaidelry,grapeaidelrb; orangeaidelry; orangeaidelrb; orangeaidebb; grapeaideby; grapeaidelry; grapeaidebb; orangeaideby,orangeaideby; orangeaidelrb; orangeaidelry; grapeaidelry; orangeaidebb; grapeaidebb; grapeaideby; grapeaidelrb,orangeaideby; orangeaidelrb; orangeaidelry; grapeaidelry; orangeaidebb; grapeaidebb; grapeaideby; grapeaidelrb,,,,
JT5KTQ,schema_tangrams,incompatible,1,0,l1r,l1,grapeaidebb; orangeaidebb; grapeaidelrb; grapeaideby; orangeaidelry; orangeaideby; orangeaidelrb; grapeaidelry,grapeaidelrb; orangeaidelry; orangeaidelrb; orangeaidebb; grapeaideby; grapeaidlry; grapeaidelbb; orangeaideby,orangeaideby; orangeaidelrb; orangeaidelry; grapeaidelry; orangeaidebb; grapeaidebb; grapeaideby; grapeaidelrb,orangeaideby; orangeaidelrb; orangeaidelry; grapeaidelry; orangeaidebb; grapeaidebb; grapeaideby; grapeaidelrb,,,,
JT5KTQ,schema_tangrams,incompatible,1,1,l2r,l2r,grapeaidebb; orangeaidebb; grapeaidelrb; grapeaideby; orangeaidelry; orangeaideby; orangeaidelrb; grapeaidelry,grapeaidelrb; orangeaidelry; orangeaidelrb; orangeaidebb; grapeaideby; grapeaidlry; grapeaidelbb; orangeaideby,orangeaideby; orangeaidelrb; orangeaidelry; grapeaidelry; orangeaidebb; grapeaidebb; grapeaideby; grapeaidelrb,orangeaideby; orangeaidelrb; orangeaidelry; grapeaidelry; orangeaidebb; grapeaidebb; grapeaideby; grapeaidelrb,,,,
JT5KTQ,schema_tangrams,incompatible,1,2,l1s,r1r,grapeaidebb; orangeaidebb; grapeaidelrb; grapeaideby; orangeaidelry; orangeaideby; orangeaidelrb; grapeaidelry,grapeaidelrb; orangeaidelry; orangeaidelrb; orangeaidebb; grapeaideby; grapeaidlry; grapeaidelbb; orangeaideby,orangeaideby; orangeaidelrb; orangeaidelry; grapeaidelry; orangeaidebb; grapeaidebb; grapeaideby; grapeaidelrb,orangeaideby; orangeaidelrb; orangeaidelry; grapeaidelry; orangeaidebb; grapeaidebb; grapeaideby; grapeaidelrb,,,,
JT5KTQ,schema_tangrams,incompatible,1,3,r2s,l2l,grapeaidebb; orangeaidebb; grapeaidelrb; grapeaideby; orangeaidelry; orangeaideby; orangeaidelrb; grapeaidelry,grapeaidelrb; orangeaidelry; orangeaidelrb; orangeaidebb; grapeaideby; grapeaidlry; grapeaidelbb; orangeaideby,orangeaideby; orangeaidelrb; orangeaidelry; grapeaidelry; orangeaidebb; grapeaidebb; grapeaideby; grapeaidelrb,orangeaideby; orangeaidelrb; orangeaidelry; grapeaidelry; orangeaidebb; grapeaidebb; grapeaideby; grapeaidelrb,,,,
JT5KTQ,schema_tangrams,incompatible,1,4,l1s,l1s,grapeaidebb; orangeaidebb; grapeaidelrb; grapeaideby; orangeaidelry; orangeaideby; orangeaidelrb; grapeaidelry,grapeaidelrb; orangeaidelry; orangeaidelrb; orangeaidebb; grapeaideby; grapeaidlry; grapeaidelbb; orangeaideby,orangeaideby; orangeaidelrb; orangeaidelry; grapeaidelry; orangeaidebb; grapeaidebb; grapeaideby; grapeaidelrb,orangeaideby; orangeaidelrb; orangeaidelry; grapeaidelry; orangeaidebb; grapeaidebb; grapeaideby; grapeaidelrb,,,,
JT5KTQ,schema_tangrams,incompatible,1,5,r1s,r1,grapeaidebb; orangeaidebb; grapeaidelrb; grapeaideby; orangeaidelry; orangeaideby; orangeaidelrb; grapeaidelry,grapeaidelrb; orangeaidelry; orangeaidelrb; orangeaidebb; grapeaideby; grapeaidlry; grapeaidelbb; orangeaideby,orangeaideby; orangeaidelrb; orangeaidelry; grapeaidelry; orangeaidebb; grapeaidebb; grapeaideby; grapeaidelrb,orangeaideby; orangeaidelrb; orangeaidelry; grapeaidelry; orangeaidebb; grapeaidebb; grapeaideby; grapeaidelrb,,,,
JT5KTQ,schema_tangrams,incompatible,1,6,r2,r2l,grapeaidebb; orangeaidebb; grapeaidelrb; grapeaideby; orangeaidelry; orangeaideby; orangeaidelrb; grapeaidelry,grapeaidelrb; orangeaidelry; orangeaidelrb; orangeaidebb; grapeaideby; grapeaidlry; grapeaidelbb; orangeaideby,orangeaideby; orangeaidelrb; orangeaidelry; grapeaidelry; orangeaidebb; grapeaidebb; grapeaideby; grapeaidelrb,orangeaideby; orangeaidelrb; orangeaidelry; grapeaidelry; orangeaidebb; grapeaidebb; grapeaideby; grapeaidelrb,,,,
JT5KTQ,schema_tangrams,incompatible,1,7,l1s,r1s,grapeaidebb; orangeaidebb; grapeaidelrb; grapeaideby; orangeaidelry; orangeaideby; orangeaidelrb; grapeaidelry,grapeaidelrb; orangeaidelry; orangeaidelrb; orangeaidebb; grapeaideby; grapeaidlry; grapeaidelbb; orangeaideby,orangeaideby; orangeaidelrb; orangeaidelry; grapeaidelry; orangeaidebb; grapeaidebb; grapeaideby; grapeaidelrb,orangeaideby; orangeaidelrb; orangeaidelry; grapeaidelry; orangeaidebb; grapeaidebb; grapeaideby; grapeaidelrb,,,,
JZRVR1,schema_tangrams,incompatible,0,0,fly,fly,purplerb; orangerb; purplelb; purplery; orangely; orangely; orangelb; purplely,purplerrbrown; orangelyellow; orangelrbrown; orangerbbrown; purplerbyellow; purplelryellow; purplerbbrown; orangerbyellow,orangergyellow; orangelbrown; orangelryellow; purplelgyellow; orangerwbrown; purplerybrown; purplermyellow; purplelwbrown,orangelgyellow; orangelgbrown; orangelryellow; purplelgyellow; orangerwbrown; purplerybrown; purplermyellow; purplelwbrown,,,,
JZRVR1,schema_tangrams,incompatible,0,1,lookback,goback,purplerb; orangerb; purplelb; purplery; orangely; orangely; orangelb; purplely,purplerrbrown; orangelyellow; orangelrbrown; orangerbbrown; purplerbyellow; purplelryellow; purplerbbrown; orangerbyellow,orangergyellow; orangelbrown; orangelryellow; purplelgyellow; orangerwbrown; purplerybrown; purplermyellow; purplelwbrown,orangelgyellow; orangelgbrown; orangelryellow; purplelgyellow; orangerwbrown; purplerybrown; purplermyellow; purplelwbrown,,,,
JZRVR1,schema_tangrams,incompatible,0,2,runback,dance,purplerb; orangerb; purplelb; purplery; orangely; orangely; orangelb; purplely,purplerrbrown; orangelyellow; orangelrbrown; orangerbbrown; purplerbyellow; purplelryellow; purplerbbrown; orangerbyellow,orangergyellow; orangelbrown; orangelryellow; purplelgyellow; orangerwbrown; purplerybrown; purplermyellow; purplelwbrown,orangelgyellow; orangelgbrown; orangelryellow; purplelgyellow; orangerwbrown; purplerybrown; purplermyellow; purplelwbrown,,,,
JZRVR1,schema_tangrams,incompatible,0,3,yoga,goback,purplerb; orangerb; purplelb; purplery; orangely; orangely; orangelb; purplely,purplerrbrown; orangelyellow; orangelrbrown; orangerbbrown; purplerbyellow; purplelryellow; purplerbbrown; orangerbyellow,orangergyellow; orangelbrown; orangelryellow; purplelgyellow; orangerwbrown; purplerybrown; purplermyellow; purplelwbrown,orangelgyellow; orangelgbrown; orangelryellow; purplelgyellow; orangerwbrown; purplerybrown; purplermyellow; purplelwbrown,,,,
JZRVR1,schema_tangrams,incompatible,0,4,pastor,dance,purplerb; orangerb; purplelb; purplery; orangely; orangely; orangelb; purplely,purplerrbrown; orangelyellow; orangelrbrown; orangerbbrown; purplerbyellow; purplelryellow; purplerbbrown; orangerbyellow,orangergyellow; orangelbrown; orangelryellow; purplelgyellow; orangerwbrown; purplerybrown; purplermyellow; purplelwbrown,orangelgyellow; orangelgbrown; orangelryellow; purplelgyellow; orangerwbrown; purplerybrown; purplermyellow; purplelwbrown,,,,
JZRVR1,schema_tangrams,incompatible,0,5,beg,run,purplerb; orangerb; purplelb; purplery; orangely; orangely; orangelb; purplely,purplerrbrown; orangelyellow; orangelrbrown; orangerbbrown; purplerbyellow; purplelryellow; purplerbbrown; orangerbyellow,orangergyellow; orangelbrown; orangelryellow; purplelgyellow; orangerwbrown; purplerybrown; purplermyellow; purplelwbrown,orangelgyellow; orangelgbrown; orangelryellow; purplelgyellow; orangerwbrown; purplerybrown; purplermyellow; purplelwbrown,,,,
JZRVR1,schema_tangrams,incompatible,0,6,happy,lookback,purplerb; orangerb; purplelb; purplery; orangely; orangely; orangelb; purplely,purplerrbrown; orangelyellow; orangelrbrown; orangerbbrown; purplerbyellow; purplelryellow; purplerbbrown; orangerbyellow,orangergyellow; orangelbrown; orangelryellow; purplelgyellow; orangerwbrown; purplerybrown; purplermyellow; purplelwbrown,orangelgyellow; orangelgbrown; orangelryellow; purplelgyellow; orangerwbrown; purplerybrown; purplermyellow; purplelwbrown,,,,
JZRVR1,schema_tangrams,incompatible,0,7,goback,pastle,purplerb; orangerb; purplelb; purplery; orangely; orangely; orangelb; purplely,purplerrbrown; orangelyellow; orangelrbrown; orangerbbrown; purplerbyellow; purplelryellow; purplerbbrown; orangerbyellow,orangergyellow; orangelbrown; orangelryellow; purplelgyellow; orangerwbrown; purplerybrown; purplermyellow; purplelwbrown,orangelgyellow; orangelgbrown; orangelryellow; purplelgyellow; orangerwbrown; purplerybrown; purplermyellow; purplelwbrown,,,,
JZRVR1,schema_tangrams,incompatible,1,0,fly,fly,purplerb; orangerb; purplelb; purplery; purplely; orangely; orangelb; purplely,purplelrbrown; organgelryellow; organelrbrown; organelbbrown; purplerbyellow; purplelryellow; purplerbbrown; organerbyellow,orangelgyellow; orangelgbrown; orangelryellow; purplelgyellow; orangerwbrown; purplerybrown; purplermyellow; purplelwbrown,orangergyellow; orangelbrown; orangelryellow; purplelgyellow; orangerwbrown; purplerybrown; purplermyellow; purplelwbrown,,,,
JZRVR1,schema_tangrams,incompatible,1,1,goback,lookback,purplerb; orangerb; purplelb; purplery; purplely; orangely; orangelb; purplely,purplelrbrown; organgelryellow; organelrbrown; organelbbrown; purplerbyellow; purplelryellow; purplerbbrown; organerbyellow,orangelgyellow; orangelgbrown; orangelryellow; purplelgyellow; orangerwbrown; purplerybrown; purplermyellow; purplelwbrown,orangergyellow; orangelbrown; orangelryellow; purplelgyellow; orangerwbrown; purplerybrown; purplermyellow; purplelwbrown,,,,
JZRVR1,schema_tangrams,incompatible,1,2,dance,runback,purplerb; orangerb; purplelb; purplery; purplely; orangely; orangelb; purplely,purplelrbrown; organgelryellow; organelrbrown; organelbbrown; purplerbyellow; purplelryellow; purplerbbrown; organerbyellow,orangelgyellow; orangelgbrown; orangelryellow; purplelgyellow; orangerwbrown; purplerybrown; purplermyellow; purplelwbrown,orangergyellow; orangelbrown; orangelryellow; purplelgyellow; orangerwbrown; purplerybrown; purplermyellow; purplelwbrown,,,,
JZRVR1,schema_tangrams,incompatible,1,3,goback,yoga,purplerb; orangerb; purplelb; purplery; purplely; orangely; orangelb; purplely,purplelrbrown; organgelryellow; organelrbrown; organelbbrown; purplerbyellow; purplelryellow; purplerbbrown; organerbyellow,orangelgyellow; orangelgbrown; orangelryellow; purplelgyellow; orangerwbrown; purplerybrown; purplermyellow; purplelwbrown,orangergyellow; orangelbrown; orangelryellow; purplelgyellow; orangerwbrown; purplerybrown; purplermyellow; purplelwbrown,,,,
JZRVR1,schema_tangrams,incompatible,1,4,dance,pastor,purplerb; orangerb; purplelb; purplery; purplely; orangely; orangelb; purplely,purplelrbrown; organgelryellow; organelrbrown; organelbbrown; purplerbyellow; purplelryellow; purplerbbrown; organerbyellow,orangelgyellow; orangelgbrown; orangelryellow; purplelgyellow; orangerwbrown; purplerybrown; purplermyellow; purplelwbrown,orangergyellow; orangelbrown; orangelryellow; purplelgyellow; orangerwbrown; purplerybrown; purplermyellow; purplelwbrown,,,,
JZRVR1,schema_tangrams,incompatible,1,5,run,beg,purplerb; orangerb; purplelb; purplery; purplely; orangely; orangelb; purplely,purplelrbrown; organgelryellow; organelrbrown; organelbbrown; purplerbyellow; purplelryellow; purplerbbrown; organerbyellow,orangelgyellow; orangelgbrown; orangelryellow; purplelgyellow; orangerwbrown; purplerybrown; purplermyellow; purplelwbrown,orangergyellow; orangelbrown; orangelryellow; purplelgyellow; orangerwbrown; purplerybrown; purplermyellow; purplelwbrown,,,,
JZRVR1,schema_tangrams,incompatible,1,6,lookback,happy,purplerb; orangerb; purplelb; purplery; purplely; orangely; orangelb; purplely,purplelrbrown; organgelryellow; organelrbrown; organelbbrown; purplerbyellow; purplelryellow; purplerbbrown; organerbyellow,orangelgyellow; orangelgbrown; orangelryellow; purplelgyellow; orangerwbrown; purplerybrown; purplermyellow; purplelwbrown,orangergyellow; orangelbrown; orangelryellow; purplelgyellow; orangerwbrown; purplerybrown; purplermyellow; purplelwbrown,,,,
JZRVR1,schema_tangrams,incompatible,1,7,pastle,goback,purplerb; orangerb; purplelb; purplery; purplely; orangely; orangelb; purplely,purplelrbrown; organgelryellow; organelrbrown; organelbbrown; purplerbyellow; purplelryellow; purplerbbrown; organerbyellow,orangelgyellow; orangelgbrown; orangelryellow; purplelgyellow; orangerwbrown; purplerybrown; purplermyellow; purplelwbrown,orangergyellow; orangelbrown; orangelryellow; purplelgyellow; orangerwbrown; purplerybrown; purplermyellow; purplelwbrown,,,,
KJBB6A,schema,ambiguous,0,0,purple toy purple,purple toy purple,purple toy right brown; orange toy right brown; purple toy left brown; purple toy right yellow; orange toy left yellow; orange toy right yellow; orange toy left brown; purple toy left yellow,purple toy left brown; orange toy left yellow; orange toy left brown; orange toy right brown; purple toy right yellow; purple toy left yellow; purple toy right brown; orange toy right yellow,orange toy right yellow; orange toy left brown; orange toy left yellow; purple toy left yellow; orange toy right brown; purple toy right brown; purple toy right yellow; purple toy left brown,orange toy right yellow; orange toy left brown; orange toy left yellow; purple toy left yellow; orange toy right brown; purple toy right brown; purple toy right yellow; purple toy left brown,,,,
KJBB6A,schema,ambiguous,0,1,purple toy yellow,purple toy yellow,purple toy right brown; orange toy right brown; purple toy left brown; purple toy right yellow; orange toy left yellow; orange toy right yellow; orange toy left brown; purple toy left yellow,purple toy left brown; orange toy left yellow; orange toy left brown; orange toy right brown; purple toy right yellow; purple toy left yellow; purple toy right brown; orange toy right yellow,orange toy right yellow; orange toy left brown; orange toy left yellow; purple toy left yellow; orange toy right brown; purple toy right brown; purple toy right yellow; purple toy left brown,orange toy right yellow; orange toy left brown; orange toy left yellow; purple toy left yellow; orange toy right brown; purple toy right brown; purple toy right yellow; purple toy left brown,,,,
KJBB6A,schema,ambiguous,0,2,orange toy yellow,orange toy yellow,purple toy right brown; orange toy right brown; purple toy left brown; purple toy right yellow; orange toy left yellow; orange toy right yellow; orange toy left brown; purple toy left yellow,purple toy left brown; orange toy left yellow; orange toy left brown; orange toy right brown; purple toy right yellow; purple toy left yellow; purple toy right brown; orange toy right yellow,orange toy right yellow; orange toy left brown; orange toy left yellow; purple toy left yellow; orange toy right brown; purple toy right brown; purple toy right yellow; purple toy left brown,orange toy right yellow; orange toy left brown; orange toy left yellow; purple toy left yellow; orange toy right brown; purple toy right brown; purple toy right yellow; purple toy left brown,,,,
KJBB6A,schema,ambiguous,0,3,orange toy brown,orange toy brown,purple toy right brown; orange toy right brown; purple toy left brown; purple toy right yellow; orange toy left yellow; orange toy right yellow; orange toy left brown; purple toy left yellow,purple toy left brown; orange toy left yellow; orange toy left brown; orange toy right brown; purple toy right yellow; purple toy left yellow; purple toy right brown; orange toy right yellow,orange toy right yellow; orange toy left brown; orange toy left yellow; purple toy left yellow; orange toy right brown; purple toy right brown; purple toy right yellow; purple toy left brown,orange toy right yellow; orange toy left brown; orange toy left yellow; purple toy left yellow; orange toy right brown; purple toy right brown; purple toy right yellow; purple toy left brown,,,,
KJBB6A,schema,ambiguous,0,4,orange toy blue,orange toy blue,purple toy right brown; orange toy right brown; purple toy left brown; purple toy right yellow; orange toy left yellow; orange toy right yellow; orange toy left brown; purple toy left yellow,purple toy left brown; orange toy left yellow; orange toy left brown; orange toy right brown; purple toy right yellow; purple toy left yellow; purple toy right brown; orange toy right yellow,orange toy right yellow; orange toy left brown; orange toy left yellow; purple toy left yellow; orange toy right brown; purple toy right brown; purple toy right yellow; purple toy left brown,orange toy right yellow; orange toy left brown; orange toy left yellow; purple toy left yellow; orange toy right brown; purple toy right brown; purple toy right yellow; purple toy left brown,,,,
KJBB6A,schema,ambiguous,0,5,orange toy black,orange toy black,purple toy right brown; orange toy right brown; purple toy left brown; purple toy right yellow; orange toy left yellow; orange toy right yellow; orange toy left brown; purple toy left yellow,purple toy left brown; orange toy left yellow; orange toy left brown; orange toy right brown; purple toy right yellow; purple toy left yellow; purple toy right brown; orange toy right yellow,orange toy right yellow; orange toy left brown; orange toy left yellow; purple toy left yellow; orange toy right brown; purple toy right brown; purple toy right yellow; purple toy left brown,orange toy right yellow; orange toy left brown; orange toy left yellow; purple toy left yellow; orange toy right brown; purple toy right brown; purple toy right yellow; purple toy left brown,,,,
KJBB6A,schema,ambiguous,0,6,purple toy white,purple toy white,purple toy right brown; orange toy right brown; purple toy left brown; purple toy right yellow; orange toy left yellow; orange toy right yellow; orange toy left brown; purple toy left yellow,purple toy left brown; orange toy left yellow; orange toy left brown; orange toy right brown; purple toy right yellow; purple toy left yellow; purple toy right brown; orange toy right yellow,orange toy right yellow; orange toy left brown; orange toy left yellow; purple toy left yellow; orange toy right brown; purple toy right brown; purple toy right yellow; purple toy left brown,orange toy right yellow; orange toy left brown; orange toy left yellow; purple toy left yellow; orange toy right brown; purple toy right brown; purple toy right yellow; purple toy left brown,,,,
KJBB6A,schema,ambiguous,0,7,purple toy brown,purple toy brown,purple toy right brown; orange toy right brown; purple toy left brown; purple toy right yellow; orange toy left yellow; orange toy right yellow; orange toy left brown; purple toy left yellow,purple toy left brown; orange toy left yellow; orange toy left brown; orange toy right brown; purple toy right yellow; purple toy left yellow; purple toy right brown; orange toy right yellow,orange toy right yellow; orange toy left brown; orange toy left yellow; purple toy left yellow; orange toy right brown; purple toy right brown; purple toy right yellow; purple toy left brown,orange toy right yellow; orange toy left brown; orange toy left yellow; purple toy left yellow; orange toy right brown; purple toy right brown; purple toy right yellow; purple toy left brown,,,,
KJBB6A,schema,ambiguous,1,0,purple toy purple,purple toy purple,purple toy right brown; orange toy right brown; purple toy left brown; purple toy right yellow; orange toy left yellow; orange toy right yellow; orange toy left brown; purple toy left yellow,purple toy left brown; orange toy left yellow; orange toy left brown; orange toy right brown; purple toy right yellow; purple toy left yellow; purple toy right brown; orange toy right yellow,orange toy right yellow; orange toy left brown; orange toy left yellow; purple toy left yellow; orange toy right brown; purple toy right brown; purple toy right yellow; purple toy left brown,orange toy right yellow; orange toy left brown; orange toy left yellow; purple toy left yellow; orange toy right brown; purple toy right brown; purple toy right yellow; purple toy left brown,,,,
KJBB6A,schema,ambiguous,1,1,purple toy yellow,purple toy yellow,purple toy right brown; orange toy right brown; purple toy left brown; purple toy right yellow; orange toy left yellow; orange toy right yellow; orange toy left brown; purple toy left yellow,purple toy left brown; orange toy left yellow; orange toy left brown; orange toy right brown; purple toy right yellow; purple toy left yellow; purple toy right brown; orange toy right yellow,orange toy right yellow; orange toy left brown; orange toy left yellow; purple toy left yellow; orange toy right brown; purple toy right brown; purple toy right yellow; purple toy left brown,orange toy right yellow; orange toy left brown; orange toy left yellow; purple toy left yellow; orange toy right brown; purple toy right brown; purple toy right yellow; purple toy left brown,,,,
KJBB6A,schema,ambiguous,1,2,orange toy yellow,orange toy yellow,purple toy right brown; orange toy right brown; purple toy left brown; purple toy right yellow; orange toy left yellow; orange toy right yellow; orange toy left brown; purple toy left yellow,purple toy left brown; orange toy left yellow; orange toy left brown; orange toy right brown; purple toy right yellow; purple toy left yellow; purple toy right brown; orange toy right yellow,orange toy right yellow; orange toy left brown; orange toy left yellow; purple toy left yellow; orange toy right brown; purple toy right brown; purple toy right yellow; purple toy left brown,orange toy right yellow; orange toy left brown; orange toy left yellow; purple toy left yellow; orange toy right brown; purple toy right brown; purple toy right yellow; purple toy left brown,,,,
KJBB6A,schema,ambiguous,1,3,orange toy brown,orange toy brown,purple toy right brown; orange toy right brown; purple toy left brown; purple toy right yellow; orange toy left yellow; orange toy right yellow; orange toy left brown; purple toy left yellow,purple toy left brown; orange toy left yellow; orange toy left brown; orange toy right brown; purple toy right yellow; purple toy left yellow; purple toy right brown; orange toy right yellow,orange toy right yellow; orange toy left brown; orange toy left yellow; purple toy left yellow; orange toy right brown; purple toy right brown; purple toy right yellow; purple toy left brown,orange toy right yellow; orange toy left brown; orange toy left yellow; purple toy left yellow; orange toy right brown; purple toy right brown; purple toy right yellow; purple toy left brown,,,,
KJBB6A,schema,ambiguous,1,4,orange toy blue,orange toy blue,purple toy right brown; orange toy right brown; purple toy left brown; purple toy right yellow; orange toy left yellow; orange toy right yellow; orange toy left brown; purple toy left yellow,purple toy left brown; orange toy left yellow; orange toy left brown; orange toy right brown; purple toy right yellow; purple toy left yellow; purple toy right brown; orange toy right yellow,orange toy right yellow; orange toy left brown; orange toy left yellow; purple toy left yellow; orange toy right brown; purple toy right brown; purple toy right yellow; purple toy left brown,orange toy right yellow; orange toy left brown; orange toy left yellow; purple toy left yellow; orange toy right brown; purple toy right brown; purple toy right yellow; purple toy left brown,,,,
KJBB6A,schema,ambiguous,1,5,orange toy black,orange toy black,purple toy right brown; orange toy right brown; purple toy left brown; purple toy right yellow; orange toy left yellow; orange toy right yellow; orange toy left brown; purple toy left yellow,purple toy left brown; orange toy left yellow; orange toy left brown; orange toy right brown; purple toy right yellow; purple toy left yellow; purple toy right brown; orange toy right yellow,orange toy right yellow; orange toy left brown; orange toy left yellow; purple toy left yellow; orange toy right brown; purple toy right brown; purple toy right yellow; purple toy left brown,orange toy right yellow; orange toy left brown; orange toy left yellow; purple toy left yellow; orange toy right brown; purple toy right brown; purple toy right yellow; purple toy left brown,,,,
KJBB6A,schema,ambiguous,1,6,purple toy white,purple toy white,purple toy right brown; orange toy right brown; purple toy left brown; purple toy right yellow; orange toy left yellow; orange toy right yellow; orange toy left brown; purple toy left yellow,purple toy left brown; orange toy left yellow; orange toy left brown; orange toy right brown; purple toy right yellow; purple toy left yellow; purple toy right brown; orange toy right yellow,orange toy right yellow; orange toy left brown; orange toy left yellow; purple toy left yellow; orange toy right brown; purple toy right brown; purple toy right yellow; purple toy left brown,orange toy right yellow; orange toy left brown; orange toy left yellow; purple toy left yellow; orange toy right brown; purple toy right brown; purple toy right yellow; purple toy left brown,,,,
KJBB6A,schema,ambiguous,1,7,purple toy brown,purple toy brown,purple toy right brown; orange toy right brown; purple toy left brown; purple toy right yellow; orange toy left yellow; orange toy right yellow; orange toy left brown; purple toy left yellow,purple toy left brown; orange toy left yellow; orange toy left brown; orange toy right brown; purple toy right yellow; purple toy left yellow; purple toy right brown; orange toy right yellow,orange toy right yellow; orange toy left brown; orange toy left yellow; purple toy left yellow; orange toy right brown; purple toy right brown; purple toy right yellow; purple toy left brown,orange toy right yellow; orange toy left brown; orange toy left yellow; purple toy left yellow; orange toy right brown; purple toy right brown; purple toy right yellow; purple toy left brown,,,,
KRJVK2,schema,ambiguous,0,0,purple black yellow pink,purple black yellow pink,purple black brown; orange black brown; purple red brown; purple black yellow; orange red yellow; orange black yellow; orange red brown; purple red yellow,purple red brown; orange red yellow; orange red brown; orange black brown; purple black yellow; purple red yellow; purple black brown; orange black yellow,orange black yellow; orange; orange red yellow; purple red yellow; orange black brown; purple black brown; purple black yellow; purple red brown,orange black yellow; orange red brown; orange red yellow; purple red yellow; orange black brown; purple black brown; purple black yellow; purple red brown,,,,
KRJVK2,schema,ambiguous,0,1,purple black yellow yellow,purple black yellow yellow,purple black brown; orange black brown; purple red brown; purple black yellow; orange red yellow; orange black yellow; orange red brown; purple red yellow,purple red brown; orange red yellow; orange red brown; orange black brown; purple black yellow; purple red yellow; purple black brown; orange black yellow,orange black yellow; orange; orange red yellow; purple red yellow; orange black brown; purple black brown; purple black yellow; purple red brown,orange black yellow; orange red brown; orange red yellow; purple red yellow; orange black brown; purple black brown; purple black yellow; purple red brown,,,,
KRJVK2,schema,ambiguous,0,2,orange red brown yellow,orange red brown yellow,purple black brown; orange black brown; purple red brown; purple black yellow; orange red yellow; orange black yellow; orange red brown; purple red yellow,purple red brown; orange red yellow; orange red brown; orange black brown; purple black yellow; purple red yellow; purple black brown; orange black yellow,orange black yellow; orange; orange red yellow; purple red yellow; orange black brown; purple black brown; purple black yellow; purple red brown,orange black yellow; orange red brown; orange red yellow; purple red yellow; orange black brown; purple black brown; purple black yellow; purple red brown,,,,
KRJVK2,schema,ambiguous,0,3,orange red brown brown,orange red brown brown,purple black brown; orange black brown; purple red brown; purple black yellow; orange red yellow; orange black yellow; orange red brown; purple red yellow,purple red brown; orange red yellow; orange red brown; orange black brown; purple black yellow; purple red yellow; purple black brown; orange black yellow,orange black yellow; orange; orange red yellow; purple red yellow; orange black brown; purple black brown; purple black yellow; purple red brown,orange black yellow; orange red brown; orange red yellow; purple red yellow; orange black brown; purple black brown; purple black yellow; purple red brown,,,,
KRJVK2,schema,ambiguous,0,4,orange red brown blue,orange red brown blue,purple black brown; orange black brown; purple red brown; purple black yellow; orange red yellow; orange black yellow; orange red brown; purple red yellow,purple red brown; orange red yellow; orange red brown; orange black brown; purple black yellow; purple red yellow; purple black brown; orange black yellow,orange black yellow; orange; orange red yellow; purple red yellow; orange black brown; purple black brown; purple black yellow; purple red brown,orange black yellow; orange red brown; orange red yellow; purple red yellow; orange black brown; purple black brown; purple black yellow; purple red brown,,,,
KRJVK2,schema,ambiguous,0,5,orange red brown black,orange red brown black,purple black brown; orange black brown; purple red brown; purple black yellow; orange red yellow; orange black yellow; orange red brown; purple red yellow,purple red brown; orange red yellow; orange red brown; orange black brown; purple black yellow; purple red yellow; purple black brown; orange black yellow,orange black yellow; orange; orange red yellow; purple red yellow; orange black brown; purple black brown; purple black yellow; purple red brown,orange black yellow; orange red brown; orange red yellow; purple red yellow; orange black brown; purple black brown; purple black yellow; purple red brown,,,,
KRJVK2,schema,ambiguous,0,6,purple black yellow white,purple black yellow white,purple black brown; orange black brown; purple red brown; purple black yellow; orange red yellow; orange black yellow; orange red brown; purple red yellow,purple red brown; orange red yellow; orange red brown; orange black brown; purple black yellow; purple red yellow; purple black brown; orange black yellow,orange black yellow; orange; orange red yellow; purple red yellow; orange black brown; purple black brown; purple black yellow; purple red brown,orange black yellow; orange red brown; orange red yellow; purple red yellow; orange black brown; purple black brown; purple black yellow; purple red brown,,,,
KRJVK2,schema,ambiguous,0,7,purple black yellow white,purple black yellow white,purple black brown; orange black brown; purple red brown; purple black yellow; orange red yellow; orange black yellow; orange red brown; purple red yellow,purple red brown; orange red yellow; orange red brown; orange black brown; purple black yellow; purple red yellow; purple black brown; orange black yellow,orange black yellow; orange; orange red yellow; purple red yellow; orange black brown; purple black brown; purple black yellow; purple red brown,orange black yellow; orange red brown; orange red yellow; purple red yellow; orange black brown; purple black brown; purple black yellow; purple red brown,,,,
KRJVK2,schema,ambiguous,1,0,purple black yellow pink,purple black yellow pink,purple black brown; orange black brown; purple red brown; purple black yellow; orange red yellow; orange black yellow; orange red brown; purple red yellow,purple red brown; orange red yellow; orange red brown; orange black brown; purple black yellow; purple red yellow; purple black brown; orange black yellow,orange black yellow; orange red brown; orange red yellow; purple red yellow; orange black brown; purple black brown; purple black yellow; purple red brown,orange black yellow; orange; orange red yellow; purple red yellow; orange black brown; purple black brown; purple black yellow; purple red brown,,,,
KRJVK2,schema,ambiguous,1,1,purple black yellow yellow,purple black yellow yellow,purple black brown; orange black brown; purple red brown; purple black yellow; orange red yellow; orange black yellow; orange red brown; purple red yellow,purple red brown; orange red yellow; orange red brown; orange black brown; purple black yellow; purple red yellow; purple black brown; orange black yellow,orange black yellow; orange red brown; orange red yellow; purple red yellow; orange black brown; purple black brown; purple black yellow; purple red brown,orange black yellow; orange; orange red yellow; purple red yellow; orange black brown; purple black brown; purple black yellow; purple red brown,,,,
KRJVK2,schema,ambiguous,1,2,orange red brown yellow,orange red brown yellow,purple black brown; orange black brown; purple red brown; purple black yellow; orange red yellow; orange black yellow; orange red brown; purple red yellow,purple red brown; orange red yellow; orange red brown; orange black brown; purple black yellow; purple red yellow; purple black brown; orange black yellow,orange black yellow; orange red brown; orange red yellow; purple red yellow; orange black brown; purple black brown; purple black yellow; purple red brown,orange black yellow; orange; orange red yellow; purple red yellow; orange black brown; purple black brown; purple black yellow; purple red brown,,,,
KRJVK2,schema,ambiguous,1,3,orange red brown brown,orange red brown brown,purple black brown; orange black brown; purple red brown; purple black yellow; orange red yellow; orange black yellow; orange red brown; purple red yellow,purple red brown; orange red yellow; orange red brown; orange black brown; purple black yellow; purple red yellow; purple black brown; orange black yellow,orange black yellow; orange red brown; orange red yellow; purple red yellow; orange black brown; purple black brown; purple black yellow; purple red brown,orange black yellow; orange; orange red yellow; purple red yellow; orange black brown; purple black brown; purple black yellow; purple red brown,,,,
KRJVK2,schema,ambiguous,1,4,orange red brown blue,orange red brown blue,purple black brown; orange black brown; purple red brown; purple black yellow; orange red yellow; orange black yellow; orange red brown; purple red yellow,purple red brown; orange red yellow; orange red brown; orange black brown; purple black yellow; purple red yellow; purple black brown; orange black yellow,orange black yellow; orange red brown; orange red yellow; purple red yellow; orange black brown; purple black brown; purple black yellow; purple red brown,orange black yellow; orange; orange red yellow; purple red yellow; orange black brown; purple black brown; purple black yellow; purple red brown,,,,
KRJVK2,schema,ambiguous,1,5,orange red brown black,orange red brown black,purple black brown; orange black brown; purple red brown; purple black yellow; orange red yellow; orange black yellow; orange red brown; purple red yellow,purple red brown; orange red yellow; orange red brown; orange black brown; purple black yellow; purple red yellow; purple black brown; orange black yellow,orange black yellow; orange red brown; orange red yellow; purple red yellow; orange black brown; purple black brown; purple black yellow; purple red brown,orange black yellow; orange; orange red yellow; purple red yellow; orange black brown; purple black brown; purple black yellow; purple red brown,,,,
KRJVK2,schema,ambiguous,1,6,purple black yellow white,purple black yellow white,purple black brown; orange black brown; purple red brown; purple black yellow; orange red yellow; orange black yellow; orange red brown; purple red yellow,purple red brown; orange red yellow; orange red brown; orange black brown; purple black yellow; purple red yellow; purple black brown; orange black yellow,orange black yellow; orange red brown; orange red yellow; purple red yellow; orange black brown; purple black brown; purple black yellow; purple red brown,orange black yellow; orange; orange red yellow; purple red yellow; orange black brown; purple black brown; purple black yellow; purple red brown,,,,
KRJVK2,schema,ambiguous,1,7,purple black yellow white,purple black yellow white,purple black brown; orange black brown; purple red brown; purple black yellow; orange red yellow; orange black yellow; orange red brown; purple red yellow,purple red brown; orange red yellow; orange red brown; orange black brown; purple black yellow; purple red yellow; purple black brown; orange black yellow,orange black yellow; orange red brown; orange red yellow; purple red yellow; orange black brown; purple black brown; purple black yellow; purple red brown,orange black yellow; orange; orange red yellow; purple red yellow; orange black brown; purple black brown; purple black yellow; purple red brown,,,,
KV94XV,schema_tangrams,incompatible,0,0,falling,flying,clyde; scratch; leggo; chocolate; black; leggo; chocolate; p,tv; lawnmower; trashbin; robot; firehydrant; android; robot; firehydrant,tin man; wheel; ladybug; goblin; cube; not sure; rubixcube; pig,tin man; wheel; ladybug; goblin; cube; pacman; rubix cube; pig,,,,
KV94XV,schema_tangrams,incompatible,0,1,posing,balancing,clyde; scratch; leggo; chocolate; black; leggo; chocolate; p,tv; lawnmower; trashbin; robot; firehydrant; android; robot; firehydrant,tin man; wheel; ladybug; goblin; cube; not sure; rubixcube; pig,tin man; wheel; ladybug; goblin; cube; pacman; rubix cube; pig,,,,
KV94XV,schema_tangrams,incompatible,0,2,dancing,kneeling,clyde; scratch; leggo; chocolate; black; leggo; chocolate; p,tv; lawnmower; trashbin; robot; firehydrant; android; robot; firehydrant,tin man; wheel; ladybug; goblin; cube; not sure; rubixcube; pig,tin man; wheel; ladybug; goblin; cube; pacman; rubix cube; pig,,,,
KV94XV,schema_tangrams,incompatible,0,3,balancing,balancing,clyde; scratch; leggo; chocolate; black; leggo; chocolate; p,tv; lawnmower; trashbin; robot; firehydrant; android; robot; firehydrant,tin man; wheel; ladybug; goblin; cube; not sure; rubixcube; pig,tin man; wheel; ladybug; goblin; cube; pacman; rubix cube; pig,,,,
KV94XV,schema_tangrams,incompatible,0,4,giving,giving,clyde; scratch; leggo; chocolate; black; leggo; chocolate; p,tv; lawnmower; trashbin; robot; firehydrant; android; robot; firehydrant,tin man; wheel; ladybug; goblin; cube; not sure; rubixcube; pig,tin man; wheel; ladybug; goblin; cube; pacman; rubix cube; pig,,,,
KV94XV,schema_tangrams,incompatible,0,5,kneeling,kneeling,clyde; scratch; leggo; chocolate; black; leggo; chocolate; p,tv; lawnmower; trashbin; robot; firehydrant; android; robot; firehydrant,tin man; wheel; ladybug; goblin; cube; not sure; rubixcube; pig,tin man; wheel; ladybug; goblin; cube; pacman; rubix cube; pig,,,,
KV94XV,schema_tangrams,incompatible,0,6,falling,posing,clyde; scratch; leggo; chocolate; black; leggo; chocolate; p,tv; lawnmower; trashbin; robot; firehydrant; android; robot; firehydrant,tin man; wheel; ladybug; goblin; cube; not sure; rubixcube; pig,tin man; wheel; ladybug; goblin; cube; pacman; rubix cube; pig,,,,
KV94XV,schema_tangrams,incompatible,0,7,kneeling,posing,clyde; scratch; leggo; chocolate; black; leggo; chocolate; p,tv; lawnmower; trashbin; robot; firehydrant; android; robot; firehydrant,tin man; wheel; ladybug; goblin; cube; not sure; rubixcube; pig,tin man; wheel; ladybug; goblin; cube; pacman; rubix cube; pig,,,,
KV94XV,schema_tangrams,incompatible,1,0,flying,falling,clyde; banana; banana; banana; orblack; yelow; orblack; leggo,tv; lawnmower; desk; robot; android; table; toilet; android,tin man; wheel; ladybug; goblin; cube; pacman; rubix cube; pig,tin man; wheel; ladybug; goblin; cube; not sure; rubixcube; pig,,,,
KV94XV,schema_tangrams,incompatible,1,1,balancing,posing,clyde; banana; banana; banana; orblack; yelow; orblack; leggo,tv; lawnmower; desk; robot; android; table; toilet; android,tin man; wheel; ladybug; goblin; cube; pacman; rubix cube; pig,tin man; wheel; ladybug; goblin; cube; not sure; rubixcube; pig,,,,
KV94XV,schema_tangrams,incompatible,1,2,kneeling,dancing,clyde; banana; banana; banana; orblack; yelow; orblack; leggo,tv; lawnmower; desk; robot; android; table; toilet; android,tin man; wheel; ladybug; goblin; cube; pacman; rubix cube; pig,tin man; wheel; ladybug; goblin; cube; not sure; rubixcube; pig,,,,
KV94XV,schema_tangrams,incompatible,1,3,balancing,balancing,clyde; banana; banana; banana; orblack; yelow; orblack; leggo,tv; lawnmower; desk; robot; android; table; toilet; android,tin man; wheel; ladybug; goblin; cube; pacman; rubix cube; pig,tin man; wheel; ladybug; goblin; cube; not sure; rubixcube; pig,,,,
KV94XV,schema_tangrams,incompatible,1,4,giving,giving,clyde; banana; banana; banana; orblack; yelow; orblack; leggo,tv; lawnmower; desk; robot; android; table; toilet; android,tin man; wheel; ladybug; goblin; cube; pacman; rubix cube; pig,tin man; wheel; ladybug; goblin; cube; not sure; rubixcube; pig,,,,
KV94XV,schema_tangrams,incompatible,1,5,kneeling,kneeling,clyde; banana; banana; banana; orblack; yelow; orblack; leggo,tv; lawnmower; desk; robot; android; table; toilet; android,tin man; wheel; ladybug; goblin; cube; pacman; rubix cube; pig,tin man; wheel; ladybug; goblin; cube; not sure; rubixcube; pig,,,,
KV94XV,schema_tangrams,incompatible,1,6,posing,falling,clyde; banana; banana; banana; orblack; yelow; orblack; leggo,tv; lawnmower; desk; robot; android; table; toilet; android,tin man; wheel; ladybug; goblin; cube; pacman; rubix cube; pig,tin man; wheel; ladybug; goblin; cube; not sure; rubixcube; pig,,,,
KV94XV,schema_tangrams,incompatible,1,7,posing,kneeling,clyde; banana; banana; banana; orblack; yelow; orblack; leggo,tv; lawnmower; desk; robot; android; table; toilet; android,tin man; wheel; ladybug; goblin; cube; pacman; rubix cube; pig,tin man; wheel; ladybug; goblin; cube; not sure; rubixcube; pig,,,,
M77Z8N,schema_tangrams,incompatible,0,0,fall,fall,brownblackpurple; brownblackorange; brownredpurple; yellowblackpurple; yellowredorange; yellowblackorange; brownredorange; yellowredpurple,brownredpurple; yellowredorange; brownredorange; brownblackorange; yellowblackpurple; yellowredpurple; brownblackpurple; yellowblackorange,yellowblackorange; brownredorange; yellowredorange; yellowredpurple; brownblackorange; brownblackpurple; yellowblackpurple; brownred,yellowblackorange; brownredorange; yellowredorange; yellowredpurple; brownblackorange; brownblackpurple; yellowblackpurple; brownredpurple,,,,
M77Z8N,schema_tangrams,incompatible,0,1,hop,hop,brownblackpurple; brownblackorange; brownredpurple; yellowblackpurple; yellowredorange; yellowblackorange; brownredorange; yellowredpurple,brownredpurple; yellowredorange; brownredorange; brownblackorange; yellowblackpurple; yellowredpurple; brownblackpurple; yellowblackorange,yellowblackorange; brownredorange; yellowredorange; yellowredpurple; brownblackorange; brownblackpurple; yellowblackpurple; brownred,yellowblackorange; brownredorange; yellowredorange; yellowredpurple; brownblackorange; brownblackpurple; yellowblackpurple; brownredpurple,,,,
M77Z8N,schema_tangrams,incompatible,0,2,kneel,kneel,brownblackpurple; brownblackorange; brownredpurple; yellowblackpurple; yellowredorange; yellowblackorange; brownredorange; yellowredpurple,brownredpurple; yellowredorange; brownredorange; brownblackorange; yellowblackpurple; yellowredpurple; brownblackpurple; yellowblackorange,yellowblackorange; brownredorange; yellowredorange; yellowredpurple; brownblackorange; brownblackpurple; yellowblackpurple; brownred,yellowblackorange; brownredorange; yellowredorange; yellowredpurple; brownblackorange; brownblackpurple; yellowblackpurple; brownredpurple,,,,
M77Z8N,schema_tangrams,incompatible,0,3,kick,kick,brownblackpurple; brownblackorange; brownredpurple; yellowblackpurple; yellowredorange; yellowblackorange; brownredorange; yellowredpurple,brownredpurple; yellowredorange; brownredorange; brownblackorange; yellowblackpurple; yellowredpurple; brownblackpurple; yellowblackorange,yellowblackorange; brownredorange; yellowredorange; yellowredpurple; brownblackorange; brownblackpurple; yellowblackpurple; brownred,yellowblackorange; brownredorange; yellowredorange; yellowredpurple; brownblackorange; brownblackpurple; yellowblackpurple; brownredpurple,,,,
M77Z8N,schema_tangrams,incompatible,0,4,give,give,brownblackpurple; brownblackorange; brownredpurple; yellowblackpurple; yellowredorange; yellowblackorange; brownredorange; yellowredpurple,brownredpurple; yellowredorange; brownredorange; brownblackorange; yellowblackpurple; yellowredpurple; brownblackpurple; yellowblackorange,yellowblackorange; brownredorange; yellowredorange; yellowredpurple; brownblackorange; brownblackpurple; yellowblackpurple; brownred,yellowblackorange; brownredorange; yellowredorange; yellowredpurple; brownblackorange; brownblackpurple; yellowblackpurple; brownredpurple,,,,
M77Z8N,schema_tangrams,incompatible,0,5,squat,pray,brownblackpurple; brownblackorange; brownredpurple; yellowblackpurple; yellowredorange; yellowblackorange; brownredorange; yellowredpurple,brownredpurple; yellowredorange; brownredorange; brownblackorange; yellowblackpurple; yellowredpurple; brownblackpurple; yellowblackorange,yellowblackorange; brownredorange; yellowredorange; yellowredpurple; brownblackorange; brownblackpurple; yellowblackpurple; brownred,yellowblackorange; brownredorange; yellowredorange; yellowredpurple; brownblackorange; brownblackpurple; yellowblackpurple; brownredpurple,,,,
M77Z8N,schema_tangrams,incompatible,0,6,slide,slide,brownblackpurple; brownblackorange; brownredpurple; yellowblackpurple; yellowredorange; yellowblackorange; brownredorange; yellowredpurple,brownredpurple; yellowredorange; brownredorange; brownblackorange; yellowblackpurple; yellowredpurple; brownblackpurple; yellowblackorange,yellowblackorange; brownredorange; yellowredorange; yellowredpurple; brownblackorange; brownblackpurple; yellowblackpurple; brownred,yellowblackorange; brownredorange; yellowredorange; yellowredpurple; brownblackorange; brownblackpurple; yellowblackpurple; brownredpurple,,,,
M77Z8N,schema_tangrams,incompatible,0,7,pray,pray,brownblackpurple; brownblackorange; brownredpurple; yellowblackpurple; yellowredorange; yellowblackorange; brownredorange; yellowredpurple,brownredpurple; yellowredorange; brownredorange; brownblackorange; yellowblackpurple; yellowredpurple; brownblackpurple; yellowblackorange,yellowblackorange; brownredorange; yellowredorange; yellowredpurple; brownblackorange; brownblackpurple; yellowblackpurple; brownred,yellowblackorange; brownredorange; yellowredorange; yellowredpurple; brownblackorange; brownblackpurple; yellowblackpurple; brownredpurple,,,,
M77Z8N,schema_tangrams,incompatible,1,0,fall,fall,brownblackpurple; brownblackorange; brownredpurple; yellowblackpurple; yellowredorange; yellowblackorange; brownredorange; yellowredpurple,brownredpurple; yellowredorange; brownredorange; brownblackorange; yellowblackpurple; yellowredpurple; brownblackpurple; yellowblackorange,yellowblackorange; brownredorange; yellowredorange; yellowredpurple; brownblackorange; brownblackpurple; yellowblackpurple; brownredpurple,yellowblackorange; brownredorange; yellowredorange; yellowredpurple; brownblackorange; brownblackpurple; yellowblackpurple; brownred,,,,
M77Z8N,schema_tangrams,incompatible,1,1,hop,hop,brownblackpurple; brownblackorange; brownredpurple; yellowblackpurple; yellowredorange; yellowblackorange; brownredorange; yellowredpurple,brownredpurple; yellowredorange; brownredorange; brownblackorange; yellowblackpurple; yellowredpurple; brownblackpurple; yellowblackorange,yellowblackorange; brownredorange; yellowredorange; yellowredpurple; brownblackorange; brownblackpurple; yellowblackpurple; brownredpurple,yellowblackorange; brownredorange; yellowredorange; yellowredpurple; brownblackorange; brownblackpurple; yellowblackpurple; brownred,,,,
M77Z8N,schema_tangrams,incompatible,1,2,kneel,kneel,brownblackpurple; brownblackorange; brownredpurple; yellowblackpurple; yellowredorange; yellowblackorange; brownredorange; yellowredpurple,brownredpurple; yellowredorange; brownredorange; brownblackorange; yellowblackpurple; yellowredpurple; brownblackpurple; yellowblackorange,yellowblackorange; brownredorange; yellowredorange; yellowredpurple; brownblackorange; brownblackpurple; yellowblackpurple; brownredpurple,yellowblackorange; brownredorange; yellowredorange; yellowredpurple; brownblackorange; brownblackpurple; yellowblackpurple; brownred,,,,
M77Z8N,schema_tangrams,incompatible,1,3,kick,kick,brownblackpurple; brownblackorange; brownredpurple; yellowblackpurple; yellowredorange; yellowblackorange; brownredorange; yellowredpurple,brownredpurple; yellowredorange; brownredorange; brownblackorange; yellowblackpurple; yellowredpurple; brownblackpurple; yellowblackorange,yellowblackorange; brownredorange; yellowredorange; yellowredpurple; brownblackorange; brownblackpurple; yellowblackpurple; brownredpurple,yellowblackorange; brownredorange; yellowredorange; yellowredpurple; brownblackorange; brownblackpurple; yellowblackpurple; brownred,,,,
M77Z8N,schema_tangrams,incompatible,1,4,give,give,brownblackpurple; brownblackorange; brownredpurple; yellowblackpurple; yellowredorange; yellowblackorange; brownredorange; yellowredpurple,brownredpurple; yellowredorange; brownredorange; brownblackorange; yellowblackpurple; yellowredpurple; brownblackpurple; yellowblackorange,yellowblackorange; brownredorange; yellowredorange; yellowredpurple; brownblackorange; brownblackpurple; yellowblackpurple; brownredpurple,yellowblackorange; brownredorange; yellowredorange; yellowredpurple; brownblackorange; brownblackpurple; yellowblackpurple; brownred,,,,
M77Z8N,schema_tangrams,incompatible,1,5,pray,squat,brownblackpurple; brownblackorange; brownredpurple; yellowblackpurple; yellowredorange; yellowblackorange; brownredorange; yellowredpurple,brownredpurple; yellowredorange; brownredorange; brownblackorange; yellowblackpurple; yellowredpurple; brownblackpurple; yellowblackorange,yellowblackorange; brownredorange; yellowredorange; yellowredpurple; brownblackorange; brownblackpurple; yellowblackpurple; brownredpurple,yellowblackorange; brownredorange; yellowredorange; yellowredpurple; brownblackorange; brownblackpurple; yellowblackpurple; brownred,,,,
M77Z8N,schema_tangrams,incompatible,1,6,slide,slide,brownblackpurple; brownblackorange; brownredpurple; yellowblackpurple; yellowredorange; yellowblackorange; brownredorange; yellowredpurple,brownredpurple; yellowredorange; brownredorange; brownblackorange; yellowblackpurple; yellowredpurple; brownblackpurple; yellowblackorange,yellowblackorange; brownredorange; yellowredorange; yellowredpurple; brownblackorange; brownblackpurple; yellowblackpurple; brownredpurple,yellowblackorange; brownredorange; yellowredorange; yellowredpurple; brownblackorange; brownblackpurple; yellowblackpurple; brownred,,,,
M77Z8N,schema_tangrams,incompatible,1,7,pray,pray,brownblackpurple; brownblackorange; brownredpurple; yellowblackpurple; yellowredorange; yellowblackorange; brownredorange; yellowredpurple,brownredpurple; yellowredorange; brownredorange; brownblackorange; yellowblackpurple; yellowredpurple; brownblackpurple; yellowblackorange,yellowblackorange; brownredorange; yellowredorange; yellowredpurple; brownblackorange; brownblackpurple; yellowblackpurple; brownredpurple,yellowblackorange; brownredorange; yellowredorange; yellowredpurple; brownblackorange; brownblackpurple; yellowblackpurple; brownred,,,,
MB8VK7,schema,ambiguous,0,0,ppurple,ppurple,pbb; obb; prb; pby; ory; oby; orb; pry,prb; ory; orb; obb; pby; pry; pbb; oby,oby; orb; ory; pry; obb; pbb; pby; prb,oby; orb; ory; pry; obb; pbb; pby; prb,,,,
MB8VK7,schema,ambiguous,0,1,pyellow,pyellow,pbb; obb; prb; pby; ory; oby; orb; pry,prb; ory; orb; obb; pby; pry; pbb; oby,oby; orb; ory; pry; obb; pbb; pby; prb,oby; orb; ory; pry; obb; pbb; pby; prb,,,,
MB8VK7,schema,ambiguous,0,2,oyellow,oyellow,pbb; obb; prb; pby; ory; oby; orb; pry,prb; ory; orb; obb; pby; pry; pbb; oby,oby; orb; ory; pry; obb; pbb; pby; prb,oby; orb; ory; pry; obb; pbb; pby; prb,,,,
MB8VK7,schema,ambiguous,0,3,obrown,obrown,pbb; obb; prb; pby; ory; oby; orb; pry,prb; ory; orb; obb; pby; pry; pbb; oby,oby; orb; ory; pry; obb; pbb; pby; prb,oby; orb; ory; pry; obb; pbb; pby; prb,,,,
MB8VK7,schema,ambiguous,0,4,oblue,oblue,pbb; obb; prb; pby; ory; oby; orb; pry,prb; ory; orb; obb; pby; pry; pbb; oby,oby; orb; ory; pry; obb; pbb; pby; prb,oby; orb; ory; pry; obb; pbb; pby; prb,,,,
MB8VK7,schema,ambiguous,0,5,oblack,oblack,pbb; obb; prb; pby; ory; oby; orb; pry,prb; ory; orb; obb; pby; pry; pbb; oby,oby; orb; ory; pry; obb; pbb; pby; prb,oby; orb; ory; pry; obb; pbb; pby; prb,,,,
MB8VK7,schema,ambiguous,0,6,pwhite,pwhite,pbb; obb; prb; pby; ory; oby; orb; pry,prb; ory; orb; obb; pby; pry; pbb; oby,oby; orb; ory; pry; obb; pbb; pby; prb,oby; orb; ory; pry; obb; pbb; pby; prb,,,,
MB8VK7,schema,ambiguous,0,7,pbrown,pbrown,pbb; obb; prb; pby; ory; oby; orb; pry,prb; ory; orb; obb; pby; pry; pbb; oby,oby; orb; ory; pry; obb; pbb; pby; prb,oby; orb; ory; pry; obb; pbb; pby; prb,,,,
MB8VK7,schema,ambiguous,1,0,ppurple,ppurple,pbb; obb; prb; pby; ory; oby; orb; pry,prb; ory; orb; obb; pby; pry; pbb; oby,oby; orb; ory; pry; obb; pbb; pby; prb,oby; orb; ory; pry; obb; pbb; pby; prb,,,,
MB8VK7,schema,ambiguous,1,1,pyellow,pyellow,pbb; obb; prb; pby; ory; oby; orb; pry,prb; ory; orb; obb; pby; pry; pbb; oby,oby; orb; ory; pry; obb; pbb; pby; prb,oby; orb; ory; pry; obb; pbb; pby; prb,,,,
MB8VK7,schema,ambiguous,1,2,oyellow,oyellow,pbb; obb; prb; pby; ory; oby; orb; pry,prb; ory; orb; obb; pby; pry; pbb; oby,oby; orb; ory; pry; obb; pbb; pby; prb,oby; orb; ory; pry; obb; pbb; pby; prb,,,,
MB8VK7,schema,ambiguous,1,3,obrown,obrown,pbb; obb; prb; pby; ory; oby; orb; pry,prb; ory; orb; obb; pby; pry; pbb; oby,oby; orb; ory; pry; obb; pbb; pby; prb,oby; orb; ory; pry; obb; pbb; pby; prb,,,,
MB8VK7,schema,ambiguous,1,4,oblue,oblue,pbb; obb; prb; pby; ory; oby; orb; pry,prb; ory; orb; obb; pby; pry; pbb; oby,oby; orb; ory; pry; obb; pbb; pby; prb,oby; orb; ory; pry; obb; pbb; pby; prb,,,,
MB8VK7,schema,ambiguous,1,5,oblack,oblack,pbb; obb; prb; pby; ory; oby; orb; pry,prb; ory; orb; obb; pby; pry; pbb; oby,oby; orb; ory; pry; obb; pbb; pby; prb,oby; orb; ory; pry; obb; pbb; pby; prb,,,,
MB8VK7,schema,ambiguous,1,6,pwhite,pwhite,pbb; obb; prb; pby; ory; oby; orb; pry,prb; ory; orb; obb; pby; pry; pbb; oby,oby; orb; ory; pry; obb; pbb; pby; prb,oby; orb; ory; pry; obb; pbb; pby; prb,,,,
MB8VK7,schema,ambiguous,1,7,pbrown,pbrown,pbb; obb; prb; pby; ory; oby; orb; pry,prb; ory; orb; obb; pby; pry; pbb; oby,oby; orb; ory; pry; obb; pbb; pby; prb,oby; orb; ory; pry; obb; pbb; pby; prb,,,,
PBYTD3,schema,ambiguous,0,0,blue brown yellow rectangle,blue black yellow purple rectangle,blue black brown; orange black brown; blue red brown; blue black yellow; orange red yellow; orange black yellow; orange red brown; blue red yellow,blue red brown; orange red yellow; orange red brown; orange black brown; blue black yellow; blue red yellow; blue black brown; orange black yellow,orange black yellow; orange red brown; orange red yellow; blue red yellow; orange black brown; blue black brown; blue black yellow; blue red brown,orange black yellow; orange red brown; orange red yellow; blue red yellow; orange black brown; blue black brown; blue black yellow; blue red brown,,,,
PBYTD3,schema,ambiguous,0,1,blue brown yellow small square,blue black yellow small square,blue black brown; orange black brown; blue red brown; blue black yellow; orange red yellow; orange black yellow; orange red brown; blue red yellow,blue red brown; orange red yellow; orange red brown; orange black brown; blue black yellow; blue red yellow; blue black brown; orange black yellow,orange black yellow; orange red brown; orange red yellow; blue red yellow; orange black brown; blue black brown; blue black yellow; blue red brown,orange black yellow; orange red brown; orange red yellow; blue red yellow; orange black brown; blue black brown; blue black yellow; blue red brown,,,,
PBYTD3,schema,ambiguous,0,2,orange red brown yellow rectangle,orange red yellow rectangle,blue black brown; orange black brown; blue red brown; blue black yellow; orange red yellow; orange black yellow; orange red brown; blue red yellow,blue red brown; orange red yellow; orange red brown; orange black brown; blue black yellow; blue red yellow; blue black brown; orange black yellow,orange black yellow; orange red brown; orange red yellow; blue red yellow; orange black brown; blue black brown; blue black yellow; blue red brown,orange black yellow; orange red brown; orange red yellow; blue red yellow; orange black brown; blue black brown; blue black yellow; blue red brown,,,,
PBYTD3,schema,ambiguous,0,3,orange red brown brown rectangle,orange red brown brown rectangle,blue black brown; orange black brown; blue red brown; blue black yellow; orange red yellow; orange black yellow; orange red brown; blue red yellow,blue red brown; orange red yellow; orange red brown; orange black brown; blue black yellow; blue red yellow; blue black brown; orange black yellow,orange black yellow; orange red brown; orange red yellow; blue red yellow; orange black brown; blue black brown; blue black yellow; blue red brown,orange black yellow; orange red brown; orange red yellow; blue red yellow; orange black brown; blue black brown; blue black yellow; blue red brown,,,,
PBYTD3,schema,ambiguous,0,4,orange red brown circle,orange red brown circle,blue black brown; orange black brown; blue red brown; blue black yellow; orange red yellow; orange black yellow; orange red brown; blue red yellow,blue red brown; orange red yellow; orange red brown; orange black brown; blue black yellow; blue red yellow; blue black brown; orange black yellow,orange black yellow; orange red brown; orange red yellow; blue red yellow; orange black brown; blue black brown; blue black yellow; blue red brown,orange black yellow; orange red brown; orange red yellow; blue red yellow; orange black brown; blue black brown; blue black yellow; blue red brown,,,,
PBYTD3,schema,ambiguous,0,5,orange red brown small square,orange red brown square,blue black brown; orange black brown; blue red brown; blue black yellow; orange red yellow; orange black yellow; orange red brown; blue red yellow,blue red brown; orange red yellow; orange red brown; orange black brown; blue black yellow; blue red yellow; blue black brown; orange black yellow,orange black yellow; orange red brown; orange red yellow; blue red yellow; orange black brown; blue black brown; blue black yellow; blue red brown,orange black yellow; orange red brown; orange red yellow; blue red yellow; orange black brown; blue black brown; blue black yellow; blue red brown,,,,
PBYTD3,schema,ambiguous,0,6,blue black yellow square,blue black yellow white rectangle,blue black brown; orange black brown; blue red brown; blue black yellow; orange red yellow; orange black yellow; orange red brown; blue red yellow,blue red brown; orange red yellow; orange red brown; orange black brown; blue black yellow; blue red yellow; blue black brown; orange black yellow,orange black yellow; orange red brown; orange red yellow; blue red yellow; orange black brown; blue black brown; blue black yellow; blue red brown,orange black yellow; orange red brown; orange red yellow; blue red yellow; orange black brown; blue black brown; blue black yellow; blue red brown,,,,
PBYTD3,schema,ambiguous,0,7,blue black yellow white rectangle,blue black yellow white rectangle,blue black brown; orange black brown; blue red brown; blue black yellow; orange red yellow; orange black yellow; orange red brown; blue red yellow,blue red brown; orange red yellow; orange red brown; orange black brown; blue black yellow; blue red yellow; blue black brown; orange black yellow,orange black yellow; orange red brown; orange red yellow; blue red yellow; orange black brown; blue black brown; blue black yellow; blue red brown,orange black yellow; orange red brown; orange red yellow; blue red yellow; orange black brown; blue black brown; blue black yellow; blue red brown,,,,
PBYTD3,schema,ambiguous,1,0,blue black yellow purple rectangle,blue brown yellow rectangle,blue black brown; orange black brown; blue red brown; blue black yellow; orange red yellow; orange black yellow; orange red brown; blue red yellow,blue red brown; orange red yellow; orange red brown; orange black brown; blue black yellow; blue red yellow; blue black brown; orange black yellow,orange black yellow; orange red brown; orange red yellow; blue red yellow; orange black brown; blue black brown; blue black yellow; blue red brown,orange black yellow; orange red brown; orange red yellow; blue red yellow; orange black brown; blue black brown; blue black yellow; blue red brown,,,,
PBYTD3,schema,ambiguous,1,1,blue black yellow small square,blue brown yellow small square,blue black brown; orange black brown; blue red brown; blue black yellow; orange red yellow; orange black yellow; orange red brown; blue red yellow,blue red brown; orange red yellow; orange red brown; orange black brown; blue black yellow; blue red yellow; blue black brown; orange black yellow,orange black yellow; orange red brown; orange red yellow; blue red yellow; orange black brown; blue black brown; blue black yellow; blue red brown,orange black yellow; orange red brown; orange red yellow; blue red yellow; orange black brown; blue black brown; blue black yellow; blue red brown,,,,
PBYTD3,schema,ambiguous,1,2,orange red yellow rectangle,orange red brown yellow rectangle,blue black brown; orange black brown; blue red brown; blue black yellow; orange red yellow; orange black yellow; orange red brown; blue red yellow,blue red brown; orange red yellow; orange red brown; orange black brown; blue black yellow; blue red yellow; blue black brown; orange black yellow,orange black yellow; orange red brown; orange red yellow; blue red yellow; orange black brown; blue black brown; blue black yellow; blue red brown,orange black yellow; orange red brown; orange red yellow; blue red yellow; orange black brown; blue black brown; blue black yellow; blue red brown,,,,
PBYTD3,schema,ambiguous,1,3,orange red brown brown rectangle,orange red brown brown rectangle,blue black brown; orange black brown; blue red brown; blue black yellow; orange red yellow; orange black yellow; orange red brown; blue red yellow,blue red brown; orange red yellow; orange red brown; orange black brown; blue black yellow; blue red yellow; blue black brown; orange black yellow,orange black yellow; orange red brown; orange red yellow; blue red yellow; orange black brown; blue black brown; blue black yellow; blue red brown,orange black yellow; orange red brown; orange red yellow; blue red yellow; orange black brown; blue black brown; blue black yellow; blue red brown,,,,
PBYTD3,schema,ambiguous,1,4,orange red brown circle,orange red brown circle,blue black brown; orange black brown; blue red brown; blue black yellow; orange red yellow; orange black yellow; orange red brown; blue red yellow,blue red brown; orange red yellow; orange red brown; orange black brown; blue black yellow; blue red yellow; blue black brown; orange black yellow,orange black yellow; orange red brown; orange red yellow; blue red yellow; orange black brown; blue black brown; blue black yellow; blue red brown,orange black yellow; orange red brown; orange red yellow; blue red yellow; orange black brown; blue black brown; blue black yellow; blue red brown,,,,
PBYTD3,schema,ambiguous,1,5,orange red brown square,orange red brown small square,blue black brown; orange black brown; blue red brown; blue black yellow; orange red yellow; orange black yellow; orange red brown; blue red yellow,blue red brown; orange red yellow; orange red brown; orange black brown; blue black yellow; blue red yellow; blue black brown; orange black yellow,orange black yellow; orange red brown; orange red yellow; blue red yellow; orange black brown; blue black brown; blue black yellow; blue red brown,orange black yellow; orange red brown; orange red yellow; blue red yellow; orange black brown; blue black brown; blue black yellow; blue red brown,,,,
PBYTD3,schema,ambiguous,1,6,blue black yellow white rectangle,blue black yellow square,blue black brown; orange black brown; blue red brown; blue black yellow; orange red yellow; orange black yellow; orange red brown; blue red yellow,blue red brown; orange red yellow; orange red brown; orange black brown; blue black yellow; blue red yellow; blue black brown; orange black yellow,orange black yellow; orange red brown; orange red yellow; blue red yellow; orange black brown; blue black brown; blue black yellow; blue red brown,orange black yellow; orange red brown; orange red yellow; blue red yellow; orange black brown; blue black brown; blue black yellow; blue red brown,,,,
PBYTD3,schema,ambiguous,1,7,blue black yellow white rectangle,blue black yellow white rectangle,blue black brown; orange black brown; blue red brown; blue black yellow; orange red yellow; orange black yellow; orange red brown; blue red yellow,blue red brown; orange red yellow; orange red brown; orange black brown; blue black yellow; blue red yellow; blue black brown; orange black yellow,orange black yellow; orange red brown; orange red yellow; blue red yellow; orange black brown; blue black brown; blue black yellow; blue red brown,orange black yellow; orange red brown; orange red yellow; blue red yellow; orange black brown; blue black brown; blue black yellow; blue red brown,,,,
PEHN55,schema_tangrams,incompatible,0,0,p7,picture1,purple black brown; orange black brown; purple red brown; purple black yellow; orange red yellow; orange black; orange red brown; purple red yellow,lego 1; lego 2; lego 3; lego 4; lego 5; lego 6; lego 7; lego 8,tbone; wheel; santa; goblin; snowman; lunchbox; rainbow; tbone,rock; wheel; santa; goblin; snowman; lunchbox; rainbow; tbone,,,,
PEHN55,schema_tangrams,incompatible,0,1,picture 2,picture2,purple black brown; orange black brown; purple red brown; purple black yellow; orange red yellow; orange black; orange red brown; purple red yellow,lego 1; lego 2; lego 3; lego 4; lego 5; lego 6; lego 7; lego 8,tbone; wheel; santa; goblin; snowman; lunchbox; rainbow; tbone,rock; wheel; santa; goblin; snowman; lunchbox; rainbow; tbone,,,,
PEHN55,schema_tangrams,incompatible,0,2,picture 3,picture 3,purple black brown; orange black brown; purple red brown; purple black yellow; orange red yellow; orange black; orange red brown; purple red yellow,lego 1; lego 2; lego 3; lego 4; lego 5; lego 6; lego 7; lego 8,tbone; wheel; santa; goblin; snowman; lunchbox; rainbow; tbone,rock; wheel; santa; goblin; snowman; lunchbox; rainbow; tbone,,,,
PEHN55,schema_tangrams,incompatible,0,3,picture 8,picture 4,purple black brown; orange black brown; purple red brown; purple black yellow; orange red yellow; orange black; orange red brown; purple red yellow,lego 1; lego 2; lego 3; lego 4; lego 5; lego 6; lego 7; lego 8,tbone; wheel; santa; goblin; snowman; lunchbox; rainbow; tbone,rock; wheel; santa; goblin; snowman; lunchbox; rainbow; tbone,,,,
PEHN55,schema_tangrams,incompatible,0,4,picture 1,picture 5,purple black brown; orange black brown; purple red brown; purple black yellow; orange red yellow; orange black; orange red brown; purple red yellow,lego 1; lego 2; lego 3; lego 4; lego 5; lego 6; lego 7; lego 8,tbone; wheel; santa; goblin; snowman; lunchbox; rainbow; tbone,rock; wheel; santa; goblin; snowman; lunchbox; rainbow; tbone,,,,
PEHN55,schema_tangrams,incompatible,0,5,picture 6,picture 6,purple black brown; orange black brown; purple red brown; purple black yellow; orange red yellow; orange black; orange red brown; purple red yellow,lego 1; lego 2; lego 3; lego 4; lego 5; lego 6; lego 7; lego 8,tbone; wheel; santa; goblin; snowman; lunchbox; rainbow; tbone,rock; wheel; santa; goblin; snowman; lunchbox; rainbow; tbone,,,,
PEHN55,schema_tangrams,incompatible,0,6,picture 5,picture 7,purple black brown; orange black brown; purple red brown; purple black yellow; orange red yellow; orange black; orange red brown; purple red yellow,lego 1; lego 2; lego 3; lego 4; lego 5; lego 6; lego 7; lego 8,tbone; wheel; santa; goblin; snowman; lunchbox; rainbow; tbone,rock; wheel; santa; goblin; snowman; lunchbox; rainbow; tbone,,,,
PEHN55,schema_tangrams,incompatible,0,7,picture 4,picture 8,purple black brown; orange black brown; purple red brown; purple black yellow; orange red yellow; orange black; orange red brown; purple red yellow,lego 1; lego 2; lego 3; lego 4; lego 5; lego 6; lego 7; lego 8,tbone; wheel; santa; goblin; snowman; lunchbox; rainbow; tbone,rock; wheel; santa; goblin; snowman; lunchbox; rainbow; tbone,,,,
PEHN55,schema_tangrams,incompatible,1,0,picture1,p7,purple black brown; orange black brown; purple red brown; purple black yellow; orange red yellow; orange black yellow; orange red brown; purple red yellow,lego 1; lego 2; lego 3; lego 4; lego 5; lego 4; lego 7; lego 8,rock; wheel; santa; goblin; snowman; lunchbox; rainbow; tbone,tbone; wheel; santa; goblin; snowman; lunchbox; rainbow; tbone,,,,
PEHN55,schema_tangrams,incompatible,1,1,picture2,picture 2,purple black brown; orange black brown; purple red brown; purple black yellow; orange red yellow; orange black yellow; orange red brown; purple red yellow,lego 1; lego 2; lego 3; lego 4; lego 5; lego 4; lego 7; lego 8,rock; wheel; santa; goblin; snowman; lunchbox; rainbow; tbone,tbone; wheel; santa; goblin; snowman; lunchbox; rainbow; tbone,,,,
PEHN55,schema_tangrams,incompatible,1,2,picture 3,picture 3,purple black brown; orange black brown; purple red brown; purple black yellow; orange red yellow; orange black yellow; orange red brown; purple red yellow,lego 1; lego 2; lego 3; lego 4; lego 5; lego 4; lego 7; lego 8,rock; wheel; santa; goblin; snowman; lunchbox; rainbow; tbone,tbone; wheel; santa; goblin; snowman; lunchbox; rainbow; tbone,,,,
PEHN55,schema_tangrams,incompatible,1,3,picture 4,picture 8,purple black brown; orange black brown; purple red brown; purple black yellow; orange red yellow; orange black yellow; orange red brown; purple red yellow,lego 1; lego 2; lego 3; lego 4; lego 5; lego 4; lego 7; lego 8,rock; wheel; santa; goblin; snowman; lunchbox; rainbow; tbone,tbone; wheel; santa; goblin; snowman; lunchbox; rainbow; tbone,,,,
PEHN55,schema_tangrams,incompatible,1,4,picture 5,picture 1,purple black brown; orange black brown; purple red brown; purple black yellow; orange red yellow; orange black yellow; orange red brown; purple red yellow,lego 1; lego 2; lego 3; lego 4; lego 5; lego 4; lego 7; lego 8,rock; wheel; santa; goblin; snowman; lunchbox; rainbow; tbone,tbone; wheel; santa; goblin; snowman; lunchbox; rainbow; tbone,,,,
PEHN55,schema_tangrams,incompatible,1,5,picture 6,picture 6,purple black brown; orange black brown; purple red brown; purple black yellow; orange red yellow; orange black yellow; orange red brown; purple red yellow,lego 1; lego 2; lego 3; lego 4; lego 5; lego 4; lego 7; lego 8,rock; wheel; santa; goblin; snowman; lunchbox; rainbow; tbone,tbone; wheel; santa; goblin; snowman; lunchbox; rainbow; tbone,,,,
PEHN55,schema_tangrams,incompatible,1,6,picture 7,picture 5,purple black brown; orange black brown; purple red brown; purple black yellow; orange red yellow; orange black yellow; orange red brown; purple red yellow,lego 1; lego 2; lego 3; lego 4; lego 5; lego 4; lego 7; lego 8,rock; wheel; santa; goblin; snowman; lunchbox; rainbow; tbone,tbone; wheel; santa; goblin; snowman; lunchbox; rainbow; tbone,,,,
PEHN55,schema_tangrams,incompatible,1,7,picture 8,picture 4,purple black brown; orange black brown; purple red brown; purple black yellow; orange red yellow; orange black yellow; orange red brown; purple red yellow,lego 1; lego 2; lego 3; lego 4; lego 5; lego 4; lego 7; lego 8,rock; wheel; santa; goblin; snowman; lunchbox; rainbow; tbone,tbone; wheel; santa; goblin; snowman; lunchbox; rainbow; tbone,,,,
Q1F476,schema,ambiguous,0,0,tall,tall,pblackm; black; redm; pblacky; redy; black; red; predy,cut; short; small; right; py; leftp; rightp; gy,cop; wheel; short; circle; square; duck; fat; light,cop; wheel; small; circle; square; duck; fat; light,,,,
Q1F476,schema,ambiguous,0,1,note,note,pblackm; black; redm; pblacky; redy; black; red; predy,cut; short; small; right; py; leftp; rightp; gy,cop; wheel; short; circle; square; duck; fat; light,cop; wheel; small; circle; square; duck; fat; light,,,,
Q1F476,schema,ambiguous,0,2,banana,banana,pblackm; black; redm; pblacky; redy; black; red; predy,cut; short; small; right; py; leftp; rightp; gy,cop; wheel; short; circle; square; duck; fat; light,cop; wheel; small; circle; square; duck; fat; light,,,,
Q1F476,schema,ambiguous,0,3,log,log,pblackm; black; redm; pblacky; redy; black; red; predy,cut; short; small; right; py; leftp; rightp; gy,cop; wheel; short; circle; square; duck; fat; light,cop; wheel; small; circle; square; duck; fat; light,,,,
Q1F476,schema,ambiguous,0,4,circle,circle,pblackm; black; redm; pblacky; redy; black; red; predy,cut; short; small; right; py; leftp; rightp; gy,cop; wheel; short; circle; square; duck; fat; light,cop; wheel; small; circle; square; duck; fat; light,,,,
Q1F476,schema,ambiguous,0,5,spider,spider,pblackm; black; redm; pblacky; redy; black; red; predy,cut; short; small; right; py; leftp; rightp; gy,cop; wheel; short; circle; square; duck; fat; light,cop; wheel; small; circle; square; duck; fat; light,,,,
Q1F476,schema,ambiguous,0,6,cop,cop,pblackm; black; redm; pblacky; redy; black; red; predy,cut; short; small; right; py; leftp; rightp; gy,cop; wheel; short; circle; square; duck; fat; light,cop; wheel; small; circle; square; duck; fat; light,,,,
Q1F476,schema,ambiguous,0,7,dot,dot,pblackm; black; redm; pblacky; redy; black; red; predy,cut; short; small; right; py; leftp; rightp; gy,cop; wheel; short; circle; square; duck; fat; light,cop; wheel; small; circle; square; duck; fat; light,,,,
Q1F476,schema,ambiguous,1,0,tall,tall,blackm; legg; blackredp; legp; legg; legg; blackg; legp,cut; short; small; rightg; yp; left; rightp; yg,cop; wheel; small; circle; square; duck; fat; light,cop; wheel; short; circle; square; duck; fat; light,,,,
Q1F476,schema,ambiguous,1,1,note,note,blackm; legg; blackredp; legp; legg; legg; blackg; legp,cut; short; small; rightg; yp; left; rightp; yg,cop; wheel; small; circle; square; duck; fat; light,cop; wheel; short; circle; square; duck; fat; light,,,,
Q1F476,schema,ambiguous,1,2,banana,banana,blackm; legg; blackredp; legp; legg; legg; blackg; legp,cut; short; small; rightg; yp; left; rightp; yg,cop; wheel; small; circle; square; duck; fat; light,cop; wheel; short; circle; square; duck; fat; light,,,,
Q1F476,schema,ambiguous,1,3,log,log,blackm; legg; blackredp; legp; legg; legg; blackg; legp,cut; short; small; rightg; yp; left; rightp; yg,cop; wheel; small; circle; square; duck; fat; light,cop; wheel; short; circle; square; duck; fat; light,,,,
Q1F476,schema,ambiguous,1,4,circle,circle,blackm; legg; blackredp; legp; legg; legg; blackg; legp,cut; short; small; rightg; yp; left; rightp; yg,cop; wheel; small; circle; square; duck; fat; light,cop; wheel; short; circle; square; duck; fat; light,,,,
Q1F476,schema,ambiguous,1,5,spider,spider,blackm; legg; blackredp; legp; legg; legg; blackg; legp,cut; short; small; rightg; yp; left; rightp; yg,cop; wheel; small; circle; square; duck; fat; light,cop; wheel; short; circle; square; duck; fat; light,,,,
Q1F476,schema,ambiguous,1,6,cop,cop,blackm; legg; blackredp; legp; legg; legg; blackg; legp,cut; short; small; rightg; yp; left; rightp; yg,cop; wheel; small; circle; square; duck; fat; light,cop; wheel; short; circle; square; duck; fat; light,,,,
Q1F476,schema,ambiguous,1,7,dot,dot,blackm; legg; blackredp; legp; legg; legg; blackg; legp,cut; short; small; rightg; yp; left; rightp; yg,cop; wheel; small; circle; square; duck; fat; light,cop; wheel; short; circle; square; duck; fat; light,,,,
Q35KN8,schema,ambiguous,0,0,ppy,ppy,prb; oeb; plb; pry; oly; ory; olb; ply,plb; oly; olb; orb; pry; ply; prb; ory,ory; olb; oly; ply; orb; prb; pry; plb,ory; olb; oly; ply; orb; prb; pry; plb,,,,
Q35KN8,schema,ambiguous,0,1,pyy,pyy,prb; oeb; plb; pry; oly; ory; olb; ply,plb; oly; olb; orb; pry; ply; prb; ory,ory; olb; oly; ply; orb; prb; pry; plb,ory; olb; oly; ply; orb; prb; pry; plb,,,,
Q35KN8,schema,ambiguous,0,2,oyb,oyb,prb; oeb; plb; pry; oly; ory; olb; ply,plb; oly; olb; orb; pry; ply; prb; ory,ory; olb; oly; ply; orb; prb; pry; plb,ory; olb; oly; ply; orb; prb; pry; plb,,,,
Q35KN8,schema,ambiguous,0,3,otb,otb,prb; oeb; plb; pry; oly; ory; olb; ply,plb; oly; olb; orb; pry; ply; prb; ory,ory; olb; oly; ply; orb; prb; pry; plb,ory; olb; oly; ply; orb; prb; pry; plb,,,,
Q35KN8,schema,ambiguous,0,4,ocb,ocb,prb; oeb; plb; pry; oly; ory; olb; ply,plb; oly; olb; orb; pry; ply; prb; ory,ory; olb; oly; ply; orb; prb; pry; plb,ory; olb; oly; ply; orb; prb; pry; plb,,,,
Q35KN8,schema,ambiguous,0,5,obb,obb,prb; oeb; plb; pry; oly; ory; olb; ply,plb; oly; olb; orb; pry; ply; prb; ory,ory; olb; oly; ply; orb; prb; pry; plb,ory; olb; oly; ply; orb; prb; pry; plb,,,,
Q35KN8,schema,ambiguous,0,6,pwy,pwy,prb; oeb; plb; pry; oly; ory; olb; ply,plb; oly; olb; orb; pry; ply; prb; ory,ory; olb; oly; ply; orb; prb; pry; plb,ory; olb; oly; ply; orb; prb; pry; plb,,,,
Q35KN8,schema,ambiguous,0,7,pyr,pwr,prb; oeb; plb; pry; oly; ory; olb; ply,plb; oly; olb; orb; pry; ply; prb; ory,ory; olb; oly; ply; orb; prb; pry; plb,ory; olb; oly; ply; orb; prb; pry; plb,,,,
Q35KN8,schema,ambiguous,1,0,ppy,ppy,prb; orb; plb; pry; ply; pry; olb; ply,plb; oly; olb; orb; pry; ply; prb; ory,ory; olb; oly; ply; orb; prb; pry; plb,ory; olb; oly; ply; orb; prb; pry; plb,,,,
Q35KN8,schema,ambiguous,1,1,pyy,pyy,prb; orb; plb; pry; ply; pry; olb; ply,plb; oly; olb; orb; pry; ply; prb; ory,ory; olb; oly; ply; orb; prb; pry; plb,ory; olb; oly; ply; orb; prb; pry; plb,,,,
Q35KN8,schema,ambiguous,1,2,oyb,oyb,prb; orb; plb; pry; ply; pry; olb; ply,plb; oly; olb; orb; pry; ply; prb; ory,ory; olb; oly; ply; orb; prb; pry; plb,ory; olb; oly; ply; orb; prb; pry; plb,,,,
Q35KN8,schema,ambiguous,1,3,otb,otb,prb; orb; plb; pry; ply; pry; olb; ply,plb; oly; olb; orb; pry; ply; prb; ory,ory; olb; oly; ply; orb; prb; pry; plb,ory; olb; oly; ply; orb; prb; pry; plb,,,,
Q35KN8,schema,ambiguous,1,4,ocb,ocb,prb; orb; plb; pry; ply; pry; olb; ply,plb; oly; olb; orb; pry; ply; prb; ory,ory; olb; oly; ply; orb; prb; pry; plb,ory; olb; oly; ply; orb; prb; pry; plb,,,,
Q35KN8,schema,ambiguous,1,5,obb,obb,prb; orb; plb; pry; ply; pry; olb; ply,plb; oly; olb; orb; pry; ply; prb; ory,ory; olb; oly; ply; orb; prb; pry; plb,ory; olb; oly; ply; orb; prb; pry; plb,,,,
Q35KN8,schema,ambiguous,1,6,pwy,pwy,prb; orb; plb; pry; ply; pry; olb; ply,plb; oly; olb; orb; pry; ply; prb; ory,ory; olb; oly; ply; orb; prb; pry; plb,ory; olb; oly; ply; orb; prb; pry; plb,,,,
Q35KN8,schema,ambiguous,1,7,pwr,pyr,prb; orb; plb; pry; ply; pry; olb; ply,plb; oly; olb; orb; pry; ply; prb; ory,ory; olb; oly; ply; orb; prb; pry; plb,ory; olb; oly; ply; orb; prb; pry; plb,,,,
RX5ED1,schema,ambiguous,0,0,pinky,pinky,kevin; alex; kevin; marco; penny; marco; jilly; jilly,separate; shortie; nerd; oh; p finger; red finger; tall; o finger,gray; wheel; apple; bird; shortie; yellow; rainbow; wide,gray; wheel; apple; bird; shortie; yellow; rainbow; wide eyes,,,,
RX5ED1,schema,ambiguous,0,1,bug,bug,kevin; alex; kevin; marco; penny; marco; jilly; jilly,separate; shortie; nerd; oh; p finger; red finger; tall; o finger,gray; wheel; apple; bird; shortie; yellow; rainbow; wide,gray; wheel; apple; bird; shortie; yellow; rainbow; wide eyes,,,,
RX5ED1,schema,ambiguous,0,2,lego,lego,kevin; alex; kevin; marco; penny; marco; jilly; jilly,separate; shortie; nerd; oh; p finger; red finger; tall; o finger,gray; wheel; apple; bird; shortie; yellow; rainbow; wide,gray; wheel; apple; bird; shortie; yellow; rainbow; wide eyes,,,,
RX5ED1,schema,ambiguous,0,3,brown,brown,kevin; alex; kevin; marco; penny; marco; jilly; jilly,separate; shortie; nerd; oh; p finger; red finger; tall; o finger,gray; wheel; apple; bird; shortie; yellow; rainbow; wide,gray; wheel; apple; bird; shortie; yellow; rainbow; wide eyes,,,,
RX5ED1,schema,ambiguous,0,4,wheel,wheel,kevin; alex; kevin; marco; penny; marco; jilly; jilly,separate; shortie; nerd; oh; p finger; red finger; tall; o finger,gray; wheel; apple; bird; shortie; yellow; rainbow; wide,gray; wheel; apple; bird; shortie; yellow; rainbow; wide eyes,,,,
RX5ED1,schema,ambiguous,0,5,shortie,shortie,kevin; alex; kevin; marco; penny; marco; jilly; jilly,separate; shortie; nerd; oh; p finger; red finger; tall; o finger,gray; wheel; apple; bird; shortie; yellow; rainbow; wide,gray; wheel; apple; bird; shortie; yellow; rainbow; wide eyes,,,,
RX5ED1,schema,ambiguous,0,6,white,white,kevin; alex; kevin; marco; penny; marco; jilly; jilly,separate; shortie; nerd; oh; p finger; red finger; tall; o finger,gray; wheel; apple; bird; shortie; yellow; rainbow; wide,gray; wheel; apple; bird; shortie; yellow; rainbow; wide eyes,,,,
RX5ED1,schema,ambiguous,0,7,oh,oh,kevin; alex; kevin; marco; penny; marco; jilly; jilly,separate; shortie; nerd; oh; p finger; red finger; tall; o finger,gray; wheel; apple; bird; shortie; yellow; rainbow; wide,gray; wheel; apple; bird; shortie; yellow; rainbow; wide eyes,,,,
RX5ED1,schema,ambiguous,1,0,pinky,pinky,jilly; alex; gene; greg; kevin; alex; greg; penny,separate; shortie; nerd; o mouth; p finger; red finger; tall; o finger,gray; wheel; apple; bird; shortie; yellow; rainbow; wide eyes,gray; wheel; apple; bird; shortie; yellow; rainbow; wide,,,,
RX5ED1,schema,ambiguous,1,1,bug,bug,jilly; alex; gene; greg; kevin; alex; greg; penny,separate; shortie; nerd; o mouth; p finger; red finger; tall; o finger,gray; wheel; apple; bird; shortie; yellow; rainbow; wide eyes,gray; wheel; apple; bird; shortie; yellow; rainbow; wide,,,,
RX5ED1,schema,ambiguous,1,2,lego,lego,jilly; alex; gene; greg; kevin; alex; greg; penny,separate; shortie; nerd; o mouth; p finger; red finger; tall; o finger,gray; wheel; apple; bird; shortie; yellow; rainbow; wide eyes,gray; wheel; apple; bird; shortie; yellow; rainbow; wide,,,,
RX5ED1,schema,ambiguous,1,3,brown,brown,jilly; alex; gene; greg; kevin; alex; greg; penny,separate; shortie; nerd; o mouth; p finger; red finger; tall; o finger,gray; wheel; apple; bird; shortie; yellow; rainbow; wide eyes,gray; wheel; apple; bird; shortie; yellow; rainbow; wide,,,,
RX5ED1,schema,ambiguous,1,4,wheel,wheel,jilly; alex; gene; greg; kevin; alex; greg; penny,separate; shortie; nerd; o mouth; p finger; red finger; tall; o finger,gray; wheel; apple; bird; shortie; yellow; rainbow; wide eyes,gray; wheel; apple; bird; shortie; yellow; rainbow; wide,,,,
RX5ED1,schema,ambiguous,1,5,shortie,shortie,jilly; alex; gene; greg; kevin; alex; greg; penny,separate; shortie; nerd; o mouth; p finger; red finger; tall; o finger,gray; wheel; apple; bird; shortie; yellow; rainbow; wide eyes,gray; wheel; apple; bird; shortie; yellow; rainbow; wide,,,,
RX5ED1,schema,ambiguous,1,6,white,white,jilly; alex; gene; greg; kevin; alex; greg; penny,separate; shortie; nerd; o mouth; p finger; red finger; tall; o finger,gray; wheel; apple; bird; shortie; yellow; rainbow; wide eyes,gray; wheel; apple; bird; shortie; yellow; rainbow; wide,,,,
RX5ED1,schema,ambiguous,1,7,oh,oh,jilly; alex; gene; greg; kevin; alex; greg; penny,separate; shortie; nerd; o mouth; p finger; red finger; tall; o finger,gray; wheel; apple; bird; shortie; yellow; rainbow; wide eyes,gray; wheel; apple; bird; shortie; yellow; rainbow; wide,,,,
SEW36Y,schema,ambiguous,0,0,purple,purple,purple black brown; orange black brown; purple red brown; purple black yellow; orange red yellow; orange black yellow; orange red brown; purple red yellow,purple right brown; orange short yellow; orange short brown; orange shoot brown; purple shoot yellow; purple short yellow; purple right brown; orange shoot yellow,orange; orange; orange; purple; orange; purple; purple; purple,; orange; orange; purple; orange; purple; purple; purple,,,,
SEW36Y,schema,ambiguous,0,1,purple,purple,purple black brown; orange black brown; purple red brown; purple black yellow; orange red yellow; orange black yellow; orange red brown; purple red yellow,purple right brown; orange short yellow; orange short brown; orange shoot brown; purple shoot yellow; purple short yellow; purple right brown; orange shoot yellow,orange; orange; orange; purple; orange; purple; purple; purple,; orange; orange; purple; orange; purple; purple; purple,,,,
SEW36Y,schema,ambiguous,0,2,orange,orange,purple black brown; orange black brown; purple red brown; purple black yellow; orange red yellow; orange black yellow; orange red brown; purple red yellow,purple right brown; orange short yellow; orange short brown; orange shoot brown; purple shoot yellow; purple short yellow; purple right brown; orange shoot yellow,orange; orange; orange; purple; orange; purple; purple; purple,; orange; orange; purple; orange; purple; purple; purple,,,,
SEW36Y,schema,ambiguous,0,3,orange,orange,purple black brown; orange black brown; purple red brown; purple black yellow; orange red yellow; orange black yellow; orange red brown; purple red yellow,purple right brown; orange short yellow; orange short brown; orange shoot brown; purple shoot yellow; purple short yellow; purple right brown; orange shoot yellow,orange; orange; orange; purple; orange; purple; purple; purple,; orange; orange; purple; orange; purple; purple; purple,,,,
SEW36Y,schema,ambiguous,0,4,orange,orange,purple black brown; orange black brown; purple red brown; purple black yellow; orange red yellow; orange black yellow; orange red brown; purple red yellow,purple right brown; orange short yellow; orange short brown; orange shoot brown; purple shoot yellow; purple short yellow; purple right brown; orange shoot yellow,orange; orange; orange; purple; orange; purple; purple; purple,; orange; orange; purple; orange; purple; purple; purple,,,,
SEW36Y,schema,ambiguous,0,5,orange,orange,purple black brown; orange black brown; purple red brown; purple black yellow; orange red yellow; orange black yellow; orange red brown; purple red yellow,purple right brown; orange short yellow; orange short brown; orange shoot brown; purple shoot yellow; purple short yellow; purple right brown; orange shoot yellow,orange; orange; orange; purple; orange; purple; purple; purple,; orange; orange; purple; orange; purple; purple; purple,,,,
SEW36Y,schema,ambiguous,0,6,purple,purple,purple black brown; orange black brown; purple red brown; purple black yellow; orange red yellow; orange black yellow; orange red brown; purple red yellow,purple right brown; orange short yellow; orange short brown; orange shoot brown; purple shoot yellow; purple short yellow; purple right brown; orange shoot yellow,orange; orange; orange; purple; orange; purple; purple; purple,; orange; orange; purple; orange; purple; purple; purple,,,,
SEW36Y,schema,ambiguous,0,7,purple,purple,purple black brown; orange black brown; purple red brown; purple black yellow; orange red yellow; orange black yellow; orange red brown; purple red yellow,purple right brown; orange short yellow; orange short brown; orange shoot brown; purple shoot yellow; purple short yellow; purple right brown; orange shoot yellow,orange; orange; orange; purple; orange; purple; purple; purple,; orange; orange; purple; orange; purple; purple; purple,,,,
SEW36Y,schema,ambiguous,1,0,purple,purple,purple black brown; orange black brown; purple red brown; purple black yellow; orange red yellow; orange black yellow; orange red brown; purple red yellow,purple front brown; orange short yellow; orange  shortbrown; orange right brown; purple shoot yellow; purple short yellow; purple right brown; orange shoot yellow,; orange; orange; purple; orange; purple; purple; purple,orange; orange; orange; purple; orange; purple; purple; purple,,,,
SEW36Y,schema,ambiguous,1,1,purple,purple,purple black brown; orange black brown; purple red brown; purple black yellow; orange red yellow; orange black yellow; orange red brown; purple red yellow,purple front brown; orange short yellow; orange  shortbrown; orange right brown; purple shoot yellow; purple short yellow; purple right brown; orange shoot yellow,; orange; orange; purple; orange; purple; purple; purple,orange; orange; orange; purple; orange; purple; purple; purple,,,,
SEW36Y,schema,ambiguous,1,2,orange,orange,purple black brown; orange black brown; purple red brown; purple black yellow; orange red yellow; orange black yellow; orange red brown; purple red yellow,purple front brown; orange short yellow; orange  shortbrown; orange right brown; purple shoot yellow; purple short yellow; purple right brown; orange shoot yellow,; orange; orange; purple; orange; purple; purple; purple,orange; orange; orange; purple; orange; purple; purple; purple,,,,
SEW36Y,schema,ambiguous,1,3,orange,orange,purple black brown; orange black brown; purple red brown; purple black yellow; orange red yellow; orange black yellow; orange red brown; purple red yellow,purple front brown; orange short yellow; orange  shortbrown; orange right brown; purple shoot yellow; purple short yellow; purple right brown; orange shoot yellow,; orange; orange; purple; orange; purple; purple; purple,orange; orange; orange; purple; orange; purple; purple; purple,,,,
SEW36Y,schema,ambiguous,1,4,orange,orange,purple black brown; orange black brown; purple red brown; purple black yellow; orange red yellow; orange black yellow; orange red brown; purple red yellow,purple front brown; orange short yellow; orange  shortbrown; orange right brown; purple shoot yellow; purple short yellow; purple right brown; orange shoot yellow,; orange; orange; purple; orange; purple; purple; purple,orange; orange; orange; purple; orange; purple; purple; purple,,,,
SEW36Y,schema,ambiguous,1,5,orange,orange,purple black brown; orange black brown; purple red brown; purple black yellow; orange red yellow; orange black yellow; orange red brown; purple red yellow,purple front brown; orange short yellow; orange  shortbrown; orange right brown; purple shoot yellow; purple short yellow; purple right brown; orange shoot yellow,; orange; orange; purple; orange; purple; purple; purple,orange; orange; orange; purple; orange; purple; purple; purple,,,,
SEW36Y,schema,ambiguous,1,6,purple,purple,purple black brown; orange black brown; purple red brown; purple black yellow; orange red yellow; orange black yellow; orange red brown; purple red yellow,purple front brown; orange short yellow; orange  shortbrown; orange right brown; purple shoot yellow; purple short yellow; purple right brown; orange shoot yellow,; orange; orange; purple; orange; purple; purple; purple,orange; orange; orange; purple; orange; purple; purple; purple,,,,
SEW36Y,schema,ambiguous,1,7,purple,purple,purple black brown; orange black brown; purple red brown; purple black yellow; orange red yellow; orange black yellow; orange red brown; purple red yellow,purple front brown; orange short yellow; orange  shortbrown; orange right brown; purple shoot yellow; purple short yellow; purple right brown; orange shoot yellow,; orange; orange; purple; orange; purple; purple; purple,orange; orange; orange; purple; orange; purple; purple; purple,,,,
SVNJPX,schema_tangrams,incompatible,0,0,arm sup,armsup,pbb; obb; prb; pby; ory; oby; orb; pry,prb; ory; orb; obb; pby; pry; pbb; oby,oby; orb; ory; pry; obb; pbb; pby; prb,oby; orb; ory; ory; obb; pbb; pby; prb,,,,
SVNJPX,schema_tangrams,incompatible,0,1,elephant,elephant,pbb; obb; prb; pby; ory; oby; orb; pry,prb; ory; orb; obb; pby; pry; pbb; oby,oby; orb; ory; pry; obb; pbb; pby; prb,oby; orb; ory; ory; obb; pbb; pby; prb,,,,
SVNJPX,schema_tangrams,incompatible,0,2,water fountain,kneel,pbb; obb; prb; pby; ory; oby; orb; pry,prb; ory; orb; obb; pby; pry; pbb; oby,oby; orb; ory; pry; obb; pbb; pby; prb,oby; orb; ory; ory; obb; pbb; pby; prb,,,,
SVNJPX,schema_tangrams,incompatible,0,3,dance,skate,pbb; obb; prb; pby; ory; oby; orb; pry,prb; ory; orb; obb; pby; pry; pbb; oby,oby; orb; ory; pry; obb; pbb; pby; prb,oby; orb; ory; ory; obb; pbb; pby; prb,,,,
SVNJPX,schema_tangrams,incompatible,0,4,pray,pray,pbb; obb; prb; pby; ory; oby; orb; pry,prb; ory; orb; obb; pby; pry; pbb; oby,oby; orb; ory; pry; obb; pbb; pby; prb,oby; orb; ory; ory; obb; pbb; pby; prb,,,,
SVNJPX,schema_tangrams,incompatible,0,5,water fountain,beg,pbb; obb; prb; pby; ory; oby; orb; pry,prb; ory; orb; obb; pby; pry; pbb; oby,oby; orb; ory; pry; obb; pbb; pby; prb,oby; orb; ory; ory; obb; pbb; pby; prb,,,,
SVNJPX,schema_tangrams,incompatible,0,6,dance,dance,pbb; obb; prb; pby; ory; oby; orb; pry,prb; ory; orb; obb; pby; pry; pbb; oby,oby; orb; ory; pry; obb; pbb; pby; prb,oby; orb; ory; ory; obb; pbb; pby; prb,,,,
SVNJPX,schema_tangrams,incompatible,0,7,water fountain,pray,pbb; obb; prb; pby; ory; oby; orb; pry,prb; ory; orb; obb; pby; pry; pbb; oby,oby; orb; ory; pry; obb; pbb; pby; prb,oby; orb; ory; ory; obb; pbb; pby; prb,,,,
SVNJPX,schema_tangrams,incompatible,1,0,armsup,arm sup,pbr; obb; prb; pby; ory; oby; orb; pry,prb; ory; orb; obb; pby; pry; pbb; oby,oby; orb; ory; ory; obb; pbb; pby; prb,oby; orb; ory; pry; obb; pbb; pby; prb,,,,
SVNJPX,schema_tangrams,incompatible,1,1,elephant,elephant,pbr; obb; prb; pby; ory; oby; orb; pry,prb; ory; orb; obb; pby; pry; pbb; oby,oby; orb; ory; ory; obb; pbb; pby; prb,oby; orb; ory; pry; obb; pbb; pby; prb,,,,
SVNJPX,schema_tangrams,incompatible,1,2,kneel,water fountain,pbr; obb; prb; pby; ory; oby; orb; pry,prb; ory; orb; obb; pby; pry; pbb; oby,oby; orb; ory; ory; obb; pbb; pby; prb,oby; orb; ory; pry; obb; pbb; pby; prb,,,,
SVNJPX,schema_tangrams,incompatible,1,3,skate,dance,pbr; obb; prb; pby; ory; oby; orb; pry,prb; ory; orb; obb; pby; pry; pbb; oby,oby; orb; ory; ory; obb; pbb; pby; prb,oby; orb; ory; pry; obb; pbb; pby; prb,,,,
SVNJPX,schema_tangrams,incompatible,1,4,pray,pray,pbr; obb; prb; pby; ory; oby; orb; pry,prb; ory; orb; obb; pby; pry; pbb; oby,oby; orb; ory; ory; obb; pbb; pby; prb,oby; orb; ory; pry; obb; pbb; pby; prb,,,,
SVNJPX,schema_tangrams,incompatible,1,5,beg,water fountain,pbr; obb; prb; pby; ory; oby; orb; pry,prb; ory; orb; obb; pby; pry; pbb; oby,oby; orb; ory; ory; obb; pbb; pby; prb,oby; orb; ory; pry; obb; pbb; pby; prb,,,,
SVNJPX,schema_tangrams,incompatible,1,6,dance,dance,pbr; obb; prb; pby; ory; oby; orb; pry,prb; ory; orb; obb; pby; pry; pbb; oby,oby; orb; ory; ory; obb; pbb; pby; prb,oby; orb; ory; pry; obb; pbb; pby; prb,,,,
SVNJPX,schema_tangrams,incompatible,1,7,pray,water fountain,pbr; obb; prb; pby; ory; oby; orb; pry,prb; ory; orb; obb; pby; pry; pbb; oby,oby; orb; ory; ory; obb; pbb; pby; prb,oby; orb; ory; pry; obb; pbb; pby; prb,,,,
T9E8Y9,schema,ambiguous,0,0,purple black pink,purple black pink,purple black brown; orange black brown; purple red brown; purple black yellow; orange red yellow; orange black yellow; orange red brown; purple red yellow,purple red brown; orange red yellow; orange red brown; orange black brown; purple black yellow; purple red yellow; purple black bor; orange black yellow,orange black yellow; orange red brown; orange red yellow; purple red yellow; orange black brown; purple black brown; purple black yellow; purple red brown,orange black yellow; orange red brown; orange red yellow; purple red yellow; orange black brown; purple black brown; purple black yellow; purple red brown,,,,
T9E8Y9,schema,ambiguous,0,1,purple black yellow,purple black yellow,purple black brown; orange black brown; purple red brown; purple black yellow; orange red yellow; orange black yellow; orange red brown; purple red yellow,purple red brown; orange red yellow; orange red brown; orange black brown; purple black yellow; purple red yellow; purple black bor; orange black yellow,orange black yellow; orange red brown; orange red yellow; purple red yellow; orange black brown; purple black brown; purple black yellow; purple red brown,orange black yellow; orange red brown; orange red yellow; purple red yellow; orange black brown; purple black brown; purple black yellow; purple red brown,,,,
T9E8Y9,schema,ambiguous,0,2,orange red yellow,orange red yellow,purple black brown; orange black brown; purple red brown; purple black yellow; orange red yellow; orange black yellow; orange red brown; purple red yellow,purple red brown; orange red yellow; orange red brown; orange black brown; purple black yellow; purple red yellow; purple black bor; orange black yellow,orange black yellow; orange red brown; orange red yellow; purple red yellow; orange black brown; purple black brown; purple black yellow; purple red brown,orange black yellow; orange red brown; orange red yellow; purple red yellow; orange black brown; purple black brown; purple black yellow; purple red brown,,,,
T9E8Y9,schema,ambiguous,0,3,orange red brown,orange red brown,purple black brown; orange black brown; purple red brown; purple black yellow; orange red yellow; orange black yellow; orange red brown; purple red yellow,purple red brown; orange red yellow; orange red brown; orange black brown; purple black yellow; purple red yellow; purple black bor; orange black yellow,orange black yellow; orange red brown; orange red yellow; purple red yellow; orange black brown; purple black brown; purple black yellow; purple red brown,orange black yellow; orange red brown; orange red yellow; purple red yellow; orange black brown; purple black brown; purple black yellow; purple red brown,,,,
T9E8Y9,schema,ambiguous,0,4,orange red blue,orange red blue,purple black brown; orange black brown; purple red brown; purple black yellow; orange red yellow; orange black yellow; orange red brown; purple red yellow,purple red brown; orange red yellow; orange red brown; orange black brown; purple black yellow; purple red yellow; purple black bor; orange black yellow,orange black yellow; orange red brown; orange red yellow; purple red yellow; orange black brown; purple black brown; purple black yellow; purple red brown,orange black yellow; orange red brown; orange red yellow; purple red yellow; orange black brown; purple black brown; purple black yellow; purple red brown,,,,
T9E8Y9,schema,ambiguous,0,5,orange red brown,orange red brown,purple black brown; orange black brown; purple red brown; purple black yellow; orange red yellow; orange black yellow; orange red brown; purple red yellow,purple red brown; orange red yellow; orange red brown; orange black brown; purple black yellow; purple red yellow; purple black bor; orange black yellow,orange black yellow; orange red brown; orange red yellow; purple red yellow; orange black brown; purple black brown; purple black yellow; purple red brown,orange black yellow; orange red brown; orange red yellow; purple red yellow; orange black brown; purple black brown; purple black yellow; purple red brown,,,,
T9E8Y9,schema,ambiguous,0,6,purple black,purple black white,purple black brown; orange black brown; purple red brown; purple black yellow; orange red yellow; orange black yellow; orange red brown; purple red yellow,purple red brown; orange red yellow; orange red brown; orange black brown; purple black yellow; purple red yellow; purple black bor; orange black yellow,orange black yellow; orange red brown; orange red yellow; purple red yellow; orange black brown; purple black brown; purple black yellow; purple red brown,orange black yellow; orange red brown; orange red yellow; purple red yellow; orange black brown; purple black brown; purple black yellow; purple red brown,,,,
T9E8Y9,schema,ambiguous,0,7,purple brown yellow,purple black yellow,purple black brown; orange black brown; purple red brown; purple black yellow; orange red yellow; orange black yellow; orange red brown; purple red yellow,purple red brown; orange red yellow; orange red brown; orange black brown; purple black yellow; purple red yellow; purple black bor; orange black yellow,orange black yellow; orange red brown; orange red yellow; purple red yellow; orange black brown; purple black brown; purple black yellow; purple red brown,orange black yellow; orange red brown; orange red yellow; purple red yellow; orange black brown; purple black brown; purple black yellow; purple red brown,,,,
T9E8Y9,schema,ambiguous,1,0,purple black pink,purple black pink,purple black brown; orange black brown; purple red brown; purple black yellow; orange red yellow; orange black yellow; orange red brown; purple red yellow,purple red brown; orange red yellow; orange red brown; orange black brown; purple black yellow; purple red yellow; purple black brown; orange black yellow,orange black yellow; orange red brown; orange red yellow; purple red yellow; orange black brown; purple black brown; purple black yellow; purple red brown,orange black yellow; orange red brown; orange red yellow; purple red yellow; orange black brown; purple black brown; purple black yellow; purple red brown,,,,
T9E8Y9,schema,ambiguous,1,1,purple black yellow,purple black yellow,purple black brown; orange black brown; purple red brown; purple black yellow; orange red yellow; orange black yellow; orange red brown; purple red yellow,purple red brown; orange red yellow; orange red brown; orange black brown; purple black yellow; purple red yellow; purple black brown; orange black yellow,orange black yellow; orange red brown; orange red yellow; purple red yellow; orange black brown; purple black brown; purple black yellow; purple red brown,orange black yellow; orange red brown; orange red yellow; purple red yellow; orange black brown; purple black brown; purple black yellow; purple red brown,,,,
T9E8Y9,schema,ambiguous,1,2,orange red yellow,orange red yellow,purple black brown; orange black brown; purple red brown; purple black yellow; orange red yellow; orange black yellow; orange red brown; purple red yellow,purple red brown; orange red yellow; orange red brown; orange black brown; purple black yellow; purple red yellow; purple black brown; orange black yellow,orange black yellow; orange red brown; orange red yellow; purple red yellow; orange black brown; purple black brown; purple black yellow; purple red brown,orange black yellow; orange red brown; orange red yellow; purple red yellow; orange black brown; purple black brown; purple black yellow; purple red brown,,,,
T9E8Y9,schema,ambiguous,1,3,orange red brown,orange red brown,purple black brown; orange black brown; purple red brown; purple black yellow; orange red yellow; orange black yellow; orange red brown; purple red yellow,purple red brown; orange red yellow; orange red brown; orange black brown; purple black yellow; purple red yellow; purple black brown; orange black yellow,orange black yellow; orange red brown; orange red yellow; purple red yellow; orange black brown; purple black brown; purple black yellow; purple red brown,orange black yellow; orange red brown; orange red yellow; purple red yellow; orange black brown; purple black brown; purple black yellow; purple red brown,,,,
T9E8Y9,schema,ambiguous,1,4,orange red blue,orange red blue,purple black brown; orange black brown; purple red brown; purple black yellow; orange red yellow; orange black yellow; orange red brown; purple red yellow,purple red brown; orange red yellow; orange red brown; orange black brown; purple black yellow; purple red yellow; purple black brown; orange black yellow,orange black yellow; orange red brown; orange red yellow; purple red yellow; orange black brown; purple black brown; purple black yellow; purple red brown,orange black yellow; orange red brown; orange red yellow; purple red yellow; orange black brown; purple black brown; purple black yellow; purple red brown,,,,
T9E8Y9,schema,ambiguous,1,5,orange red brown,orange red brown,purple black brown; orange black brown; purple red brown; purple black yellow; orange red yellow; orange black yellow; orange red brown; purple red yellow,purple red brown; orange red yellow; orange red brown; orange black brown; purple black yellow; purple red yellow; purple black brown; orange black yellow,orange black yellow; orange red brown; orange red yellow; purple red yellow; orange black brown; purple black brown; purple black yellow; purple red brown,orange black yellow; orange red brown; orange red yellow; purple red yellow; orange black brown; purple black brown; purple black yellow; purple red brown,,,,
T9E8Y9,schema,ambiguous,1,6,purple black white,purple black,purple black brown; orange black brown; purple red brown; purple black yellow; orange red yellow; orange black yellow; orange red brown; purple red yellow,purple red brown; orange red yellow; orange red brown; orange black brown; purple black yellow; purple red yellow; purple black brown; orange black yellow,orange black yellow; orange red brown; orange red yellow; purple red yellow; orange black brown; purple black brown; purple black yellow; purple red brown,orange black yellow; orange red brown; orange red yellow; purple red yellow; orange black brown; purple black brown; purple black yellow; purple red brown,,,,
T9E8Y9,schema,ambiguous,1,7,purple black yellow,purple brown yellow,purple black brown; orange black brown; purple red brown; purple black yellow; orange red yellow; orange black yellow; orange red brown; purple red yellow,purple red brown; orange red yellow; orange red brown; orange black brown; purple black yellow; purple red yellow; purple black brown; orange black yellow,orange black yellow; orange red brown; orange red yellow; purple red yellow; orange black brown; purple black brown; purple black yellow; purple red brown,orange black yellow; orange red brown; orange red yellow; purple red yellow; orange black brown; purple black brown; purple black yellow; purple red brown,,,,
TJKZD2,schema_tangrams,incompatible,0,0,not sure,straight,purple black brown; orange black brown; purple red; purple black yellow; orange red yellow; orange black yellow; orange red brown; purple red yellow,purple red brown; orange red yellow; orange red brown; orange black brown; purple black yellow; purple red yellow; purple black brown; orange black yellow,orange black yellow; orange red brown; orange red yellow; purple red yellow; orange black brown; purple black brown; purple black yellow; purple red brown,black yellow; orange red brown; orange; purple red yellow; orange black brown; purple black brown; purple black yellow; purple red brown,,,,
TJKZD2,schema_tangrams,incompatible,0,1,leg square right,leg square middle,purple black brown; orange black brown; purple red; purple black yellow; orange red yellow; orange black yellow; orange red brown; purple red yellow,purple red brown; orange red yellow; orange red brown; orange black brown; purple black yellow; purple red yellow; purple black brown; orange black yellow,orange black yellow; orange red brown; orange red yellow; purple red yellow; orange black brown; purple black brown; purple black yellow; purple red brown,black yellow; orange red brown; orange; purple red yellow; orange black brown; purple black brown; purple black yellow; purple red brown,,,,
TJKZD2,schema_tangrams,incompatible,0,2,leg square middle,straight,purple black brown; orange black brown; purple red; purple black yellow; orange red yellow; orange black yellow; orange red brown; purple red yellow,purple red brown; orange red yellow; orange red brown; orange black brown; purple black yellow; purple red yellow; purple black brown; orange black yellow,orange black yellow; orange red brown; orange red yellow; purple red yellow; orange black brown; purple black brown; purple black yellow; purple red brown,black yellow; orange red brown; orange; purple red yellow; orange black brown; purple black brown; purple black yellow; purple red brown,,,,
TJKZD2,schema_tangrams,incompatible,0,3,leg square left,leg square right,purple black brown; orange black brown; purple red; purple black yellow; orange red yellow; orange black yellow; orange red brown; purple red yellow,purple red brown; orange red yellow; orange red brown; orange black brown; purple black yellow; purple red yellow; purple black brown; orange black yellow,orange black yellow; orange red brown; orange red yellow; purple red yellow; orange black brown; purple black brown; purple black yellow; purple red brown,black yellow; orange red brown; orange; purple red yellow; orange black brown; purple black brown; purple black yellow; purple red brown,,,,
TJKZD2,schema_tangrams,incompatible,0,4,leg square middle,straight,purple black brown; orange black brown; purple red; purple black yellow; orange red yellow; orange black yellow; orange red brown; purple red yellow,purple red brown; orange red yellow; orange red brown; orange black brown; purple black yellow; purple red yellow; purple black brown; orange black yellow,orange black yellow; orange red brown; orange red yellow; purple red yellow; orange black brown; purple black brown; purple black yellow; purple red brown,black yellow; orange red brown; orange; purple red yellow; orange black brown; purple black brown; purple black yellow; purple red brown,,,,
TJKZD2,schema_tangrams,incompatible,0,5,middle,straight,purple black brown; orange black brown; purple red; purple black yellow; orange red yellow; orange black yellow; orange red brown; purple red yellow,purple red brown; orange red yellow; orange red brown; orange black brown; purple black yellow; purple red yellow; purple black brown; orange black yellow,orange black yellow; orange red brown; orange red yellow; purple red yellow; orange black brown; purple black brown; purple black yellow; purple red brown,black yellow; orange red brown; orange; purple red yellow; orange black brown; purple black brown; purple black yellow; purple red brown,,,,
TJKZD2,schema_tangrams,incompatible,0,6,middle,leg square right,purple black brown; orange black brown; purple red; purple black yellow; orange red yellow; orange black yellow; orange red brown; purple red yellow,purple red brown; orange red yellow; orange red brown; orange black brown; purple black yellow; purple red yellow; purple black brown; orange black yellow,orange black yellow; orange red brown; orange red yellow; purple red yellow; orange black brown; purple black brown; purple black yellow; purple red brown,black yellow; orange red brown; orange; purple red yellow; orange black brown; purple black brown; purple black yellow; purple red brown,,,,
TJKZD2,schema_tangrams,incompatible,0,7,middle,straight,purple black brown; orange black brown; purple red; purple black yellow; orange red yellow; orange black yellow; orange red brown; purple red yellow,purple red brown; orange red yellow; orange red brown; orange black brown; purple black yellow; purple red yellow; purple black brown; orange black yellow,orange black yellow; orange red brown; orange red yellow; purple red yellow; orange black brown; purple black brown; purple black yellow; purple red brown,black yellow; orange red brown; orange; purple red yellow; orange black brown; purple black brown; purple black yellow; purple red brown,,,,
TJKZD2,schema_tangrams,incompatible,1,0,straight,not sure,purple black brown; orange black brown; purple red brown; purple black yellow; orange red yellow; orange black yellow; orange red brown; purple red yellow,purple red brown; orange red yellow; orange red brown; orange black brown; purple black yellow; purple red yellow; purple black brown; orange black yellow,black yellow; orange red brown; orange; purple red yellow; orange black brown; purple black brown; purple black yellow; purple red brown,orange black yellow; orange red brown; orange red yellow; purple red yellow; orange black brown; purple black brown; purple black yellow; purple red brown,,,,
TJKZD2,schema_tangrams,incompatible,1,1,leg square middle,leg square right,purple black brown; orange black brown; purple red brown; purple black yellow; orange red yellow; orange black yellow; orange red brown; purple red yellow,purple red brown; orange red yellow; orange red brown; orange black brown; purple black yellow; purple red yellow; purple black brown; orange black yellow,black yellow; orange red brown; orange; purple red yellow; orange black brown; purple black brown; purple black yellow; purple red brown,orange black yellow; orange red brown; orange red yellow; purple red yellow; orange black brown; purple black brown; purple black yellow; purple red brown,,,,
TJKZD2,schema_tangrams,incompatible,1,2,straight,leg square middle,purple black brown; orange black brown; purple red brown; purple black yellow; orange red yellow; orange black yellow; orange red brown; purple red yellow,purple red brown; orange red yellow; orange red brown; orange black brown; purple black yellow; purple red yellow; purple black brown; orange black yellow,black yellow; orange red brown; orange; purple red yellow; orange black brown; purple black brown; purple black yellow; purple red brown,orange black yellow; orange red brown; orange red yellow; purple red yellow; orange black brown; purple black brown; purple black yellow; purple red brown,,,,
TJKZD2,schema_tangrams,incompatible,1,3,leg square right,leg square left,purple black brown; orange black brown; purple red brown; purple black yellow; orange red yellow; orange black yellow; orange red brown; purple red yellow,purple red brown; orange red yellow; orange red brown; orange black brown; purple black yellow; purple red yellow; purple black brown; orange black yellow,black yellow; orange red brown; orange; purple red yellow; orange black brown; purple black brown; purple black yellow; purple red brown,orange black yellow; orange red brown; orange red yellow; purple red yellow; orange black brown; purple black brown; purple black yellow; purple red brown,,,,
TJKZD2,schema_tangrams,incompatible,1,4,straight,leg square middle,purple black brown; orange black brown; purple red brown; purple black yellow; orange red yellow; orange black yellow; orange red brown; purple red yellow,purple red brown; orange red yellow; orange red brown; orange black brown; purple black yellow; purple red yellow; purple black brown; orange black yellow,black yellow; orange red brown; orange; purple red yellow; orange black brown; purple black brown; purple black yellow; purple red brown,orange black yellow; orange red brown; orange red yellow; purple red yellow; orange black brown; purple black brown; purple black yellow; purple red brown,,,,
TJKZD2,schema_tangrams,incompatible,1,5,straight,middle,purple black brown; orange black brown; purple red brown; purple black yellow; orange red yellow; orange black yellow; orange red brown; purple red yellow,purple red brown; orange red yellow; orange red brown; orange black brown; purple black yellow; purple red yellow; purple black brown; orange black yellow,black yellow; orange red brown; orange; purple red yellow; orange black brown; purple black brown; purple black yellow; purple red brown,orange black yellow; orange red brown; orange red yellow; purple red yellow; orange black brown; purple black brown; purple black yellow; purple red brown,,,,
TJKZD2,schema_tangrams,incompatible,1,6,leg square right,middle,purple black brown; orange black brown; purple red brown; purple black yellow; orange red yellow; orange black yellow; orange red brown; purple red yellow,purple red brown; orange red yellow; orange red brown; orange black brown; purple black yellow; purple red yellow; purple black brown; orange black yellow,black yellow; orange red brown; orange; purple red yellow; orange black brown; purple black brown; purple black yellow; purple red brown,orange black yellow; orange red brown; orange red yellow; purple red yellow; orange black brown; purple black brown; purple black yellow; purple red brown,,,,
TJKZD2,schema_tangrams,incompatible,1,7,straight,middle,purple black brown; orange black brown; purple red brown; purple black yellow; orange red yellow; orange black yellow; orange red brown; purple red yellow,purple red brown; orange red yellow; orange red brown; orange black brown; purple black yellow; purple red yellow; purple black brown; orange black yellow,black yellow; orange red brown; orange; purple red yellow; orange black brown; purple black brown; purple black yellow; purple red brown,orange black yellow; orange red brown; orange red yellow; purple red yellow; orange black brown; purple black brown; purple black yellow; purple red brown,,,,
TVX9PZ,schema_tangrams,incompatible,0,0,falling,falling,purple black red right; orange black brown right; purple red brown left; purple black yellow right; orange bowrn yellow left; orange black yellow right; orange red brown left; purple red yellow left,purple red brown left; orange red yellow left; orange red brown left; orange black brown right; purple black yellow right; purple red yellow left; purple black brown right; orange black yellow right,orange black yellow right; orange red brown left; orange red yellow left; purple red yellow left; orange black brown right; purple black brown right; purple black yellow right; purple red brown left,orange black yellow right; orange red brown left; orange red yellow left; purple red yellow left; orange black brown right; purple black brown right; purple black yellow right; purple red brown left,,,,
TVX9PZ,schema_tangrams,incompatible,0,1,jumping,jumping,purple black red right; orange black brown right; purple red brown left; purple black yellow right; orange bowrn yellow left; orange black yellow right; orange red brown left; purple red yellow left,purple red brown left; orange red yellow left; orange red brown left; orange black brown right; purple black yellow right; purple red yellow left; purple black brown right; orange black yellow right,orange black yellow right; orange red brown left; orange red yellow left; purple red yellow left; orange black brown right; purple black brown right; purple black yellow right; purple red brown left,orange black yellow right; orange red brown left; orange red yellow left; purple red yellow left; orange black brown right; purple black brown right; purple black yellow right; purple red brown left,,,,
TVX9PZ,schema_tangrams,incompatible,0,2,dancing,running,purple black red right; orange black brown right; purple red brown left; purple black yellow right; orange bowrn yellow left; orange black yellow right; orange red brown left; purple red yellow left,purple red brown left; orange red yellow left; orange red brown left; orange black brown right; purple black yellow right; purple red yellow left; purple black brown right; orange black yellow right,orange black yellow right; orange red brown left; orange red yellow left; purple red yellow left; orange black brown right; purple black brown right; purple black yellow right; purple red brown left,orange black yellow right; orange red brown left; orange red yellow left; purple red yellow left; orange black brown right; purple black brown right; purple black yellow right; purple red brown left,,,,
TVX9PZ,schema_tangrams,incompatible,0,3,bird,bird,purple black red right; orange black brown right; purple red brown left; purple black yellow right; orange bowrn yellow left; orange black yellow right; orange red brown left; purple red yellow left,purple red brown left; orange red yellow left; orange red brown left; orange black brown right; purple black yellow right; purple red yellow left; purple black brown right; orange black yellow right,orange black yellow right; orange red brown left; orange red yellow left; purple red yellow left; orange black brown right; purple black brown right; purple black yellow right; purple red brown left,orange black yellow right; orange red brown left; orange red yellow left; purple red yellow left; orange black brown right; purple black brown right; purple black yellow right; purple red brown left,,,,
TVX9PZ,schema_tangrams,incompatible,0,4,gown,gown,purple black red right; orange black brown right; purple red brown left; purple black yellow right; orange bowrn yellow left; orange black yellow right; orange red brown left; purple red yellow left,purple red brown left; orange red yellow left; orange red brown left; orange black brown right; purple black yellow right; purple red yellow left; purple black brown right; orange black yellow right,orange black yellow right; orange red brown left; orange red yellow left; purple red yellow left; orange black brown right; purple black brown right; purple black yellow right; purple red brown left,orange black yellow right; orange red brown left; orange red yellow left; purple red yellow left; orange black brown right; purple black brown right; purple black yellow right; purple red brown left,,,,
TVX9PZ,schema_tangrams,incompatible,0,5,praying bending,praying bending,purple black red right; orange black brown right; purple red brown left; purple black yellow right; orange bowrn yellow left; orange black yellow right; orange red brown left; purple red yellow left,purple red brown left; orange red yellow left; orange red brown left; orange black brown right; purple black yellow right; purple red yellow left; purple black brown right; orange black yellow right,orange black yellow right; orange red brown left; orange red yellow left; purple red yellow left; orange black brown right; purple black brown right; purple black yellow right; purple red brown left,orange black yellow right; orange red brown left; orange red yellow left; purple red yellow left; orange black brown right; purple black brown right; purple black yellow right; purple red brown left,,,,
TVX9PZ,schema_tangrams,incompatible,0,6,dancing,dancing,purple black red right; orange black brown right; purple red brown left; purple black yellow right; orange bowrn yellow left; orange black yellow right; orange red brown left; purple red yellow left,purple red brown left; orange red yellow left; orange red brown left; orange black brown right; purple black yellow right; purple red yellow left; purple black brown right; orange black yellow right,orange black yellow right; orange red brown left; orange red yellow left; purple red yellow left; orange black brown right; purple black brown right; purple black yellow right; purple red brown left,orange black yellow right; orange red brown left; orange red yellow left; purple red yellow left; orange black brown right; purple black brown right; purple black yellow right; purple red brown left,,,,
TVX9PZ,schema_tangrams,incompatible,0,7,praying standing,praying standing,purple black red right; orange black brown right; purple red brown left; purple black yellow right; orange bowrn yellow left; orange black yellow right; orange red brown left; purple red yellow left,purple red brown left; orange red yellow left; orange red brown left; orange black brown right; purple black yellow right; purple red yellow left; purple black brown right; orange black yellow right,orange black yellow right; orange red brown left; orange red yellow left; purple red yellow left; orange black brown right; purple black brown right; purple black yellow right; purple red brown left,orange black yellow right; orange red brown left; orange red yellow left; purple red yellow left; orange black brown right; purple black brown right; purple black yellow right; purple red brown left,,,,
TVX9PZ,schema_tangrams,incompatible,1,0,falling,falling,purple black brown left; orange black brown right; purple red brown left; purple black yellow right; orange red yellow left; orange black yellow right; orange red brown left; purple red yellow left,purple red brown left; orange red yellow left; orange red brown left; orange black brown right; purple black yellow right; purple red yellow left; purple black brown right; orange black yellow right,orange black yellow right; orange red brown left; orange red yellow left; purple red yellow left; orange black brown right; purple black brown right; purple black yellow right; purple red brown left,orange black yellow right; orange red brown left; orange red yellow left; purple red yellow left; orange black brown right; purple black brown right; purple black yellow right; purple red brown left,,,,
TVX9PZ,schema_tangrams,incompatible,1,1,jumping,jumping,purple black brown left; orange black brown right; purple red brown left; purple black yellow right; orange red yellow left; orange black yellow right; orange red brown left; purple red yellow left,purple red brown left; orange red yellow left; orange red brown left; orange black brown right; purple black yellow right; purple red yellow left; purple black brown right; orange black yellow right,orange black yellow right; orange red brown left; orange red yellow left; purple red yellow left; orange black brown right; purple black brown right; purple black yellow right; purple red brown left,orange black yellow right; orange red brown left; orange red yellow left; purple red yellow left; orange black brown right; purple black brown right; purple black yellow right; purple red brown left,,,,
TVX9PZ,schema_tangrams,incompatible,1,2,running,dancing,purple black brown left; orange black brown right; purple red brown left; purple black yellow right; orange red yellow left; orange black yellow right; orange red brown left; purple red yellow left,purple red brown left; orange red yellow left; orange red brown left; orange black brown right; purple black yellow right; purple red yellow left; purple black brown right; orange black yellow right,orange black yellow right; orange red brown left; orange red yellow left; purple red yellow left; orange black brown right; purple black brown right; purple black yellow right; purple red brown left,orange black yellow right; orange red brown left; orange red yellow left; purple red yellow left; orange black brown right; purple black brown right; purple black yellow right; purple red brown left,,,,
TVX9PZ,schema_tangrams,incompatible,1,3,bird,bird,purple black brown left; orange black brown right; purple red brown left; purple black yellow right; orange red yellow left; orange black yellow right; orange red brown left; purple red yellow left,purple red brown left; orange red yellow left; orange red brown left; orange black brown right; purple black yellow right; purple red yellow left; purple black brown right; orange black yellow right,orange black yellow right; orange red brown left; orange red yellow left; purple red yellow left; orange black brown right; purple black brown right; purple black yellow right; purple red brown left,orange black yellow right; orange red brown left; orange red yellow left; purple red yellow left; orange black brown right; purple black brown right; purple black yellow right; purple red brown left,,,,
TVX9PZ,schema_tangrams,incompatible,1,4,gown,gown,purple black brown left; orange black brown right; purple red brown left; purple black yellow right; orange red yellow left; orange black yellow right; orange red brown left; purple red yellow left,purple red brown left; orange red yellow left; orange red brown left; orange black brown right; purple black yellow right; purple red yellow left; purple black brown right; orange black yellow right,orange black yellow right; orange red brown left; orange red yellow left; purple red yellow left; orange black brown right; purple black brown right; purple black yellow right; purple red brown left,orange black yellow right; orange red brown left; orange red yellow left; purple red yellow left; orange black brown right; purple black brown right; purple black yellow right; purple red brown left,,,,
TVX9PZ,schema_tangrams,incompatible,1,5,praying bending,praying bending,purple black brown left; orange black brown right; purple red brown left; purple black yellow right; orange red yellow left; orange black yellow right; orange red brown left; purple red yellow left,purple red brown left; orange red yellow left; orange red brown left; orange black brown right; purple black yellow right; purple red yellow left; purple black brown right; orange black yellow right,orange black yellow right; orange red brown left; orange red yellow left; purple red yellow left; orange black brown right; purple black brown right; purple black yellow right; purple red brown left,orange black yellow right; orange red brown left; orange red yellow left; purple red yellow left; orange black brown right; purple black brown right; purple black yellow right; purple red brown left,,,,
TVX9PZ,schema_tangrams,incompatible,1,6,dancing,dancing,purple black brown left; orange black brown right; purple red brown left; purple black yellow right; orange red yellow left; orange black yellow right; orange red brown left; purple red yellow left,purple red brown left; orange red yellow left; orange red brown left; orange black brown right; purple black yellow right; purple red yellow left; purple black brown right; orange black yellow right,orange black yellow right; orange red brown left; orange red yellow left; purple red yellow left; orange black brown right; purple black brown right; purple black yellow right; purple red brown left,orange black yellow right; orange red brown left; orange red yellow left; purple red yellow left; orange black brown right; purple black brown right; purple black yellow right; purple red brown left,,,,
TVX9PZ,schema_tangrams,incompatible,1,7,praying standing,praying standing,purple black brown left; orange black brown right; purple red brown left; purple black yellow right; orange red yellow left; orange black yellow right; orange red brown left; purple red yellow left,purple red brown left; orange red yellow left; orange red brown left; orange black brown right; purple black yellow right; purple red yellow left; purple black brown right; orange black yellow right,orange black yellow right; orange red brown left; orange red yellow left; purple red yellow left; orange black brown right; purple black brown right; purple black yellow right; purple red brown left,orange black yellow right; orange red brown left; orange red yellow left; purple red yellow left; orange black brown right; purple black brown right; purple black yellow right; purple red brown left,,,,
VDV067,schema_tangrams,incompatible,0,0,hallelujah,hallelujah,purple black brown; orange black brown; purple red brown; purple black yellow; orange red yellow; orange black yellow; orange red brown; purple red yellow,purple red brown; orange red yellow; orange red brown; orange black brown; purple black yellow; purple red yellow; purple black brown; orange black yellow,orange black yellow; orange red brown; orange red yellow; purple red yellow; orange black brown; purple black brown; purple black yellow; purple red brown,orange black yellow; orange red brown; orange red yellow; purple red yellow; orange black brown; purple black brown; purple black yellow; purple red brown,,,,
VDV067,schema_tangrams,incompatible,0,1,right leg up,right leg up,purple black brown; orange black brown; purple red brown; purple black yellow; orange red yellow; orange black yellow; orange red brown; purple red yellow,purple red brown; orange red yellow; orange red brown; orange black brown; purple black yellow; purple red yellow; purple black brown; orange black yellow,orange black yellow; orange red brown; orange red yellow; purple red yellow; orange black brown; purple black brown; purple black yellow; purple red brown,orange black yellow; orange red brown; orange red yellow; purple red yellow; orange black brown; purple black brown; purple black yellow; purple red brown,,,,
VDV067,schema_tangrams,incompatible,0,2,bow,bow,purple black brown; orange black brown; purple red brown; purple black yellow; orange red yellow; orange black yellow; orange red brown; purple red yellow,purple red brown; orange red yellow; orange red brown; orange black brown; purple black yellow; purple red yellow; purple black brown; orange black yellow,orange black yellow; orange red brown; orange red yellow; purple red yellow; orange black brown; purple black brown; purple black yellow; purple red brown,orange black yellow; orange red brown; orange red yellow; purple red yellow; orange black brown; purple black brown; purple black yellow; purple red brown,,,,
VDV067,schema_tangrams,incompatible,0,3,bend,bend,purple black brown; orange black brown; purple red brown; purple black yellow; orange red yellow; orange black yellow; orange red brown; purple red yellow,purple red brown; orange red yellow; orange red brown; orange black brown; purple black yellow; purple red yellow; purple black brown; orange black yellow,orange black yellow; orange red brown; orange red yellow; purple red yellow; orange black brown; purple black brown; purple black yellow; purple red brown,orange black yellow; orange red brown; orange red yellow; purple red yellow; orange black brown; purple black brown; purple black yellow; purple red brown,,,,
VDV067,schema_tangrams,incompatible,0,4,point,point,purple black brown; orange black brown; purple red brown; purple black yellow; orange red yellow; orange black yellow; orange red brown; purple red yellow,purple red brown; orange red yellow; orange red brown; orange black brown; purple black yellow; purple red yellow; purple black brown; orange black yellow,orange black yellow; orange red brown; orange red yellow; purple red yellow; orange black brown; purple black brown; purple black yellow; purple red brown,orange black yellow; orange red brown; orange red yellow; purple red yellow; orange black brown; purple black brown; purple black yellow; purple red brown,,,,
VDV067,schema_tangrams,incompatible,0,5,pray,pray,purple black brown; orange black brown; purple red brown; purple black yellow; orange red yellow; orange black yellow; orange red brown; purple red yellow,purple red brown; orange red yellow; orange red brown; orange black brown; purple black yellow; purple red yellow; purple black brown; orange black yellow,orange black yellow; orange red brown; orange red yellow; purple red yellow; orange black brown; purple black brown; purple black yellow; purple red brown,orange black yellow; orange red brown; orange red yellow; purple red yellow; orange black brown; purple black brown; purple black yellow; purple red brown,,,,
VDV067,schema_tangrams,incompatible,0,6,snap,snap,purple black brown; orange black brown; purple red brown; purple black yellow; orange red yellow; orange black yellow; orange red brown; purple red yellow,purple red brown; orange red yellow; orange red brown; orange black brown; purple black yellow; purple red yellow; purple black brown; orange black yellow,orange black yellow; orange red brown; orange red yellow; purple red yellow; orange black brown; purple black brown; purple black yellow; purple red brown,orange black yellow; orange red brown; orange red yellow; purple red yellow; orange black brown; purple black brown; purple black yellow; purple red brown,,,,
VDV067,schema_tangrams,incompatible,0,7,pray point,pray point,purple black brown; orange black brown; purple red brown; purple black yellow; orange red yellow; orange black yellow; orange red brown; purple red yellow,purple red brown; orange red yellow; orange red brown; orange black brown; purple black yellow; purple red yellow; purple black brown; orange black yellow,orange black yellow; orange red brown; orange red yellow; purple red yellow; orange black brown; purple black brown; purple black yellow; purple red brown,orange black yellow; orange red brown; orange red yellow; purple red yellow; orange black brown; purple black brown; purple black yellow; purple red brown,,,,
VDV067,schema_tangrams,incompatible,1,0,hallelujah,hallelujah,purple black brown; orange black brown; purple red brown; purple black yellow; orange red yellow; orange black yellow; orange red brown; purple red yellow,purple red brown; orange red yellow; orange red brown; orange black brown; purple black yellow; purple red yellow; purple black brown; orange black yellow,orange black yellow; orange red brown; orange red yellow; purple red yellow; orange black brown; purple black brown; purple black yellow; purple red brown,orange black yellow; orange red brown; orange red yellow; purple red yellow; orange black brown; purple black brown; purple black yellow; purple red brown,,,,
VDV067,schema_tangrams,incompatible,1,1,right leg up,right leg up,purple black brown; orange black brown; purple red brown; purple black yellow; orange red yellow; orange black yellow; orange red brown; purple red yellow,purple red brown; orange red yellow; orange red brown; orange black brown; purple black yellow; purple red yellow; purple black brown; orange black yellow,orange black yellow; orange red brown; orange red yellow; purple red yellow; orange black brown; purple black brown; purple black yellow; purple red brown,orange black yellow; orange red brown; orange red yellow; purple red yellow; orange black brown; purple black brown; purple black yellow; purple red brown,,,,
VDV067,schema_tangrams,incompatible,1,2,bow,bow,purple black brown; orange black brown; purple red brown; purple black yellow; orange red yellow; orange black yellow; orange red brown; purple red yellow,purple red brown; orange red yellow; orange red brown; orange black brown; purple black yellow; purple red yellow; purple black brown; orange black yellow,orange black yellow; orange red brown; orange red yellow; purple red yellow; orange black brown; purple black brown; purple black yellow; purple red brown,orange black yellow; orange red brown; orange red yellow; purple red yellow; orange black brown; purple black brown; purple black yellow; purple red brown,,,,
VDV067,schema_tangrams,incompatible,1,3,bend,bend,purple black brown; orange black brown; purple red brown; purple black yellow; orange red yellow; orange black yellow; orange red brown; purple red yellow,purple red brown; orange red yellow; orange red brown; orange black brown; purple black yellow; purple red yellow; purple black brown; orange black yellow,orange black yellow; orange red brown; orange red yellow; purple red yellow; orange black brown; purple black brown; purple black yellow; purple red brown,orange black yellow; orange red brown; orange red yellow; purple red yellow; orange black brown; purple black brown; purple black yellow; purple red brown,,,,
VDV067,schema_tangrams,incompatible,1,4,point,point,purple black brown; orange black brown; purple red brown; purple black yellow; orange red yellow; orange black yellow; orange red brown; purple red yellow,purple red brown; orange red yellow; orange red brown; orange black brown; purple black yellow; purple red yellow; purple black brown; orange black yellow,orange black yellow; orange red brown; orange red yellow; purple red yellow; orange black brown; purple black brown; purple black yellow; purple red brown,orange black yellow; orange red brown; orange red yellow; purple red yellow; orange black brown; purple black brown; purple black yellow; purple red brown,,,,
VDV067,schema_tangrams,incompatible,1,5,pray,pray,purple black brown; orange black brown; purple red brown; purple black yellow; orange red yellow; orange black yellow; orange red brown; purple red yellow,purple red brown; orange red yellow; orange red brown; orange black brown; purple black yellow; purple red yellow; purple black brown; orange black yellow,orange black yellow; orange red brown; orange red yellow; purple red yellow; orange black brown; purple black brown; purple black yellow; purple red brown,orange black yellow; orange red brown; orange red yellow; purple red yellow; orange black brown; purple black brown; purple black yellow; purple red brown,,,,
VDV067,schema_tangrams,incompatible,1,6,snap,snap,purple black brown; orange black brown; purple red brown; purple black yellow; orange red yellow; orange black yellow; orange red brown; purple red yellow,purple red brown; orange red yellow; orange red brown; orange black brown; purple black yellow; purple red yellow; purple black brown; orange black yellow,orange black yellow; orange red brown; orange red yellow; purple red yellow; orange black brown; purple black brown; purple black yellow; purple red brown,orange black yellow; orange red brown; orange red yellow; purple red yellow; orange black brown; purple black brown; purple black yellow; purple red brown,,,,
VDV067,schema_tangrams,incompatible,1,7,pray point,pray point,purple black brown; orange black brown; purple red brown; purple black yellow; orange red yellow; orange black yellow; orange red brown; purple red yellow,purple red brown; orange red yellow; orange red brown; orange black brown; purple black yellow; purple red yellow; purple black brown; orange black yellow,orange black yellow; orange red brown; orange red yellow; purple red yellow; orange black brown; purple black brown; purple black yellow; purple red brown,orange black yellow; orange red brown; orange red yellow; purple red yellow; orange black brown; purple black brown; purple black yellow; purple red brown,,,,
VE1Q1B,schema_tangrams,incompatible,0,0,happy,happy,purple black brown; orange black brown; purple red brown; purple black yellow; orange red yellow; orange black yellow; orange red brown; purple red yellow,purple red brown; orange red yellow; orange red brown; orange black brown; purple black yellow; purple red yellow; purple black brown; orange black yellow,orange black yellow; orange red brown; orange red yellow; purple red yellow; orange black brown; purple black brown; purple black yellow; purple red brown,orange black yellow; orange red brown; orange red yellow; purple red yellow; orange black brown; purple black brown; purple black yellow; purple red brown,,,,
VE1Q1B,schema_tangrams,incompatible,0,1,baseball,baseball,purple black brown; orange black brown; purple red brown; purple black yellow; orange red yellow; orange black yellow; orange red brown; purple red yellow,purple red brown; orange red yellow; orange red brown; orange black brown; purple black yellow; purple red yellow; purple black brown; orange black yellow,orange black yellow; orange red brown; orange red yellow; purple red yellow; orange black brown; purple black brown; purple black yellow; purple red brown,orange black yellow; orange red brown; orange red yellow; purple red yellow; orange black brown; purple black brown; purple black yellow; purple red brown,,,,
VE1Q1B,schema_tangrams,incompatible,0,2,dance,dance,purple black brown; orange black brown; purple red brown; purple black yellow; orange red yellow; orange black yellow; orange red brown; purple red yellow,purple red brown; orange red yellow; orange red brown; orange black brown; purple black yellow; purple red yellow; purple black brown; orange black yellow,orange black yellow; orange red brown; orange red yellow; purple red yellow; orange black brown; purple black brown; purple black yellow; purple red brown,orange black yellow; orange red brown; orange red yellow; purple red yellow; orange black brown; purple black brown; purple black yellow; purple red brown,,,,
VE1Q1B,schema_tangrams,incompatible,0,3,skating,skating,purple black brown; orange black brown; purple red brown; purple black yellow; orange red yellow; orange black yellow; orange red brown; purple red yellow,purple red brown; orange red yellow; orange red brown; orange black brown; purple black yellow; purple red yellow; purple black brown; orange black yellow,orange black yellow; orange red brown; orange red yellow; purple red yellow; orange black brown; purple black brown; purple black yellow; purple red brown,orange black yellow; orange red brown; orange red yellow; purple red yellow; orange black brown; purple black brown; purple black yellow; purple red brown,,,,
VE1Q1B,schema_tangrams,incompatible,0,4,priest,priest,purple black brown; orange black brown; purple red brown; purple black yellow; orange red yellow; orange black yellow; orange red brown; purple red yellow,purple red brown; orange red yellow; orange red brown; orange black brown; purple black yellow; purple red yellow; purple black brown; orange black yellow,orange black yellow; orange red brown; orange red yellow; purple red yellow; orange black brown; purple black brown; purple black yellow; purple red brown,orange black yellow; orange red brown; orange red yellow; purple red yellow; orange black brown; purple black brown; purple black yellow; purple red brown,,,,
VE1Q1B,schema_tangrams,incompatible,0,5,waiter,waiter,purple black brown; orange black brown; purple red brown; purple black yellow; orange red yellow; orange black yellow; orange red brown; purple red yellow,purple red brown; orange red yellow; orange red brown; orange black brown; purple black yellow; purple red yellow; purple black brown; orange black yellow,orange black yellow; orange red brown; orange red yellow; purple red yellow; orange black brown; purple black brown; purple black yellow; purple red brown,orange black yellow; orange red brown; orange red yellow; purple red yellow; orange black brown; purple black brown; purple black yellow; purple red brown,,,,
VE1Q1B,schema_tangrams,incompatible,0,6,tango,tango,purple black brown; orange black brown; purple red brown; purple black yellow; orange red yellow; orange black yellow; orange red brown; purple red yellow,purple red brown; orange red yellow; orange red brown; orange black brown; purple black yellow; purple red yellow; purple black brown; orange black yellow,orange black yellow; orange red brown; orange red yellow; purple red yellow; orange black brown; purple black brown; purple black yellow; purple red brown,orange black yellow; orange red brown; orange red yellow; purple red yellow; orange black brown; purple black brown; purple black yellow; purple red brown,,,,
VE1Q1B,schema_tangrams,incompatible,0,7,knees,knees,purple black brown; orange black brown; purple red brown; purple black yellow; orange red yellow; orange black yellow; orange red brown; purple red yellow,purple red brown; orange red yellow; orange red brown; orange black brown; purple black yellow; purple red yellow; purple black brown; orange black yellow,orange black yellow; orange red brown; orange red yellow; purple red yellow; orange black brown; purple black brown; purple black yellow; purple red brown,orange black yellow; orange red brown; orange red yellow; purple red yellow; orange black brown; purple black brown; purple black yellow; purple red brown,,,,
VE1Q1B,schema_tangrams,incompatible,1,0,happy,happy,purple black brown; orange black brown; purple red brown; purple black yellow; orange red yellow; orange black yellow; orange red brown; purple red yellow,purple red brown; orange red yellow; orange red brown; orange black brown; purple black yellow; purple red yellow; purple black brown; orange black yellow,orange black yellow; orange red brown; orange red yellow; purple red yellow; orange black brown; purple black brown; purple black yellow; purple red brown,orange black yellow; orange red brown; orange red yellow; purple red yellow; orange black brown; purple black brown; purple black yellow; purple red brown,,,,
VE1Q1B,schema_tangrams,incompatible,1,1,baseball,baseball,purple black brown; orange black brown; purple red brown; purple black yellow; orange red yellow; orange black yellow; orange red brown; purple red yellow,purple red brown; orange red yellow; orange red brown; orange black brown; purple black yellow; purple red yellow; purple black brown; orange black yellow,orange black yellow; orange red brown; orange red yellow; purple red yellow; orange black brown; purple black brown; purple black yellow; purple red brown,orange black yellow; orange red brown; orange red yellow; purple red yellow; orange black brown; purple black brown; purple black yellow; purple red brown,,,,
VE1Q1B,schema_tangrams,incompatible,1,2,dance,dance,purple black brown; orange black brown; purple red brown; purple black yellow; orange red yellow; orange black yellow; orange red brown; purple red yellow,purple red brown; orange red yellow; orange red brown; orange black brown; purple black yellow; purple red yellow; purple black brown; orange black yellow,orange black yellow; orange red brown; orange red yellow; purple red yellow; orange black brown; purple black brown; purple black yellow; purple red brown,orange black yellow; orange red brown; orange red yellow; purple red yellow; orange black brown; purple black brown; purple black yellow; purple red brown,,,,
VE1Q1B,schema_tangrams,incompatible,1,3,skating,skating,purple black brown; orange black brown; purple red brown; purple black yellow; orange red yellow; orange black yellow; orange red brown; purple red yellow,purple red brown; orange red yellow; orange red brown; orange black brown; purple black yellow; purple red yellow; purple black brown; orange black yellow,orange black yellow; orange red brown; orange red yellow; purple red yellow; orange black brown; purple black brown; purple black yellow; purple red brown,orange black yellow; orange red brown; orange red yellow; purple red yellow; orange black brown; purple black brown; purple black yellow; purple red brown,,,,
VE1Q1B,schema_tangrams,incompatible,1,4,priest,priest,purple black brown; orange black brown; purple red brown; purple black yellow; orange red yellow; orange black yellow; orange red brown; purple red yellow,purple red brown; orange red yellow; orange red brown; orange black brown; purple black yellow; purple red yellow; purple black brown; orange black yellow,orange black yellow; orange red brown; orange red yellow; purple red yellow; orange black brown; purple black brown; purple black yellow; purple red brown,orange black yellow; orange red brown; orange red yellow; purple red yellow; orange black brown; purple black brown; purple black yellow; purple red brown,,,,
VE1Q1B,schema_tangrams,incompatible,1,5,waiter,waiter,purple black brown; orange black brown; purple red brown; purple black yellow; orange red yellow; orange black yellow; orange red brown; purple red yellow,purple red brown; orange red yellow; orange red brown; orange black brown; purple black yellow; purple red yellow; purple black brown; orange black yellow,orange black yellow; orange red brown; orange red yellow; purple red yellow; orange black brown; purple black brown; purple black yellow; purple red brown,orange black yellow; orange red brown; orange red yellow; purple red yellow; orange black brown; purple black brown; purple black yellow; purple red brown,,,,
VE1Q1B,schema_tangrams,incompatible,1,6,tango,tango,purple black brown; orange black brown; purple red brown; purple black yellow; orange red yellow; orange black yellow; orange red brown; purple red yellow,purple red brown; orange red yellow; orange red brown; orange black brown; purple black yellow; purple red yellow; purple black brown; orange black yellow,orange black yellow; orange red brown; orange red yellow; purple red yellow; orange black brown; purple black brown; purple black yellow; purple red brown,orange black yellow; orange red brown; orange red yellow; purple red yellow; orange black brown; purple black brown; purple black yellow; purple red brown,,,,
VE1Q1B,schema_tangrams,incompatible,1,7,knees,knees,purple black brown; orange black brown; purple red brown; purple black yellow; orange red yellow; orange black yellow; orange red brown; purple red yellow,purple red brown; orange red yellow; orange red brown; orange black brown; purple black yellow; purple red yellow; purple black brown; orange black yellow,orange black yellow; orange red brown; orange red yellow; purple red yellow; orange black brown; purple black brown; purple black yellow; purple red brown,orange black yellow; orange red brown; orange red yellow; purple red yellow; orange black brown; purple black brown; purple black yellow; purple red brown,,,,
W9784W,schema_tangrams,incompatible,0,0,falling,falling,brown black purple hat; brown black orange hat; brown red purple hat; yellow black purple hat; yellow red orange hat; yellow black orange hat; brown red orange hat; yellow red purple hat,brown red purple hat; yellow red orange hat; brown red orange hat; brown black orange hat; yellow black purple hat; yellow red purple hat; brown black purple hat; yellow black orange hat,yellow black orange hat; brown red orange hat; yellow red orange hat; yellow red purple hat; brown black orange hat; brown black purple hat; yellow black purple hat; brown red purple hat,yellow black orange hat; brown red orange hat; yellow red orange hat; yellow red purple hat; brown black orange hat; brown black purple hat; yellow black purple hat; brown red purple hat,,,,
W9784W,schema_tangrams,incompatible,0,1,walking,walking,brown black purple hat; brown black orange hat; brown red purple hat; yellow black purple hat; yellow red orange hat; yellow black orange hat; brown red orange hat; yellow red purple hat,brown red purple hat; yellow red orange hat; brown red orange hat; brown black orange hat; yellow black purple hat; yellow red purple hat; brown black purple hat; yellow black orange hat,yellow black orange hat; brown red orange hat; yellow red orange hat; yellow red purple hat; brown black orange hat; brown black purple hat; yellow black purple hat; brown red purple hat,yellow black orange hat; brown red orange hat; yellow red orange hat; yellow red purple hat; brown black orange hat; brown black purple hat; yellow black purple hat; brown red purple hat,,,,
W9784W,schema_tangrams,incompatible,0,2,praytriangle,sitting,brown black purple hat; brown black orange hat; brown red purple hat; yellow black purple hat; yellow red orange hat; yellow black orange hat; brown red orange hat; yellow red purple hat,brown red purple hat; yellow red orange hat; brown red orange hat; brown black orange hat; yellow black purple hat; yellow red purple hat; brown black purple hat; yellow black orange hat,yellow black orange hat; brown red orange hat; yellow red orange hat; yellow red purple hat; brown black orange hat; brown black purple hat; yellow black purple hat; brown red purple hat,yellow black orange hat; brown red orange hat; yellow red orange hat; yellow red purple hat; brown black orange hat; brown black purple hat; yellow black purple hat; brown red purple hat,,,,
W9784W,schema_tangrams,incompatible,0,3,balancing,chicken,brown black purple hat; brown black orange hat; brown red purple hat; yellow black purple hat; yellow red orange hat; yellow black orange hat; brown red orange hat; yellow red purple hat,brown red purple hat; yellow red orange hat; brown red orange hat; brown black orange hat; yellow black purple hat; yellow red purple hat; brown black purple hat; yellow black orange hat,yellow black orange hat; brown red orange hat; yellow red orange hat; yellow red purple hat; brown black orange hat; brown black purple hat; yellow black purple hat; brown red purple hat,yellow black orange hat; brown red orange hat; yellow red orange hat; yellow red purple hat; brown black orange hat; brown black purple hat; yellow black purple hat; brown red purple hat,,,,
W9784W,schema_tangrams,incompatible,0,4,pray,pope,brown black purple hat; brown black orange hat; brown red purple hat; yellow black purple hat; yellow red orange hat; yellow black orange hat; brown red orange hat; yellow red purple hat,brown red purple hat; yellow red orange hat; brown red orange hat; brown black orange hat; yellow black purple hat; yellow red purple hat; brown black purple hat; yellow black orange hat,yellow black orange hat; brown red orange hat; yellow red orange hat; yellow red purple hat; brown black orange hat; brown black purple hat; yellow black purple hat; brown red purple hat,yellow black orange hat; brown red orange hat; yellow red orange hat; yellow red purple hat; brown black orange hat; brown black purple hat; yellow black purple hat; brown red purple hat,,,,
W9784W,schema_tangrams,incompatible,0,5,pray,pope,brown black purple hat; brown black orange hat; brown red purple hat; yellow black purple hat; yellow red orange hat; yellow black orange hat; brown red orange hat; yellow red purple hat,brown red purple hat; yellow red orange hat; brown red orange hat; brown black orange hat; yellow black purple hat; yellow red purple hat; brown black purple hat; yellow black orange hat,yellow black orange hat; brown red orange hat; yellow red orange hat; yellow red purple hat; brown black orange hat; brown black purple hat; yellow black purple hat; brown red purple hat,yellow black orange hat; brown red orange hat; yellow red orange hat; yellow red purple hat; brown black orange hat; brown black purple hat; yellow black purple hat; brown red purple hat,,,,
W9784W,schema_tangrams,incompatible,0,6,pray triangle,sitting,brown black purple hat; brown black orange hat; brown red purple hat; yellow black purple hat; yellow red orange hat; yellow black orange hat; brown red orange hat; yellow red purple hat,brown red purple hat; yellow red orange hat; brown red orange hat; brown black orange hat; yellow black purple hat; yellow red purple hat; brown black purple hat; yellow black orange hat,yellow black orange hat; brown red orange hat; yellow red orange hat; yellow red purple hat; brown black orange hat; brown black purple hat; yellow black purple hat; brown red purple hat,yellow black orange hat; brown red orange hat; yellow red orange hat; yellow red purple hat; brown black orange hat; brown black purple hat; yellow black purple hat; brown red purple hat,,,,
W9784W,schema_tangrams,incompatible,0,7,praytriangle,praytriangle,brown black purple hat; brown black orange hat; brown red purple hat; yellow black purple hat; yellow red orange hat; yellow black orange hat; brown red orange hat; yellow red purple hat,brown red purple hat; yellow red orange hat; brown red orange hat; brown black orange hat; yellow black purple hat; yellow red purple hat; brown black purple hat; yellow black orange hat,yellow black orange hat; brown red orange hat; yellow red orange hat; yellow red purple hat; brown black orange hat; brown black purple hat; yellow black purple hat; brown red purple hat,yellow black orange hat; brown red orange hat; yellow red orange hat; yellow red purple hat; brown black orange hat; brown black purple hat; yellow black purple hat; brown red purple hat,,,,
W9784W,schema_tangrams,incompatible,1,0,falling,falling,brown black purple hat; brown black orange hat; brown red purple hat; yellow black purple hat; yellow red orange hat; yellow black orange hat; brown red orange hat; yellow red purple hat,brown red purple hat; yellow red orange hat; brown red orange hat; brown black orange hat; yellow black purple hat; yellow red purple hat; brown black purple hat; yellow black orange hat,yellow black orange hat; brown red orange hat; yellow red orange hat; yellow red purple hat; brown black orange hat; brown black purple hat; yellow black purple hat; brown red purple hat,yellow black orange hat; brown red orange hat; yellow red orange hat; yellow red purple hat; brown black orange hat; brown black purple hat; yellow black purple hat; brown red purple hat,,,,
W9784W,schema_tangrams,incompatible,1,1,walking,walking,brown black purple hat; brown black orange hat; brown red purple hat; yellow black purple hat; yellow red orange hat; yellow black orange hat; brown red orange hat; yellow red purple hat,brown red purple hat; yellow red orange hat; brown red orange hat; brown black orange hat; yellow black purple hat; yellow red purple hat; brown black purple hat; yellow black orange hat,yellow black orange hat; brown red orange hat; yellow red orange hat; yellow red purple hat; brown black orange hat; brown black purple hat; yellow black purple hat; brown red purple hat,yellow black orange hat; brown red orange hat; yellow red orange hat; yellow red purple hat; brown black orange hat; brown black purple hat; yellow black purple hat; brown red purple hat,,,,
W9784W,schema_tangrams,incompatible,1,2,sitting,praytriangle,brown black purple hat; brown black orange hat; brown red purple hat; yellow black purple hat; yellow red orange hat; yellow black orange hat; brown red orange hat; yellow red purple hat,brown red purple hat; yellow red orange hat; brown red orange hat; brown black orange hat; yellow black purple hat; yellow red purple hat; brown black purple hat; yellow black orange hat,yellow black orange hat; brown red orange hat; yellow red orange hat; yellow red purple hat; brown black orange hat; brown black purple hat; yellow black purple hat; brown red purple hat,yellow black orange hat; brown red orange hat; yellow red orange hat; yellow red purple hat; brown black orange hat; brown black purple hat; yellow black purple hat; brown red purple hat,,,,
W9784W,schema_tangrams,incompatible,1,3,chicken,balancing,brown black purple hat; brown black orange hat; brown red purple hat; yellow black purple hat; yellow red orange hat; yellow black orange hat; brown red orange hat; yellow red purple hat,brown red purple hat; yellow red orange hat; brown red orange hat; brown black orange hat; yellow black purple hat; yellow red purple hat; brown black purple hat; yellow black orange hat,yellow black orange hat; brown red orange hat; yellow red orange hat; yellow red purple hat; brown black orange hat; brown black purple hat; yellow black purple hat; brown red purple hat,yellow black orange hat; brown red orange hat; yellow red orange hat; yellow red purple hat; brown black orange hat; brown black purple hat; yellow black purple hat; brown red purple hat,,,,
W9784W,schema_tangrams,incompatible,1,4,pope,pray,brown black purple hat; brown black orange hat; brown red purple hat; yellow black purple hat; yellow red orange hat; yellow black orange hat; brown red orange hat; yellow red purple hat,brown red purple hat; yellow red orange hat; brown red orange hat; brown black orange hat; yellow black purple hat; yellow red purple hat; brown black purple hat; yellow black orange hat,yellow black orange hat; brown red orange hat; yellow red orange hat; yellow red purple hat; brown black orange hat; brown black purple hat; yellow black purple hat; brown red purple hat,yellow black orange hat; brown red orange hat; yellow red orange hat; yellow red purple hat; brown black orange hat; brown black purple hat; yellow black purple hat; brown red purple hat,,,,
W9784W,schema_tangrams,incompatible,1,5,pope,pray,brown black purple hat; brown black orange hat; brown red purple hat; yellow black purple hat; yellow red orange hat; yellow black orange hat; brown red orange hat; yellow red purple hat,brown red purple hat; yellow red orange hat; brown red orange hat; brown black orange hat; yellow black purple hat; yellow red purple hat; brown black purple hat; yellow black orange hat,yellow black orange hat; brown red orange hat; yellow red orange hat; yellow red purple hat; brown black orange hat; brown black purple hat; yellow black purple hat; brown red purple hat,yellow black orange hat; brown red orange hat; yellow red orange hat; yellow red purple hat; brown black orange hat; brown black purple hat; yellow black purple hat; brown red purple hat,,,,
W9784W,schema_tangrams,incompatible,1,6,sitting,pray triangle,brown black purple hat; brown black orange hat; brown red purple hat; yellow black purple hat; yellow red orange hat; yellow black orange hat; brown red orange hat; yellow red purple hat,brown red purple hat; yellow red orange hat; brown red orange hat; brown black orange hat; yellow black purple hat; yellow red purple hat; brown black purple hat; yellow black orange hat,yellow black orange hat; brown red orange hat; yellow red orange hat; yellow red purple hat; brown black orange hat; brown black purple hat; yellow black purple hat; brown red purple hat,yellow black orange hat; brown red orange hat; yellow red orange hat; yellow red purple hat; brown black orange hat; brown black purple hat; yellow black purple hat; brown red purple hat,,,,
W9784W,schema_tangrams,incompatible,1,7,praytriangle,praytriangle,brown black purple hat; brown black orange hat; brown red purple hat; yellow black purple hat; yellow red orange hat; yellow black orange hat; brown red orange hat; yellow red purple hat,brown red purple hat; yellow red orange hat; brown red orange hat; brown black orange hat; yellow black purple hat; yellow red purple hat; brown black purple hat; yellow black orange hat,yellow black orange hat; brown red orange hat; yellow red orange hat; yellow red purple hat; brown black orange hat; brown black purple hat; yellow black purple hat; brown red purple hat,yellow black orange hat; brown red orange hat; yellow red orange hat; yellow red purple hat; brown black orange hat; brown black purple hat; yellow black purple hat; brown red purple hat,,,,
WFFYV5,schema,ambiguous,0,0,gum,gum,violet black brown; ginger black brown; violet red brown; violet black yellow; ginger red yellow; ginger black yellow; ginger red brown; violet red yellow,violet red brown; ginger red yellow; ginger red brown; ginger black brown; violet black yellow; violet red yellow; violet black brown; ginger black yellow,ginger black yellow; ginger red brown; ginger red yellow; violet red yellow; ginger black brown; violet black brown; violet black yellow; violet red brown,ginger black yellow; ginger red brown; ginger red yellow; violet red yellow; ginger black brown; violet black brown; violet black yellow; violet red brown,,,,
WFFYV5,schema,ambiguous,0,1,smallest,smallest,violet black brown; ginger black brown; violet red brown; violet black yellow; ginger red yellow; ginger black yellow; ginger red brown; violet red yellow,violet red brown; ginger red yellow; ginger red brown; ginger black brown; violet black yellow; violet red yellow; violet black brown; ginger black yellow,ginger black yellow; ginger red brown; ginger red yellow; violet red yellow; ginger black brown; violet black brown; violet black yellow; violet red brown,ginger black yellow; ginger red brown; ginger red yellow; violet red yellow; ginger black brown; violet black brown; violet black yellow; violet red brown,,,,
WFFYV5,schema,ambiguous,0,2,orange,orange,violet black brown; ginger black brown; violet red brown; violet black yellow; ginger red yellow; ginger black yellow; ginger red brown; violet red yellow,violet red brown; ginger red yellow; ginger red brown; ginger black brown; violet black yellow; violet red yellow; violet black brown; ginger black yellow,ginger black yellow; ginger red brown; ginger red yellow; violet red yellow; ginger black brown; violet black brown; violet black yellow; violet red brown,ginger black yellow; ginger red brown; ginger red yellow; violet red yellow; ginger black brown; violet black brown; violet black yellow; violet red brown,,,,
WFFYV5,schema,ambiguous,0,3,legs,legs,violet black brown; ginger black brown; violet red brown; violet black yellow; ginger red yellow; ginger black yellow; ginger red brown; violet red yellow,violet red brown; ginger red yellow; ginger red brown; ginger black brown; violet black yellow; violet red yellow; violet black brown; ginger black yellow,ginger black yellow; ginger red brown; ginger red yellow; violet red yellow; ginger black brown; violet black brown; violet black yellow; violet red brown,ginger black yellow; ginger red brown; ginger red yellow; violet red yellow; ginger black brown; violet black brown; violet black yellow; violet red brown,,,,
WFFYV5,schema,ambiguous,0,4,blue,blue,violet black brown; ginger black brown; violet red brown; violet black yellow; ginger red yellow; ginger black yellow; ginger red brown; violet red yellow,violet red brown; ginger red yellow; ginger red brown; ginger black brown; violet black yellow; violet red yellow; violet black brown; ginger black yellow,ginger black yellow; ginger red brown; ginger red yellow; violet red yellow; ginger black brown; violet black brown; violet black yellow; violet red brown,ginger black yellow; ginger red brown; ginger red yellow; violet red yellow; ginger black brown; violet black brown; violet black yellow; violet red brown,,,,
WFFYV5,schema,ambiguous,0,5,bug,bug,violet black brown; ginger black brown; violet red brown; violet black yellow; ginger red yellow; ginger black yellow; ginger red brown; violet red yellow,violet red brown; ginger red yellow; ginger red brown; ginger black brown; violet black yellow; violet red yellow; violet black brown; ginger black yellow,ginger black yellow; ginger red brown; ginger red yellow; violet red yellow; ginger black brown; violet black brown; violet black yellow; violet red brown,ginger black yellow; ginger red brown; ginger red yellow; violet red yellow; ginger black brown; violet black brown; violet black yellow; violet red brown,,,,
WFFYV5,schema,ambiguous,0,6,bubble,bubble,violet black brown; ginger black brown; violet red brown; violet black yellow; ginger red yellow; ginger black yellow; ginger red brown; violet red yellow,violet red brown; ginger red yellow; ginger red brown; ginger black brown; violet black yellow; violet red yellow; violet black brown; ginger black yellow,ginger black yellow; ginger red brown; ginger red yellow; violet red yellow; ginger black brown; violet black brown; violet black yellow; violet red brown,ginger black yellow; ginger red brown; ginger red yellow; violet red yellow; ginger black brown; violet black brown; violet black yellow; violet red brown,,,,
WFFYV5,schema,ambiguous,0,7,tallest,tallest,violet black brown; ginger black brown; violet red brown; violet black yellow; ginger red yellow; ginger black yellow; ginger red brown; violet red yellow,violet red brown; ginger red yellow; ginger red brown; ginger black brown; violet black yellow; violet red yellow; violet black brown; ginger black yellow,ginger black yellow; ginger red brown; ginger red yellow; violet red yellow; ginger black brown; violet black brown; violet black yellow; violet red brown,ginger black yellow; ginger red brown; ginger red yellow; violet red yellow; ginger black brown; violet black brown; violet black yellow; violet red brown,,,,
WFFYV5,schema,ambiguous,1,0,gum,gum,violet black brown; ginger black brown; violet red brown; violet black yellow; ginger red yellow; ginger black yellow; ginger red brown; violet red yellow,violet red brown; ginger red yellow; ginger red brown; ginger black brown; violet black yellow; violet red yellow; violet black brown; ginger black yellow,ginger black yellow; ginger red brown; ginger red yellow; violet red yellow; ginger black brown; violet black brown; violet black yellow; violet red brown,ginger black yellow; ginger red brown; ginger red yellow; violet red yellow; ginger black brown; violet black brown; violet black yellow; violet red brown,,,,
WFFYV5,schema,ambiguous,1,1,smallest,smallest,violet black brown; ginger black brown; violet red brown; violet black yellow; ginger red yellow; ginger black yellow; ginger red brown; violet red yellow,violet red brown; ginger red yellow; ginger red brown; ginger black brown; violet black yellow; violet red yellow; violet black brown; ginger black yellow,ginger black yellow; ginger red brown; ginger red yellow; violet red yellow; ginger black brown; violet black brown; violet black yellow; violet red brown,ginger black yellow; ginger red brown; ginger red yellow; violet red yellow; ginger black brown; violet black brown; violet black yellow; violet red brown,,,,
WFFYV5,schema,ambiguous,1,2,orange,orange,violet black brown; ginger black brown; violet red brown; violet black yellow; ginger red yellow; ginger black yellow; ginger red brown; violet red yellow,violet red brown; ginger red yellow; ginger red brown; ginger black brown; violet black yellow; violet red yellow; violet black brown; ginger black yellow,ginger black yellow; ginger red brown; ginger red yellow; violet red yellow; ginger black brown; violet black brown; violet black yellow; violet red brown,ginger black yellow; ginger red brown; ginger red yellow; violet red yellow; ginger black brown; violet black brown; violet black yellow; violet red brown,,,,
WFFYV5,schema,ambiguous,1,3,legs,legs,violet black brown; ginger black brown; violet red brown; violet black yellow; ginger red yellow; ginger black yellow; ginger red brown; violet red yellow,violet red brown; ginger red yellow; ginger red brown; ginger black brown; violet black yellow; violet red yellow; violet black brown; ginger black yellow,ginger black yellow; ginger red brown; ginger red yellow; violet red yellow; ginger black brown; violet black brown; violet black yellow; violet red brown,ginger black yellow; ginger red brown; ginger red yellow; violet red yellow; ginger black brown; violet black brown; violet black yellow; violet red brown,,,,
WFFYV5,schema,ambiguous,1,4,blue,blue,violet black brown; ginger black brown; violet red brown; violet black yellow; ginger red yellow; ginger black yellow; ginger red brown; violet red yellow,violet red brown; ginger red yellow; ginger red brown; ginger black brown; violet black yellow; violet red yellow; violet black brown; ginger black yellow,ginger black yellow; ginger red brown; ginger red yellow; violet red yellow; ginger black brown; violet black brown; violet black yellow; violet red brown,ginger black yellow; ginger red brown; ginger red yellow; violet red yellow; ginger black brown; violet black brown; violet black yellow; violet red brown,,,,
WFFYV5,schema,ambiguous,1,5,bug,bug,violet black brown; ginger black brown; violet red brown; violet black yellow; ginger red yellow; ginger black yellow; ginger red brown; violet red yellow,violet red brown; ginger red yellow; ginger red brown; ginger black brown; violet black yellow; violet red yellow; violet black brown; ginger black yellow,ginger black yellow; ginger red brown; ginger red yellow; violet red yellow; ginger black brown; violet black brown; violet black yellow; violet red brown,ginger black yellow; ginger red brown; ginger red yellow; violet red yellow; ginger black brown; violet black brown; violet black yellow; violet red brown,,,,
WFFYV5,schema,ambiguous,1,6,bubble,bubble,violet black brown; ginger black brown; violet red brown; violet black yellow; ginger red yellow; ginger black yellow; ginger red brown; violet red yellow,violet red brown; ginger red yellow; ginger red brown; ginger black brown; violet black yellow; violet red yellow; violet black brown; ginger black yellow,ginger black yellow; ginger red brown; ginger red yellow; violet red yellow; ginger black brown; violet black brown; violet black yellow; violet red brown,ginger black yellow; ginger red brown; ginger red yellow; violet red yellow; ginger black brown; violet black brown; violet black yellow; violet red brown,,,,
WFFYV5,schema,ambiguous,1,7,tallest,tallest,violet black brown; ginger black brown; violet red brown; violet black yellow; ginger red yellow; ginger black yellow; ginger red brown; violet red yellow,violet red brown; ginger red yellow; ginger red brown; ginger black brown; violet black yellow; violet red yellow; violet black brown; ginger black yellow,ginger black yellow; ginger red brown; ginger red yellow; violet red yellow; ginger black brown; violet black brown; violet black yellow; violet red brown,ginger black yellow; ginger red brown; ginger red yellow; violet red yellow; ginger black brown; violet black brown; violet black yellow; violet red brown,,,,
WFX5XE,schema,ambiguous,0,0,purple black pink yellow,purple black pink yellow,purple black brown soldier; orange black brown soldier; purple red soldier; purple black yellow soldier; orange red yellow soldier; orange black yellow soldier; orange red brown soldier; purple red yellow soldier,purple red brown soldier; orange red yellow soldier; orange red brown soldier; orange black brown soldier; purple black yellow soldier; purple red yellow soldier; purple black brown soldier; orange black yellow soldier,orange black yellow soldier; orange red brown soldier; orange red yellow soldier; purple red yellow soldier; orange black brown soldier; purple black brown soldier; purple black yellow soldier; purple red brown soldier,orange black yellow soldier; orange red brown soldier; orange red yellow soldier; purple red yellow soldier; purple black brown soldier; purple black brown soldier; purple black yellow soldier; purple red brown soldier,,,,
WFX5XE,schema,ambiguous,0,1,purple black yellow,purple black purple yellow,purple black brown soldier; orange black brown soldier; purple red soldier; purple black yellow soldier; orange red yellow soldier; orange black yellow soldier; orange red brown soldier; purple red yellow soldier,purple red brown soldier; orange red yellow soldier; orange red brown soldier; orange black brown soldier; purple black yellow soldier; purple red yellow soldier; purple black brown soldier; orange black yellow soldier,orange black yellow soldier; orange red brown soldier; orange red yellow soldier; purple red yellow soldier; orange black brown soldier; purple black brown soldier; purple black yellow soldier; purple red brown soldier,orange black yellow soldier; orange red brown soldier; orange red yellow soldier; purple red yellow soldier; purple black brown soldier; purple black brown soldier; purple black yellow soldier; purple red brown soldier,,,,
WFX5XE,schema,ambiguous,0,2,orange red grey brown,orange red grey brown,purple black brown soldier; orange black brown soldier; purple red soldier; purple black yellow soldier; orange red yellow soldier; orange black yellow soldier; orange red brown soldier; purple red yellow soldier,purple red brown soldier; orange red yellow soldier; orange red brown soldier; orange black brown soldier; purple black yellow soldier; purple red yellow soldier; purple black brown soldier; orange black yellow soldier,orange black yellow soldier; orange red brown soldier; orange red yellow soldier; purple red yellow soldier; orange black brown soldier; purple black brown soldier; purple black yellow soldier; purple red brown soldier,orange black yellow soldier; orange red brown soldier; orange red yellow soldier; purple red yellow soldier; purple black brown soldier; purple black brown soldier; purple black yellow soldier; purple red brown soldier,,,,
WFX5XE,schema,ambiguous,0,3,orange red brown brown,orange red brown brown,purple black brown soldier; orange black brown soldier; purple red soldier; purple black yellow soldier; orange red yellow soldier; orange black yellow soldier; orange red brown soldier; purple red yellow soldier,purple red brown soldier; orange red yellow soldier; orange red brown soldier; orange black brown soldier; purple black yellow soldier; purple red yellow soldier; purple black brown soldier; orange black yellow soldier,orange black yellow soldier; orange red brown soldier; orange red yellow soldier; purple red yellow soldier; orange black brown soldier; purple black brown soldier; purple black yellow soldier; purple red brown soldier,orange black yellow soldier; orange red brown soldier; orange red yellow soldier; purple red yellow soldier; purple black brown soldier; purple black brown soldier; purple black yellow soldier; purple red brown soldier,,,,
WFX5XE,schema,ambiguous,0,4,orange red brown,orange red white brown,purple black brown soldier; orange black brown soldier; purple red soldier; purple black yellow soldier; orange red yellow soldier; orange black yellow soldier; orange red brown soldier; purple red yellow soldier,purple red brown soldier; orange red yellow soldier; orange red brown soldier; orange black brown soldier; purple black yellow soldier; purple red yellow soldier; purple black brown soldier; orange black yellow soldier,orange black yellow soldier; orange red brown soldier; orange red yellow soldier; purple red yellow soldier; orange black brown soldier; purple black brown soldier; purple black yellow soldier; purple red brown soldier,orange black yellow soldier; orange red brown soldier; orange red yellow soldier; purple red yellow soldier; purple black brown soldier; purple black brown soldier; purple black yellow soldier; purple red brown soldier,,,,
WFX5XE,schema,ambiguous,0,5,orange red black brown,orange red black brown,purple black brown soldier; orange black brown soldier; purple red soldier; purple black yellow soldier; orange red yellow soldier; orange black yellow soldier; orange red brown soldier; purple red yellow soldier,purple red brown soldier; orange red yellow soldier; orange red brown soldier; orange black brown soldier; purple black yellow soldier; purple red yellow soldier; purple black brown soldier; orange black yellow soldier,orange black yellow soldier; orange red brown soldier; orange red yellow soldier; purple red yellow soldier; orange black brown soldier; purple black brown soldier; purple black yellow soldier; purple red brown soldier,orange black yellow soldier; orange red brown soldier; orange red yellow soldier; purple red yellow soldier; purple black brown soldier; purple black brown soldier; purple black yellow soldier; purple red brown soldier,,,,
WFX5XE,schema,ambiguous,0,6,purple black yellow,purple black black yellow,purple black brown soldier; orange black brown soldier; purple red soldier; purple black yellow soldier; orange red yellow soldier; orange black yellow soldier; orange red brown soldier; purple red yellow soldier,purple red brown soldier; orange red yellow soldier; orange red brown soldier; orange black brown soldier; purple black yellow soldier; purple red yellow soldier; purple black brown soldier; orange black yellow soldier,orange black yellow soldier; orange red brown soldier; orange red yellow soldier; purple red yellow soldier; orange black brown soldier; purple black brown soldier; purple black yellow soldier; purple red brown soldier,orange black yellow soldier; orange red brown soldier; orange red yellow soldier; purple red yellow soldier; purple black brown soldier; purple black brown soldier; purple black yellow soldier; purple red brown soldier,,,,
WFX5XE,schema,ambiguous,0,7,purple black red yellow,purple black red yellow,purple black brown soldier; orange black brown soldier; purple red soldier; purple black yellow soldier; orange red yellow soldier; orange black yellow soldier; orange red brown soldier; purple red yellow soldier,purple red brown soldier; orange red yellow soldier; orange red brown soldier; orange black brown soldier; purple black yellow soldier; purple red yellow soldier; purple black brown soldier; orange black yellow soldier,orange black yellow soldier; orange red brown soldier; orange red yellow soldier; purple red yellow soldier; orange black brown soldier; purple black brown soldier; purple black yellow soldier; purple red brown soldier,orange black yellow soldier; orange red brown soldier; orange red yellow soldier; purple red yellow soldier; purple black brown soldier; purple black brown soldier; purple black yellow soldier; purple red brown soldier,,,,
WFX5XE,schema,ambiguous,1,0,purple black pink yellow,purple black pink yellow,purple black brown soldier; orange black brown soldier; purple red brown soldier; purple black yellow soldier; orange red yellow soldier; orange black yellow soldier; orange red brown soldier; purple red yellow soldier,purple red brown soldier; orange red yellow soldier; orange red brown soldier; orange black brown soldier; purple black yellow soldier; purple red yellow soldier; purple black brown soldier; orange black yellow soldier,orange black yellow soldier; orange red brown soldier; orange red yellow soldier; purple red yellow soldier; purple black brown soldier; purple black brown soldier; purple black yellow soldier; purple red brown soldier,orange black yellow soldier; orange red brown soldier; orange red yellow soldier; purple red yellow soldier; orange black brown soldier; purple black brown soldier; purple black yellow soldier; purple red brown soldier,,,,
WFX5XE,schema,ambiguous,1,1,purple black purple yellow,purple black yellow,purple black brown soldier; orange black brown soldier; purple red brown soldier; purple black yellow soldier; orange red yellow soldier; orange black yellow soldier; orange red brown soldier; purple red yellow soldier,purple red brown soldier; orange red yellow soldier; orange red brown soldier; orange black brown soldier; purple black yellow soldier; purple red yellow soldier; purple black brown soldier; orange black yellow soldier,orange black yellow soldier; orange red brown soldier; orange red yellow soldier; purple red yellow soldier; purple black brown soldier; purple black brown soldier; purple black yellow soldier; purple red brown soldier,orange black yellow soldier; orange red brown soldier; orange red yellow soldier; purple red yellow soldier; orange black brown soldier; purple black brown soldier; purple black yellow soldier; purple red brown soldier,,,,
WFX5XE,schema,ambiguous,1,2,orange red grey brown,orange red grey brown,purple black brown soldier; orange black brown soldier; purple red brown soldier; purple black yellow soldier; orange red yellow soldier; orange black yellow soldier; orange red brown soldier; purple red yellow soldier,purple red brown soldier; orange red yellow soldier; orange red brown soldier; orange black brown soldier; purple black yellow soldier; purple red yellow soldier; purple black brown soldier; orange black yellow soldier,orange black yellow soldier; orange red brown soldier; orange red yellow soldier; purple red yellow soldier; purple black brown soldier; purple black brown soldier; purple black yellow soldier; purple red brown soldier,orange black yellow soldier; orange red brown soldier; orange red yellow soldier; purple red yellow soldier; orange black brown soldier; purple black brown soldier; purple black yellow soldier; purple red brown soldier,,,,
WFX5XE,schema,ambiguous,1,3,orange red brown brown,orange red brown brown,purple black brown soldier; orange black brown soldier; purple red brown soldier; purple black yellow soldier; orange red yellow soldier; orange black yellow soldier; orange red brown soldier; purple red yellow soldier,purple red brown soldier; orange red yellow soldier; orange red brown soldier; orange black brown soldier; purple black yellow soldier; purple red yellow soldier; purple black brown soldier; orange black yellow soldier,orange black yellow soldier; orange red brown soldier; orange red yellow soldier; purple red yellow soldier; purple black brown soldier; purple black brown soldier; purple black yellow soldier; purple red brown soldier,orange black yellow soldier; orange red brown soldier; orange red yellow soldier; purple red yellow soldier; orange black brown soldier; purple black brown soldier; purple black yellow soldier; purple red brown soldier,,,,
WFX5XE,schema,ambiguous,1,4,orange red white brown,orange red brown,purple black brown soldier; orange black brown soldier; purple red brown soldier; purple black yellow soldier; orange red yellow soldier; orange black yellow soldier; orange red brown soldier; purple red yellow soldier,purple red brown soldier; orange red yellow soldier; orange red brown soldier; orange black brown soldier; purple black yellow soldier; purple red yellow soldier; purple black brown soldier; orange black yellow soldier,orange black yellow soldier; orange red brown soldier; orange red yellow soldier; purple red yellow soldier; purple black brown soldier; purple black brown soldier; purple black yellow soldier; purple red brown soldier,orange black yellow soldier; orange red brown soldier; orange red yellow soldier; purple red yellow soldier; orange black brown soldier; purple black brown soldier; purple black yellow soldier; purple red brown soldier,,,,
WFX5XE,schema,ambiguous,1,5,orange red black brown,orange red black brown,purple black brown soldier; orange black brown soldier; purple red brown soldier; purple black yellow soldier; orange red yellow soldier; orange black yellow soldier; orange red brown soldier; purple red yellow soldier,purple red brown soldier; orange red yellow soldier; orange red brown soldier; orange black brown soldier; purple black yellow soldier; purple red yellow soldier; purple black brown soldier; orange black yellow soldier,orange black yellow soldier; orange red brown soldier; orange red yellow soldier; purple red yellow soldier; purple black brown soldier; purple black brown soldier; purple black yellow soldier; purple red brown soldier,orange black yellow soldier; orange red brown soldier; orange red yellow soldier; purple red yellow soldier; orange black brown soldier; purple black brown soldier; purple black yellow soldier; purple red brown soldier,,,,
WFX5XE,schema,ambiguous,1,6,purple black black yellow,purple black yellow,purple black brown soldier; orange black brown soldier; purple red brown soldier; purple black yellow soldier; orange red yellow soldier; orange black yellow soldier; orange red brown soldier; purple red yellow soldier,purple red brown soldier; orange red yellow soldier; orange red brown soldier; orange black brown soldier; purple black yellow soldier; purple red yellow soldier; purple black brown soldier; orange black yellow soldier,orange black yellow soldier; orange red brown soldier; orange red yellow soldier; purple red yellow soldier; purple black brown soldier; purple black brown soldier; purple black yellow soldier; purple red brown soldier,orange black yellow soldier; orange red brown soldier; orange red yellow soldier; purple red yellow soldier; orange black brown soldier; purple black brown soldier; purple black yellow soldier; purple red brown soldier,,,,
WFX5XE,schema,ambiguous,1,7,purple black red yellow,purple black red yellow,purple black brown soldier; orange black brown soldier; purple red brown soldier; purple black yellow soldier; orange red yellow soldier; orange black yellow soldier; orange red brown soldier; purple red yellow soldier,purple red brown soldier; orange red yellow soldier; orange red brown soldier; orange black brown soldier; purple black yellow soldier; purple red yellow soldier; purple black brown soldier; orange black yellow soldier,orange black yellow soldier; orange red brown soldier; orange red yellow soldier; purple red yellow soldier; purple black brown soldier; purple black brown soldier; purple black yellow soldier; purple red brown soldier,orange black yellow soldier; orange red brown soldier; orange red yellow soldier; purple red yellow soldier; orange black brown soldier; purple black brown soldier; purple black yellow soldier; purple red brown soldier,,,,
YVBY96,schema,ambiguous,0,0,prbt,pby,purplerb; redrb; purplelb; purplery; redly; redry; redlb; purplely,plb; rly; rlb; rrb; pry; ply; prb; rry,rry; rlb; rly; ply; rrb; prb; pry; plb,rry; rlb; rly; ply; rrb; prb; pry; plb,,,,
YVBY96,schema,ambiguous,0,1,pry,pby,purplerb; redrb; purplelb; purplery; redly; redry; redlb; purplely,plb; rly; rlb; rrb; pry; ply; prb; rry,rry; rlb; rly; ply; rrb; prb; pry; plb,rry; rlb; rly; ply; rrb; prb; pry; plb,,,,
YVBY96,schema,ambiguous,0,2,rlb,rrba,purplerb; redrb; purplelb; purplery; redly; redry; redlb; purplely,plb; rly; rlb; rrb; pry; ply; prb; rry,rry; rlb; rly; ply; rrb; prb; pry; plb,rry; rlb; rly; ply; rrb; prb; pry; plb,,,,
YVBY96,schema,ambiguous,0,3,rlba,rrba,purplerb; redrb; purplelb; purplery; redly; redry; redlb; purplely,plb; rly; rlb; rrb; pry; ply; prb; rry,rry; rlb; rly; ply; rrb; prb; pry; plb,rry; rlb; rly; ply; rrb; prb; pry; plb,,,,
YVBY96,schema,ambiguous,0,4,rlra,rlba,purplerb; redrb; purplelb; purplery; redly; redry; redlb; purplely,plb; rly; rlb; rrb; pry; ply; prb; rry,rry; rlb; rly; ply; rrb; prb; pry; plb,rry; rlb; rly; ply; rrb; prb; pry; plb,,,,
YVBY96,schema,ambiguous,0,5,rlra,prba,purplerb; redrb; purplelb; purplery; redly; redry; redlb; purplely,plb; rly; rlb; rrb; pry; ply; prb; rry,rry; rlb; rly; ply; rrb; prb; pry; plb,rry; rlb; rly; ply; rrb; prb; pry; plb,,,,
YVBY96,schema,ambiguous,0,6,pryt,pbyt,purplerb; redrb; purplelb; purplery; redly; redry; redlb; purplely,plb; rly; rlb; rrb; pry; ply; prb; rry,rry; rlb; rly; ply; rrb; prb; pry; plb,rry; rlb; rly; ply; rrb; prb; pry; plb,,,,
YVBY96,schema,ambiguous,0,7,pryt,pbyt,purplerb; redrb; purplelb; purplery; redly; redry; redlb; purplely,plb; rly; rlb; rrb; pry; ply; prb; rry,rry; rlb; rly; ply; rrb; prb; pry; plb,rry; rlb; rly; ply; rrb; prb; pry; plb,,,,
YVBY96,schema,ambiguous,1,0,pby,prbt,purplerb; redrb; purplelb; purplery; redly; redry; redlb; purplely,plb; rly; rlb; rrb; pry; ply; prb; rry,rry; rlb; rly; ply; rrb; prb; pry; plb,rry; rlb; rly; ply; rrb; prb; pry; plb,,,,
YVBY96,schema,ambiguous,1,1,pby,pry,purplerb; redrb; purplelb; purplery; redly; redry; redlb; purplely,plb; rly; rlb; rrb; pry; ply; prb; rry,rry; rlb; rly; ply; rrb; prb; pry; plb,rry; rlb; rly; ply; rrb; prb; pry; plb,,,,
YVBY96,schema,ambiguous,1,2,rrba,rlb,purplerb; redrb; purplelb; purplery; redly; redry; redlb; purplely,plb; rly; rlb; rrb; pry; ply; prb; rry,rry; rlb; rly; ply; rrb; prb; pry; plb,rry; rlb; rly; ply; rrb; prb; pry; plb,,,,
YVBY96,schema,ambiguous,1,3,rrba,rlba,purplerb; redrb; purplelb; purplery; redly; redry; redlb; purplely,plb; rly; rlb; rrb; pry; ply; prb; rry,rry; rlb; rly; ply; rrb; prb; pry; plb,rry; rlb; rly; ply; rrb; prb; pry; plb,,,,
YVBY96,schema,ambiguous,1,4,rlba,rlra,purplerb; redrb; purplelb; purplery; redly; redry; redlb; purplely,plb; rly; rlb; rrb; pry; ply; prb; rry,rry; rlb; rly; ply; rrb; prb; pry; plb,rry; rlb; rly; ply; rrb; prb; pry; plb,,,,
YVBY96,schema,ambiguous,1,5,prba,rlra,purplerb; redrb; purplelb; purplery; redly; redry; redlb; purplely,plb; rly; rlb; rrb; pry; ply; prb; rry,rry; rlb; rly; ply; rrb; prb; pry; plb,rry; rlb; rly; ply; rrb; prb; pry; plb,,,,
YVBY96,schema,ambiguous,1,6,pbyt,pryt,purplerb; redrb; purplelb; purplery; redly; redry; redlb; purplely,plb; rly; rlb; rrb; pry; ply; prb; rry,rry; rlb; rly; ply; rrb; prb; pry; plb,rry; rlb; rly; ply; rrb; prb; pry; plb,,,,
YVBY96,schema,ambiguous,1,7,pbyt,pryt,purplerb; redrb; purplelb; purplery; redly; redry; redlb; purplely,plb; rly; rlb; rrb; pry; ply; prb; rry,rry; rlb; rly; ply; rrb; prb; pry; plb,rry; rlb; rly; ply; rrb; prb; pry; plb,,,,
Z9NZDJ,schema_tangrams,incompatible,0,0,ymca,ymca,purple black brown; orange black brown; purple red brown; purple black yellow; orange red yellow; orange black yellow; orange red brown; purple red yellow,purple red brown; orange red yellow; orange red brown; orange black brown; purple black yellow; purple red yellow; purple black brown; orange black yellow,orange black yellow; orange red brown; orange red yellow; purple red yellow; orange black brown; purple black brown; purple black yellow; purple red brown,orange black yellow; orange red brown; orange red yellow; purple red yellow; orange black brown; purple black brown; purple black yellow; purple red brown,,,,
Z9NZDJ,schema_tangrams,incompatible,0,1,walking,standing on one foot,purple black brown; orange black brown; purple red brown; purple black yellow; orange red yellow; orange black yellow; orange red brown; purple red yellow,purple red brown; orange red yellow; orange red brown; orange black brown; purple black yellow; purple red yellow; purple black brown; orange black yellow,orange black yellow; orange red brown; orange red yellow; purple red yellow; orange black brown; purple black brown; purple black yellow; purple red brown,orange black yellow; orange red brown; orange red yellow; purple red yellow; orange black brown; purple black brown; purple black yellow; purple red brown,,,,
Z9NZDJ,schema_tangrams,incompatible,0,2,lunge,kneeling,purple black brown; orange black brown; purple red brown; purple black yellow; orange red yellow; orange black yellow; orange red brown; purple red yellow,purple red brown; orange red yellow; orange red brown; orange black brown; purple black yellow; purple red yellow; purple black brown; orange black yellow,orange black yellow; orange red brown; orange red yellow; purple red yellow; orange black brown; purple black brown; purple black yellow; purple red brown,orange black yellow; orange red brown; orange red yellow; purple red yellow; orange black brown; purple black brown; purple black yellow; purple red brown,,,,
Z9NZDJ,schema_tangrams,incompatible,0,3,standing on one foot,standing on one foot,purple black brown; orange black brown; purple red brown; purple black yellow; orange red yellow; orange black yellow; orange red brown; purple red yellow,purple red brown; orange red yellow; orange red brown; orange black brown; purple black yellow; purple red yellow; purple black brown; orange black yellow,orange black yellow; orange red brown; orange red yellow; purple red yellow; orange black brown; purple black brown; purple black yellow; purple red brown,orange black yellow; orange red brown; orange red yellow; purple red yellow; orange black brown; purple black brown; purple black yellow; purple red brown,,,,
Z9NZDJ,schema_tangrams,incompatible,0,4,standing,standing,purple black brown; orange black brown; purple red brown; purple black yellow; orange red yellow; orange black yellow; orange red brown; purple red yellow,purple red brown; orange red yellow; orange red brown; orange black brown; purple black yellow; purple red yellow; purple black brown; orange black yellow,orange black yellow; orange red brown; orange red yellow; purple red yellow; orange black brown; purple black brown; purple black yellow; purple red brown,orange black yellow; orange red brown; orange red yellow; purple red yellow; orange black brown; purple black brown; purple black yellow; purple red brown,,,,
Z9NZDJ,schema_tangrams,incompatible,0,5,kneeling,kneeling,purple black brown; orange black brown; purple red brown; purple black yellow; orange red yellow; orange black yellow; orange red brown; purple red yellow,purple red brown; orange red yellow; orange red brown; orange black brown; purple black yellow; purple red yellow; purple black brown; orange black yellow,orange black yellow; orange red brown; orange red yellow; purple red yellow; orange black brown; purple black brown; purple black yellow; purple red brown,orange black yellow; orange red brown; orange red yellow; purple red yellow; orange black brown; purple black brown; purple black yellow; purple red brown,,,,
Z9NZDJ,schema_tangrams,incompatible,0,6,splits,lunging,purple black brown; orange black brown; purple red brown; purple black yellow; orange red yellow; orange black yellow; orange red brown; purple red yellow,purple red brown; orange red yellow; orange red brown; orange black brown; purple black yellow; purple red yellow; purple black brown; orange black yellow,orange black yellow; orange red brown; orange red yellow; purple red yellow; orange black brown; purple black brown; purple black yellow; purple red brown,orange black yellow; orange red brown; orange red yellow; purple red yellow; orange black brown; purple black brown; purple black yellow; purple red brown,,,,
Z9NZDJ,schema_tangrams,incompatible,0,7,kneeling with foot,kneeling,purple black brown; orange black brown; purple red brown; purple black yellow; orange red yellow; orange black yellow; orange red brown; purple red yellow,purple red brown; orange red yellow; orange red brown; orange black brown; purple black yellow; purple red yellow; purple black brown; orange black yellow,orange black yellow; orange red brown; orange red yellow; purple red yellow; orange black brown; purple black brown; purple black yellow; purple red brown,orange black yellow; orange red brown; orange red yellow; purple red yellow; orange black brown; purple black brown; purple black yellow; purple red brown,,,,
Z9NZDJ,schema_tangrams,incompatible,1,0,ymca,ymca,purple black brown; orange black brown; purple red brown; purple black yellow; orange red yellow; orange black yellow; orange red brown; purple red yellow,purple red brown; orange red yellow; orange red brown; orange black brown; purple black yellow; purple red yellow; purple black brown; orange black yellow,orange black yellow; orange red brown; orange red yellow; purple red yellow; orange black brown; purple black brown; purple black yellow; purple red brown,orange black yellow; orange red brown; orange red yellow; purple red yellow; orange black brown; purple black brown; purple black yellow; purple red brown,,,,
Z9NZDJ,schema_tangrams,incompatible,1,1,standing on one foot,walking,purple black brown; orange black brown; purple red brown; purple black yellow; orange red yellow; orange black yellow; orange red brown; purple red yellow,purple red brown; orange red yellow; orange red brown; orange black brown; purple black yellow; purple red yellow; purple black brown; orange black yellow,orange black yellow; orange red brown; orange red yellow; purple red yellow; orange black brown; purple black brown; purple black yellow; purple red brown,orange black yellow; orange red brown; orange red yellow; purple red yellow; orange black brown; purple black brown; purple black yellow; purple red brown,,,,
Z9NZDJ,schema_tangrams,incompatible,1,2,kneeling,lunge,purple black brown; orange black brown; purple red brown; purple black yellow; orange red yellow; orange black yellow; orange red brown; purple red yellow,purple red brown; orange red yellow; orange red brown; orange black brown; purple black yellow; purple red yellow; purple black brown; orange black yellow,orange black yellow; orange red brown; orange red yellow; purple red yellow; orange black brown; purple black brown; purple black yellow; purple red brown,orange black yellow; orange red brown; orange red yellow; purple red yellow; orange black brown; purple black brown; purple black yellow; purple red brown,,,,
Z9NZDJ,schema_tangrams,incompatible,1,3,standing on one foot,standing on one foot,purple black brown; orange black brown; purple red brown; purple black yellow; orange red yellow; orange black yellow; orange red brown; purple red yellow,purple red brown; orange red yellow; orange red brown; orange black brown; purple black yellow; purple red yellow; purple black brown; orange black yellow,orange black yellow; orange red brown; orange red yellow; purple red yellow; orange black brown; purple black brown; purple black yellow; purple red brown,orange black yellow; orange red brown; orange red yellow; purple red yellow; orange black brown; purple black brown; purple black yellow; purple red brown,,,,
Z9NZDJ,schema_tangrams,incompatible,1,4,standing,standing,purple black brown; orange black brown; purple red brown; purple black yellow; orange red yellow; orange black yellow; orange red brown; purple red yellow,purple red brown; orange red yellow; orange red brown; orange black brown; purple black yellow; purple red yellow; purple black brown; orange black yellow,orange black yellow; orange red brown; orange red yellow; purple red yellow; orange black brown; purple black brown; purple black yellow; purple red brown,orange black yellow; orange red brown; orange red yellow; purple red yellow; orange black brown; purple black brown; purple black yellow; purple red brown,,,,
Z9NZDJ,schema_tangrams,incompatible,1,5,kneeling,kneeling,purple black brown; orange black brown; purple red brown; purple black yellow; orange red yellow; orange black yellow; orange red brown; purple red yellow,purple red brown; orange red yellow; orange red brown; orange black brown; purple black yellow; purple red yellow; purple black brown; orange black yellow,orange black yellow; orange red brown; orange red yellow; purple red yellow; orange black brown; purple black brown; purple black yellow; purple red brown,orange black yellow; orange red brown; orange red yellow; purple red yellow; orange black brown; purple black brown; purple black yellow; purple red brown,,,,
Z9NZDJ,schema_tangrams,incompatible,1,6,lunging,splits,purple black brown; orange black brown; purple red brown; purple black yellow; orange red yellow; orange black yellow; orange red brown; purple red yellow,purple red brown; orange red yellow; orange red brown; orange black brown; purple black yellow; purple red yellow; purple black brown; orange black yellow,orange black yellow; orange red brown; orange red yellow; purple red yellow; orange black brown; purple black brown; purple black yellow; purple red brown,orange black yellow; orange red brown; orange red yellow; purple red yellow; orange black brown; purple black brown; purple black yellow; purple red brown,,,,
Z9NZDJ,schema_tangrams,incompatible,1,7,kneeling,kneeling with foot,purple black brown; orange black brown; purple red brown; purple black yellow; orange red yellow; orange black yellow; orange red brown; purple red yellow,purple red brown; orange red yellow; orange red brown; orange black brown; purple black yellow; purple red yellow; purple black brown; orange black yellow,orange black yellow; orange red brown; orange red yellow; purple red yellow; orange black brown; purple black brown; purple black yellow; purple red brown,orange black yellow; orange red brown; orange red yellow; purple red yellow; orange black brown; purple black brown; purple black yellow; purple red brown,,,,
ZR4NH1,schema_tangrams,incompatible,0,0,"left head, right arms","center head, right arms","purple, brown closed feet, right; red, brown open feet, right; purple, brown closed feet, left; purple, yellow closed feet, right; red, yellow open feet, left; red, yellow open feet, right; red, brown open feet, left; purple, yellow closed feet, left","purple, brown closed feet, left; red, yellow open feet, left; red, brown open feet, left; red, brown open feet, right; purple, yellow closed feet, right; purple, yellow closed feet, left; purple, brown closed feet, right; red, yellow open feet, right","red, yellow open feet, right; red, brown open feet, left; red, yellow open feet, left; purple, yellow closed feet, left; red, brown open feet, right; purple, brown closed feet, right; purple, yellow closed feet, right; purple, brown closed feet, left","red, yellow open feet, right; red, open brown feet, left; red, yellow open feet, left; purple, closed yellow feet, left; red, brown open feet, right; purple, brown closed feet, right; purple, yellow closed feet, right; purple, brown closed feet, left",,,,
ZR4NH1,schema_tangrams,incompatible,0,1,"right head, left legs","right head, left legs","purple, brown closed feet, right; red, brown open feet, right; purple, brown closed feet, left; purple, yellow closed feet, right; red, yellow open feet, left; red, yellow open feet, right; red, brown open feet, left; purple, yellow closed feet, left","purple, brown closed feet, left; red, yellow open feet, left; red, brown open feet, left; red, brown open feet, right; purple, yellow closed feet, right; purple, yellow closed feet, left; purple, brown closed feet, right; red, yellow open feet, right","red, yellow open feet, right; red, brown open feet, left; red, yellow open feet, left; purple, yellow closed feet, left; red, brown open feet, right; purple, brown closed feet, right; purple, yellow closed feet, right; purple, brown closed feet, left","red, yellow open feet, right; red, open brown feet, left; red, yellow open feet, left; purple, closed yellow feet, left; red, brown open feet, right; purple, brown closed feet, right; purple, yellow closed feet, right; purple, brown closed feet, left",,,,
ZR4NH1,schema_tangrams,incompatible,0,2,"center head, center arms","center head, center arms","purple, brown closed feet, right; red, brown open feet, right; purple, brown closed feet, left; purple, yellow closed feet, right; red, yellow open feet, left; red, yellow open feet, right; red, brown open feet, left; purple, yellow closed feet, left","purple, brown closed feet, left; red, yellow open feet, left; red, brown open feet, left; red, brown open feet, right; purple, yellow closed feet, right; purple, yellow closed feet, left; purple, brown closed feet, right; red, yellow open feet, right","red, yellow open feet, right; red, brown open feet, left; red, yellow open feet, left; purple, yellow closed feet, left; red, brown open feet, right; purple, brown closed feet, right; purple, yellow closed feet, right; purple, brown closed feet, left","red, yellow open feet, right; red, open brown feet, left; red, yellow open feet, left; purple, closed yellow feet, left; red, brown open feet, right; purple, brown closed feet, right; purple, yellow closed feet, right; purple, brown closed feet, left",,,,
ZR4NH1,schema_tangrams,incompatible,0,3,"left head, right arms",,"purple, brown closed feet, right; red, brown open feet, right; purple, brown closed feet, left; purple, yellow closed feet, right; red, yellow open feet, left; red, yellow open feet, right; red, brown open feet, left; purple, yellow closed feet, left","purple, brown closed feet, left; red, yellow open feet, left; red, brown open feet, left; red, brown open feet, right; purple, yellow closed feet, right; purple, yellow closed feet, left; purple, brown closed feet, right; red, yellow open feet, right","red, yellow open feet, right; red, brown open feet, left; red, yellow open feet, left; purple, yellow closed feet, left; red, brown open feet, right; purple, brown closed feet, right; purple, yellow closed feet, right; purple, brown closed feet, left","red, yellow open feet, right; red, open brown feet, left; red, yellow open feet, left; purple, closed yellow feet, left; red, brown open feet, right; purple, brown closed feet, right; purple, yellow closed feet, right; purple, brown closed feet, left",,,,
ZR4NH1,schema_tangrams,incompatible,0,4,"center head, left arm","center head, left arms","purple, brown closed feet, right; red, brown open feet, right; purple, brown closed feet, left; purple, yellow closed feet, right; red, yellow open feet, left; red, yellow open feet, right; red, brown open feet, left; purple, yellow closed feet, left","purple, brown closed feet, left; red, yellow open feet, left; red, brown open feet, left; red, brown open feet, right; purple, yellow closed feet, right; purple, yellow closed feet, left; purple, brown closed feet, right; red, yellow open feet, right","red, yellow open feet, right; red, brown open feet, left; red, yellow open feet, left; purple, yellow closed feet, left; red, brown open feet, right; purple, brown closed feet, right; purple, yellow closed feet, right; purple, brown closed feet, left","red, yellow open feet, right; red, open brown feet, left; red, yellow open feet, left; purple, closed yellow feet, left; red, brown open feet, right; purple, brown closed feet, right; purple, yellow closed feet, right; purple, brown closed feet, left",,,,
ZR4NH1,schema_tangrams,incompatible,0,5,"center head, right arms","center head, right arms","purple, brown closed feet, right; red, brown open feet, right; purple, brown closed feet, left; purple, yellow closed feet, right; red, yellow open feet, left; red, yellow open feet, right; red, brown open feet, left; purple, yellow closed feet, left","purple, brown closed feet, left; red, yellow open feet, left; red, brown open feet, left; red, brown open feet, right; purple, yellow closed feet, right; purple, yellow closed feet, left; purple, brown closed feet, right; red, yellow open feet, right","red, yellow open feet, right; red, brown open feet, left; red, yellow open feet, left; purple, yellow closed feet, left; red, brown open feet, right; purple, brown closed feet, right; purple, yellow closed feet, right; purple, brown closed feet, left","red, yellow open feet, right; red, open brown feet, left; red, yellow open feet, left; purple, closed yellow feet, left; red, brown open feet, right; purple, brown closed feet, right; purple, yellow closed feet, right; purple, brown closed feet, left",,,,
ZR4NH1,schema_tangrams,incompatible,0,6,"center head, right arms, left legs",,"purple, brown closed feet, right; red, brown open feet, right; purple, brown closed feet, left; purple, yellow closed feet, right; red, yellow open feet, left; red, yellow open feet, right; red, brown open feet, left; purple, yellow closed feet, left","purple, brown closed feet, left; red, yellow open feet, left; red, brown open feet, left; red, brown open feet, right; purple, yellow closed feet, right; purple, yellow closed feet, left; purple, brown closed feet, right; red, yellow open feet, right","red, yellow open feet, right; red, brown open feet, left; red, yellow open feet, left; purple, yellow closed feet, left; red, brown open feet, right; purple, brown closed feet, right; purple, yellow closed feet, right; purple, brown closed feet, left","red, yellow open feet, right; red, open brown feet, left; red, yellow open feet, left; purple, closed yellow feet, left; red, brown open feet, right; purple, brown closed feet, right; purple, yellow closed feet, right; purple, brown closed feet, left",,,,
ZR4NH1,schema_tangrams,incompatible,0,7,"center head, right arms","center head, right arms","purple, brown closed feet, right; red, brown open feet, right; purple, brown closed feet, left; purple, yellow closed feet, right; red, yellow open feet, left; red, yellow open feet, right; red, brown open feet, left; purple, yellow closed feet, left","purple, brown closed feet, left; red, yellow open feet, left; red, brown open feet, left; red, brown open feet, right; purple, yellow closed feet, right; purple, yellow closed feet, left; purple, brown closed feet, right; red, yellow open feet, right","red, yellow open feet, right; red, brown open feet, left; red, yellow open feet, left; purple, yellow closed feet, left; red, brown open feet, right; purple, brown closed feet, right; purple, yellow closed feet, right; purple, brown closed feet, left","red, yellow open feet, right; red, open brown feet, left; red, yellow open feet, left; purple, closed yellow feet, left; red, brown open feet, right; purple, brown closed feet, right; purple, yellow closed feet, right; purple, brown closed feet, left",,,,
ZR4NH1,schema_tangrams,incompatible,1,0,"center head, right arms","left head, right arms","purple, brown closed feet, right; red, brown open feet, right; purple, brown closed feet, left; purple, yellow closed feet, right; red, yellow open feet, left; red, yellow open feet, right; red, brown open feet, left; purple, yellow closed feet, left","purple, brown closed feet, left; red, yellow open feet, left; red, brown open feet, left; red, open brown feet, right; purple, yellow closed feet, right; purple, yellow closed feet, left; purple, brown closed feet, right; red, yellow open feet, right","red, yellow open feet, right; red, open brown feet, left; red, yellow open feet, left; purple, closed yellow feet, left; red, brown open feet, right; purple, brown closed feet, right; purple, yellow closed feet, right; purple, brown closed feet, left","red, yellow open feet, right; red, brown open feet, left; red, yellow open feet, left; purple, yellow closed feet, left; red, brown open feet, right; purple, brown closed feet, right; purple, yellow closed feet, right; purple, brown closed feet, left",,,,
ZR4NH1,schema_tangrams,incompatible,1,1,"right head, left legs","right head, left legs","purple, brown closed feet, right; red, brown open feet, right; purple, brown closed feet, left; purple, yellow closed feet, right; red, yellow open feet, left; red, yellow open feet, right; red, brown open feet, left; purple, yellow closed feet, left","purple, brown closed feet, left; red, yellow open feet, left; red, brown open feet, left; red, open brown feet, right; purple, yellow closed feet, right; purple, yellow closed feet, left; purple, brown closed feet, right; red, yellow open feet, right","red, yellow open feet, right; red, open brown feet, left; red, yellow open feet, left; purple, closed yellow feet, left; red, brown open feet, right; purple, brown closed feet, right; purple, yellow closed feet, right; purple, brown closed feet, left","red, yellow open feet, right; red, brown open feet, left; red, yellow open feet, left; purple, yellow closed feet, left; red, brown open feet, right; purple, brown closed feet, right; purple, yellow closed feet, right; purple, brown closed feet, left",,,,
ZR4NH1,schema_tangrams,incompatible,1,2,"center head, center arms","center head, center arms","purple, brown closed feet, right; red, brown open feet, right; purple, brown closed feet, left; purple, yellow closed feet, right; red, yellow open feet, left; red, yellow open feet, right; red, brown open feet, left; purple, yellow closed feet, left","purple, brown closed feet, left; red, yellow open feet, left; red, brown open feet, left; red, open brown feet, right; purple, yellow closed feet, right; purple, yellow closed feet, left; purple, brown closed feet, right; red, yellow open feet, right","red, yellow open feet, right; red, open brown feet, left; red, yellow open feet, left; purple, closed yellow feet, left; red, brown open feet, right; purple, brown closed feet, right; purple, yellow closed feet, right; purple, brown closed feet, left","red, yellow open feet, right; red, brown open feet, left; red, yellow open feet, left; purple, yellow closed feet, left; red, brown open feet, right; purple, brown closed feet, right; purple, yellow closed feet, right; purple, brown closed feet, left",,,,
ZR4NH1,schema_tangrams,incompatible,1,3,,"left head, right arms","purple, brown closed feet, right; red, brown open feet, right; purple, brown closed feet, left; purple, yellow closed feet, right; red, yellow open feet, left; red, yellow open feet, right; red, brown open feet, left; purple, yellow closed feet, left","purple, brown closed feet, left; red, yellow open feet, left; red, brown open feet, left; red, open brown feet, right; purple, yellow closed feet, right; purple, yellow closed feet, left; purple, brown closed feet, right; red, yellow open feet, right","red, yellow open feet, right; red, open brown feet, left; red, yellow open feet, left; purple, closed yellow feet, left; red, brown open feet, right; purple, brown closed feet, right; purple, yellow closed feet, right; purple, brown closed feet, left","red, yellow open feet, right; red, brown open feet, left; red, yellow open feet, left; purple, yellow closed feet, left; red, brown open feet, right; purple, brown closed feet, right; purple, yellow closed feet, right; purple, brown closed feet, left",,,,
ZR4NH1,schema_tangrams,incompatible,1,4,"center head, left arms","center head, left arm","purple, brown closed feet, right; red, brown open feet, right; purple, brown closed feet, left; purple, yellow closed feet, right; red, yellow open feet, left; red, yellow open feet, right; red, brown open feet, left; purple, yellow closed feet, left","purple, brown closed feet, left; red, yellow open feet, left; red, brown open feet, left; red, open brown feet, right; purple, yellow closed feet, right; purple, yellow closed feet, left; purple, brown closed feet, right; red, yellow open feet, right","red, yellow open feet, right; red, open brown feet, left; red, yellow open feet, left; purple, closed yellow feet, left; red, brown open feet, right; purple, brown closed feet, right; purple, yellow closed feet, right; purple, brown closed feet, left","red, yellow open feet, right; red, brown open feet, left; red, yellow open feet, left; purple, yellow closed feet, left; red, brown open feet, right; purple, brown closed feet, right; purple, yellow closed feet, right; purple, brown closed feet, left",,,,
ZR4NH1,schema_tangrams,incompatible,1,5,"center head, right arms","center head, right arms","purple, brown closed feet, right; red, brown open feet, right; purple, brown closed feet, left; purple, yellow closed feet, right; red, yellow open feet, left; red, yellow open feet, right; red, brown open feet, left; purple, yellow closed feet, left","purple, brown closed feet, left; red, yellow open feet, left; red, brown open feet, left; red, open brown feet, right; purple, yellow closed feet, right; purple, yellow closed feet, left; purple, brown closed feet, right; red, yellow open feet, right","red, yellow open feet, right; red, open brown feet, left; red, yellow open feet, left; purple, closed yellow feet, left; red, brown open feet, right; purple, brown closed feet, right; purple, yellow closed feet, right; purple, brown closed feet, left","red, yellow open feet, right; red, brown open feet, left; red, yellow open feet, left; purple, yellow closed feet, left; red, brown open feet, right; purple, brown closed feet, right; purple, yellow closed feet, right; purple, brown closed feet, left",,,,
ZR4NH1,schema_tangrams,incompatible,1,6,,"center head, right arms, left legs","purple, brown closed feet, right; red, brown open feet, right; purple, brown closed feet, left; purple, yellow closed feet, right; red, yellow open feet, left; red, yellow open feet, right; red, brown open feet, left; purple, yellow closed feet, left","purple, brown closed feet, left; red, yellow open feet, left; red, brown open feet, left; red, open brown feet, right; purple, yellow closed feet, right; purple, yellow closed feet, left; purple, brown closed feet, right; red, yellow open feet, right","red, yellow open feet, right; red, open brown feet, left; red, yellow open feet, left; purple, closed yellow feet, left; red, brown open feet, right; purple, brown closed feet, right; purple, yellow closed feet, right; purple, brown closed feet, left","red, yellow open feet, right; red, brown open feet, left; red, yellow open feet, left; purple, yellow closed feet, left; red, brown open feet, right; purple, brown closed feet, right; purple, yellow closed feet, right; purple, brown closed feet, left",,,,
ZR4NH1,schema_tangrams,incompatible,1,7,"center head, right arms","center head, right arms","purple, brown closed feet, right; red, brown open feet, right; purple, brown closed feet, left; purple, yellow closed feet, right; red, yellow open feet, left; red, yellow open feet, right; red, brown open feet, left; purple, yellow closed feet, left","purple, brown closed feet, left; red, yellow open feet, left; red, brown open feet, left; red, open brown feet, right; purple, yellow closed feet, right; purple, yellow closed feet, left; purple, brown closed feet, right; red, yellow open feet, right","red, yellow open feet, right; red, open brown feet, left; red, yellow open feet, left; purple, closed yellow feet, left; red, brown open feet, right; purple, brown closed feet, right; purple, yellow closed feet, right; purple, brown closed feet, left","red, yellow open feet, right; red, brown open feet, left; red, yellow open feet, left; purple, yellow closed feet, left; red, brown open feet, right; purple, brown closed feet, right; purple, yellow closed feet, right; purple, brown closed feet, left",,,,
