gameId,position,treatment,treatmentGroup,changeType,contextFile,labelFile1,labelFile2,labelFile3,labelFile4,labelFile5,labelFile6,labelFile7,labelFile8
0E3FH7,0,nonschema,nonschema,ambiguous,stimuli/0E3FH7_p0.context.prompt.md,stimuli/0E3FH7_p0.label_1.prompt.md,stimuli/0E3FH7_p0.label_2.prompt.md,stimuli/0E3FH7_p0.label_3.prompt.md,stimuli/0E3FH7_p0.label_4.prompt.md,stimuli/0E3FH7_p0.label_5.prompt.md,stimuli/0E3FH7_p0.label_6.prompt.md,stimuli/0E3FH7_p0.label_7.prompt.md,stimuli/0E3FH7_p0.label_8.prompt.md
0E3FH7,1,nonschema,nonschema,ambiguous,stimuli/0E3FH7_p1.context.prompt.md,stimuli/0E3FH7_p1.label_1.prompt.md,stimuli/0E3FH7_p1.label_2.prompt.md,stimuli/0E3FH7_p1.label_3.prompt.md,stimuli/0E3FH7_p1.label_4.prompt.md,stimuli/0E3FH7_p1.label_5.prompt.md,stimuli/0E3FH7_p1.label_6.prompt.md,stimuli/0E3FH7_p1.label_7.prompt.md,stimuli/0E3FH7_p1.label_8.prompt.md
0ES8D4,0,schema,schema,ambiguous,stimuli/0ES8D4_p0.context.prompt.md,stimuli/0ES8D4_p0.label_1.prompt.md,stimuli/0ES8D4_p0.label_2.prompt.md,stimuli/0ES8D4_p0.label_3.prompt.md,stimuli/0ES8D4_p0.label_4.prompt.md,stimuli/0ES8D4_p0.label_5.prompt.md,stimuli/0ES8D4_p0.label_6.prompt.md,stimuli/0ES8D4_p0.label_7.prompt.md,stimuli/0ES8D4_p0.label_8.prompt.md
0ES8D4,1,schema,schema,ambiguous,stimuli/0ES8D4_p1.context.prompt.md,stimuli/0ES8D4_p1.label_1.prompt.md,stimuli/0ES8D4_p1.label_2.prompt.md,stimuli/0ES8D4_p1.label_3.prompt.md,stimuli/0ES8D4_p1.label_4.prompt.md,stimuli/0ES8D4_p1.label_5.prompt.md,stimuli/0ES8D4_p1.label_6.prompt.md,stimuli/0ES8D4_p1.label_7.prompt.md,stimuli/0ES8D4_p1.label_8.prompt.md
1CAZ6R,0,nonschema_tangrams,nonschema,incompatible,stimuli/1CAZ6R_p0.context.prompt.md,stimuli/1CAZ6R_p0.label_1.prompt.md,stimuli/1CAZ6R_p0.label_2.prompt.md,stimuli/1CAZ6R_p0.label_3.prompt.md,stimuli/1CAZ6R_p0.label_4.prompt.md,stimuli/1CAZ6R_p0.label_5.prompt.md,stimuli/1CAZ6R_p0.label_6.prompt.md,stimuli/1CAZ6R_p0.label_7.prompt.md,stimuli/1CAZ6R_p0.label_8.prompt.md
1CAZ6R,1,nonschema_tangrams,nonschema,incompatible,stimuli/1CAZ6R_p1.context.prompt.md,stimuli/1CAZ6R_p1.label_1.prompt.md,stimuli/1CAZ6R_p1.label_2.prompt.md,stimuli/1CAZ6R_p1.label_3.prompt.md,stimuli/1CAZ6R_p1.label_4.prompt.md,stimuli/1CAZ6R_p1.label_5.prompt.md,stimuli/1CAZ6R_p1.label_6.prompt.md,stimuli/1CAZ6R_p1.label_7.prompt.md,stimuli/1CAZ6R_p1.label_8.prompt.md
1E5GA2,0,nonschema_tangrams,nonschema,incompatible,stimuli/1E5GA2_p0.context.prompt.md,stimuli/1E5GA2_p0.label_1.prompt.md,stimuli/1E5GA2_p0.label_2.prompt.md,stimuli/1E5GA2_p0.label_3.prompt.md,stimuli/1E5GA2_p0.label_4.prompt.md,stimuli/1E5GA2_p0.label_5.prompt.md,stimuli/1E5GA2_p0.label_6.prompt.md,stimuli/1E5GA2_p0.label_7.prompt.md,stimuli/1E5GA2_p0.label_8.prompt.md
1E5GA2,1,nonschema_tangrams,nonschema,incompatible,stimuli/1E5GA2_p1.context.prompt.md,stimuli/1E5GA2_p1.label_1.prompt.md,stimuli/1E5GA2_p1.label_2.prompt.md,stimuli/1E5GA2_p1.label_3.prompt.md,stimuli/1E5GA2_p1.label_4.prompt.md,stimuli/1E5GA2_p1.label_5.prompt.md,stimuli/1E5GA2_p1.label_6.prompt.md,stimuli/1E5GA2_p1.label_7.prompt.md,stimuli/1E5GA2_p1.label_8.prompt.md
1H73GM,0,schema,schema,ambiguous,stimuli/1H73GM_p0.context.prompt.md,stimuli/1H73GM_p0.label_1.prompt.md,stimuli/1H73GM_p0.label_2.prompt.md,stimuli/1H73GM_p0.label_3.prompt.md,stimuli/1H73GM_p0.label_4.prompt.md,stimuli/1H73GM_p0.label_5.prompt.md,stimuli/1H73GM_p0.label_6.prompt.md,stimuli/1H73GM_p0.label_7.prompt.md,stimuli/1H73GM_p0.label_8.prompt.md
1H73GM,1,schema,schema,ambiguous,stimuli/1H73GM_p1.context.prompt.md,stimuli/1H73GM_p1.label_1.prompt.md,stimuli/1H73GM_p1.label_2.prompt.md,stimuli/1H73GM_p1.label_3.prompt.md,stimuli/1H73GM_p1.label_4.prompt.md,stimuli/1H73GM_p1.label_5.prompt.md,stimuli/1H73GM_p1.label_6.prompt.md,stimuli/1H73GM_p1.label_7.prompt.md,stimuli/1H73GM_p1.label_8.prompt.md
1KXBRG,0,nonschema,nonschema,ambiguous,stimuli/1KXBRG_p0.context.prompt.md,stimuli/1KXBRG_p0.label_1.prompt.md,stimuli/1KXBRG_p0.label_2.prompt.md,stimuli/1KXBRG_p0.label_3.prompt.md,stimuli/1KXBRG_p0.label_4.prompt.md,stimuli/1KXBRG_p0.label_5.prompt.md,stimuli/1KXBRG_p0.label_6.prompt.md,stimuli/1KXBRG_p0.label_7.prompt.md,stimuli/1KXBRG_p0.label_8.prompt.md
1KXBRG,1,nonschema,nonschema,ambiguous,stimuli/1KXBRG_p1.context.prompt.md,stimuli/1KXBRG_p1.label_1.prompt.md,stimuli/1KXBRG_p1.label_2.prompt.md,stimuli/1KXBRG_p1.label_3.prompt.md,stimuli/1KXBRG_p1.label_4.prompt.md,stimuli/1KXBRG_p1.label_5.prompt.md,stimuli/1KXBRG_p1.label_6.prompt.md,stimuli/1KXBRG_p1.label_7.prompt.md,stimuli/1KXBRG_p1.label_8.prompt.md
1N783W,0,nonschema_tangrams,nonschema,incompatible,stimuli/1N783W_p0.context.prompt.md,stimuli/1N783W_p0.label_1.prompt.md,stimuli/1N783W_p0.label_2.prompt.md,stimuli/1N783W_p0.label_3.prompt.md,stimuli/1N783W_p0.label_4.prompt.md,stimuli/1N783W_p0.label_5.prompt.md,stimuli/1N783W_p0.label_6.prompt.md,stimuli/1N783W_p0.label_7.prompt.md,stimuli/1N783W_p0.label_8.prompt.md
1N783W,1,nonschema_tangrams,nonschema,incompatible,stimuli/1N783W_p1.context.prompt.md,stimuli/1N783W_p1.label_1.prompt.md,stimuli/1N783W_p1.label_2.prompt.md,stimuli/1N783W_p1.label_3.prompt.md,stimuli/1N783W_p1.label_4.prompt.md,stimuli/1N783W_p1.label_5.prompt.md,stimuli/1N783W_p1.label_6.prompt.md,stimuli/1N783W_p1.label_7.prompt.md,stimuli/1N783W_p1.label_8.prompt.md
28XQGK,0,nonschema,nonschema,ambiguous,stimuli/28XQGK_p0.context.prompt.md,stimuli/28XQGK_p0.label_1.prompt.md,stimuli/28XQGK_p0.label_2.prompt.md,stimuli/28XQGK_p0.label_3.prompt.md,stimuli/28XQGK_p0.label_4.prompt.md,stimuli/28XQGK_p0.label_5.prompt.md,stimuli/28XQGK_p0.label_6.prompt.md,stimuli/28XQGK_p0.label_7.prompt.md,stimuli/28XQGK_p0.label_8.prompt.md
28XQGK,1,nonschema,nonschema,ambiguous,stimuli/28XQGK_p1.context.prompt.md,stimuli/28XQGK_p1.label_1.prompt.md,stimuli/28XQGK_p1.label_2.prompt.md,stimuli/28XQGK_p1.label_3.prompt.md,stimuli/28XQGK_p1.label_4.prompt.md,stimuli/28XQGK_p1.label_5.prompt.md,stimuli/28XQGK_p1.label_6.prompt.md,stimuli/28XQGK_p1.label_7.prompt.md,stimuli/28XQGK_p1.label_8.prompt.md
2NM4F8,0,nonschema,nonschema,ambiguous,stimuli/2NM4F8_p0.context.prompt.md,stimuli/2NM4F8_p0.label_1.prompt.md,stimuli/2NM4F8_p0.label_2.prompt.md,stimuli/2NM4F8_p0.label_3.prompt.md,stimuli/2NM4F8_p0.label_4.prompt.md,stimuli/2NM4F8_p0.label_5.prompt.md,stimuli/2NM4F8_p0.label_6.prompt.md,stimuli/2NM4F8_p0.label_7.prompt.md,stimuli/2NM4F8_p0.label_8.prompt.md
2NM4F8,1,nonschema,nonschema,ambiguous,stimuli/2NM4F8_p1.context.prompt.md,stimuli/2NM4F8_p1.label_1.prompt.md,stimuli/2NM4F8_p1.label_2.prompt.md,stimuli/2NM4F8_p1.label_3.prompt.md,stimuli/2NM4F8_p1.label_4.prompt.md,stimuli/2NM4F8_p1.label_5.prompt.md,stimuli/2NM4F8_p1.label_6.prompt.md,stimuli/2NM4F8_p1.label_7.prompt.md,stimuli/2NM4F8_p1.label_8.prompt.md
2TH981,0,schema,schema,ambiguous,stimuli/2TH981_p0.context.prompt.md,stimuli/2TH981_p0.label_1.prompt.md,stimuli/2TH981_p0.label_2.prompt.md,stimuli/2TH981_p0.label_3.prompt.md,stimuli/2TH981_p0.label_4.prompt.md,stimuli/2TH981_p0.label_5.prompt.md,stimuli/2TH981_p0.label_6.prompt.md,stimuli/2TH981_p0.label_7.prompt.md,stimuli/2TH981_p0.label_8.prompt.md
2TH981,1,schema,schema,ambiguous,stimuli/2TH981_p1.context.prompt.md,stimuli/2TH981_p1.label_1.prompt.md,stimuli/2TH981_p1.label_2.prompt.md,stimuli/2TH981_p1.label_3.prompt.md,stimuli/2TH981_p1.label_4.prompt.md,stimuli/2TH981_p1.label_5.prompt.md,stimuli/2TH981_p1.label_6.prompt.md,stimuli/2TH981_p1.label_7.prompt.md,stimuli/2TH981_p1.label_8.prompt.md
2TR5AF,0,nonschema,nonschema,ambiguous,stimuli/2TR5AF_p0.context.prompt.md,stimuli/2TR5AF_p0.label_1.prompt.md,stimuli/2TR5AF_p0.label_2.prompt.md,stimuli/2TR5AF_p0.label_3.prompt.md,stimuli/2TR5AF_p0.label_4.prompt.md,stimuli/2TR5AF_p0.label_5.prompt.md,stimuli/2TR5AF_p0.label_6.prompt.md,stimuli/2TR5AF_p0.label_7.prompt.md,stimuli/2TR5AF_p0.label_8.prompt.md
2TR5AF,1,nonschema,nonschema,ambiguous,stimuli/2TR5AF_p1.context.prompt.md,stimuli/2TR5AF_p1.label_1.prompt.md,stimuli/2TR5AF_p1.label_2.prompt.md,stimuli/2TR5AF_p1.label_3.prompt.md,stimuli/2TR5AF_p1.label_4.prompt.md,stimuli/2TR5AF_p1.label_5.prompt.md,stimuli/2TR5AF_p1.label_6.prompt.md,stimuli/2TR5AF_p1.label_7.prompt.md,stimuli/2TR5AF_p1.label_8.prompt.md
34WHMR,0,schema_tangrams,schema,incompatible,stimuli/34WHMR_p0.context.prompt.md,stimuli/34WHMR_p0.label_1.prompt.md,stimuli/34WHMR_p0.label_2.prompt.md,stimuli/34WHMR_p0.label_3.prompt.md,stimuli/34WHMR_p0.label_4.prompt.md,stimuli/34WHMR_p0.label_5.prompt.md,stimuli/34WHMR_p0.label_6.prompt.md,stimuli/34WHMR_p0.label_7.prompt.md,stimuli/34WHMR_p0.label_8.prompt.md
34WHMR,1,schema_tangrams,schema,incompatible,stimuli/34WHMR_p1.context.prompt.md,stimuli/34WHMR_p1.label_1.prompt.md,stimuli/34WHMR_p1.label_2.prompt.md,stimuli/34WHMR_p1.label_3.prompt.md,stimuli/34WHMR_p1.label_4.prompt.md,stimuli/34WHMR_p1.label_5.prompt.md,stimuli/34WHMR_p1.label_6.prompt.md,stimuli/34WHMR_p1.label_7.prompt.md,stimuli/34WHMR_p1.label_8.prompt.md
36F73R,0,nonschema,nonschema,ambiguous,stimuli/36F73R_p0.context.prompt.md,stimuli/36F73R_p0.label_1.prompt.md,stimuli/36F73R_p0.label_2.prompt.md,stimuli/36F73R_p0.label_3.prompt.md,stimuli/36F73R_p0.label_4.prompt.md,stimuli/36F73R_p0.label_5.prompt.md,stimuli/36F73R_p0.label_6.prompt.md,stimuli/36F73R_p0.label_7.prompt.md,stimuli/36F73R_p0.label_8.prompt.md
36F73R,1,nonschema,nonschema,ambiguous,stimuli/36F73R_p1.context.prompt.md,stimuli/36F73R_p1.label_1.prompt.md,stimuli/36F73R_p1.label_2.prompt.md,stimuli/36F73R_p1.label_3.prompt.md,stimuli/36F73R_p1.label_4.prompt.md,stimuli/36F73R_p1.label_5.prompt.md,stimuli/36F73R_p1.label_6.prompt.md,stimuli/36F73R_p1.label_7.prompt.md,stimuli/36F73R_p1.label_8.prompt.md
3BC0PA,0,schema,schema,ambiguous,stimuli/3BC0PA_p0.context.prompt.md,stimuli/3BC0PA_p0.label_1.prompt.md,stimuli/3BC0PA_p0.label_2.prompt.md,stimuli/3BC0PA_p0.label_3.prompt.md,stimuli/3BC0PA_p0.label_4.prompt.md,stimuli/3BC0PA_p0.label_5.prompt.md,stimuli/3BC0PA_p0.label_6.prompt.md,stimuli/3BC0PA_p0.label_7.prompt.md,stimuli/3BC0PA_p0.label_8.prompt.md
3BC0PA,1,schema,schema,ambiguous,stimuli/3BC0PA_p1.context.prompt.md,stimuli/3BC0PA_p1.label_1.prompt.md,stimuli/3BC0PA_p1.label_2.prompt.md,stimuli/3BC0PA_p1.label_3.prompt.md,stimuli/3BC0PA_p1.label_4.prompt.md,stimuli/3BC0PA_p1.label_5.prompt.md,stimuli/3BC0PA_p1.label_6.prompt.md,stimuli/3BC0PA_p1.label_7.prompt.md,stimuli/3BC0PA_p1.label_8.prompt.md
3D2C9Y,0,nonschema_tangrams,nonschema,incompatible,stimuli/3D2C9Y_p0.context.prompt.md,stimuli/3D2C9Y_p0.label_1.prompt.md,stimuli/3D2C9Y_p0.label_2.prompt.md,stimuli/3D2C9Y_p0.label_3.prompt.md,stimuli/3D2C9Y_p0.label_4.prompt.md,stimuli/3D2C9Y_p0.label_5.prompt.md,stimuli/3D2C9Y_p0.label_6.prompt.md,stimuli/3D2C9Y_p0.label_7.prompt.md,stimuli/3D2C9Y_p0.label_8.prompt.md
3D2C9Y,1,nonschema_tangrams,nonschema,incompatible,stimuli/3D2C9Y_p1.context.prompt.md,stimuli/3D2C9Y_p1.label_1.prompt.md,stimuli/3D2C9Y_p1.label_2.prompt.md,stimuli/3D2C9Y_p1.label_3.prompt.md,stimuli/3D2C9Y_p1.label_4.prompt.md,stimuli/3D2C9Y_p1.label_5.prompt.md,stimuli/3D2C9Y_p1.label_6.prompt.md,stimuli/3D2C9Y_p1.label_7.prompt.md,stimuli/3D2C9Y_p1.label_8.prompt.md
3DRJ3F,0,schema,schema,ambiguous,stimuli/3DRJ3F_p0.context.prompt.md,stimuli/3DRJ3F_p0.label_1.prompt.md,stimuli/3DRJ3F_p0.label_2.prompt.md,stimuli/3DRJ3F_p0.label_3.prompt.md,stimuli/3DRJ3F_p0.label_4.prompt.md,stimuli/3DRJ3F_p0.label_5.prompt.md,stimuli/3DRJ3F_p0.label_6.prompt.md,stimuli/3DRJ3F_p0.label_7.prompt.md,stimuli/3DRJ3F_p0.label_8.prompt.md
3DRJ3F,1,schema,schema,ambiguous,stimuli/3DRJ3F_p1.context.prompt.md,stimuli/3DRJ3F_p1.label_1.prompt.md,stimuli/3DRJ3F_p1.label_2.prompt.md,stimuli/3DRJ3F_p1.label_3.prompt.md,stimuli/3DRJ3F_p1.label_4.prompt.md,stimuli/3DRJ3F_p1.label_5.prompt.md,stimuli/3DRJ3F_p1.label_6.prompt.md,stimuli/3DRJ3F_p1.label_7.prompt.md,stimuli/3DRJ3F_p1.label_8.prompt.md
40Y5YE,0,schema,schema,ambiguous,stimuli/40Y5YE_p0.context.prompt.md,stimuli/40Y5YE_p0.label_1.prompt.md,stimuli/40Y5YE_p0.label_2.prompt.md,stimuli/40Y5YE_p0.label_3.prompt.md,stimuli/40Y5YE_p0.label_4.prompt.md,stimuli/40Y5YE_p0.label_5.prompt.md,stimuli/40Y5YE_p0.label_6.prompt.md,stimuli/40Y5YE_p0.label_7.prompt.md,stimuli/40Y5YE_p0.label_8.prompt.md
40Y5YE,1,schema,schema,ambiguous,stimuli/40Y5YE_p1.context.prompt.md,stimuli/40Y5YE_p1.label_1.prompt.md,stimuli/40Y5YE_p1.label_2.prompt.md,stimuli/40Y5YE_p1.label_3.prompt.md,stimuli/40Y5YE_p1.label_4.prompt.md,stimuli/40Y5YE_p1.label_5.prompt.md,stimuli/40Y5YE_p1.label_6.prompt.md,stimuli/40Y5YE_p1.label_7.prompt.md,stimuli/40Y5YE_p1.label_8.prompt.md
4CMZDP,0,schema,schema,ambiguous,stimuli/4CMZDP_p0.context.prompt.md,stimuli/4CMZDP_p0.label_1.prompt.md,stimuli/4CMZDP_p0.label_2.prompt.md,stimuli/4CMZDP_p0.label_3.prompt.md,stimuli/4CMZDP_p0.label_4.prompt.md,stimuli/4CMZDP_p0.label_5.prompt.md,stimuli/4CMZDP_p0.label_6.prompt.md,stimuli/4CMZDP_p0.label_7.prompt.md,stimuli/4CMZDP_p0.label_8.prompt.md
4CMZDP,1,schema,schema,ambiguous,stimuli/4CMZDP_p1.context.prompt.md,stimuli/4CMZDP_p1.label_1.prompt.md,stimuli/4CMZDP_p1.label_2.prompt.md,stimuli/4CMZDP_p1.label_3.prompt.md,stimuli/4CMZDP_p1.label_4.prompt.md,stimuli/4CMZDP_p1.label_5.prompt.md,stimuli/4CMZDP_p1.label_6.prompt.md,stimuli/4CMZDP_p1.label_7.prompt.md,stimuli/4CMZDP_p1.label_8.prompt.md
4MZDNN,0,schema_tangrams,schema,incompatible,stimuli/4MZDNN_p0.context.prompt.md,stimuli/4MZDNN_p0.label_1.prompt.md,stimuli/4MZDNN_p0.label_2.prompt.md,stimuli/4MZDNN_p0.label_3.prompt.md,stimuli/4MZDNN_p0.label_4.prompt.md,stimuli/4MZDNN_p0.label_5.prompt.md,stimuli/4MZDNN_p0.label_6.prompt.md,stimuli/4MZDNN_p0.label_7.prompt.md,stimuli/4MZDNN_p0.label_8.prompt.md
4MZDNN,1,schema_tangrams,schema,incompatible,stimuli/4MZDNN_p1.context.prompt.md,stimuli/4MZDNN_p1.label_1.prompt.md,stimuli/4MZDNN_p1.label_2.prompt.md,stimuli/4MZDNN_p1.label_3.prompt.md,stimuli/4MZDNN_p1.label_4.prompt.md,stimuli/4MZDNN_p1.label_5.prompt.md,stimuli/4MZDNN_p1.label_6.prompt.md,stimuli/4MZDNN_p1.label_7.prompt.md,stimuli/4MZDNN_p1.label_8.prompt.md
4WJS6X,0,nonschema,nonschema,ambiguous,stimuli/4WJS6X_p0.context.prompt.md,stimuli/4WJS6X_p0.label_1.prompt.md,stimuli/4WJS6X_p0.label_2.prompt.md,stimuli/4WJS6X_p0.label_3.prompt.md,stimuli/4WJS6X_p0.label_4.prompt.md,stimuli/4WJS6X_p0.label_5.prompt.md,stimuli/4WJS6X_p0.label_6.prompt.md,stimuli/4WJS6X_p0.label_7.prompt.md,stimuli/4WJS6X_p0.label_8.prompt.md
4WJS6X,1,nonschema,nonschema,ambiguous,stimuli/4WJS6X_p1.context.prompt.md,stimuli/4WJS6X_p1.label_1.prompt.md,stimuli/4WJS6X_p1.label_2.prompt.md,stimuli/4WJS6X_p1.label_3.prompt.md,stimuli/4WJS6X_p1.label_4.prompt.md,stimuli/4WJS6X_p1.label_5.prompt.md,stimuli/4WJS6X_p1.label_6.prompt.md,stimuli/4WJS6X_p1.label_7.prompt.md,stimuli/4WJS6X_p1.label_8.prompt.md
5DTH0Z,0,nonschema,nonschema,ambiguous,stimuli/5DTH0Z_p0.context.prompt.md,stimuli/5DTH0Z_p0.label_1.prompt.md,stimuli/5DTH0Z_p0.label_2.prompt.md,stimuli/5DTH0Z_p0.label_3.prompt.md,stimuli/5DTH0Z_p0.label_4.prompt.md,stimuli/5DTH0Z_p0.label_5.prompt.md,stimuli/5DTH0Z_p0.label_6.prompt.md,stimuli/5DTH0Z_p0.label_7.prompt.md,stimuli/5DTH0Z_p0.label_8.prompt.md
5DTH0Z,1,nonschema,nonschema,ambiguous,stimuli/5DTH0Z_p1.context.prompt.md,stimuli/5DTH0Z_p1.label_1.prompt.md,stimuli/5DTH0Z_p1.label_2.prompt.md,stimuli/5DTH0Z_p1.label_3.prompt.md,stimuli/5DTH0Z_p1.label_4.prompt.md,stimuli/5DTH0Z_p1.label_5.prompt.md,stimuli/5DTH0Z_p1.label_6.prompt.md,stimuli/5DTH0Z_p1.label_7.prompt.md,stimuli/5DTH0Z_p1.label_8.prompt.md
5RYPPV,0,schema,schema,ambiguous,stimuli/5RYPPV_p0.context.prompt.md,stimuli/5RYPPV_p0.label_1.prompt.md,stimuli/5RYPPV_p0.label_2.prompt.md,stimuli/5RYPPV_p0.label_3.prompt.md,stimuli/5RYPPV_p0.label_4.prompt.md,stimuli/5RYPPV_p0.label_5.prompt.md,stimuli/5RYPPV_p0.label_6.prompt.md,stimuli/5RYPPV_p0.label_7.prompt.md,stimuli/5RYPPV_p0.label_8.prompt.md
5RYPPV,1,schema,schema,ambiguous,stimuli/5RYPPV_p1.context.prompt.md,stimuli/5RYPPV_p1.label_1.prompt.md,stimuli/5RYPPV_p1.label_2.prompt.md,stimuli/5RYPPV_p1.label_3.prompt.md,stimuli/5RYPPV_p1.label_4.prompt.md,stimuli/5RYPPV_p1.label_5.prompt.md,stimuli/5RYPPV_p1.label_6.prompt.md,stimuli/5RYPPV_p1.label_7.prompt.md,stimuli/5RYPPV_p1.label_8.prompt.md
5XQ72P,0,nonschema,nonschema,ambiguous,stimuli/5XQ72P_p0.context.prompt.md,stimuli/5XQ72P_p0.label_1.prompt.md,stimuli/5XQ72P_p0.label_2.prompt.md,stimuli/5XQ72P_p0.label_3.prompt.md,stimuli/5XQ72P_p0.label_4.prompt.md,stimuli/5XQ72P_p0.label_5.prompt.md,stimuli/5XQ72P_p0.label_6.prompt.md,stimuli/5XQ72P_p0.label_7.prompt.md,stimuli/5XQ72P_p0.label_8.prompt.md
5XQ72P,1,nonschema,nonschema,ambiguous,stimuli/5XQ72P_p1.context.prompt.md,stimuli/5XQ72P_p1.label_1.prompt.md,stimuli/5XQ72P_p1.label_2.prompt.md,stimuli/5XQ72P_p1.label_3.prompt.md,stimuli/5XQ72P_p1.label_4.prompt.md,stimuli/5XQ72P_p1.label_5.prompt.md,stimuli/5XQ72P_p1.label_6.prompt.md,stimuli/5XQ72P_p1.label_7.prompt.md,stimuli/5XQ72P_p1.label_8.prompt.md
5Y647G,0,schema,schema,ambiguous,stimuli/5Y647G_p0.context.prompt.md,stimuli/5Y647G_p0.label_1.prompt.md,stimuli/5Y647G_p0.label_2.prompt.md,stimuli/5Y647G_p0.label_3.prompt.md,stimuli/5Y647G_p0.label_4.prompt.md,stimuli/5Y647G_p0.label_5.prompt.md,stimuli/5Y647G_p0.label_6.prompt.md,stimuli/5Y647G_p0.label_7.prompt.md,stimuli/5Y647G_p0.label_8.prompt.md
5Y647G,1,schema,schema,ambiguous,stimuli/5Y647G_p1.context.prompt.md,stimuli/5Y647G_p1.label_1.prompt.md,stimuli/5Y647G_p1.label_2.prompt.md,stimuli/5Y647G_p1.label_3.prompt.md,stimuli/5Y647G_p1.label_4.prompt.md,stimuli/5Y647G_p1.label_5.prompt.md,stimuli/5Y647G_p1.label_6.prompt.md,stimuli/5Y647G_p1.label_7.prompt.md,stimuli/5Y647G_p1.label_8.prompt.md
5ZXSPS,0,schema_tangrams,schema,incompatible,stimuli/5ZXSPS_p0.context.prompt.md,stimuli/5ZXSPS_p0.label_1.prompt.md,stimuli/5ZXSPS_p0.label_2.prompt.md,stimuli/5ZXSPS_p0.label_3.prompt.md,stimuli/5ZXSPS_p0.label_4.prompt.md,stimuli/5ZXSPS_p0.label_5.prompt.md,stimuli/5ZXSPS_p0.label_6.prompt.md,stimuli/5ZXSPS_p0.label_7.prompt.md,stimuli/5ZXSPS_p0.label_8.prompt.md
5ZXSPS,1,schema_tangrams,schema,incompatible,stimuli/5ZXSPS_p1.context.prompt.md,stimuli/5ZXSPS_p1.label_1.prompt.md,stimuli/5ZXSPS_p1.label_2.prompt.md,stimuli/5ZXSPS_p1.label_3.prompt.md,stimuli/5ZXSPS_p1.label_4.prompt.md,stimuli/5ZXSPS_p1.label_5.prompt.md,stimuli/5ZXSPS_p1.label_6.prompt.md,stimuli/5ZXSPS_p1.label_7.prompt.md,stimuli/5ZXSPS_p1.label_8.prompt.md
63CTX0,0,schema_tangrams,schema,incompatible,stimuli/63CTX0_p0.context.prompt.md,stimuli/63CTX0_p0.label_1.prompt.md,stimuli/63CTX0_p0.label_2.prompt.md,stimuli/63CTX0_p0.label_3.prompt.md,stimuli/63CTX0_p0.label_4.prompt.md,stimuli/63CTX0_p0.label_5.prompt.md,stimuli/63CTX0_p0.label_6.prompt.md,stimuli/63CTX0_p0.label_7.prompt.md,stimuli/63CTX0_p0.label_8.prompt.md
63CTX0,1,schema_tangrams,schema,incompatible,stimuli/63CTX0_p1.context.prompt.md,stimuli/63CTX0_p1.label_1.prompt.md,stimuli/63CTX0_p1.label_2.prompt.md,stimuli/63CTX0_p1.label_3.prompt.md,stimuli/63CTX0_p1.label_4.prompt.md,stimuli/63CTX0_p1.label_5.prompt.md,stimuli/63CTX0_p1.label_6.prompt.md,stimuli/63CTX0_p1.label_7.prompt.md,stimuli/63CTX0_p1.label_8.prompt.md
6CNH70,0,nonschema_tangrams,nonschema,incompatible,stimuli/6CNH70_p0.context.prompt.md,stimuli/6CNH70_p0.label_1.prompt.md,stimuli/6CNH70_p0.label_2.prompt.md,stimuli/6CNH70_p0.label_3.prompt.md,stimuli/6CNH70_p0.label_4.prompt.md,stimuli/6CNH70_p0.label_5.prompt.md,stimuli/6CNH70_p0.label_6.prompt.md,stimuli/6CNH70_p0.label_7.prompt.md,stimuli/6CNH70_p0.label_8.prompt.md
6CNH70,1,nonschema_tangrams,nonschema,incompatible,stimuli/6CNH70_p1.context.prompt.md,stimuli/6CNH70_p1.label_1.prompt.md,stimuli/6CNH70_p1.label_2.prompt.md,stimuli/6CNH70_p1.label_3.prompt.md,stimuli/6CNH70_p1.label_4.prompt.md,stimuli/6CNH70_p1.label_5.prompt.md,stimuli/6CNH70_p1.label_6.prompt.md,stimuli/6CNH70_p1.label_7.prompt.md,stimuli/6CNH70_p1.label_8.prompt.md
6FYRF3,0,schema,schema,ambiguous,stimuli/6FYRF3_p0.context.prompt.md,stimuli/6FYRF3_p0.label_1.prompt.md,stimuli/6FYRF3_p0.label_2.prompt.md,stimuli/6FYRF3_p0.label_3.prompt.md,stimuli/6FYRF3_p0.label_4.prompt.md,stimuli/6FYRF3_p0.label_5.prompt.md,stimuli/6FYRF3_p0.label_6.prompt.md,stimuli/6FYRF3_p0.label_7.prompt.md,stimuli/6FYRF3_p0.label_8.prompt.md
6FYRF3,1,schema,schema,ambiguous,stimuli/6FYRF3_p1.context.prompt.md,stimuli/6FYRF3_p1.label_1.prompt.md,stimuli/6FYRF3_p1.label_2.prompt.md,stimuli/6FYRF3_p1.label_3.prompt.md,stimuli/6FYRF3_p1.label_4.prompt.md,stimuli/6FYRF3_p1.label_5.prompt.md,stimuli/6FYRF3_p1.label_6.prompt.md,stimuli/6FYRF3_p1.label_7.prompt.md,stimuli/6FYRF3_p1.label_8.prompt.md
6HY7NX,0,nonschema_tangrams,nonschema,incompatible,stimuli/6HY7NX_p0.context.prompt.md,stimuli/6HY7NX_p0.label_1.prompt.md,stimuli/6HY7NX_p0.label_2.prompt.md,stimuli/6HY7NX_p0.label_3.prompt.md,stimuli/6HY7NX_p0.label_4.prompt.md,stimuli/6HY7NX_p0.label_5.prompt.md,stimuli/6HY7NX_p0.label_6.prompt.md,stimuli/6HY7NX_p0.label_7.prompt.md,stimuli/6HY7NX_p0.label_8.prompt.md
6HY7NX,1,nonschema_tangrams,nonschema,incompatible,stimuli/6HY7NX_p1.context.prompt.md,stimuli/6HY7NX_p1.label_1.prompt.md,stimuli/6HY7NX_p1.label_2.prompt.md,stimuli/6HY7NX_p1.label_3.prompt.md,stimuli/6HY7NX_p1.label_4.prompt.md,stimuli/6HY7NX_p1.label_5.prompt.md,stimuli/6HY7NX_p1.label_6.prompt.md,stimuli/6HY7NX_p1.label_7.prompt.md,stimuli/6HY7NX_p1.label_8.prompt.md
6RJ7Z8,0,schema_tangrams,schema,incompatible,stimuli/6RJ7Z8_p0.context.prompt.md,stimuli/6RJ7Z8_p0.label_1.prompt.md,stimuli/6RJ7Z8_p0.label_2.prompt.md,stimuli/6RJ7Z8_p0.label_3.prompt.md,stimuli/6RJ7Z8_p0.label_4.prompt.md,stimuli/6RJ7Z8_p0.label_5.prompt.md,stimuli/6RJ7Z8_p0.label_6.prompt.md,stimuli/6RJ7Z8_p0.label_7.prompt.md,stimuli/6RJ7Z8_p0.label_8.prompt.md
6RJ7Z8,1,schema_tangrams,schema,incompatible,stimuli/6RJ7Z8_p1.context.prompt.md,stimuli/6RJ7Z8_p1.label_1.prompt.md,stimuli/6RJ7Z8_p1.label_2.prompt.md,stimuli/6RJ7Z8_p1.label_3.prompt.md,stimuli/6RJ7Z8_p1.label_4.prompt.md,stimuli/6RJ7Z8_p1.label_5.prompt.md,stimuli/6RJ7Z8_p1.label_6.prompt.md,stimuli/6RJ7Z8_p1.label_7.prompt.md,stimuli/6RJ7Z8_p1.label_8.prompt.md
6TEJDC,0,schema,schema,ambiguous,stimuli/6TEJDC_p0.context.prompt.md,stimuli/6TEJDC_p0.label_1.prompt.md,stimuli/6TEJDC_p0.label_2.prompt.md,stimuli/6TEJDC_p0.label_3.prompt.md,stimuli/6TEJDC_p0.label_4.prompt.md,stimuli/6TEJDC_p0.label_5.prompt.md,stimuli/6TEJDC_p0.label_6.prompt.md,stimuli/6TEJDC_p0.label_7.prompt.md,stimuli/6TEJDC_p0.label_8.prompt.md
6TEJDC,1,schema,schema,ambiguous,stimuli/6TEJDC_p1.context.prompt.md,stimuli/6TEJDC_p1.label_1.prompt.md,stimuli/6TEJDC_p1.label_2.prompt.md,stimuli/6TEJDC_p1.label_3.prompt.md,stimuli/6TEJDC_p1.label_4.prompt.md,stimuli/6TEJDC_p1.label_5.prompt.md,stimuli/6TEJDC_p1.label_6.prompt.md,stimuli/6TEJDC_p1.label_7.prompt.md,stimuli/6TEJDC_p1.label_8.prompt.md
6Z472W,0,schema,schema,ambiguous,stimuli/6Z472W_p0.context.prompt.md,stimuli/6Z472W_p0.label_1.prompt.md,stimuli/6Z472W_p0.label_2.prompt.md,stimuli/6Z472W_p0.label_3.prompt.md,stimuli/6Z472W_p0.label_4.prompt.md,stimuli/6Z472W_p0.label_5.prompt.md,stimuli/6Z472W_p0.label_6.prompt.md,stimuli/6Z472W_p0.label_7.prompt.md,stimuli/6Z472W_p0.label_8.prompt.md
6Z472W,1,schema,schema,ambiguous,stimuli/6Z472W_p1.context.prompt.md,stimuli/6Z472W_p1.label_1.prompt.md,stimuli/6Z472W_p1.label_2.prompt.md,stimuli/6Z472W_p1.label_3.prompt.md,stimuli/6Z472W_p1.label_4.prompt.md,stimuli/6Z472W_p1.label_5.prompt.md,stimuli/6Z472W_p1.label_6.prompt.md,stimuli/6Z472W_p1.label_7.prompt.md,stimuli/6Z472W_p1.label_8.prompt.md
74XPR3,0,schema_tangrams,schema,incompatible,stimuli/74XPR3_p0.context.prompt.md,stimuli/74XPR3_p0.label_1.prompt.md,stimuli/74XPR3_p0.label_2.prompt.md,stimuli/74XPR3_p0.label_3.prompt.md,stimuli/74XPR3_p0.label_4.prompt.md,stimuli/74XPR3_p0.label_5.prompt.md,stimuli/74XPR3_p0.label_6.prompt.md,stimuli/74XPR3_p0.label_7.prompt.md,stimuli/74XPR3_p0.label_8.prompt.md
74XPR3,1,schema_tangrams,schema,incompatible,stimuli/74XPR3_p1.context.prompt.md,stimuli/74XPR3_p1.label_1.prompt.md,stimuli/74XPR3_p1.label_2.prompt.md,stimuli/74XPR3_p1.label_3.prompt.md,stimuli/74XPR3_p1.label_4.prompt.md,stimuli/74XPR3_p1.label_5.prompt.md,stimuli/74XPR3_p1.label_6.prompt.md,stimuli/74XPR3_p1.label_7.prompt.md,stimuli/74XPR3_p1.label_8.prompt.md
79E82M,0,schema_tangrams,schema,incompatible,stimuli/79E82M_p0.context.prompt.md,stimuli/79E82M_p0.label_1.prompt.md,stimuli/79E82M_p0.label_2.prompt.md,stimuli/79E82M_p0.label_3.prompt.md,stimuli/79E82M_p0.label_4.prompt.md,stimuli/79E82M_p0.label_5.prompt.md,stimuli/79E82M_p0.label_6.prompt.md,stimuli/79E82M_p0.label_7.prompt.md,stimuli/79E82M_p0.label_8.prompt.md
79E82M,1,schema_tangrams,schema,incompatible,stimuli/79E82M_p1.context.prompt.md,stimuli/79E82M_p1.label_1.prompt.md,stimuli/79E82M_p1.label_2.prompt.md,stimuli/79E82M_p1.label_3.prompt.md,stimuli/79E82M_p1.label_4.prompt.md,stimuli/79E82M_p1.label_5.prompt.md,stimuli/79E82M_p1.label_6.prompt.md,stimuli/79E82M_p1.label_7.prompt.md,stimuli/79E82M_p1.label_8.prompt.md
7BE84W,0,schema,schema,ambiguous,stimuli/7BE84W_p0.context.prompt.md,stimuli/7BE84W_p0.label_1.prompt.md,stimuli/7BE84W_p0.label_2.prompt.md,stimuli/7BE84W_p0.label_3.prompt.md,stimuli/7BE84W_p0.label_4.prompt.md,stimuli/7BE84W_p0.label_5.prompt.md,stimuli/7BE84W_p0.label_6.prompt.md,stimuli/7BE84W_p0.label_7.prompt.md,stimuli/7BE84W_p0.label_8.prompt.md
7BE84W,1,schema,schema,ambiguous,stimuli/7BE84W_p1.context.prompt.md,stimuli/7BE84W_p1.label_1.prompt.md,stimuli/7BE84W_p1.label_2.prompt.md,stimuli/7BE84W_p1.label_3.prompt.md,stimuli/7BE84W_p1.label_4.prompt.md,stimuli/7BE84W_p1.label_5.prompt.md,stimuli/7BE84W_p1.label_6.prompt.md,stimuli/7BE84W_p1.label_7.prompt.md,stimuli/7BE84W_p1.label_8.prompt.md
7E7FN0,0,schema,schema,ambiguous,stimuli/7E7FN0_p0.context.prompt.md,stimuli/7E7FN0_p0.label_1.prompt.md,stimuli/7E7FN0_p0.label_2.prompt.md,stimuli/7E7FN0_p0.label_3.prompt.md,stimuli/7E7FN0_p0.label_4.prompt.md,stimuli/7E7FN0_p0.label_5.prompt.md,stimuli/7E7FN0_p0.label_6.prompt.md,stimuli/7E7FN0_p0.label_7.prompt.md,stimuli/7E7FN0_p0.label_8.prompt.md
7E7FN0,1,schema,schema,ambiguous,stimuli/7E7FN0_p1.context.prompt.md,stimuli/7E7FN0_p1.label_1.prompt.md,stimuli/7E7FN0_p1.label_2.prompt.md,stimuli/7E7FN0_p1.label_3.prompt.md,stimuli/7E7FN0_p1.label_4.prompt.md,stimuli/7E7FN0_p1.label_5.prompt.md,stimuli/7E7FN0_p1.label_6.prompt.md,stimuli/7E7FN0_p1.label_7.prompt.md,stimuli/7E7FN0_p1.label_8.prompt.md
7JRENM,0,nonschema,nonschema,ambiguous,stimuli/7JRENM_p0.context.prompt.md,stimuli/7JRENM_p0.label_1.prompt.md,stimuli/7JRENM_p0.label_2.prompt.md,stimuli/7JRENM_p0.label_3.prompt.md,stimuli/7JRENM_p0.label_4.prompt.md,stimuli/7JRENM_p0.label_5.prompt.md,stimuli/7JRENM_p0.label_6.prompt.md,stimuli/7JRENM_p0.label_7.prompt.md,stimuli/7JRENM_p0.label_8.prompt.md
7JRENM,1,nonschema,nonschema,ambiguous,stimuli/7JRENM_p1.context.prompt.md,stimuli/7JRENM_p1.label_1.prompt.md,stimuli/7JRENM_p1.label_2.prompt.md,stimuli/7JRENM_p1.label_3.prompt.md,stimuli/7JRENM_p1.label_4.prompt.md,stimuli/7JRENM_p1.label_5.prompt.md,stimuli/7JRENM_p1.label_6.prompt.md,stimuli/7JRENM_p1.label_7.prompt.md,stimuli/7JRENM_p1.label_8.prompt.md
7TP0DW,0,nonschema_tangrams,nonschema,incompatible,stimuli/7TP0DW_p0.context.prompt.md,stimuli/7TP0DW_p0.label_1.prompt.md,stimuli/7TP0DW_p0.label_2.prompt.md,stimuli/7TP0DW_p0.label_3.prompt.md,stimuli/7TP0DW_p0.label_4.prompt.md,stimuli/7TP0DW_p0.label_5.prompt.md,stimuli/7TP0DW_p0.label_6.prompt.md,stimuli/7TP0DW_p0.label_7.prompt.md,stimuli/7TP0DW_p0.label_8.prompt.md
7TP0DW,1,nonschema_tangrams,nonschema,incompatible,stimuli/7TP0DW_p1.context.prompt.md,stimuli/7TP0DW_p1.label_1.prompt.md,stimuli/7TP0DW_p1.label_2.prompt.md,stimuli/7TP0DW_p1.label_3.prompt.md,stimuli/7TP0DW_p1.label_4.prompt.md,stimuli/7TP0DW_p1.label_5.prompt.md,stimuli/7TP0DW_p1.label_6.prompt.md,stimuli/7TP0DW_p1.label_7.prompt.md,stimuli/7TP0DW_p1.label_8.prompt.md
7YDWES,0,nonschema_tangrams,nonschema,incompatible,stimuli/7YDWES_p0.context.prompt.md,stimuli/7YDWES_p0.label_1.prompt.md,stimuli/7YDWES_p0.label_2.prompt.md,stimuli/7YDWES_p0.label_3.prompt.md,stimuli/7YDWES_p0.label_4.prompt.md,stimuli/7YDWES_p0.label_5.prompt.md,stimuli/7YDWES_p0.label_6.prompt.md,stimuli/7YDWES_p0.label_7.prompt.md,stimuli/7YDWES_p0.label_8.prompt.md
7YDWES,1,nonschema_tangrams,nonschema,incompatible,stimuli/7YDWES_p1.context.prompt.md,stimuli/7YDWES_p1.label_1.prompt.md,stimuli/7YDWES_p1.label_2.prompt.md,stimuli/7YDWES_p1.label_3.prompt.md,stimuli/7YDWES_p1.label_4.prompt.md,stimuli/7YDWES_p1.label_5.prompt.md,stimuli/7YDWES_p1.label_6.prompt.md,stimuli/7YDWES_p1.label_7.prompt.md,stimuli/7YDWES_p1.label_8.prompt.md
7ZTEW8,0,schema,schema,ambiguous,stimuli/7ZTEW8_p0.context.prompt.md,stimuli/7ZTEW8_p0.label_1.prompt.md,stimuli/7ZTEW8_p0.label_2.prompt.md,stimuli/7ZTEW8_p0.label_3.prompt.md,stimuli/7ZTEW8_p0.label_4.prompt.md,stimuli/7ZTEW8_p0.label_5.prompt.md,stimuli/7ZTEW8_p0.label_6.prompt.md,stimuli/7ZTEW8_p0.label_7.prompt.md,stimuli/7ZTEW8_p0.label_8.prompt.md
7ZTEW8,1,schema,schema,ambiguous,stimuli/7ZTEW8_p1.context.prompt.md,stimuli/7ZTEW8_p1.label_1.prompt.md,stimuli/7ZTEW8_p1.label_2.prompt.md,stimuli/7ZTEW8_p1.label_3.prompt.md,stimuli/7ZTEW8_p1.label_4.prompt.md,stimuli/7ZTEW8_p1.label_5.prompt.md,stimuli/7ZTEW8_p1.label_6.prompt.md,stimuli/7ZTEW8_p1.label_7.prompt.md,stimuli/7ZTEW8_p1.label_8.prompt.md
83Y6EK,0,schema,schema,ambiguous,stimuli/83Y6EK_p0.context.prompt.md,stimuli/83Y6EK_p0.label_1.prompt.md,stimuli/83Y6EK_p0.label_2.prompt.md,stimuli/83Y6EK_p0.label_3.prompt.md,stimuli/83Y6EK_p0.label_4.prompt.md,stimuli/83Y6EK_p0.label_5.prompt.md,stimuli/83Y6EK_p0.label_6.prompt.md,stimuli/83Y6EK_p0.label_7.prompt.md,stimuli/83Y6EK_p0.label_8.prompt.md
83Y6EK,1,schema,schema,ambiguous,stimuli/83Y6EK_p1.context.prompt.md,stimuli/83Y6EK_p1.label_1.prompt.md,stimuli/83Y6EK_p1.label_2.prompt.md,stimuli/83Y6EK_p1.label_3.prompt.md,stimuli/83Y6EK_p1.label_4.prompt.md,stimuli/83Y6EK_p1.label_5.prompt.md,stimuli/83Y6EK_p1.label_6.prompt.md,stimuli/83Y6EK_p1.label_7.prompt.md,stimuli/83Y6EK_p1.label_8.prompt.md
8JTE0M,0,schema,schema,ambiguous,stimuli/8JTE0M_p0.context.prompt.md,stimuli/8JTE0M_p0.label_1.prompt.md,stimuli/8JTE0M_p0.label_2.prompt.md,stimuli/8JTE0M_p0.label_3.prompt.md,stimuli/8JTE0M_p0.label_4.prompt.md,stimuli/8JTE0M_p0.label_5.prompt.md,stimuli/8JTE0M_p0.label_6.prompt.md,stimuli/8JTE0M_p0.label_7.prompt.md,stimuli/8JTE0M_p0.label_8.prompt.md
8JTE0M,1,schema,schema,ambiguous,stimuli/8JTE0M_p1.context.prompt.md,stimuli/8JTE0M_p1.label_1.prompt.md,stimuli/8JTE0M_p1.label_2.prompt.md,stimuli/8JTE0M_p1.label_3.prompt.md,stimuli/8JTE0M_p1.label_4.prompt.md,stimuli/8JTE0M_p1.label_5.prompt.md,stimuli/8JTE0M_p1.label_6.prompt.md,stimuli/8JTE0M_p1.label_7.prompt.md,stimuli/8JTE0M_p1.label_8.prompt.md
8VMN7T,0,nonschema_tangrams,nonschema,incompatible,stimuli/8VMN7T_p0.context.prompt.md,stimuli/8VMN7T_p0.label_1.prompt.md,stimuli/8VMN7T_p0.label_2.prompt.md,stimuli/8VMN7T_p0.label_3.prompt.md,stimuli/8VMN7T_p0.label_4.prompt.md,stimuli/8VMN7T_p0.label_5.prompt.md,stimuli/8VMN7T_p0.label_6.prompt.md,stimuli/8VMN7T_p0.label_7.prompt.md,stimuli/8VMN7T_p0.label_8.prompt.md
8VMN7T,1,nonschema_tangrams,nonschema,incompatible,stimuli/8VMN7T_p1.context.prompt.md,stimuli/8VMN7T_p1.label_1.prompt.md,stimuli/8VMN7T_p1.label_2.prompt.md,stimuli/8VMN7T_p1.label_3.prompt.md,stimuli/8VMN7T_p1.label_4.prompt.md,stimuli/8VMN7T_p1.label_5.prompt.md,stimuli/8VMN7T_p1.label_6.prompt.md,stimuli/8VMN7T_p1.label_7.prompt.md,stimuli/8VMN7T_p1.label_8.prompt.md
92ZPH4,0,schema_tangrams,schema,incompatible,stimuli/92ZPH4_p0.context.prompt.md,stimuli/92ZPH4_p0.label_1.prompt.md,stimuli/92ZPH4_p0.label_2.prompt.md,stimuli/92ZPH4_p0.label_3.prompt.md,stimuli/92ZPH4_p0.label_4.prompt.md,stimuli/92ZPH4_p0.label_5.prompt.md,stimuli/92ZPH4_p0.label_6.prompt.md,stimuli/92ZPH4_p0.label_7.prompt.md,stimuli/92ZPH4_p0.label_8.prompt.md
92ZPH4,1,schema_tangrams,schema,incompatible,stimuli/92ZPH4_p1.context.prompt.md,stimuli/92ZPH4_p1.label_1.prompt.md,stimuli/92ZPH4_p1.label_2.prompt.md,stimuli/92ZPH4_p1.label_3.prompt.md,stimuli/92ZPH4_p1.label_4.prompt.md,stimuli/92ZPH4_p1.label_5.prompt.md,stimuli/92ZPH4_p1.label_6.prompt.md,stimuli/92ZPH4_p1.label_7.prompt.md,stimuli/92ZPH4_p1.label_8.prompt.md
97MN2X,0,nonschema_tangrams,nonschema,incompatible,stimuli/97MN2X_p0.context.prompt.md,stimuli/97MN2X_p0.label_1.prompt.md,stimuli/97MN2X_p0.label_2.prompt.md,stimuli/97MN2X_p0.label_3.prompt.md,stimuli/97MN2X_p0.label_4.prompt.md,stimuli/97MN2X_p0.label_5.prompt.md,stimuli/97MN2X_p0.label_6.prompt.md,stimuli/97MN2X_p0.label_7.prompt.md,stimuli/97MN2X_p0.label_8.prompt.md
97MN2X,1,nonschema_tangrams,nonschema,incompatible,stimuli/97MN2X_p1.context.prompt.md,stimuli/97MN2X_p1.label_1.prompt.md,stimuli/97MN2X_p1.label_2.prompt.md,stimuli/97MN2X_p1.label_3.prompt.md,stimuli/97MN2X_p1.label_4.prompt.md,stimuli/97MN2X_p1.label_5.prompt.md,stimuli/97MN2X_p1.label_6.prompt.md,stimuli/97MN2X_p1.label_7.prompt.md,stimuli/97MN2X_p1.label_8.prompt.md
9DTMJQ,0,nonschema,nonschema,ambiguous,stimuli/9DTMJQ_p0.context.prompt.md,stimuli/9DTMJQ_p0.label_1.prompt.md,stimuli/9DTMJQ_p0.label_2.prompt.md,stimuli/9DTMJQ_p0.label_3.prompt.md,stimuli/9DTMJQ_p0.label_4.prompt.md,stimuli/9DTMJQ_p0.label_5.prompt.md,stimuli/9DTMJQ_p0.label_6.prompt.md,stimuli/9DTMJQ_p0.label_7.prompt.md,stimuli/9DTMJQ_p0.label_8.prompt.md
9DTMJQ,1,nonschema,nonschema,ambiguous,stimuli/9DTMJQ_p1.context.prompt.md,stimuli/9DTMJQ_p1.label_1.prompt.md,stimuli/9DTMJQ_p1.label_2.prompt.md,stimuli/9DTMJQ_p1.label_3.prompt.md,stimuli/9DTMJQ_p1.label_4.prompt.md,stimuli/9DTMJQ_p1.label_5.prompt.md,stimuli/9DTMJQ_p1.label_6.prompt.md,stimuli/9DTMJQ_p1.label_7.prompt.md,stimuli/9DTMJQ_p1.label_8.prompt.md
9FGBVX,0,nonschema_tangrams,nonschema,incompatible,stimuli/9FGBVX_p0.context.prompt.md,stimuli/9FGBVX_p0.label_1.prompt.md,stimuli/9FGBVX_p0.label_2.prompt.md,stimuli/9FGBVX_p0.label_3.prompt.md,stimuli/9FGBVX_p0.label_4.prompt.md,stimuli/9FGBVX_p0.label_5.prompt.md,stimuli/9FGBVX_p0.label_6.prompt.md,stimuli/9FGBVX_p0.label_7.prompt.md,stimuli/9FGBVX_p0.label_8.prompt.md
9FGBVX,1,nonschema_tangrams,nonschema,incompatible,stimuli/9FGBVX_p1.context.prompt.md,stimuli/9FGBVX_p1.label_1.prompt.md,stimuli/9FGBVX_p1.label_2.prompt.md,stimuli/9FGBVX_p1.label_3.prompt.md,stimuli/9FGBVX_p1.label_4.prompt.md,stimuli/9FGBVX_p1.label_5.prompt.md,stimuli/9FGBVX_p1.label_6.prompt.md,stimuli/9FGBVX_p1.label_7.prompt.md,stimuli/9FGBVX_p1.label_8.prompt.md
9NQWJN,0,schema,schema,ambiguous,stimuli/9NQWJN_p0.context.prompt.md,stimuli/9NQWJN_p0.label_1.prompt.md,stimuli/9NQWJN_p0.label_2.prompt.md,stimuli/9NQWJN_p0.label_3.prompt.md,stimuli/9NQWJN_p0.label_4.prompt.md,stimuli/9NQWJN_p0.label_5.prompt.md,stimuli/9NQWJN_p0.label_6.prompt.md,stimuli/9NQWJN_p0.label_7.prompt.md,stimuli/9NQWJN_p0.label_8.prompt.md
9NQWJN,1,schema,schema,ambiguous,stimuli/9NQWJN_p1.context.prompt.md,stimuli/9NQWJN_p1.label_1.prompt.md,stimuli/9NQWJN_p1.label_2.prompt.md,stimuli/9NQWJN_p1.label_3.prompt.md,stimuli/9NQWJN_p1.label_4.prompt.md,stimuli/9NQWJN_p1.label_5.prompt.md,stimuli/9NQWJN_p1.label_6.prompt.md,stimuli/9NQWJN_p1.label_7.prompt.md,stimuli/9NQWJN_p1.label_8.prompt.md
9YG10X,0,nonschema_tangrams,nonschema,incompatible,stimuli/9YG10X_p0.context.prompt.md,stimuli/9YG10X_p0.label_1.prompt.md,stimuli/9YG10X_p0.label_2.prompt.md,stimuli/9YG10X_p0.label_3.prompt.md,stimuli/9YG10X_p0.label_4.prompt.md,stimuli/9YG10X_p0.label_5.prompt.md,stimuli/9YG10X_p0.label_6.prompt.md,stimuli/9YG10X_p0.label_7.prompt.md,stimuli/9YG10X_p0.label_8.prompt.md
9YG10X,1,nonschema_tangrams,nonschema,incompatible,stimuli/9YG10X_p1.context.prompt.md,stimuli/9YG10X_p1.label_1.prompt.md,stimuli/9YG10X_p1.label_2.prompt.md,stimuli/9YG10X_p1.label_3.prompt.md,stimuli/9YG10X_p1.label_4.prompt.md,stimuli/9YG10X_p1.label_5.prompt.md,stimuli/9YG10X_p1.label_6.prompt.md,stimuli/9YG10X_p1.label_7.prompt.md,stimuli/9YG10X_p1.label_8.prompt.md
A5QAQ8,0,nonschema_tangrams,nonschema,incompatible,stimuli/A5QAQ8_p0.context.prompt.md,stimuli/A5QAQ8_p0.label_1.prompt.md,stimuli/A5QAQ8_p0.label_2.prompt.md,stimuli/A5QAQ8_p0.label_3.prompt.md,stimuli/A5QAQ8_p0.label_4.prompt.md,stimuli/A5QAQ8_p0.label_5.prompt.md,stimuli/A5QAQ8_p0.label_6.prompt.md,stimuli/A5QAQ8_p0.label_7.prompt.md,stimuli/A5QAQ8_p0.label_8.prompt.md
A5QAQ8,1,nonschema_tangrams,nonschema,incompatible,stimuli/A5QAQ8_p1.context.prompt.md,stimuli/A5QAQ8_p1.label_1.prompt.md,stimuli/A5QAQ8_p1.label_2.prompt.md,stimuli/A5QAQ8_p1.label_3.prompt.md,stimuli/A5QAQ8_p1.label_4.prompt.md,stimuli/A5QAQ8_p1.label_5.prompt.md,stimuli/A5QAQ8_p1.label_6.prompt.md,stimuli/A5QAQ8_p1.label_7.prompt.md,stimuli/A5QAQ8_p1.label_8.prompt.md
A99BAG,0,nonschema,nonschema,ambiguous,stimuli/A99BAG_p0.context.prompt.md,stimuli/A99BAG_p0.label_1.prompt.md,stimuli/A99BAG_p0.label_2.prompt.md,stimuli/A99BAG_p0.label_3.prompt.md,stimuli/A99BAG_p0.label_4.prompt.md,stimuli/A99BAG_p0.label_5.prompt.md,stimuli/A99BAG_p0.label_6.prompt.md,stimuli/A99BAG_p0.label_7.prompt.md,stimuli/A99BAG_p0.label_8.prompt.md
A99BAG,1,nonschema,nonschema,ambiguous,stimuli/A99BAG_p1.context.prompt.md,stimuli/A99BAG_p1.label_1.prompt.md,stimuli/A99BAG_p1.label_2.prompt.md,stimuli/A99BAG_p1.label_3.prompt.md,stimuli/A99BAG_p1.label_4.prompt.md,stimuli/A99BAG_p1.label_5.prompt.md,stimuli/A99BAG_p1.label_6.prompt.md,stimuli/A99BAG_p1.label_7.prompt.md,stimuli/A99BAG_p1.label_8.prompt.md
AAA1CK,0,nonschema_tangrams,nonschema,incompatible,stimuli/AAA1CK_p0.context.prompt.md,stimuli/AAA1CK_p0.label_1.prompt.md,stimuli/AAA1CK_p0.label_2.prompt.md,stimuli/AAA1CK_p0.label_3.prompt.md,stimuli/AAA1CK_p0.label_4.prompt.md,stimuli/AAA1CK_p0.label_5.prompt.md,stimuli/AAA1CK_p0.label_6.prompt.md,stimuli/AAA1CK_p0.label_7.prompt.md,stimuli/AAA1CK_p0.label_8.prompt.md
AAA1CK,1,nonschema_tangrams,nonschema,incompatible,stimuli/AAA1CK_p1.context.prompt.md,stimuli/AAA1CK_p1.label_1.prompt.md,stimuli/AAA1CK_p1.label_2.prompt.md,stimuli/AAA1CK_p1.label_3.prompt.md,stimuli/AAA1CK_p1.label_4.prompt.md,stimuli/AAA1CK_p1.label_5.prompt.md,stimuli/AAA1CK_p1.label_6.prompt.md,stimuli/AAA1CK_p1.label_7.prompt.md,stimuli/AAA1CK_p1.label_8.prompt.md
AAE49H,0,nonschema_tangrams,nonschema,incompatible,stimuli/AAE49H_p0.context.prompt.md,stimuli/AAE49H_p0.label_1.prompt.md,stimuli/AAE49H_p0.label_2.prompt.md,stimuli/AAE49H_p0.label_3.prompt.md,stimuli/AAE49H_p0.label_4.prompt.md,stimuli/AAE49H_p0.label_5.prompt.md,stimuli/AAE49H_p0.label_6.prompt.md,stimuli/AAE49H_p0.label_7.prompt.md,stimuli/AAE49H_p0.label_8.prompt.md
AAE49H,1,nonschema_tangrams,nonschema,incompatible,stimuli/AAE49H_p1.context.prompt.md,stimuli/AAE49H_p1.label_1.prompt.md,stimuli/AAE49H_p1.label_2.prompt.md,stimuli/AAE49H_p1.label_3.prompt.md,stimuli/AAE49H_p1.label_4.prompt.md,stimuli/AAE49H_p1.label_5.prompt.md,stimuli/AAE49H_p1.label_6.prompt.md,stimuli/AAE49H_p1.label_7.prompt.md,stimuli/AAE49H_p1.label_8.prompt.md
ARZGAA,0,nonschema_tangrams,nonschema,incompatible,stimuli/ARZGAA_p0.context.prompt.md,stimuli/ARZGAA_p0.label_1.prompt.md,stimuli/ARZGAA_p0.label_2.prompt.md,stimuli/ARZGAA_p0.label_3.prompt.md,stimuli/ARZGAA_p0.label_4.prompt.md,stimuli/ARZGAA_p0.label_5.prompt.md,stimuli/ARZGAA_p0.label_6.prompt.md,stimuli/ARZGAA_p0.label_7.prompt.md,stimuli/ARZGAA_p0.label_8.prompt.md
ARZGAA,1,nonschema_tangrams,nonschema,incompatible,stimuli/ARZGAA_p1.context.prompt.md,stimuli/ARZGAA_p1.label_1.prompt.md,stimuli/ARZGAA_p1.label_2.prompt.md,stimuli/ARZGAA_p1.label_3.prompt.md,stimuli/ARZGAA_p1.label_4.prompt.md,stimuli/ARZGAA_p1.label_5.prompt.md,stimuli/ARZGAA_p1.label_6.prompt.md,stimuli/ARZGAA_p1.label_7.prompt.md,stimuli/ARZGAA_p1.label_8.prompt.md
BF7TZW,0,schema_tangrams,schema,incompatible,stimuli/BF7TZW_p0.context.prompt.md,stimuli/BF7TZW_p0.label_1.prompt.md,stimuli/BF7TZW_p0.label_2.prompt.md,stimuli/BF7TZW_p0.label_3.prompt.md,stimuli/BF7TZW_p0.label_4.prompt.md,stimuli/BF7TZW_p0.label_5.prompt.md,stimuli/BF7TZW_p0.label_6.prompt.md,stimuli/BF7TZW_p0.label_7.prompt.md,stimuli/BF7TZW_p0.label_8.prompt.md
BF7TZW,1,schema_tangrams,schema,incompatible,stimuli/BF7TZW_p1.context.prompt.md,stimuli/BF7TZW_p1.label_1.prompt.md,stimuli/BF7TZW_p1.label_2.prompt.md,stimuli/BF7TZW_p1.label_3.prompt.md,stimuli/BF7TZW_p1.label_4.prompt.md,stimuli/BF7TZW_p1.label_5.prompt.md,stimuli/BF7TZW_p1.label_6.prompt.md,stimuli/BF7TZW_p1.label_7.prompt.md,stimuli/BF7TZW_p1.label_8.prompt.md
BHVX5Z,0,schema_tangrams,schema,incompatible,stimuli/BHVX5Z_p0.context.prompt.md,stimuli/BHVX5Z_p0.label_1.prompt.md,stimuli/BHVX5Z_p0.label_2.prompt.md,stimuli/BHVX5Z_p0.label_3.prompt.md,stimuli/BHVX5Z_p0.label_4.prompt.md,stimuli/BHVX5Z_p0.label_5.prompt.md,stimuli/BHVX5Z_p0.label_6.prompt.md,stimuli/BHVX5Z_p0.label_7.prompt.md,stimuli/BHVX5Z_p0.label_8.prompt.md
BHVX5Z,1,schema_tangrams,schema,incompatible,stimuli/BHVX5Z_p1.context.prompt.md,stimuli/BHVX5Z_p1.label_1.prompt.md,stimuli/BHVX5Z_p1.label_2.prompt.md,stimuli/BHVX5Z_p1.label_3.prompt.md,stimuli/BHVX5Z_p1.label_4.prompt.md,stimuli/BHVX5Z_p1.label_5.prompt.md,stimuli/BHVX5Z_p1.label_6.prompt.md,stimuli/BHVX5Z_p1.label_7.prompt.md,stimuli/BHVX5Z_p1.label_8.prompt.md
BK8QW3,0,schema_tangrams,schema,incompatible,stimuli/BK8QW3_p0.context.prompt.md,stimuli/BK8QW3_p0.label_1.prompt.md,stimuli/BK8QW3_p0.label_2.prompt.md,stimuli/BK8QW3_p0.label_3.prompt.md,stimuli/BK8QW3_p0.label_4.prompt.md,stimuli/BK8QW3_p0.label_5.prompt.md,stimuli/BK8QW3_p0.label_6.prompt.md,stimuli/BK8QW3_p0.label_7.prompt.md,stimuli/BK8QW3_p0.label_8.prompt.md
BK8QW3,1,schema_tangrams,schema,incompatible,stimuli/BK8QW3_p1.context.prompt.md,stimuli/BK8QW3_p1.label_1.prompt.md,stimuli/BK8QW3_p1.label_2.prompt.md,stimuli/BK8QW3_p1.label_3.prompt.md,stimuli/BK8QW3_p1.label_4.prompt.md,stimuli/BK8QW3_p1.label_5.prompt.md,stimuli/BK8QW3_p1.label_6.prompt.md,stimuli/BK8QW3_p1.label_7.prompt.md,stimuli/BK8QW3_p1.label_8.prompt.md
C6CY8X,0,nonschema,nonschema,ambiguous,stimuli/C6CY8X_p0.context.prompt.md,stimuli/C6CY8X_p0.label_1.prompt.md,stimuli/C6CY8X_p0.label_2.prompt.md,stimuli/C6CY8X_p0.label_3.prompt.md,stimuli/C6CY8X_p0.label_4.prompt.md,stimuli/C6CY8X_p0.label_5.prompt.md,stimuli/C6CY8X_p0.label_6.prompt.md,stimuli/C6CY8X_p0.label_7.prompt.md,stimuli/C6CY8X_p0.label_8.prompt.md
C6CY8X,1,nonschema,nonschema,ambiguous,stimuli/C6CY8X_p1.context.prompt.md,stimuli/C6CY8X_p1.label_1.prompt.md,stimuli/C6CY8X_p1.label_2.prompt.md,stimuli/C6CY8X_p1.label_3.prompt.md,stimuli/C6CY8X_p1.label_4.prompt.md,stimuli/C6CY8X_p1.label_5.prompt.md,stimuli/C6CY8X_p1.label_6.prompt.md,stimuli/C6CY8X_p1.label_7.prompt.md,stimuli/C6CY8X_p1.label_8.prompt.md
C85FMG,0,schema,schema,ambiguous,stimuli/C85FMG_p0.context.prompt.md,stimuli/C85FMG_p0.label_1.prompt.md,stimuli/C85FMG_p0.label_2.prompt.md,stimuli/C85FMG_p0.label_3.prompt.md,stimuli/C85FMG_p0.label_4.prompt.md,stimuli/C85FMG_p0.label_5.prompt.md,stimuli/C85FMG_p0.label_6.prompt.md,stimuli/C85FMG_p0.label_7.prompt.md,stimuli/C85FMG_p0.label_8.prompt.md
C85FMG,1,schema,schema,ambiguous,stimuli/C85FMG_p1.context.prompt.md,stimuli/C85FMG_p1.label_1.prompt.md,stimuli/C85FMG_p1.label_2.prompt.md,stimuli/C85FMG_p1.label_3.prompt.md,stimuli/C85FMG_p1.label_4.prompt.md,stimuli/C85FMG_p1.label_5.prompt.md,stimuli/C85FMG_p1.label_6.prompt.md,stimuli/C85FMG_p1.label_7.prompt.md,stimuli/C85FMG_p1.label_8.prompt.md
CH2EM4,0,nonschema_tangrams,nonschema,incompatible,stimuli/CH2EM4_p0.context.prompt.md,stimuli/CH2EM4_p0.label_1.prompt.md,stimuli/CH2EM4_p0.label_2.prompt.md,stimuli/CH2EM4_p0.label_3.prompt.md,stimuli/CH2EM4_p0.label_4.prompt.md,stimuli/CH2EM4_p0.label_5.prompt.md,stimuli/CH2EM4_p0.label_6.prompt.md,stimuli/CH2EM4_p0.label_7.prompt.md,stimuli/CH2EM4_p0.label_8.prompt.md
CH2EM4,1,nonschema_tangrams,nonschema,incompatible,stimuli/CH2EM4_p1.context.prompt.md,stimuli/CH2EM4_p1.label_1.prompt.md,stimuli/CH2EM4_p1.label_2.prompt.md,stimuli/CH2EM4_p1.label_3.prompt.md,stimuli/CH2EM4_p1.label_4.prompt.md,stimuli/CH2EM4_p1.label_5.prompt.md,stimuli/CH2EM4_p1.label_6.prompt.md,stimuli/CH2EM4_p1.label_7.prompt.md,stimuli/CH2EM4_p1.label_8.prompt.md
CP5QZ0,0,nonschema_tangrams,nonschema,incompatible,stimuli/CP5QZ0_p0.context.prompt.md,stimuli/CP5QZ0_p0.label_1.prompt.md,stimuli/CP5QZ0_p0.label_2.prompt.md,stimuli/CP5QZ0_p0.label_3.prompt.md,stimuli/CP5QZ0_p0.label_4.prompt.md,stimuli/CP5QZ0_p0.label_5.prompt.md,stimuli/CP5QZ0_p0.label_6.prompt.md,stimuli/CP5QZ0_p0.label_7.prompt.md,stimuli/CP5QZ0_p0.label_8.prompt.md
CP5QZ0,1,nonschema_tangrams,nonschema,incompatible,stimuli/CP5QZ0_p1.context.prompt.md,stimuli/CP5QZ0_p1.label_1.prompt.md,stimuli/CP5QZ0_p1.label_2.prompt.md,stimuli/CP5QZ0_p1.label_3.prompt.md,stimuli/CP5QZ0_p1.label_4.prompt.md,stimuli/CP5QZ0_p1.label_5.prompt.md,stimuli/CP5QZ0_p1.label_6.prompt.md,stimuli/CP5QZ0_p1.label_7.prompt.md,stimuli/CP5QZ0_p1.label_8.prompt.md
D390AY,0,nonschema_tangrams,nonschema,incompatible,stimuli/D390AY_p0.context.prompt.md,stimuli/D390AY_p0.label_1.prompt.md,stimuli/D390AY_p0.label_2.prompt.md,stimuli/D390AY_p0.label_3.prompt.md,stimuli/D390AY_p0.label_4.prompt.md,stimuli/D390AY_p0.label_5.prompt.md,stimuli/D390AY_p0.label_6.prompt.md,stimuli/D390AY_p0.label_7.prompt.md,stimuli/D390AY_p0.label_8.prompt.md
D390AY,1,nonschema_tangrams,nonschema,incompatible,stimuli/D390AY_p1.context.prompt.md,stimuli/D390AY_p1.label_1.prompt.md,stimuli/D390AY_p1.label_2.prompt.md,stimuli/D390AY_p1.label_3.prompt.md,stimuli/D390AY_p1.label_4.prompt.md,stimuli/D390AY_p1.label_5.prompt.md,stimuli/D390AY_p1.label_6.prompt.md,stimuli/D390AY_p1.label_7.prompt.md,stimuli/D390AY_p1.label_8.prompt.md
DJB2VW,0,schema_tangrams,schema,incompatible,stimuli/DJB2VW_p0.context.prompt.md,stimuli/DJB2VW_p0.label_1.prompt.md,stimuli/DJB2VW_p0.label_2.prompt.md,stimuli/DJB2VW_p0.label_3.prompt.md,stimuli/DJB2VW_p0.label_4.prompt.md,stimuli/DJB2VW_p0.label_5.prompt.md,stimuli/DJB2VW_p0.label_6.prompt.md,stimuli/DJB2VW_p0.label_7.prompt.md,stimuli/DJB2VW_p0.label_8.prompt.md
DJB2VW,1,schema_tangrams,schema,incompatible,stimuli/DJB2VW_p1.context.prompt.md,stimuli/DJB2VW_p1.label_1.prompt.md,stimuli/DJB2VW_p1.label_2.prompt.md,stimuli/DJB2VW_p1.label_3.prompt.md,stimuli/DJB2VW_p1.label_4.prompt.md,stimuli/DJB2VW_p1.label_5.prompt.md,stimuli/DJB2VW_p1.label_6.prompt.md,stimuli/DJB2VW_p1.label_7.prompt.md,stimuli/DJB2VW_p1.label_8.prompt.md
DSCVVJ,0,nonschema_tangrams,nonschema,incompatible,stimuli/DSCVVJ_p0.context.prompt.md,stimuli/DSCVVJ_p0.label_1.prompt.md,stimuli/DSCVVJ_p0.label_2.prompt.md,stimuli/DSCVVJ_p0.label_3.prompt.md,stimuli/DSCVVJ_p0.label_4.prompt.md,stimuli/DSCVVJ_p0.label_5.prompt.md,stimuli/DSCVVJ_p0.label_6.prompt.md,stimuli/DSCVVJ_p0.label_7.prompt.md,stimuli/DSCVVJ_p0.label_8.prompt.md
DSCVVJ,1,nonschema_tangrams,nonschema,incompatible,stimuli/DSCVVJ_p1.context.prompt.md,stimuli/DSCVVJ_p1.label_1.prompt.md,stimuli/DSCVVJ_p1.label_2.prompt.md,stimuli/DSCVVJ_p1.label_3.prompt.md,stimuli/DSCVVJ_p1.label_4.prompt.md,stimuli/DSCVVJ_p1.label_5.prompt.md,stimuli/DSCVVJ_p1.label_6.prompt.md,stimuli/DSCVVJ_p1.label_7.prompt.md,stimuli/DSCVVJ_p1.label_8.prompt.md
DY36DF,0,schema_tangrams,schema,incompatible,stimuli/DY36DF_p0.context.prompt.md,stimuli/DY36DF_p0.label_1.prompt.md,stimuli/DY36DF_p0.label_2.prompt.md,stimuli/DY36DF_p0.label_3.prompt.md,stimuli/DY36DF_p0.label_4.prompt.md,stimuli/DY36DF_p0.label_5.prompt.md,stimuli/DY36DF_p0.label_6.prompt.md,stimuli/DY36DF_p0.label_7.prompt.md,stimuli/DY36DF_p0.label_8.prompt.md
DY36DF,1,schema_tangrams,schema,incompatible,stimuli/DY36DF_p1.context.prompt.md,stimuli/DY36DF_p1.label_1.prompt.md,stimuli/DY36DF_p1.label_2.prompt.md,stimuli/DY36DF_p1.label_3.prompt.md,stimuli/DY36DF_p1.label_4.prompt.md,stimuli/DY36DF_p1.label_5.prompt.md,stimuli/DY36DF_p1.label_6.prompt.md,stimuli/DY36DF_p1.label_7.prompt.md,stimuli/DY36DF_p1.label_8.prompt.md
E1QE4B,0,schema,schema,ambiguous,stimuli/E1QE4B_p0.context.prompt.md,stimuli/E1QE4B_p0.label_1.prompt.md,stimuli/E1QE4B_p0.label_2.prompt.md,stimuli/E1QE4B_p0.label_3.prompt.md,stimuli/E1QE4B_p0.label_4.prompt.md,stimuli/E1QE4B_p0.label_5.prompt.md,stimuli/E1QE4B_p0.label_6.prompt.md,stimuli/E1QE4B_p0.label_7.prompt.md,stimuli/E1QE4B_p0.label_8.prompt.md
E1QE4B,1,schema,schema,ambiguous,stimuli/E1QE4B_p1.context.prompt.md,stimuli/E1QE4B_p1.label_1.prompt.md,stimuli/E1QE4B_p1.label_2.prompt.md,stimuli/E1QE4B_p1.label_3.prompt.md,stimuli/E1QE4B_p1.label_4.prompt.md,stimuli/E1QE4B_p1.label_5.prompt.md,stimuli/E1QE4B_p1.label_6.prompt.md,stimuli/E1QE4B_p1.label_7.prompt.md,stimuli/E1QE4B_p1.label_8.prompt.md
E6EPZX,0,schema_tangrams,schema,incompatible,stimuli/E6EPZX_p0.context.prompt.md,stimuli/E6EPZX_p0.label_1.prompt.md,stimuli/E6EPZX_p0.label_2.prompt.md,stimuli/E6EPZX_p0.label_3.prompt.md,stimuli/E6EPZX_p0.label_4.prompt.md,stimuli/E6EPZX_p0.label_5.prompt.md,stimuli/E6EPZX_p0.label_6.prompt.md,stimuli/E6EPZX_p0.label_7.prompt.md,stimuli/E6EPZX_p0.label_8.prompt.md
E6EPZX,1,schema_tangrams,schema,incompatible,stimuli/E6EPZX_p1.context.prompt.md,stimuli/E6EPZX_p1.label_1.prompt.md,stimuli/E6EPZX_p1.label_2.prompt.md,stimuli/E6EPZX_p1.label_3.prompt.md,stimuli/E6EPZX_p1.label_4.prompt.md,stimuli/E6EPZX_p1.label_5.prompt.md,stimuli/E6EPZX_p1.label_6.prompt.md,stimuli/E6EPZX_p1.label_7.prompt.md,stimuli/E6EPZX_p1.label_8.prompt.md
FNZD3K,0,schema_tangrams,schema,incompatible,stimuli/FNZD3K_p0.context.prompt.md,stimuli/FNZD3K_p0.label_1.prompt.md,stimuli/FNZD3K_p0.label_2.prompt.md,stimuli/FNZD3K_p0.label_3.prompt.md,stimuli/FNZD3K_p0.label_4.prompt.md,stimuli/FNZD3K_p0.label_5.prompt.md,stimuli/FNZD3K_p0.label_6.prompt.md,stimuli/FNZD3K_p0.label_7.prompt.md,stimuli/FNZD3K_p0.label_8.prompt.md
FNZD3K,1,schema_tangrams,schema,incompatible,stimuli/FNZD3K_p1.context.prompt.md,stimuli/FNZD3K_p1.label_1.prompt.md,stimuli/FNZD3K_p1.label_2.prompt.md,stimuli/FNZD3K_p1.label_3.prompt.md,stimuli/FNZD3K_p1.label_4.prompt.md,stimuli/FNZD3K_p1.label_5.prompt.md,stimuli/FNZD3K_p1.label_6.prompt.md,stimuli/FNZD3K_p1.label_7.prompt.md,stimuli/FNZD3K_p1.label_8.prompt.md
FSR0XH,0,schema,schema,ambiguous,stimuli/FSR0XH_p0.context.prompt.md,stimuli/FSR0XH_p0.label_1.prompt.md,stimuli/FSR0XH_p0.label_2.prompt.md,stimuli/FSR0XH_p0.label_3.prompt.md,stimuli/FSR0XH_p0.label_4.prompt.md,stimuli/FSR0XH_p0.label_5.prompt.md,stimuli/FSR0XH_p0.label_6.prompt.md,stimuli/FSR0XH_p0.label_7.prompt.md,stimuli/FSR0XH_p0.label_8.prompt.md
FSR0XH,1,schema,schema,ambiguous,stimuli/FSR0XH_p1.context.prompt.md,stimuli/FSR0XH_p1.label_1.prompt.md,stimuli/FSR0XH_p1.label_2.prompt.md,stimuli/FSR0XH_p1.label_3.prompt.md,stimuli/FSR0XH_p1.label_4.prompt.md,stimuli/FSR0XH_p1.label_5.prompt.md,stimuli/FSR0XH_p1.label_6.prompt.md,stimuli/FSR0XH_p1.label_7.prompt.md,stimuli/FSR0XH_p1.label_8.prompt.md
FTGT9R,0,schema_tangrams,schema,incompatible,stimuli/FTGT9R_p0.context.prompt.md,stimuli/FTGT9R_p0.label_1.prompt.md,stimuli/FTGT9R_p0.label_2.prompt.md,stimuli/FTGT9R_p0.label_3.prompt.md,stimuli/FTGT9R_p0.label_4.prompt.md,stimuli/FTGT9R_p0.label_5.prompt.md,stimuli/FTGT9R_p0.label_6.prompt.md,stimuli/FTGT9R_p0.label_7.prompt.md,stimuli/FTGT9R_p0.label_8.prompt.md
FTGT9R,1,schema_tangrams,schema,incompatible,stimuli/FTGT9R_p1.context.prompt.md,stimuli/FTGT9R_p1.label_1.prompt.md,stimuli/FTGT9R_p1.label_2.prompt.md,stimuli/FTGT9R_p1.label_3.prompt.md,stimuli/FTGT9R_p1.label_4.prompt.md,stimuli/FTGT9R_p1.label_5.prompt.md,stimuli/FTGT9R_p1.label_6.prompt.md,stimuli/FTGT9R_p1.label_7.prompt.md,stimuli/FTGT9R_p1.label_8.prompt.md
G1XHHG,0,nonschema,nonschema,ambiguous,stimuli/G1XHHG_p0.context.prompt.md,stimuli/G1XHHG_p0.label_1.prompt.md,stimuli/G1XHHG_p0.label_2.prompt.md,stimuli/G1XHHG_p0.label_3.prompt.md,stimuli/G1XHHG_p0.label_4.prompt.md,stimuli/G1XHHG_p0.label_5.prompt.md,stimuli/G1XHHG_p0.label_6.prompt.md,stimuli/G1XHHG_p0.label_7.prompt.md,stimuli/G1XHHG_p0.label_8.prompt.md
G1XHHG,1,nonschema,nonschema,ambiguous,stimuli/G1XHHG_p1.context.prompt.md,stimuli/G1XHHG_p1.label_1.prompt.md,stimuli/G1XHHG_p1.label_2.prompt.md,stimuli/G1XHHG_p1.label_3.prompt.md,stimuli/G1XHHG_p1.label_4.prompt.md,stimuli/G1XHHG_p1.label_5.prompt.md,stimuli/G1XHHG_p1.label_6.prompt.md,stimuli/G1XHHG_p1.label_7.prompt.md,stimuli/G1XHHG_p1.label_8.prompt.md
G6JMJJ,0,nonschema,nonschema,ambiguous,stimuli/G6JMJJ_p0.context.prompt.md,stimuli/G6JMJJ_p0.label_1.prompt.md,stimuli/G6JMJJ_p0.label_2.prompt.md,stimuli/G6JMJJ_p0.label_3.prompt.md,stimuli/G6JMJJ_p0.label_4.prompt.md,stimuli/G6JMJJ_p0.label_5.prompt.md,stimuli/G6JMJJ_p0.label_6.prompt.md,stimuli/G6JMJJ_p0.label_7.prompt.md,stimuli/G6JMJJ_p0.label_8.prompt.md
G6JMJJ,1,nonschema,nonschema,ambiguous,stimuli/G6JMJJ_p1.context.prompt.md,stimuli/G6JMJJ_p1.label_1.prompt.md,stimuli/G6JMJJ_p1.label_2.prompt.md,stimuli/G6JMJJ_p1.label_3.prompt.md,stimuli/G6JMJJ_p1.label_4.prompt.md,stimuli/G6JMJJ_p1.label_5.prompt.md,stimuli/G6JMJJ_p1.label_6.prompt.md,stimuli/G6JMJJ_p1.label_7.prompt.md,stimuli/G6JMJJ_p1.label_8.prompt.md
GM9Y3M,0,schema,schema,ambiguous,stimuli/GM9Y3M_p0.context.prompt.md,stimuli/GM9Y3M_p0.label_1.prompt.md,stimuli/GM9Y3M_p0.label_2.prompt.md,stimuli/GM9Y3M_p0.label_3.prompt.md,stimuli/GM9Y3M_p0.label_4.prompt.md,stimuli/GM9Y3M_p0.label_5.prompt.md,stimuli/GM9Y3M_p0.label_6.prompt.md,stimuli/GM9Y3M_p0.label_7.prompt.md,stimuli/GM9Y3M_p0.label_8.prompt.md
GM9Y3M,1,schema,schema,ambiguous,stimuli/GM9Y3M_p1.context.prompt.md,stimuli/GM9Y3M_p1.label_1.prompt.md,stimuli/GM9Y3M_p1.label_2.prompt.md,stimuli/GM9Y3M_p1.label_3.prompt.md,stimuli/GM9Y3M_p1.label_4.prompt.md,stimuli/GM9Y3M_p1.label_5.prompt.md,stimuli/GM9Y3M_p1.label_6.prompt.md,stimuli/GM9Y3M_p1.label_7.prompt.md,stimuli/GM9Y3M_p1.label_8.prompt.md
GWNNPQ,0,schema,schema,ambiguous,stimuli/GWNNPQ_p0.context.prompt.md,stimuli/GWNNPQ_p0.label_1.prompt.md,stimuli/GWNNPQ_p0.label_2.prompt.md,stimuli/GWNNPQ_p0.label_3.prompt.md,stimuli/GWNNPQ_p0.label_4.prompt.md,stimuli/GWNNPQ_p0.label_5.prompt.md,stimuli/GWNNPQ_p0.label_6.prompt.md,stimuli/GWNNPQ_p0.label_7.prompt.md,stimuli/GWNNPQ_p0.label_8.prompt.md
GWNNPQ,1,schema,schema,ambiguous,stimuli/GWNNPQ_p1.context.prompt.md,stimuli/GWNNPQ_p1.label_1.prompt.md,stimuli/GWNNPQ_p1.label_2.prompt.md,stimuli/GWNNPQ_p1.label_3.prompt.md,stimuli/GWNNPQ_p1.label_4.prompt.md,stimuli/GWNNPQ_p1.label_5.prompt.md,stimuli/GWNNPQ_p1.label_6.prompt.md,stimuli/GWNNPQ_p1.label_7.prompt.md,stimuli/GWNNPQ_p1.label_8.prompt.md
H82ZJ4,0,nonschema_tangrams,nonschema,incompatible,stimuli/H82ZJ4_p0.context.prompt.md,stimuli/H82ZJ4_p0.label_1.prompt.md,stimuli/H82ZJ4_p0.label_2.prompt.md,stimuli/H82ZJ4_p0.label_3.prompt.md,stimuli/H82ZJ4_p0.label_4.prompt.md,stimuli/H82ZJ4_p0.label_5.prompt.md,stimuli/H82ZJ4_p0.label_6.prompt.md,stimuli/H82ZJ4_p0.label_7.prompt.md,stimuli/H82ZJ4_p0.label_8.prompt.md
H82ZJ4,1,nonschema_tangrams,nonschema,incompatible,stimuli/H82ZJ4_p1.context.prompt.md,stimuli/H82ZJ4_p1.label_1.prompt.md,stimuli/H82ZJ4_p1.label_2.prompt.md,stimuli/H82ZJ4_p1.label_3.prompt.md,stimuli/H82ZJ4_p1.label_4.prompt.md,stimuli/H82ZJ4_p1.label_5.prompt.md,stimuli/H82ZJ4_p1.label_6.prompt.md,stimuli/H82ZJ4_p1.label_7.prompt.md,stimuli/H82ZJ4_p1.label_8.prompt.md
HDK8KE,0,schema_tangrams,schema,incompatible,stimuli/HDK8KE_p0.context.prompt.md,stimuli/HDK8KE_p0.label_1.prompt.md,stimuli/HDK8KE_p0.label_2.prompt.md,stimuli/HDK8KE_p0.label_3.prompt.md,stimuli/HDK8KE_p0.label_4.prompt.md,stimuli/HDK8KE_p0.label_5.prompt.md,stimuli/HDK8KE_p0.label_6.prompt.md,stimuli/HDK8KE_p0.label_7.prompt.md,stimuli/HDK8KE_p0.label_8.prompt.md
HDK8KE,1,schema_tangrams,schema,incompatible,stimuli/HDK8KE_p1.context.prompt.md,stimuli/HDK8KE_p1.label_1.prompt.md,stimuli/HDK8KE_p1.label_2.prompt.md,stimuli/HDK8KE_p1.label_3.prompt.md,stimuli/HDK8KE_p1.label_4.prompt.md,stimuli/HDK8KE_p1.label_5.prompt.md,stimuli/HDK8KE_p1.label_6.prompt.md,stimuli/HDK8KE_p1.label_7.prompt.md,stimuli/HDK8KE_p1.label_8.prompt.md
HJAME1,0,schema_tangrams,schema,incompatible,stimuli/HJAME1_p0.context.prompt.md,stimuli/HJAME1_p0.label_1.prompt.md,stimuli/HJAME1_p0.label_2.prompt.md,stimuli/HJAME1_p0.label_3.prompt.md,stimuli/HJAME1_p0.label_4.prompt.md,stimuli/HJAME1_p0.label_5.prompt.md,stimuli/HJAME1_p0.label_6.prompt.md,stimuli/HJAME1_p0.label_7.prompt.md,stimuli/HJAME1_p0.label_8.prompt.md
HJAME1,1,schema_tangrams,schema,incompatible,stimuli/HJAME1_p1.context.prompt.md,stimuli/HJAME1_p1.label_1.prompt.md,stimuli/HJAME1_p1.label_2.prompt.md,stimuli/HJAME1_p1.label_3.prompt.md,stimuli/HJAME1_p1.label_4.prompt.md,stimuli/HJAME1_p1.label_5.prompt.md,stimuli/HJAME1_p1.label_6.prompt.md,stimuli/HJAME1_p1.label_7.prompt.md,stimuli/HJAME1_p1.label_8.prompt.md
HKFCMX,0,schema_tangrams,schema,incompatible,stimuli/HKFCMX_p0.context.prompt.md,stimuli/HKFCMX_p0.label_1.prompt.md,stimuli/HKFCMX_p0.label_2.prompt.md,stimuli/HKFCMX_p0.label_3.prompt.md,stimuli/HKFCMX_p0.label_4.prompt.md,stimuli/HKFCMX_p0.label_5.prompt.md,stimuli/HKFCMX_p0.label_6.prompt.md,stimuli/HKFCMX_p0.label_7.prompt.md,stimuli/HKFCMX_p0.label_8.prompt.md
HKFCMX,1,schema_tangrams,schema,incompatible,stimuli/HKFCMX_p1.context.prompt.md,stimuli/HKFCMX_p1.label_1.prompt.md,stimuli/HKFCMX_p1.label_2.prompt.md,stimuli/HKFCMX_p1.label_3.prompt.md,stimuli/HKFCMX_p1.label_4.prompt.md,stimuli/HKFCMX_p1.label_5.prompt.md,stimuli/HKFCMX_p1.label_6.prompt.md,stimuli/HKFCMX_p1.label_7.prompt.md,stimuli/HKFCMX_p1.label_8.prompt.md
HMN4B3,0,schema_tangrams,schema,incompatible,stimuli/HMN4B3_p0.context.prompt.md,stimuli/HMN4B3_p0.label_1.prompt.md,stimuli/HMN4B3_p0.label_2.prompt.md,stimuli/HMN4B3_p0.label_3.prompt.md,stimuli/HMN4B3_p0.label_4.prompt.md,stimuli/HMN4B3_p0.label_5.prompt.md,stimuli/HMN4B3_p0.label_6.prompt.md,stimuli/HMN4B3_p0.label_7.prompt.md,stimuli/HMN4B3_p0.label_8.prompt.md
HMN4B3,1,schema_tangrams,schema,incompatible,stimuli/HMN4B3_p1.context.prompt.md,stimuli/HMN4B3_p1.label_1.prompt.md,stimuli/HMN4B3_p1.label_2.prompt.md,stimuli/HMN4B3_p1.label_3.prompt.md,stimuli/HMN4B3_p1.label_4.prompt.md,stimuli/HMN4B3_p1.label_5.prompt.md,stimuli/HMN4B3_p1.label_6.prompt.md,stimuli/HMN4B3_p1.label_7.prompt.md,stimuli/HMN4B3_p1.label_8.prompt.md
HWSWDK,0,schema_tangrams,schema,incompatible,stimuli/HWSWDK_p0.context.prompt.md,stimuli/HWSWDK_p0.label_1.prompt.md,stimuli/HWSWDK_p0.label_2.prompt.md,stimuli/HWSWDK_p0.label_3.prompt.md,stimuli/HWSWDK_p0.label_4.prompt.md,stimuli/HWSWDK_p0.label_5.prompt.md,stimuli/HWSWDK_p0.label_6.prompt.md,stimuli/HWSWDK_p0.label_7.prompt.md,stimuli/HWSWDK_p0.label_8.prompt.md
HWSWDK,1,schema_tangrams,schema,incompatible,stimuli/HWSWDK_p1.context.prompt.md,stimuli/HWSWDK_p1.label_1.prompt.md,stimuli/HWSWDK_p1.label_2.prompt.md,stimuli/HWSWDK_p1.label_3.prompt.md,stimuli/HWSWDK_p1.label_4.prompt.md,stimuli/HWSWDK_p1.label_5.prompt.md,stimuli/HWSWDK_p1.label_6.prompt.md,stimuli/HWSWDK_p1.label_7.prompt.md,stimuli/HWSWDK_p1.label_8.prompt.md
HXSNZK,0,nonschema,nonschema,ambiguous,stimuli/HXSNZK_p0.context.prompt.md,stimuli/HXSNZK_p0.label_1.prompt.md,stimuli/HXSNZK_p0.label_2.prompt.md,stimuli/HXSNZK_p0.label_3.prompt.md,stimuli/HXSNZK_p0.label_4.prompt.md,stimuli/HXSNZK_p0.label_5.prompt.md,stimuli/HXSNZK_p0.label_6.prompt.md,stimuli/HXSNZK_p0.label_7.prompt.md,stimuli/HXSNZK_p0.label_8.prompt.md
HXSNZK,1,nonschema,nonschema,ambiguous,stimuli/HXSNZK_p1.context.prompt.md,stimuli/HXSNZK_p1.label_1.prompt.md,stimuli/HXSNZK_p1.label_2.prompt.md,stimuli/HXSNZK_p1.label_3.prompt.md,stimuli/HXSNZK_p1.label_4.prompt.md,stimuli/HXSNZK_p1.label_5.prompt.md,stimuli/HXSNZK_p1.label_6.prompt.md,stimuli/HXSNZK_p1.label_7.prompt.md,stimuli/HXSNZK_p1.label_8.prompt.md
HZ6KJH,0,nonschema,nonschema,ambiguous,stimuli/HZ6KJH_p0.context.prompt.md,stimuli/HZ6KJH_p0.label_1.prompt.md,stimuli/HZ6KJH_p0.label_2.prompt.md,stimuli/HZ6KJH_p0.label_3.prompt.md,stimuli/HZ6KJH_p0.label_4.prompt.md,stimuli/HZ6KJH_p0.label_5.prompt.md,stimuli/HZ6KJH_p0.label_6.prompt.md,stimuli/HZ6KJH_p0.label_7.prompt.md,stimuli/HZ6KJH_p0.label_8.prompt.md
HZ6KJH,1,nonschema,nonschema,ambiguous,stimuli/HZ6KJH_p1.context.prompt.md,stimuli/HZ6KJH_p1.label_1.prompt.md,stimuli/HZ6KJH_p1.label_2.prompt.md,stimuli/HZ6KJH_p1.label_3.prompt.md,stimuli/HZ6KJH_p1.label_4.prompt.md,stimuli/HZ6KJH_p1.label_5.prompt.md,stimuli/HZ6KJH_p1.label_6.prompt.md,stimuli/HZ6KJH_p1.label_7.prompt.md,stimuli/HZ6KJH_p1.label_8.prompt.md
JCFKXA,0,nonschema,nonschema,ambiguous,stimuli/JCFKXA_p0.context.prompt.md,stimuli/JCFKXA_p0.label_1.prompt.md,stimuli/JCFKXA_p0.label_2.prompt.md,stimuli/JCFKXA_p0.label_3.prompt.md,stimuli/JCFKXA_p0.label_4.prompt.md,stimuli/JCFKXA_p0.label_5.prompt.md,stimuli/JCFKXA_p0.label_6.prompt.md,stimuli/JCFKXA_p0.label_7.prompt.md,stimuli/JCFKXA_p0.label_8.prompt.md
JCFKXA,1,nonschema,nonschema,ambiguous,stimuli/JCFKXA_p1.context.prompt.md,stimuli/JCFKXA_p1.label_1.prompt.md,stimuli/JCFKXA_p1.label_2.prompt.md,stimuli/JCFKXA_p1.label_3.prompt.md,stimuli/JCFKXA_p1.label_4.prompt.md,stimuli/JCFKXA_p1.label_5.prompt.md,stimuli/JCFKXA_p1.label_6.prompt.md,stimuli/JCFKXA_p1.label_7.prompt.md,stimuli/JCFKXA_p1.label_8.prompt.md
JT5KTQ,0,schema_tangrams,schema,incompatible,stimuli/JT5KTQ_p0.context.prompt.md,stimuli/JT5KTQ_p0.label_1.prompt.md,stimuli/JT5KTQ_p0.label_2.prompt.md,stimuli/JT5KTQ_p0.label_3.prompt.md,stimuli/JT5KTQ_p0.label_4.prompt.md,stimuli/JT5KTQ_p0.label_5.prompt.md,stimuli/JT5KTQ_p0.label_6.prompt.md,stimuli/JT5KTQ_p0.label_7.prompt.md,stimuli/JT5KTQ_p0.label_8.prompt.md
JT5KTQ,1,schema_tangrams,schema,incompatible,stimuli/JT5KTQ_p1.context.prompt.md,stimuli/JT5KTQ_p1.label_1.prompt.md,stimuli/JT5KTQ_p1.label_2.prompt.md,stimuli/JT5KTQ_p1.label_3.prompt.md,stimuli/JT5KTQ_p1.label_4.prompt.md,stimuli/JT5KTQ_p1.label_5.prompt.md,stimuli/JT5KTQ_p1.label_6.prompt.md,stimuli/JT5KTQ_p1.label_7.prompt.md,stimuli/JT5KTQ_p1.label_8.prompt.md
JVNR7F,0,nonschema,nonschema,ambiguous,stimuli/JVNR7F_p0.context.prompt.md,stimuli/JVNR7F_p0.label_1.prompt.md,stimuli/JVNR7F_p0.label_2.prompt.md,stimuli/JVNR7F_p0.label_3.prompt.md,stimuli/JVNR7F_p0.label_4.prompt.md,stimuli/JVNR7F_p0.label_5.prompt.md,stimuli/JVNR7F_p0.label_6.prompt.md,stimuli/JVNR7F_p0.label_7.prompt.md,stimuli/JVNR7F_p0.label_8.prompt.md
JVNR7F,1,nonschema,nonschema,ambiguous,stimuli/JVNR7F_p1.context.prompt.md,stimuli/JVNR7F_p1.label_1.prompt.md,stimuli/JVNR7F_p1.label_2.prompt.md,stimuli/JVNR7F_p1.label_3.prompt.md,stimuli/JVNR7F_p1.label_4.prompt.md,stimuli/JVNR7F_p1.label_5.prompt.md,stimuli/JVNR7F_p1.label_6.prompt.md,stimuli/JVNR7F_p1.label_7.prompt.md,stimuli/JVNR7F_p1.label_8.prompt.md
JZRVR1,0,schema_tangrams,schema,incompatible,stimuli/JZRVR1_p0.context.prompt.md,stimuli/JZRVR1_p0.label_1.prompt.md,stimuli/JZRVR1_p0.label_2.prompt.md,stimuli/JZRVR1_p0.label_3.prompt.md,stimuli/JZRVR1_p0.label_4.prompt.md,stimuli/JZRVR1_p0.label_5.prompt.md,stimuli/JZRVR1_p0.label_6.prompt.md,stimuli/JZRVR1_p0.label_7.prompt.md,stimuli/JZRVR1_p0.label_8.prompt.md
JZRVR1,1,schema_tangrams,schema,incompatible,stimuli/JZRVR1_p1.context.prompt.md,stimuli/JZRVR1_p1.label_1.prompt.md,stimuli/JZRVR1_p1.label_2.prompt.md,stimuli/JZRVR1_p1.label_3.prompt.md,stimuli/JZRVR1_p1.label_4.prompt.md,stimuli/JZRVR1_p1.label_5.prompt.md,stimuli/JZRVR1_p1.label_6.prompt.md,stimuli/JZRVR1_p1.label_7.prompt.md,stimuli/JZRVR1_p1.label_8.prompt.md
K8WC5N,0,nonschema_tangrams,nonschema,incompatible,stimuli/K8WC5N_p0.context.prompt.md,stimuli/K8WC5N_p0.label_1.prompt.md,stimuli/K8WC5N_p0.label_2.prompt.md,stimuli/K8WC5N_p0.label_3.prompt.md,stimuli/K8WC5N_p0.label_4.prompt.md,stimuli/K8WC5N_p0.label_5.prompt.md,stimuli/K8WC5N_p0.label_6.prompt.md,stimuli/K8WC5N_p0.label_7.prompt.md,stimuli/K8WC5N_p0.label_8.prompt.md
K8WC5N,1,nonschema_tangrams,nonschema,incompatible,stimuli/K8WC5N_p1.context.prompt.md,stimuli/K8WC5N_p1.label_1.prompt.md,stimuli/K8WC5N_p1.label_2.prompt.md,stimuli/K8WC5N_p1.label_3.prompt.md,stimuli/K8WC5N_p1.label_4.prompt.md,stimuli/K8WC5N_p1.label_5.prompt.md,stimuli/K8WC5N_p1.label_6.prompt.md,stimuli/K8WC5N_p1.label_7.prompt.md,stimuli/K8WC5N_p1.label_8.prompt.md
KF4Y5F,0,nonschema_tangrams,nonschema,incompatible,stimuli/KF4Y5F_p0.context.prompt.md,stimuli/KF4Y5F_p0.label_1.prompt.md,stimuli/KF4Y5F_p0.label_2.prompt.md,stimuli/KF4Y5F_p0.label_3.prompt.md,stimuli/KF4Y5F_p0.label_4.prompt.md,stimuli/KF4Y5F_p0.label_5.prompt.md,stimuli/KF4Y5F_p0.label_6.prompt.md,stimuli/KF4Y5F_p0.label_7.prompt.md,stimuli/KF4Y5F_p0.label_8.prompt.md
KF4Y5F,1,nonschema_tangrams,nonschema,incompatible,stimuli/KF4Y5F_p1.context.prompt.md,stimuli/KF4Y5F_p1.label_1.prompt.md,stimuli/KF4Y5F_p1.label_2.prompt.md,stimuli/KF4Y5F_p1.label_3.prompt.md,stimuli/KF4Y5F_p1.label_4.prompt.md,stimuli/KF4Y5F_p1.label_5.prompt.md,stimuli/KF4Y5F_p1.label_6.prompt.md,stimuli/KF4Y5F_p1.label_7.prompt.md,stimuli/KF4Y5F_p1.label_8.prompt.md
KJBB6A,0,schema,schema,ambiguous,stimuli/KJBB6A_p0.context.prompt.md,stimuli/KJBB6A_p0.label_1.prompt.md,stimuli/KJBB6A_p0.label_2.prompt.md,stimuli/KJBB6A_p0.label_3.prompt.md,stimuli/KJBB6A_p0.label_4.prompt.md,stimuli/KJBB6A_p0.label_5.prompt.md,stimuli/KJBB6A_p0.label_6.prompt.md,stimuli/KJBB6A_p0.label_7.prompt.md,stimuli/KJBB6A_p0.label_8.prompt.md
KJBB6A,1,schema,schema,ambiguous,stimuli/KJBB6A_p1.context.prompt.md,stimuli/KJBB6A_p1.label_1.prompt.md,stimuli/KJBB6A_p1.label_2.prompt.md,stimuli/KJBB6A_p1.label_3.prompt.md,stimuli/KJBB6A_p1.label_4.prompt.md,stimuli/KJBB6A_p1.label_5.prompt.md,stimuli/KJBB6A_p1.label_6.prompt.md,stimuli/KJBB6A_p1.label_7.prompt.md,stimuli/KJBB6A_p1.label_8.prompt.md
KRJVK2,0,schema,schema,ambiguous,stimuli/KRJVK2_p0.context.prompt.md,stimuli/KRJVK2_p0.label_1.prompt.md,stimuli/KRJVK2_p0.label_2.prompt.md,stimuli/KRJVK2_p0.label_3.prompt.md,stimuli/KRJVK2_p0.label_4.prompt.md,stimuli/KRJVK2_p0.label_5.prompt.md,stimuli/KRJVK2_p0.label_6.prompt.md,stimuli/KRJVK2_p0.label_7.prompt.md,stimuli/KRJVK2_p0.label_8.prompt.md
KRJVK2,1,schema,schema,ambiguous,stimuli/KRJVK2_p1.context.prompt.md,stimuli/KRJVK2_p1.label_1.prompt.md,stimuli/KRJVK2_p1.label_2.prompt.md,stimuli/KRJVK2_p1.label_3.prompt.md,stimuli/KRJVK2_p1.label_4.prompt.md,stimuli/KRJVK2_p1.label_5.prompt.md,stimuli/KRJVK2_p1.label_6.prompt.md,stimuli/KRJVK2_p1.label_7.prompt.md,stimuli/KRJVK2_p1.label_8.prompt.md
KV94XV,0,schema_tangrams,schema,incompatible,stimuli/KV94XV_p0.context.prompt.md,stimuli/KV94XV_p0.label_1.prompt.md,stimuli/KV94XV_p0.label_2.prompt.md,stimuli/KV94XV_p0.label_3.prompt.md,stimuli/KV94XV_p0.label_4.prompt.md,stimuli/KV94XV_p0.label_5.prompt.md,stimuli/KV94XV_p0.label_6.prompt.md,stimuli/KV94XV_p0.label_7.prompt.md,stimuli/KV94XV_p0.label_8.prompt.md
KV94XV,1,schema_tangrams,schema,incompatible,stimuli/KV94XV_p1.context.prompt.md,stimuli/KV94XV_p1.label_1.prompt.md,stimuli/KV94XV_p1.label_2.prompt.md,stimuli/KV94XV_p1.label_3.prompt.md,stimuli/KV94XV_p1.label_4.prompt.md,stimuli/KV94XV_p1.label_5.prompt.md,stimuli/KV94XV_p1.label_6.prompt.md,stimuli/KV94XV_p1.label_7.prompt.md,stimuli/KV94XV_p1.label_8.prompt.md
M77Z8N,0,schema_tangrams,schema,incompatible,stimuli/M77Z8N_p0.context.prompt.md,stimuli/M77Z8N_p0.label_1.prompt.md,stimuli/M77Z8N_p0.label_2.prompt.md,stimuli/M77Z8N_p0.label_3.prompt.md,stimuli/M77Z8N_p0.label_4.prompt.md,stimuli/M77Z8N_p0.label_5.prompt.md,stimuli/M77Z8N_p0.label_6.prompt.md,stimuli/M77Z8N_p0.label_7.prompt.md,stimuli/M77Z8N_p0.label_8.prompt.md
M77Z8N,1,schema_tangrams,schema,incompatible,stimuli/M77Z8N_p1.context.prompt.md,stimuli/M77Z8N_p1.label_1.prompt.md,stimuli/M77Z8N_p1.label_2.prompt.md,stimuli/M77Z8N_p1.label_3.prompt.md,stimuli/M77Z8N_p1.label_4.prompt.md,stimuli/M77Z8N_p1.label_5.prompt.md,stimuli/M77Z8N_p1.label_6.prompt.md,stimuli/M77Z8N_p1.label_7.prompt.md,stimuli/M77Z8N_p1.label_8.prompt.md
MB8VK7,0,schema,schema,ambiguous,stimuli/MB8VK7_p0.context.prompt.md,stimuli/MB8VK7_p0.label_1.prompt.md,stimuli/MB8VK7_p0.label_2.prompt.md,stimuli/MB8VK7_p0.label_3.prompt.md,stimuli/MB8VK7_p0.label_4.prompt.md,stimuli/MB8VK7_p0.label_5.prompt.md,stimuli/MB8VK7_p0.label_6.prompt.md,stimuli/MB8VK7_p0.label_7.prompt.md,stimuli/MB8VK7_p0.label_8.prompt.md
MB8VK7,1,schema,schema,ambiguous,stimuli/MB8VK7_p1.context.prompt.md,stimuli/MB8VK7_p1.label_1.prompt.md,stimuli/MB8VK7_p1.label_2.prompt.md,stimuli/MB8VK7_p1.label_3.prompt.md,stimuli/MB8VK7_p1.label_4.prompt.md,stimuli/MB8VK7_p1.label_5.prompt.md,stimuli/MB8VK7_p1.label_6.prompt.md,stimuli/MB8VK7_p1.label_7.prompt.md,stimuli/MB8VK7_p1.label_8.prompt.md
MD4YG2,0,nonschema,nonschema,ambiguous,stimuli/MD4YG2_p0.context.prompt.md,stimuli/MD4YG2_p0.label_1.prompt.md,stimuli/MD4YG2_p0.label_2.prompt.md,stimuli/MD4YG2_p0.label_3.prompt.md,stimuli/MD4YG2_p0.label_4.prompt.md,stimuli/MD4YG2_p0.label_5.prompt.md,stimuli/MD4YG2_p0.label_6.prompt.md,stimuli/MD4YG2_p0.label_7.prompt.md,stimuli/MD4YG2_p0.label_8.prompt.md
MD4YG2,1,nonschema,nonschema,ambiguous,stimuli/MD4YG2_p1.context.prompt.md,stimuli/MD4YG2_p1.label_1.prompt.md,stimuli/MD4YG2_p1.label_2.prompt.md,stimuli/MD4YG2_p1.label_3.prompt.md,stimuli/MD4YG2_p1.label_4.prompt.md,stimuli/MD4YG2_p1.label_5.prompt.md,stimuli/MD4YG2_p1.label_6.prompt.md,stimuli/MD4YG2_p1.label_7.prompt.md,stimuli/MD4YG2_p1.label_8.prompt.md
MFB0SJ,0,nonschema,nonschema,ambiguous,stimuli/MFB0SJ_p0.context.prompt.md,stimuli/MFB0SJ_p0.label_1.prompt.md,stimuli/MFB0SJ_p0.label_2.prompt.md,stimuli/MFB0SJ_p0.label_3.prompt.md,stimuli/MFB0SJ_p0.label_4.prompt.md,stimuli/MFB0SJ_p0.label_5.prompt.md,stimuli/MFB0SJ_p0.label_6.prompt.md,stimuli/MFB0SJ_p0.label_7.prompt.md,stimuli/MFB0SJ_p0.label_8.prompt.md
MFB0SJ,1,nonschema,nonschema,ambiguous,stimuli/MFB0SJ_p1.context.prompt.md,stimuli/MFB0SJ_p1.label_1.prompt.md,stimuli/MFB0SJ_p1.label_2.prompt.md,stimuli/MFB0SJ_p1.label_3.prompt.md,stimuli/MFB0SJ_p1.label_4.prompt.md,stimuli/MFB0SJ_p1.label_5.prompt.md,stimuli/MFB0SJ_p1.label_6.prompt.md,stimuli/MFB0SJ_p1.label_7.prompt.md,stimuli/MFB0SJ_p1.label_8.prompt.md
MPX3JM,0,nonschema,nonschema,ambiguous,stimuli/MPX3JM_p0.context.prompt.md,stimuli/MPX3JM_p0.label_1.prompt.md,stimuli/MPX3JM_p0.label_2.prompt.md,stimuli/MPX3JM_p0.label_3.prompt.md,stimuli/MPX3JM_p0.label_4.prompt.md,stimuli/MPX3JM_p0.label_5.prompt.md,stimuli/MPX3JM_p0.label_6.prompt.md,stimuli/MPX3JM_p0.label_7.prompt.md,stimuli/MPX3JM_p0.label_8.prompt.md
MPX3JM,1,nonschema,nonschema,ambiguous,stimuli/MPX3JM_p1.context.prompt.md,stimuli/MPX3JM_p1.label_1.prompt.md,stimuli/MPX3JM_p1.label_2.prompt.md,stimuli/MPX3JM_p1.label_3.prompt.md,stimuli/MPX3JM_p1.label_4.prompt.md,stimuli/MPX3JM_p1.label_5.prompt.md,stimuli/MPX3JM_p1.label_6.prompt.md,stimuli/MPX3JM_p1.label_7.prompt.md,stimuli/MPX3JM_p1.label_8.prompt.md
NACQ3S,0,nonschema,nonschema,ambiguous,stimuli/NACQ3S_p0.context.prompt.md,stimuli/NACQ3S_p0.label_1.prompt.md,stimuli/NACQ3S_p0.label_2.prompt.md,stimuli/NACQ3S_p0.label_3.prompt.md,stimuli/NACQ3S_p0.label_4.prompt.md,stimuli/NACQ3S_p0.label_5.prompt.md,stimuli/NACQ3S_p0.label_6.prompt.md,stimuli/NACQ3S_p0.label_7.prompt.md,stimuli/NACQ3S_p0.label_8.prompt.md
NACQ3S,1,nonschema,nonschema,ambiguous,stimuli/NACQ3S_p1.context.prompt.md,stimuli/NACQ3S_p1.label_1.prompt.md,stimuli/NACQ3S_p1.label_2.prompt.md,stimuli/NACQ3S_p1.label_3.prompt.md,stimuli/NACQ3S_p1.label_4.prompt.md,stimuli/NACQ3S_p1.label_5.prompt.md,stimuli/NACQ3S_p1.label_6.prompt.md,stimuli/NACQ3S_p1.label_7.prompt.md,stimuli/NACQ3S_p1.label_8.prompt.md
P0JRKR,0,nonschema_tangrams,nonschema,incompatible,stimuli/P0JRKR_p0.context.prompt.md,stimuli/P0JRKR_p0.label_1.prompt.md,stimuli/P0JRKR_p0.label_2.prompt.md,stimuli/P0JRKR_p0.label_3.prompt.md,stimuli/P0JRKR_p0.label_4.prompt.md,stimuli/P0JRKR_p0.label_5.prompt.md,stimuli/P0JRKR_p0.label_6.prompt.md,stimuli/P0JRKR_p0.label_7.prompt.md,stimuli/P0JRKR_p0.label_8.prompt.md
P0JRKR,1,nonschema_tangrams,nonschema,incompatible,stimuli/P0JRKR_p1.context.prompt.md,stimuli/P0JRKR_p1.label_1.prompt.md,stimuli/P0JRKR_p1.label_2.prompt.md,stimuli/P0JRKR_p1.label_3.prompt.md,stimuli/P0JRKR_p1.label_4.prompt.md,stimuli/P0JRKR_p1.label_5.prompt.md,stimuli/P0JRKR_p1.label_6.prompt.md,stimuli/P0JRKR_p1.label_7.prompt.md,stimuli/P0JRKR_p1.label_8.prompt.md
P22NYY,0,nonschema,nonschema,ambiguous,stimuli/P22NYY_p0.context.prompt.md,stimuli/P22NYY_p0.label_1.prompt.md,stimuli/P22NYY_p0.label_2.prompt.md,stimuli/P22NYY_p0.label_3.prompt.md,stimuli/P22NYY_p0.label_4.prompt.md,stimuli/P22NYY_p0.label_5.prompt.md,stimuli/P22NYY_p0.label_6.prompt.md,stimuli/P22NYY_p0.label_7.prompt.md,stimuli/P22NYY_p0.label_8.prompt.md
P22NYY,1,nonschema,nonschema,ambiguous,stimuli/P22NYY_p1.context.prompt.md,stimuli/P22NYY_p1.label_1.prompt.md,stimuli/P22NYY_p1.label_2.prompt.md,stimuli/P22NYY_p1.label_3.prompt.md,stimuli/P22NYY_p1.label_4.prompt.md,stimuli/P22NYY_p1.label_5.prompt.md,stimuli/P22NYY_p1.label_6.prompt.md,stimuli/P22NYY_p1.label_7.prompt.md,stimuli/P22NYY_p1.label_8.prompt.md
P9VQEB,0,nonschema,nonschema,ambiguous,stimuli/P9VQEB_p0.context.prompt.md,stimuli/P9VQEB_p0.label_1.prompt.md,stimuli/P9VQEB_p0.label_2.prompt.md,stimuli/P9VQEB_p0.label_3.prompt.md,stimuli/P9VQEB_p0.label_4.prompt.md,stimuli/P9VQEB_p0.label_5.prompt.md,stimuli/P9VQEB_p0.label_6.prompt.md,stimuli/P9VQEB_p0.label_7.prompt.md,stimuli/P9VQEB_p0.label_8.prompt.md
P9VQEB,1,nonschema,nonschema,ambiguous,stimuli/P9VQEB_p1.context.prompt.md,stimuli/P9VQEB_p1.label_1.prompt.md,stimuli/P9VQEB_p1.label_2.prompt.md,stimuli/P9VQEB_p1.label_3.prompt.md,stimuli/P9VQEB_p1.label_4.prompt.md,stimuli/P9VQEB_p1.label_5.prompt.md,stimuli/P9VQEB_p1.label_6.prompt.md,stimuli/P9VQEB_p1.label_7.prompt.md,stimuli/P9VQEB_p1.label_8.prompt.md
PBYTD3,0,schema,schema,ambiguous,stimuli/PBYTD3_p0.context.prompt.md,stimuli/PBYTD3_p0.label_1.prompt.md,stimuli/PBYTD3_p0.label_2.prompt.md,stimuli/PBYTD3_p0.label_3.prompt.md,stimuli/PBYTD3_p0.label_4.prompt.md,stimuli/PBYTD3_p0.label_5.prompt.md,stimuli/PBYTD3_p0.label_6.prompt.md,stimuli/PBYTD3_p0.label_7.prompt.md,stimuli/PBYTD3_p0.label_8.prompt.md
PBYTD3,1,schema,schema,ambiguous,stimuli/PBYTD3_p1.context.prompt.md,stimuli/PBYTD3_p1.label_1.prompt.md,stimuli/PBYTD3_p1.label_2.prompt.md,stimuli/PBYTD3_p1.label_3.prompt.md,stimuli/PBYTD3_p1.label_4.prompt.md,stimuli/PBYTD3_p1.label_5.prompt.md,stimuli/PBYTD3_p1.label_6.prompt.md,stimuli/PBYTD3_p1.label_7.prompt.md,stimuli/PBYTD3_p1.label_8.prompt.md
PE6KHG,0,nonschema_tangrams,nonschema,incompatible,stimuli/PE6KHG_p0.context.prompt.md,stimuli/PE6KHG_p0.label_1.prompt.md,stimuli/PE6KHG_p0.label_2.prompt.md,stimuli/PE6KHG_p0.label_3.prompt.md,stimuli/PE6KHG_p0.label_4.prompt.md,stimuli/PE6KHG_p0.label_5.prompt.md,stimuli/PE6KHG_p0.label_6.prompt.md,stimuli/PE6KHG_p0.label_7.prompt.md,stimuli/PE6KHG_p0.label_8.prompt.md
PE6KHG,1,nonschema_tangrams,nonschema,incompatible,stimuli/PE6KHG_p1.context.prompt.md,stimuli/PE6KHG_p1.label_1.prompt.md,stimuli/PE6KHG_p1.label_2.prompt.md,stimuli/PE6KHG_p1.label_3.prompt.md,stimuli/PE6KHG_p1.label_4.prompt.md,stimuli/PE6KHG_p1.label_5.prompt.md,stimuli/PE6KHG_p1.label_6.prompt.md,stimuli/PE6KHG_p1.label_7.prompt.md,stimuli/PE6KHG_p1.label_8.prompt.md
PEHN55,0,schema_tangrams,schema,incompatible,stimuli/PEHN55_p0.context.prompt.md,stimuli/PEHN55_p0.label_1.prompt.md,stimuli/PEHN55_p0.label_2.prompt.md,stimuli/PEHN55_p0.label_3.prompt.md,stimuli/PEHN55_p0.label_4.prompt.md,stimuli/PEHN55_p0.label_5.prompt.md,stimuli/PEHN55_p0.label_6.prompt.md,stimuli/PEHN55_p0.label_7.prompt.md,stimuli/PEHN55_p0.label_8.prompt.md
PEHN55,1,schema_tangrams,schema,incompatible,stimuli/PEHN55_p1.context.prompt.md,stimuli/PEHN55_p1.label_1.prompt.md,stimuli/PEHN55_p1.label_2.prompt.md,stimuli/PEHN55_p1.label_3.prompt.md,stimuli/PEHN55_p1.label_4.prompt.md,stimuli/PEHN55_p1.label_5.prompt.md,stimuli/PEHN55_p1.label_6.prompt.md,stimuli/PEHN55_p1.label_7.prompt.md,stimuli/PEHN55_p1.label_8.prompt.md
Q1F476,0,schema,schema,ambiguous,stimuli/Q1F476_p0.context.prompt.md,stimuli/Q1F476_p0.label_1.prompt.md,stimuli/Q1F476_p0.label_2.prompt.md,stimuli/Q1F476_p0.label_3.prompt.md,stimuli/Q1F476_p0.label_4.prompt.md,stimuli/Q1F476_p0.label_5.prompt.md,stimuli/Q1F476_p0.label_6.prompt.md,stimuli/Q1F476_p0.label_7.prompt.md,stimuli/Q1F476_p0.label_8.prompt.md
Q1F476,1,schema,schema,ambiguous,stimuli/Q1F476_p1.context.prompt.md,stimuli/Q1F476_p1.label_1.prompt.md,stimuli/Q1F476_p1.label_2.prompt.md,stimuli/Q1F476_p1.label_3.prompt.md,stimuli/Q1F476_p1.label_4.prompt.md,stimuli/Q1F476_p1.label_5.prompt.md,stimuli/Q1F476_p1.label_6.prompt.md,stimuli/Q1F476_p1.label_7.prompt.md,stimuli/Q1F476_p1.label_8.prompt.md
Q35KN8,0,schema,schema,ambiguous,stimuli/Q35KN8_p0.context.prompt.md,stimuli/Q35KN8_p0.label_1.prompt.md,stimuli/Q35KN8_p0.label_2.prompt.md,stimuli/Q35KN8_p0.label_3.prompt.md,stimuli/Q35KN8_p0.label_4.prompt.md,stimuli/Q35KN8_p0.label_5.prompt.md,stimuli/Q35KN8_p0.label_6.prompt.md,stimuli/Q35KN8_p0.label_7.prompt.md,stimuli/Q35KN8_p0.label_8.prompt.md
Q35KN8,1,schema,schema,ambiguous,stimuli/Q35KN8_p1.context.prompt.md,stimuli/Q35KN8_p1.label_1.prompt.md,stimuli/Q35KN8_p1.label_2.prompt.md,stimuli/Q35KN8_p1.label_3.prompt.md,stimuli/Q35KN8_p1.label_4.prompt.md,stimuli/Q35KN8_p1.label_5.prompt.md,stimuli/Q35KN8_p1.label_6.prompt.md,stimuli/Q35KN8_p1.label_7.prompt.md,stimuli/Q35KN8_p1.label_8.prompt.md
RK849X,0,nonschema_tangrams,nonschema,incompatible,stimuli/RK849X_p0.context.prompt.md,stimuli/RK849X_p0.label_1.prompt.md,stimuli/RK849X_p0.label_2.prompt.md,stimuli/RK849X_p0.label_3.prompt.md,stimuli/RK849X_p0.label_4.prompt.md,stimuli/RK849X_p0.label_5.prompt.md,stimuli/RK849X_p0.label_6.prompt.md,stimuli/RK849X_p0.label_7.prompt.md,stimuli/RK849X_p0.label_8.prompt.md
RK849X,1,nonschema_tangrams,nonschema,incompatible,stimuli/RK849X_p1.context.prompt.md,stimuli/RK849X_p1.label_1.prompt.md,stimuli/RK849X_p1.label_2.prompt.md,stimuli/RK849X_p1.label_3.prompt.md,stimuli/RK849X_p1.label_4.prompt.md,stimuli/RK849X_p1.label_5.prompt.md,stimuli/RK849X_p1.label_6.prompt.md,stimuli/RK849X_p1.label_7.prompt.md,stimuli/RK849X_p1.label_8.prompt.md
RX5ED1,0,schema,schema,ambiguous,stimuli/RX5ED1_p0.context.prompt.md,stimuli/RX5ED1_p0.label_1.prompt.md,stimuli/RX5ED1_p0.label_2.prompt.md,stimuli/RX5ED1_p0.label_3.prompt.md,stimuli/RX5ED1_p0.label_4.prompt.md,stimuli/RX5ED1_p0.label_5.prompt.md,stimuli/RX5ED1_p0.label_6.prompt.md,stimuli/RX5ED1_p0.label_7.prompt.md,stimuli/RX5ED1_p0.label_8.prompt.md
RX5ED1,1,schema,schema,ambiguous,stimuli/RX5ED1_p1.context.prompt.md,stimuli/RX5ED1_p1.label_1.prompt.md,stimuli/RX5ED1_p1.label_2.prompt.md,stimuli/RX5ED1_p1.label_3.prompt.md,stimuli/RX5ED1_p1.label_4.prompt.md,stimuli/RX5ED1_p1.label_5.prompt.md,stimuli/RX5ED1_p1.label_6.prompt.md,stimuli/RX5ED1_p1.label_7.prompt.md,stimuli/RX5ED1_p1.label_8.prompt.md
S2SX39,0,nonschema_tangrams,nonschema,incompatible,stimuli/S2SX39_p0.context.prompt.md,stimuli/S2SX39_p0.label_1.prompt.md,stimuli/S2SX39_p0.label_2.prompt.md,stimuli/S2SX39_p0.label_3.prompt.md,stimuli/S2SX39_p0.label_4.prompt.md,stimuli/S2SX39_p0.label_5.prompt.md,stimuli/S2SX39_p0.label_6.prompt.md,stimuli/S2SX39_p0.label_7.prompt.md,stimuli/S2SX39_p0.label_8.prompt.md
S2SX39,1,nonschema_tangrams,nonschema,incompatible,stimuli/S2SX39_p1.context.prompt.md,stimuli/S2SX39_p1.label_1.prompt.md,stimuli/S2SX39_p1.label_2.prompt.md,stimuli/S2SX39_p1.label_3.prompt.md,stimuli/S2SX39_p1.label_4.prompt.md,stimuli/S2SX39_p1.label_5.prompt.md,stimuli/S2SX39_p1.label_6.prompt.md,stimuli/S2SX39_p1.label_7.prompt.md,stimuli/S2SX39_p1.label_8.prompt.md
S5F55X,0,nonschema_tangrams,nonschema,incompatible,stimuli/S5F55X_p0.context.prompt.md,stimuli/S5F55X_p0.label_1.prompt.md,stimuli/S5F55X_p0.label_2.prompt.md,stimuli/S5F55X_p0.label_3.prompt.md,stimuli/S5F55X_p0.label_4.prompt.md,stimuli/S5F55X_p0.label_5.prompt.md,stimuli/S5F55X_p0.label_6.prompt.md,stimuli/S5F55X_p0.label_7.prompt.md,stimuli/S5F55X_p0.label_8.prompt.md
S5F55X,1,nonschema_tangrams,nonschema,incompatible,stimuli/S5F55X_p1.context.prompt.md,stimuli/S5F55X_p1.label_1.prompt.md,stimuli/S5F55X_p1.label_2.prompt.md,stimuli/S5F55X_p1.label_3.prompt.md,stimuli/S5F55X_p1.label_4.prompt.md,stimuli/S5F55X_p1.label_5.prompt.md,stimuli/S5F55X_p1.label_6.prompt.md,stimuli/S5F55X_p1.label_7.prompt.md,stimuli/S5F55X_p1.label_8.prompt.md
SEW36Y,0,schema,schema,ambiguous,stimuli/SEW36Y_p0.context.prompt.md,stimuli/SEW36Y_p0.label_1.prompt.md,stimuli/SEW36Y_p0.label_2.prompt.md,stimuli/SEW36Y_p0.label_3.prompt.md,stimuli/SEW36Y_p0.label_4.prompt.md,stimuli/SEW36Y_p0.label_5.prompt.md,stimuli/SEW36Y_p0.label_6.prompt.md,stimuli/SEW36Y_p0.label_7.prompt.md,stimuli/SEW36Y_p0.label_8.prompt.md
SEW36Y,1,schema,schema,ambiguous,stimuli/SEW36Y_p1.context.prompt.md,stimuli/SEW36Y_p1.label_1.prompt.md,stimuli/SEW36Y_p1.label_2.prompt.md,stimuli/SEW36Y_p1.label_3.prompt.md,stimuli/SEW36Y_p1.label_4.prompt.md,stimuli/SEW36Y_p1.label_5.prompt.md,stimuli/SEW36Y_p1.label_6.prompt.md,stimuli/SEW36Y_p1.label_7.prompt.md,stimuli/SEW36Y_p1.label_8.prompt.md
SF65X6,0,nonschema,nonschema,ambiguous,stimuli/SF65X6_p0.context.prompt.md,stimuli/SF65X6_p0.label_1.prompt.md,stimuli/SF65X6_p0.label_2.prompt.md,stimuli/SF65X6_p0.label_3.prompt.md,stimuli/SF65X6_p0.label_4.prompt.md,stimuli/SF65X6_p0.label_5.prompt.md,stimuli/SF65X6_p0.label_6.prompt.md,stimuli/SF65X6_p0.label_7.prompt.md,stimuli/SF65X6_p0.label_8.prompt.md
SF65X6,1,nonschema,nonschema,ambiguous,stimuli/SF65X6_p1.context.prompt.md,stimuli/SF65X6_p1.label_1.prompt.md,stimuli/SF65X6_p1.label_2.prompt.md,stimuli/SF65X6_p1.label_3.prompt.md,stimuli/SF65X6_p1.label_4.prompt.md,stimuli/SF65X6_p1.label_5.prompt.md,stimuli/SF65X6_p1.label_6.prompt.md,stimuli/SF65X6_p1.label_7.prompt.md,stimuli/SF65X6_p1.label_8.prompt.md
SVF8GN,0,nonschema,nonschema,ambiguous,stimuli/SVF8GN_p0.context.prompt.md,stimuli/SVF8GN_p0.label_1.prompt.md,stimuli/SVF8GN_p0.label_2.prompt.md,stimuli/SVF8GN_p0.label_3.prompt.md,stimuli/SVF8GN_p0.label_4.prompt.md,stimuli/SVF8GN_p0.label_5.prompt.md,stimuli/SVF8GN_p0.label_6.prompt.md,stimuli/SVF8GN_p0.label_7.prompt.md,stimuli/SVF8GN_p0.label_8.prompt.md
SVF8GN,1,nonschema,nonschema,ambiguous,stimuli/SVF8GN_p1.context.prompt.md,stimuli/SVF8GN_p1.label_1.prompt.md,stimuli/SVF8GN_p1.label_2.prompt.md,stimuli/SVF8GN_p1.label_3.prompt.md,stimuli/SVF8GN_p1.label_4.prompt.md,stimuli/SVF8GN_p1.label_5.prompt.md,stimuli/SVF8GN_p1.label_6.prompt.md,stimuli/SVF8GN_p1.label_7.prompt.md,stimuli/SVF8GN_p1.label_8.prompt.md
SVNJPX,0,schema_tangrams,schema,incompatible,stimuli/SVNJPX_p0.context.prompt.md,stimuli/SVNJPX_p0.label_1.prompt.md,stimuli/SVNJPX_p0.label_2.prompt.md,stimuli/SVNJPX_p0.label_3.prompt.md,stimuli/SVNJPX_p0.label_4.prompt.md,stimuli/SVNJPX_p0.label_5.prompt.md,stimuli/SVNJPX_p0.label_6.prompt.md,stimuli/SVNJPX_p0.label_7.prompt.md,stimuli/SVNJPX_p0.label_8.prompt.md
SVNJPX,1,schema_tangrams,schema,incompatible,stimuli/SVNJPX_p1.context.prompt.md,stimuli/SVNJPX_p1.label_1.prompt.md,stimuli/SVNJPX_p1.label_2.prompt.md,stimuli/SVNJPX_p1.label_3.prompt.md,stimuli/SVNJPX_p1.label_4.prompt.md,stimuli/SVNJPX_p1.label_5.prompt.md,stimuli/SVNJPX_p1.label_6.prompt.md,stimuli/SVNJPX_p1.label_7.prompt.md,stimuli/SVNJPX_p1.label_8.prompt.md
T1QFQN,0,nonschema,nonschema,ambiguous,stimuli/T1QFQN_p0.context.prompt.md,stimuli/T1QFQN_p0.label_1.prompt.md,stimuli/T1QFQN_p0.label_2.prompt.md,stimuli/T1QFQN_p0.label_3.prompt.md,stimuli/T1QFQN_p0.label_4.prompt.md,stimuli/T1QFQN_p0.label_5.prompt.md,stimuli/T1QFQN_p0.label_6.prompt.md,stimuli/T1QFQN_p0.label_7.prompt.md,stimuli/T1QFQN_p0.label_8.prompt.md
T1QFQN,1,nonschema,nonschema,ambiguous,stimuli/T1QFQN_p1.context.prompt.md,stimuli/T1QFQN_p1.label_1.prompt.md,stimuli/T1QFQN_p1.label_2.prompt.md,stimuli/T1QFQN_p1.label_3.prompt.md,stimuli/T1QFQN_p1.label_4.prompt.md,stimuli/T1QFQN_p1.label_5.prompt.md,stimuli/T1QFQN_p1.label_6.prompt.md,stimuli/T1QFQN_p1.label_7.prompt.md,stimuli/T1QFQN_p1.label_8.prompt.md
T9E8Y9,0,schema,schema,ambiguous,stimuli/T9E8Y9_p0.context.prompt.md,stimuli/T9E8Y9_p0.label_1.prompt.md,stimuli/T9E8Y9_p0.label_2.prompt.md,stimuli/T9E8Y9_p0.label_3.prompt.md,stimuli/T9E8Y9_p0.label_4.prompt.md,stimuli/T9E8Y9_p0.label_5.prompt.md,stimuli/T9E8Y9_p0.label_6.prompt.md,stimuli/T9E8Y9_p0.label_7.prompt.md,stimuli/T9E8Y9_p0.label_8.prompt.md
T9E8Y9,1,schema,schema,ambiguous,stimuli/T9E8Y9_p1.context.prompt.md,stimuli/T9E8Y9_p1.label_1.prompt.md,stimuli/T9E8Y9_p1.label_2.prompt.md,stimuli/T9E8Y9_p1.label_3.prompt.md,stimuli/T9E8Y9_p1.label_4.prompt.md,stimuli/T9E8Y9_p1.label_5.prompt.md,stimuli/T9E8Y9_p1.label_6.prompt.md,stimuli/T9E8Y9_p1.label_7.prompt.md,stimuli/T9E8Y9_p1.label_8.prompt.md
TF65H8,0,nonschema,nonschema,ambiguous,stimuli/TF65H8_p0.context.prompt.md,stimuli/TF65H8_p0.label_1.prompt.md,stimuli/TF65H8_p0.label_2.prompt.md,stimuli/TF65H8_p0.label_3.prompt.md,stimuli/TF65H8_p0.label_4.prompt.md,stimuli/TF65H8_p0.label_5.prompt.md,stimuli/TF65H8_p0.label_6.prompt.md,stimuli/TF65H8_p0.label_7.prompt.md,stimuli/TF65H8_p0.label_8.prompt.md
TF65H8,1,nonschema,nonschema,ambiguous,stimuli/TF65H8_p1.context.prompt.md,stimuli/TF65H8_p1.label_1.prompt.md,stimuli/TF65H8_p1.label_2.prompt.md,stimuli/TF65H8_p1.label_3.prompt.md,stimuli/TF65H8_p1.label_4.prompt.md,stimuli/TF65H8_p1.label_5.prompt.md,stimuli/TF65H8_p1.label_6.prompt.md,stimuli/TF65H8_p1.label_7.prompt.md,stimuli/TF65H8_p1.label_8.prompt.md
TJKZD2,0,schema_tangrams,schema,incompatible,stimuli/TJKZD2_p0.context.prompt.md,stimuli/TJKZD2_p0.label_1.prompt.md,stimuli/TJKZD2_p0.label_2.prompt.md,stimuli/TJKZD2_p0.label_3.prompt.md,stimuli/TJKZD2_p0.label_4.prompt.md,stimuli/TJKZD2_p0.label_5.prompt.md,stimuli/TJKZD2_p0.label_6.prompt.md,stimuli/TJKZD2_p0.label_7.prompt.md,stimuli/TJKZD2_p0.label_8.prompt.md
TJKZD2,1,schema_tangrams,schema,incompatible,stimuli/TJKZD2_p1.context.prompt.md,stimuli/TJKZD2_p1.label_1.prompt.md,stimuli/TJKZD2_p1.label_2.prompt.md,stimuli/TJKZD2_p1.label_3.prompt.md,stimuli/TJKZD2_p1.label_4.prompt.md,stimuli/TJKZD2_p1.label_5.prompt.md,stimuli/TJKZD2_p1.label_6.prompt.md,stimuli/TJKZD2_p1.label_7.prompt.md,stimuli/TJKZD2_p1.label_8.prompt.md
TMNGM4,0,nonschema_tangrams,nonschema,incompatible,stimuli/TMNGM4_p0.context.prompt.md,stimuli/TMNGM4_p0.label_1.prompt.md,stimuli/TMNGM4_p0.label_2.prompt.md,stimuli/TMNGM4_p0.label_3.prompt.md,stimuli/TMNGM4_p0.label_4.prompt.md,stimuli/TMNGM4_p0.label_5.prompt.md,stimuli/TMNGM4_p0.label_6.prompt.md,stimuli/TMNGM4_p0.label_7.prompt.md,stimuli/TMNGM4_p0.label_8.prompt.md
TMNGM4,1,nonschema_tangrams,nonschema,incompatible,stimuli/TMNGM4_p1.context.prompt.md,stimuli/TMNGM4_p1.label_1.prompt.md,stimuli/TMNGM4_p1.label_2.prompt.md,stimuli/TMNGM4_p1.label_3.prompt.md,stimuli/TMNGM4_p1.label_4.prompt.md,stimuli/TMNGM4_p1.label_5.prompt.md,stimuli/TMNGM4_p1.label_6.prompt.md,stimuli/TMNGM4_p1.label_7.prompt.md,stimuli/TMNGM4_p1.label_8.prompt.md
TSEMQG,0,nonschema_tangrams,nonschema,incompatible,stimuli/TSEMQG_p0.context.prompt.md,stimuli/TSEMQG_p0.label_1.prompt.md,stimuli/TSEMQG_p0.label_2.prompt.md,stimuli/TSEMQG_p0.label_3.prompt.md,stimuli/TSEMQG_p0.label_4.prompt.md,stimuli/TSEMQG_p0.label_5.prompt.md,stimuli/TSEMQG_p0.label_6.prompt.md,stimuli/TSEMQG_p0.label_7.prompt.md,stimuli/TSEMQG_p0.label_8.prompt.md
TSEMQG,1,nonschema_tangrams,nonschema,incompatible,stimuli/TSEMQG_p1.context.prompt.md,stimuli/TSEMQG_p1.label_1.prompt.md,stimuli/TSEMQG_p1.label_2.prompt.md,stimuli/TSEMQG_p1.label_3.prompt.md,stimuli/TSEMQG_p1.label_4.prompt.md,stimuli/TSEMQG_p1.label_5.prompt.md,stimuli/TSEMQG_p1.label_6.prompt.md,stimuli/TSEMQG_p1.label_7.prompt.md,stimuli/TSEMQG_p1.label_8.prompt.md
TVX9PZ,0,schema_tangrams,schema,incompatible,stimuli/TVX9PZ_p0.context.prompt.md,stimuli/TVX9PZ_p0.label_1.prompt.md,stimuli/TVX9PZ_p0.label_2.prompt.md,stimuli/TVX9PZ_p0.label_3.prompt.md,stimuli/TVX9PZ_p0.label_4.prompt.md,stimuli/TVX9PZ_p0.label_5.prompt.md,stimuli/TVX9PZ_p0.label_6.prompt.md,stimuli/TVX9PZ_p0.label_7.prompt.md,stimuli/TVX9PZ_p0.label_8.prompt.md
TVX9PZ,1,schema_tangrams,schema,incompatible,stimuli/TVX9PZ_p1.context.prompt.md,stimuli/TVX9PZ_p1.label_1.prompt.md,stimuli/TVX9PZ_p1.label_2.prompt.md,stimuli/TVX9PZ_p1.label_3.prompt.md,stimuli/TVX9PZ_p1.label_4.prompt.md,stimuli/TVX9PZ_p1.label_5.prompt.md,stimuli/TVX9PZ_p1.label_6.prompt.md,stimuli/TVX9PZ_p1.label_7.prompt.md,stimuli/TVX9PZ_p1.label_8.prompt.md
VDV067,0,schema_tangrams,schema,incompatible,stimuli/VDV067_p0.context.prompt.md,stimuli/VDV067_p0.label_1.prompt.md,stimuli/VDV067_p0.label_2.prompt.md,stimuli/VDV067_p0.label_3.prompt.md,stimuli/VDV067_p0.label_4.prompt.md,stimuli/VDV067_p0.label_5.prompt.md,stimuli/VDV067_p0.label_6.prompt.md,stimuli/VDV067_p0.label_7.prompt.md,stimuli/VDV067_p0.label_8.prompt.md
VDV067,1,schema_tangrams,schema,incompatible,stimuli/VDV067_p1.context.prompt.md,stimuli/VDV067_p1.label_1.prompt.md,stimuli/VDV067_p1.label_2.prompt.md,stimuli/VDV067_p1.label_3.prompt.md,stimuli/VDV067_p1.label_4.prompt.md,stimuli/VDV067_p1.label_5.prompt.md,stimuli/VDV067_p1.label_6.prompt.md,stimuli/VDV067_p1.label_7.prompt.md,stimuli/VDV067_p1.label_8.prompt.md
VE1Q1B,0,schema_tangrams,schema,incompatible,stimuli/VE1Q1B_p0.context.prompt.md,stimuli/VE1Q1B_p0.label_1.prompt.md,stimuli/VE1Q1B_p0.label_2.prompt.md,stimuli/VE1Q1B_p0.label_3.prompt.md,stimuli/VE1Q1B_p0.label_4.prompt.md,stimuli/VE1Q1B_p0.label_5.prompt.md,stimuli/VE1Q1B_p0.label_6.prompt.md,stimuli/VE1Q1B_p0.label_7.prompt.md,stimuli/VE1Q1B_p0.label_8.prompt.md
VE1Q1B,1,schema_tangrams,schema,incompatible,stimuli/VE1Q1B_p1.context.prompt.md,stimuli/VE1Q1B_p1.label_1.prompt.md,stimuli/VE1Q1B_p1.label_2.prompt.md,stimuli/VE1Q1B_p1.label_3.prompt.md,stimuli/VE1Q1B_p1.label_4.prompt.md,stimuli/VE1Q1B_p1.label_5.prompt.md,stimuli/VE1Q1B_p1.label_6.prompt.md,stimuli/VE1Q1B_p1.label_7.prompt.md,stimuli/VE1Q1B_p1.label_8.prompt.md
VMGYCX,0,nonschema_tangrams,nonschema,incompatible,stimuli/VMGYCX_p0.context.prompt.md,stimuli/VMGYCX_p0.label_1.prompt.md,stimuli/VMGYCX_p0.label_2.prompt.md,stimuli/VMGYCX_p0.label_3.prompt.md,stimuli/VMGYCX_p0.label_4.prompt.md,stimuli/VMGYCX_p0.label_5.prompt.md,stimuli/VMGYCX_p0.label_6.prompt.md,stimuli/VMGYCX_p0.label_7.prompt.md,stimuli/VMGYCX_p0.label_8.prompt.md
VMGYCX,1,nonschema_tangrams,nonschema,incompatible,stimuli/VMGYCX_p1.context.prompt.md,stimuli/VMGYCX_p1.label_1.prompt.md,stimuli/VMGYCX_p1.label_2.prompt.md,stimuli/VMGYCX_p1.label_3.prompt.md,stimuli/VMGYCX_p1.label_4.prompt.md,stimuli/VMGYCX_p1.label_5.prompt.md,stimuli/VMGYCX_p1.label_6.prompt.md,stimuli/VMGYCX_p1.label_7.prompt.md,stimuli/VMGYCX_p1.label_8.prompt.md
VRSKPE,0,nonschema,nonschema,ambiguous,stimuli/VRSKPE_p0.context.prompt.md,stimuli/VRSKPE_p0.label_1.prompt.md,stimuli/VRSKPE_p0.label_2.prompt.md,stimuli/VRSKPE_p0.label_3.prompt.md,stimuli/VRSKPE_p0.label_4.prompt.md,stimuli/VRSKPE_p0.label_5.prompt.md,stimuli/VRSKPE_p0.label_6.prompt.md,stimuli/VRSKPE_p0.label_7.prompt.md,stimuli/VRSKPE_p0.label_8.prompt.md
VRSKPE,1,nonschema,nonschema,ambiguous,stimuli/VRSKPE_p1.context.prompt.md,stimuli/VRSKPE_p1.label_1.prompt.md,stimuli/VRSKPE_p1.label_2.prompt.md,stimuli/VRSKPE_p1.label_3.prompt.md,stimuli/VRSKPE_p1.label_4.prompt.md,stimuli/VRSKPE_p1.label_5.prompt.md,stimuli/VRSKPE_p1.label_6.prompt.md,stimuli/VRSKPE_p1.label_7.prompt.md,stimuli/VRSKPE_p1.label_8.prompt.md
VZN3ET,0,nonschema,nonschema,ambiguous,stimuli/VZN3ET_p0.context.prompt.md,stimuli/VZN3ET_p0.label_1.prompt.md,stimuli/VZN3ET_p0.label_2.prompt.md,stimuli/VZN3ET_p0.label_3.prompt.md,stimuli/VZN3ET_p0.label_4.prompt.md,stimuli/VZN3ET_p0.label_5.prompt.md,stimuli/VZN3ET_p0.label_6.prompt.md,stimuli/VZN3ET_p0.label_7.prompt.md,stimuli/VZN3ET_p0.label_8.prompt.md
VZN3ET,1,nonschema,nonschema,ambiguous,stimuli/VZN3ET_p1.context.prompt.md,stimuli/VZN3ET_p1.label_1.prompt.md,stimuli/VZN3ET_p1.label_2.prompt.md,stimuli/VZN3ET_p1.label_3.prompt.md,stimuli/VZN3ET_p1.label_4.prompt.md,stimuli/VZN3ET_p1.label_5.prompt.md,stimuli/VZN3ET_p1.label_6.prompt.md,stimuli/VZN3ET_p1.label_7.prompt.md,stimuli/VZN3ET_p1.label_8.prompt.md
W7XKYE,0,nonschema_tangrams,nonschema,incompatible,stimuli/W7XKYE_p0.context.prompt.md,stimuli/W7XKYE_p0.label_1.prompt.md,stimuli/W7XKYE_p0.label_2.prompt.md,stimuli/W7XKYE_p0.label_3.prompt.md,stimuli/W7XKYE_p0.label_4.prompt.md,stimuli/W7XKYE_p0.label_5.prompt.md,stimuli/W7XKYE_p0.label_6.prompt.md,stimuli/W7XKYE_p0.label_7.prompt.md,stimuli/W7XKYE_p0.label_8.prompt.md
W7XKYE,1,nonschema_tangrams,nonschema,incompatible,stimuli/W7XKYE_p1.context.prompt.md,stimuli/W7XKYE_p1.label_1.prompt.md,stimuli/W7XKYE_p1.label_2.prompt.md,stimuli/W7XKYE_p1.label_3.prompt.md,stimuli/W7XKYE_p1.label_4.prompt.md,stimuli/W7XKYE_p1.label_5.prompt.md,stimuli/W7XKYE_p1.label_6.prompt.md,stimuli/W7XKYE_p1.label_7.prompt.md,stimuli/W7XKYE_p1.label_8.prompt.md
W9784W,0,schema_tangrams,schema,incompatible,stimuli/W9784W_p0.context.prompt.md,stimuli/W9784W_p0.label_1.prompt.md,stimuli/W9784W_p0.label_2.prompt.md,stimuli/W9784W_p0.label_3.prompt.md,stimuli/W9784W_p0.label_4.prompt.md,stimuli/W9784W_p0.label_5.prompt.md,stimuli/W9784W_p0.label_6.prompt.md,stimuli/W9784W_p0.label_7.prompt.md,stimuli/W9784W_p0.label_8.prompt.md
W9784W,1,schema_tangrams,schema,incompatible,stimuli/W9784W_p1.context.prompt.md,stimuli/W9784W_p1.label_1.prompt.md,stimuli/W9784W_p1.label_2.prompt.md,stimuli/W9784W_p1.label_3.prompt.md,stimuli/W9784W_p1.label_4.prompt.md,stimuli/W9784W_p1.label_5.prompt.md,stimuli/W9784W_p1.label_6.prompt.md,stimuli/W9784W_p1.label_7.prompt.md,stimuli/W9784W_p1.label_8.prompt.md
WE63A7,0,nonschema,nonschema,ambiguous,stimuli/WE63A7_p0.context.prompt.md,stimuli/WE63A7_p0.label_1.prompt.md,stimuli/WE63A7_p0.label_2.prompt.md,stimuli/WE63A7_p0.label_3.prompt.md,stimuli/WE63A7_p0.label_4.prompt.md,stimuli/WE63A7_p0.label_5.prompt.md,stimuli/WE63A7_p0.label_6.prompt.md,stimuli/WE63A7_p0.label_7.prompt.md,stimuli/WE63A7_p0.label_8.prompt.md
WE63A7,1,nonschema,nonschema,ambiguous,stimuli/WE63A7_p1.context.prompt.md,stimuli/WE63A7_p1.label_1.prompt.md,stimuli/WE63A7_p1.label_2.prompt.md,stimuli/WE63A7_p1.label_3.prompt.md,stimuli/WE63A7_p1.label_4.prompt.md,stimuli/WE63A7_p1.label_5.prompt.md,stimuli/WE63A7_p1.label_6.prompt.md,stimuli/WE63A7_p1.label_7.prompt.md,stimuli/WE63A7_p1.label_8.prompt.md
WFFYV5,0,schema,schema,ambiguous,stimuli/WFFYV5_p0.context.prompt.md,stimuli/WFFYV5_p0.label_1.prompt.md,stimuli/WFFYV5_p0.label_2.prompt.md,stimuli/WFFYV5_p0.label_3.prompt.md,stimuli/WFFYV5_p0.label_4.prompt.md,stimuli/WFFYV5_p0.label_5.prompt.md,stimuli/WFFYV5_p0.label_6.prompt.md,stimuli/WFFYV5_p0.label_7.prompt.md,stimuli/WFFYV5_p0.label_8.prompt.md
WFFYV5,1,schema,schema,ambiguous,stimuli/WFFYV5_p1.context.prompt.md,stimuli/WFFYV5_p1.label_1.prompt.md,stimuli/WFFYV5_p1.label_2.prompt.md,stimuli/WFFYV5_p1.label_3.prompt.md,stimuli/WFFYV5_p1.label_4.prompt.md,stimuli/WFFYV5_p1.label_5.prompt.md,stimuli/WFFYV5_p1.label_6.prompt.md,stimuli/WFFYV5_p1.label_7.prompt.md,stimuli/WFFYV5_p1.label_8.prompt.md
WFX5XE,0,schema,schema,ambiguous,stimuli/WFX5XE_p0.context.prompt.md,stimuli/WFX5XE_p0.label_1.prompt.md,stimuli/WFX5XE_p0.label_2.prompt.md,stimuli/WFX5XE_p0.label_3.prompt.md,stimuli/WFX5XE_p0.label_4.prompt.md,stimuli/WFX5XE_p0.label_5.prompt.md,stimuli/WFX5XE_p0.label_6.prompt.md,stimuli/WFX5XE_p0.label_7.prompt.md,stimuli/WFX5XE_p0.label_8.prompt.md
WFX5XE,1,schema,schema,ambiguous,stimuli/WFX5XE_p1.context.prompt.md,stimuli/WFX5XE_p1.label_1.prompt.md,stimuli/WFX5XE_p1.label_2.prompt.md,stimuli/WFX5XE_p1.label_3.prompt.md,stimuli/WFX5XE_p1.label_4.prompt.md,stimuli/WFX5XE_p1.label_5.prompt.md,stimuli/WFX5XE_p1.label_6.prompt.md,stimuli/WFX5XE_p1.label_7.prompt.md,stimuli/WFX5XE_p1.label_8.prompt.md
XR6T3T,0,nonschema_tangrams,nonschema,incompatible,stimuli/XR6T3T_p0.context.prompt.md,stimuli/XR6T3T_p0.label_1.prompt.md,stimuli/XR6T3T_p0.label_2.prompt.md,stimuli/XR6T3T_p0.label_3.prompt.md,stimuli/XR6T3T_p0.label_4.prompt.md,stimuli/XR6T3T_p0.label_5.prompt.md,stimuli/XR6T3T_p0.label_6.prompt.md,stimuli/XR6T3T_p0.label_7.prompt.md,stimuli/XR6T3T_p0.label_8.prompt.md
XR6T3T,1,nonschema_tangrams,nonschema,incompatible,stimuli/XR6T3T_p1.context.prompt.md,stimuli/XR6T3T_p1.label_1.prompt.md,stimuli/XR6T3T_p1.label_2.prompt.md,stimuli/XR6T3T_p1.label_3.prompt.md,stimuli/XR6T3T_p1.label_4.prompt.md,stimuli/XR6T3T_p1.label_5.prompt.md,stimuli/XR6T3T_p1.label_6.prompt.md,stimuli/XR6T3T_p1.label_7.prompt.md,stimuli/XR6T3T_p1.label_8.prompt.md
YVBY96,0,schema,schema,ambiguous,stimuli/YVBY96_p0.context.prompt.md,stimuli/YVBY96_p0.label_1.prompt.md,stimuli/YVBY96_p0.label_2.prompt.md,stimuli/YVBY96_p0.label_3.prompt.md,stimuli/YVBY96_p0.label_4.prompt.md,stimuli/YVBY96_p0.label_5.prompt.md,stimuli/YVBY96_p0.label_6.prompt.md,stimuli/YVBY96_p0.label_7.prompt.md,stimuli/YVBY96_p0.label_8.prompt.md
YVBY96,1,schema,schema,ambiguous,stimuli/YVBY96_p1.context.prompt.md,stimuli/YVBY96_p1.label_1.prompt.md,stimuli/YVBY96_p1.label_2.prompt.md,stimuli/YVBY96_p1.label_3.prompt.md,stimuli/YVBY96_p1.label_4.prompt.md,stimuli/YVBY96_p1.label_5.prompt.md,stimuli/YVBY96_p1.label_6.prompt.md,stimuli/YVBY96_p1.label_7.prompt.md,stimuli/YVBY96_p1.label_8.prompt.md
Z0KKA1,0,nonschema,nonschema,ambiguous,stimuli/Z0KKA1_p0.context.prompt.md,stimuli/Z0KKA1_p0.label_1.prompt.md,stimuli/Z0KKA1_p0.label_2.prompt.md,stimuli/Z0KKA1_p0.label_3.prompt.md,stimuli/Z0KKA1_p0.label_4.prompt.md,stimuli/Z0KKA1_p0.label_5.prompt.md,stimuli/Z0KKA1_p0.label_6.prompt.md,stimuli/Z0KKA1_p0.label_7.prompt.md,stimuli/Z0KKA1_p0.label_8.prompt.md
Z0KKA1,1,nonschema,nonschema,ambiguous,stimuli/Z0KKA1_p1.context.prompt.md,stimuli/Z0KKA1_p1.label_1.prompt.md,stimuli/Z0KKA1_p1.label_2.prompt.md,stimuli/Z0KKA1_p1.label_3.prompt.md,stimuli/Z0KKA1_p1.label_4.prompt.md,stimuli/Z0KKA1_p1.label_5.prompt.md,stimuli/Z0KKA1_p1.label_6.prompt.md,stimuli/Z0KKA1_p1.label_7.prompt.md,stimuli/Z0KKA1_p1.label_8.prompt.md
Z7SSB3,0,nonschema,nonschema,ambiguous,stimuli/Z7SSB3_p0.context.prompt.md,stimuli/Z7SSB3_p0.label_1.prompt.md,stimuli/Z7SSB3_p0.label_2.prompt.md,stimuli/Z7SSB3_p0.label_3.prompt.md,stimuli/Z7SSB3_p0.label_4.prompt.md,stimuli/Z7SSB3_p0.label_5.prompt.md,stimuli/Z7SSB3_p0.label_6.prompt.md,stimuli/Z7SSB3_p0.label_7.prompt.md,stimuli/Z7SSB3_p0.label_8.prompt.md
Z7SSB3,1,nonschema,nonschema,ambiguous,stimuli/Z7SSB3_p1.context.prompt.md,stimuli/Z7SSB3_p1.label_1.prompt.md,stimuli/Z7SSB3_p1.label_2.prompt.md,stimuli/Z7SSB3_p1.label_3.prompt.md,stimuli/Z7SSB3_p1.label_4.prompt.md,stimuli/Z7SSB3_p1.label_5.prompt.md,stimuli/Z7SSB3_p1.label_6.prompt.md,stimuli/Z7SSB3_p1.label_7.prompt.md,stimuli/Z7SSB3_p1.label_8.prompt.md
Z9NZDJ,0,schema_tangrams,schema,incompatible,stimuli/Z9NZDJ_p0.context.prompt.md,stimuli/Z9NZDJ_p0.label_1.prompt.md,stimuli/Z9NZDJ_p0.label_2.prompt.md,stimuli/Z9NZDJ_p0.label_3.prompt.md,stimuli/Z9NZDJ_p0.label_4.prompt.md,stimuli/Z9NZDJ_p0.label_5.prompt.md,stimuli/Z9NZDJ_p0.label_6.prompt.md,stimuli/Z9NZDJ_p0.label_7.prompt.md,stimuli/Z9NZDJ_p0.label_8.prompt.md
Z9NZDJ,1,schema_tangrams,schema,incompatible,stimuli/Z9NZDJ_p1.context.prompt.md,stimuli/Z9NZDJ_p1.label_1.prompt.md,stimuli/Z9NZDJ_p1.label_2.prompt.md,stimuli/Z9NZDJ_p1.label_3.prompt.md,stimuli/Z9NZDJ_p1.label_4.prompt.md,stimuli/Z9NZDJ_p1.label_5.prompt.md,stimuli/Z9NZDJ_p1.label_6.prompt.md,stimuli/Z9NZDJ_p1.label_7.prompt.md,stimuli/Z9NZDJ_p1.label_8.prompt.md
ZCXXHV,0,nonschema,nonschema,ambiguous,stimuli/ZCXXHV_p0.context.prompt.md,stimuli/ZCXXHV_p0.label_1.prompt.md,stimuli/ZCXXHV_p0.label_2.prompt.md,stimuli/ZCXXHV_p0.label_3.prompt.md,stimuli/ZCXXHV_p0.label_4.prompt.md,stimuli/ZCXXHV_p0.label_5.prompt.md,stimuli/ZCXXHV_p0.label_6.prompt.md,stimuli/ZCXXHV_p0.label_7.prompt.md,stimuli/ZCXXHV_p0.label_8.prompt.md
ZCXXHV,1,nonschema,nonschema,ambiguous,stimuli/ZCXXHV_p1.context.prompt.md,stimuli/ZCXXHV_p1.label_1.prompt.md,stimuli/ZCXXHV_p1.label_2.prompt.md,stimuli/ZCXXHV_p1.label_3.prompt.md,stimuli/ZCXXHV_p1.label_4.prompt.md,stimuli/ZCXXHV_p1.label_5.prompt.md,stimuli/ZCXXHV_p1.label_6.prompt.md,stimuli/ZCXXHV_p1.label_7.prompt.md,stimuli/ZCXXHV_p1.label_8.prompt.md
ZM3JQA,0,nonschema_tangrams,nonschema,incompatible,stimuli/ZM3JQA_p0.context.prompt.md,stimuli/ZM3JQA_p0.label_1.prompt.md,stimuli/ZM3JQA_p0.label_2.prompt.md,stimuli/ZM3JQA_p0.label_3.prompt.md,stimuli/ZM3JQA_p0.label_4.prompt.md,stimuli/ZM3JQA_p0.label_5.prompt.md,stimuli/ZM3JQA_p0.label_6.prompt.md,stimuli/ZM3JQA_p0.label_7.prompt.md,stimuli/ZM3JQA_p0.label_8.prompt.md
ZM3JQA,1,nonschema_tangrams,nonschema,incompatible,stimuli/ZM3JQA_p1.context.prompt.md,stimuli/ZM3JQA_p1.label_1.prompt.md,stimuli/ZM3JQA_p1.label_2.prompt.md,stimuli/ZM3JQA_p1.label_3.prompt.md,stimuli/ZM3JQA_p1.label_4.prompt.md,stimuli/ZM3JQA_p1.label_5.prompt.md,stimuli/ZM3JQA_p1.label_6.prompt.md,stimuli/ZM3JQA_p1.label_7.prompt.md,stimuli/ZM3JQA_p1.label_8.prompt.md
ZR4NH1,0,schema_tangrams,schema,incompatible,stimuli/ZR4NH1_p0.context.prompt.md,stimuli/ZR4NH1_p0.label_1.prompt.md,stimuli/ZR4NH1_p0.label_2.prompt.md,stimuli/ZR4NH1_p0.label_3.prompt.md,stimuli/ZR4NH1_p0.label_4.prompt.md,stimuli/ZR4NH1_p0.label_5.prompt.md,stimuli/ZR4NH1_p0.label_6.prompt.md,stimuli/ZR4NH1_p0.label_7.prompt.md,stimuli/ZR4NH1_p0.label_8.prompt.md
ZR4NH1,1,schema_tangrams,schema,incompatible,stimuli/ZR4NH1_p1.context.prompt.md,stimuli/ZR4NH1_p1.label_1.prompt.md,stimuli/ZR4NH1_p1.label_2.prompt.md,stimuli/ZR4NH1_p1.label_3.prompt.md,stimuli/ZR4NH1_p1.label_4.prompt.md,stimuli/ZR4NH1_p1.label_5.prompt.md,stimuli/ZR4NH1_p1.label_6.prompt.md,stimuli/ZR4NH1_p1.label_7.prompt.md,stimuli/ZR4NH1_p1.label_8.prompt.md
ZSRWVW,0,nonschema_tangrams,nonschema,incompatible,stimuli/ZSRWVW_p0.context.prompt.md,stimuli/ZSRWVW_p0.label_1.prompt.md,stimuli/ZSRWVW_p0.label_2.prompt.md,stimuli/ZSRWVW_p0.label_3.prompt.md,stimuli/ZSRWVW_p0.label_4.prompt.md,stimuli/ZSRWVW_p0.label_5.prompt.md,stimuli/ZSRWVW_p0.label_6.prompt.md,stimuli/ZSRWVW_p0.label_7.prompt.md,stimuli/ZSRWVW_p0.label_8.prompt.md
ZSRWVW,1,nonschema_tangrams,nonschema,incompatible,stimuli/ZSRWVW_p1.context.prompt.md,stimuli/ZSRWVW_p1.label_1.prompt.md,stimuli/ZSRWVW_p1.label_2.prompt.md,stimuli/ZSRWVW_p1.label_3.prompt.md,stimuli/ZSRWVW_p1.label_4.prompt.md,stimuli/ZSRWVW_p1.label_5.prompt.md,stimuli/ZSRWVW_p1.label_6.prompt.md,stimuli/ZSRWVW_p1.label_7.prompt.md,stimuli/ZSRWVW_p1.label_8.prompt.md
