treatment,sampleId,gameId,gameId_full,position,country,timezone,isKnownVpn,isLikelyVpn,effectiveType,saveData,downlink,rtt,screenWidth,screenHeight,width,height,language,device,participateAgain,adequateCompensation,adequateTime,clearInstructions,videoQuality,joiningProblems,technicalProblems,technicalDetail,textExpansion,joiningDetail,num_reports,time_labeling_1a,time_labeling_1b,time_labeling_1c,time_labeling_2,time_labeling_3,time_labeling_4,labeling_1a,labeling_1b,labeling_1c,labeling_2,labeling_3,labeling_4,recall_1a_0,recall_1a_1,recall_1b_0,recall_1b_1,recall_1b_2,recall_1b_3,recall_1c_0,recall_1c_1,recall_1c_2,recall_1c_3,recall_1c_4,recall_1c_5,recall_1c_6,recall_1c_7,recall_2_0,recall_2_1,recall_2_2,recall_2_3,recall_2_4,recall_2_5,recall_2_6,recall_2_7,recall_3_0,recall_3_1,recall_3_2,recall_3_3,recall_3_4,recall_3_5,recall_3_6,recall_3_7,recall_4_0,recall_4_1,recall_4_2,recall_4_3,recall_4_4,recall_4_5,recall_4_6,recall_4_7,accuracy_1a,accuracy_1b,accuracy_1c,accuracy_2,accuracy_3,accuracy_4,empty_recall_counts
nonschema,c6ba046b-6675-4357-b6f3-3d3a89b1ef39,NPT449,01KGJRHBQ8TBRN9J0TAFNPT449,1,US,America/Los_Angeles,False,False,4g,False,4.55,150.0,1536,816,1536,730,en-US,Windows desktop / Chrome,yes,fairly_paid,adequate,5.0,1,no,no,,,,0,68.393,40.565,84.24,185.332,170.679,145.14,"Image 1: owl
Image 2: cookie","Image 1: owl
Image 2: cookie
Image 3: bug
Image 4: ant","Image 1: owl
Image 2: scorpion
Image 3: belly
Image 4: ant
Image 5: cookie
Image 6: tail
Image 7: hat
Image 8: bug","Image 1: peacock
Image 2: mechanic
Image 3: cook
Image 4: plant
Image 5: bug
Image 6: server
Image 7: robot
Image 8: chef","Image 1: fat
Image 2: bartender
Image 3: tall
Image 4: bird
Image 5: wheel
Image 6: block
Image 7 mail
Image 8: red","Image 1: dish
Image 2: small
Image 3: orange
Image 4: mouth
Image 5: white
Image 6: black
Image 7:tall
Image 8: long",cookie,owl,cookie,ant,owl,bug,tail,scorpion,hat,cookie,ant,owl,belly,bug,peacock,robot,chef,mechanic,plant,bug,server,cook,tall,wheel,red,bird,block,mail,fat,bartender,tall,small,orange,long,dish,black,white,mouth,2.0,4.0,8.0,8.0,8.0,8.0,0
schema,a3f28974-cb42-4f72-a917-fc7ff3135ff8,4C45AQ,01KGJRQVMKFQ5MFXWWYS4C45AQ,1,US,America/New_York,False,False,,,,,2560,1440,2048,990,en-US,Windows desktop / Chrome,yes,underpaid,adequate,4.0,5,no,no,,,,0,56.752,72.988,69.118,80.039,68.136,176.845,"Image 1: orange lego bot
Image 2: purple lego bot","Image 1: orange black lego bot
Image 2: purple black lego bot
Image 3: orange red lego bot
Image 4: purple red lego bot","Image 1: orange black yellow
Image 2: orange black brown
Image 3: orange red brown
Image 4: orange red yellow
Image 5: purple black yellow
Image 6: purple black brown
Image 7: purple red brown
Image 8: purple red yellow","Image 1: purple red brown
Image 2: orange black brown
Image 3: orange black yellow
Image 4: purple black yellow
Image 5: purple red yellow
Image 6: purple black brown
Image 7: orange red yellow
Image 8: orange red brown","Image 1: purple black yellow
Image 2: purple red brown
Image 3: orange black yellow
Image 4: purple red yellow
Image 5: orange red brown
Image 6: orange black brown
Image 7: purple black brown
Image 8: orange red yellow","Image 1: blue circle 
Image 2: yellow rectangle 
Image 3: orange rectangle
Image 4: white rectangle
Image 5: white square
Image 6: black rectangle
Image 7: pink rectangle
Image 8: brown rectangle",purple lego bot,orange lego bot,purple black lego bot,orange red lego bot,orange black lego bot,purple red lego bot,purple black brown,orange black brown,purple red brown,purple black yellow,orange red yellow,orange black yellow,orange red brown,purple red yellow,purple red brown,orange red yellow,orange red brown,orange black brown,purple black yellow,purple red yellow,purple black brown,orange black yellow,orange black yellow,orange red brown,orange red yellow,purple red yellow,orange black brown,purple black brown,purple black yellow,purple red brown,pink rectangle,yellow rectangle,orange rectangle,brown rectangle,blue circle,black rectangle,white square,white rectangle,2.0,4.0,8.0,8.0,8.0,7.0,0
schema,e48ac503-161e-4165-ba4c-666004c01705,4C45AQ,01KGJRQVMKFQ5MFXWWYS4C45AQ,0,GB,Europe/London,False,False,4g,False,10.0,50.0,1396,737,1397,650,en-GB,Linux desktop / Chrome,yes,fairly_paid,adequate,5.0,5,no,yes,There was a glitch each time I would answer it would tell me my answer wasnt a match and would show an answer I didnt write for a second or two and then would show my correct answer and tell me I had matched.,,,0,58.157,71.489,70.596,79.507,68.596,202.342,"Image 1: orange lego bot
Image 2: purple lego bot","Image 1: orange black lego bot
Image 2: purple black lego bot
Image 3: orange red lego bot
Image 4: purple red lego bot","Image 1: orange black yellow
Image 2: orange black brown
Image 3: orange red brown
Image 4: orange red yellow
Image 5: purple black yellow
Image 6: purple black brown
Image 7: purple red brown
Image 8: purple red yellow","Image 1: purple red brown
Image 2: orange black brown
Image 3: orange black yellow
Image 4: purple black yellow
Image 5: purple red yellow
Image 6: purple black brown
Image 7: orange red yellow
Image 8: orange red brown","Image 1: purple black yellow
Image 2: purple red brown
Image 3: orange black yellow
Image 4: purple red yellow
Image 5: orange red brown
Image 6: orange black brown
Image 7: purple black brown
Image 8: orange red yellow","Image 1: blue circle 
Image 2: yellow rectangle 
Image 3: orange rectangle
Image 4: white rectangle
Image 5: white square
Image 6: black rectangle
Image 7: pink rectangle
Image 8: brown rectangle",purple lego bot,orange lego bot,purple black lego bot,orange red lego bot,orange black lego bot,purple red lego bot,purple black brown,orange black brown,purple red brown,purple black yellow,orange red yellow,orange black yellow,orange red brown,purple red yellow,purple red brown,orange red yellow,orange red brown,orange black brown,purple black yellow,purple red yellow,purple black brown,orange black yellow,orange black yellow,orange red brown,orange red yellow,purple red yellow,orange black brown,purple black brown,purple black yellow,purple red brown,pink rectangle,yellow rectangle,orange rectangle,brown square,blue circle,black rectangle,white square,white rectangle,2.0,4.0,8.0,8.0,8.0,7.0,0
nonschema,5c139f31-56c8-4cfa-8529-98fc50178462,NPT449,01KGJRHBQ8TBRN9J0TAFNPT449,0,US,America/New_York,False,False,4g,False,8.1,50.0,3840,2112,3840,2021,en-US,Windows desktop / Chrome,yes,fairly_paid,too_much,5.0,2,no,yes,Video kept lagging,,,0,69.807,38.963,90.673,149.568,171.206,95.252,"Image 1: owl
Image 2: cookie","Image 1: owl
Image 2: cookie
Image 3: bug
Image 4: ant","Image 1: owl
Image 2: scorpion
Image 3: belly
Image 4: ant
Image 5: cookie
Image 6: tail
Image 7: hat
Image 8: bug","Image 1: peacock
Image 2: mechanic
Image 3: cook
Image 4: plant
Image 5: bug
Image 6: server
Image 7: robot
Image 8: chef","Image 1: fat
Image 2: bartender
Image 3: tall
Image 4: bird
Image 5: wheel
Image 6: block
Image 7 mail
Image 8: red","Image 1: dish
Image 2: small
Image 3: orange
Image 4: mouth
Image 5: white
Image 6: black
Image 7:tall
Image 8: long",cookie,owl,cookie,ant,owl,bug,tail,scorpion,hat,cookie,ant,owl,belly,bug,peacock,robot,chef,mechanic,plant,bug,server,cook,tall,wheel,red,bird,block,mail,fat,bartender,tall,small,orange,long,dish,black,white,mouth,2.0,4.0,8.0,8.0,8.0,8.0,0
schema,c312aa0b-31cb-437f-bb53-9a3cca8582d4,F5TT2F,01KGJRJY1CWP8XY1KZBMF5TT2F,0,GB,Europe/London,False,False,4g,False,10.0,50.0,1366,728,1366,607,en-GB,Windows desktop / Chrome,yes,fairly_paid,adequate,4.0,5,no,no,,,,0,76.176,106.041,185.727,132.873,107.235,265.836,"Image 1: red hat
Image 2: purple hat","Image 1: orange hat
Image 2: purple hat
Image 3: orange red
Image 4: purple red","Image 1: orange black one
Image 2: orange black two
Image 3: orange red two
Image 4: orange red one
Image 5: purple black one
Image 6: purple black two
Image 7: purple red two
Image 8: purple red one","Image 1: purple red brown
Image 2: orange black brown
Image 3: orange black yellow
Image 4: purple black yellow
Image 5: purple red yellow
Image 6: purple black brown
Image 7: orange red yellow
Image 8:orange red brown","Image 1: purple black yellow
Image 2: purple red brown
Image 3: orange black yellow
Image 4: purple red yellow
Image 5: orange red brown
Image 6: orange black brown
Image 7: purple black brown
Image 8: orange red yellow","Image 1: orange blue brown
Image 2: purple yellow yellow
Image 3: orange orange brown
Image 4: purple red yellow
Image 5: purple white yellow
Image 6: orange black brown
Image 7:purple pink yellow
Image 8: orange brown brown",purple hat,red hat,purple hat,orange red,orange hat,purple red,purple black two,orange black two,purple red two,purple black one,orange red two,orange black one,orange red two,purple red one,purple red brown,orange red yellow,orange red brown,orange black brown,purple black yellow,purple red yellow,purple black brown,orange black yellow,orange black yellow,orange red brown,orange red yellow,purple red yellow,orange black brown,purple black brown,purple black yellow,purple red brown,purple pink yellow,purple yellow yellow,orange orange brown,orange brown brown,orange blue brown,orange black brown,purple white yellow,purple red yellow,2.0,4.0,7.0,8.0,8.0,8.0,0
schema,94ea2373-69ec-4d3c-9d43-a666401e135a,F5TT2F,01KGJRJY1CWP8XY1KZBMF5TT2F,1,GB,Europe/London,False,False,4g,False,10.0,50.0,1536,816,1536,730,en-GB,Windows desktop / Chrome,yes,fairly_paid,adequate,5.0,5,no,no,,n/a,,0,74.5,99.323,184.06,134.153,107.616,265.162,"Image 1: red hat
Image 2: purple hat","Image 1: orange hat
Image 2: purple hat
Image 3: orange red
Image 4: purple red","Image 1: orange black one
Image 2: orange black two
Image 3: orange red two
Image 4: orange red one
Image 5: purple black one
Image 6: purple black two
Image 7: purple red two
Image 8: purple red one","Image 1: purple red brown
Image 2: orange black brown
Image 3: orange black yellow
Image 4: purple black yellow
Image 5: purple red yellow
Image 6: purple black brown
Image 7: orange red yellow
Image 8:orange red brown","Image 1: purple black yellow
Image 2: purple red brown
Image 3: orange black yellow
Image 4: purple red yellow
Image 5: orange red brown
Image 6: orange black brown
Image 7: purple black brown
Image 8: orange red yellow","Image 1: orange blue brown
Image 2: purple yellow yellow
Image 3: orange orange brown
Image 4: purple red yellow
Image 5: purple white yellow
Image 6: orange black brown
Image 7:purple pink yellow
Image 8: orange brown brown",purple hat,red hat,purple hat,orange red,orange hat,purple red,purple black two,orange black two,purple red two,purple black one,orange red one,orange black one,orange red two,purple red one,purple red brown,orange red yellow,orange red brown,orange black brown,purple black yellow,purple red yellow,purple black brown,orange black yellow,orange black yellow,orange red brown,orange red yellow,purple red yellow,orange black brown,purple black brown,purple black yellow,purple red brown,purple pink yellow,purple yellow yellow,orange orange brown,orange brown brown,orange blue brown,orange black brown,purple white yellow,purple red yellow,2.0,4.0,7.0,8.0,8.0,8.0,0
nonschema,064c3f74-9758-4bbb-9fb4-5c7fb51b21a9,4GBFHG,01KGJRXDM9BRW8Q7HRJP4GBFHG,0,CA,America/Toronto,False,False,4g,False,10.0,50.0,1280,672,1707,735,en-US,Windows desktop / Chrome,yes,fairly_paid,adequate,4.0,5,no,no,,,,0,93.503,138.262,149.607,300.0,211.6,300.0,"Image 1:owl
Image 2:clock","Image 1:owl
Image 2:clock
Image 3:no face
Image 4:pig","Image 1:owl
Image 2: scorpion
Image 3: monkey
Image 4:pig
Image 5:clock
Image 6:robot
Image 7:girl
Image 8:no face","Image 1: leave
Image 2:rectangle
Image 3:square
Image 4:cactus
Image 5:short
Image 6:waiter
Image 7:chocolate
Image 8:yellow","Image 1:multi
Image 2:robot
Image 3:grey
Image 4:bird
Image 5:green
Image 6:white
Image 7:yellow
Image 8:red","Image 1: blue circle
Image 2:robot
Image 3:square
Image 4:rectangle
Image 5:white
Image 6:black
Image 7:purple
Image 8:chocolate",clock,owl,clock,pig,owl,no face,robot,scorpion,girl,clock,pig,owl,monkey,no face,leave,chocolate,yellow,rectangle,cactus,short,waiter,square,grey,green,red,bird,white,yellow,multi,robot,purple,robot,square,chocolate,blue circle,black,white,rectangle,2.0,4.0,6.0,5.0,8.0,8.0,0
nonschema,6602c511-6e98-4305-b2e4-45c45c259c50,4GBFHG,01KGJRXDM9BRW8Q7HRJP4GBFHG,1,CA,America/Toronto,False,False,4g,False,1.9,100.0,1920,1032,1920,911,fr-FR,Windows desktop / Chrome,yes,N/A,adequate,4.0,4,no,no,,nothing,,0,94.728,139.123,149.304,300.0,213.229,300.0,"Image 1:owl
Image 2:clock","Image 1:owl
Image 2:clock
Image 3:no face
Image 4:pig","Image 1:owl
Image 2: scorpion
Image 3: monkey
Image 4:pig
Image 5:clock
Image 6:robot
Image 7:girl
Image 8:no face","Image 1: leave
Image 2:rectangle
Image 3:square
Image 4:cactus
Image 5:short
Image 6:waiter
Image 7:chocolate
Image 8:yellow","Image 1:multi
Image 2:robot
Image 3:grey
Image 4:bird
Image 5:green
Image 6:white
Image 7:yellow
Image 8:red","Image 1: blue circle
Image 2:robot
Image 3:square
Image 4:rectangle
Image 5:white
Image 6:black
Image 7:purple
Image 8:chocolate",clock,owl,clock,pig,owl,no face,robot,scorpion,girl,clock,no face,owl,monkey,little,cactus,chocolate,yellow,rectangle,cactus,robot,square,square,grey,green,red,bird,white,yellow,multi,robot,purple,robot,square,chocolate,blue circle,black,white,rectangle,2.0,4.0,6.0,5.0,8.0,8.0,0
schema,c162dedf-a1ad-41cc-a70c-e6eb592d05c8,ES0E4B,01KGJSD1XDNBF16NK8NEES0E4B,0,CA,America/Edmonton,False,True,4g,False,9.4,150.0,1366,728,1366,607,en-US,Windows desktop / Chrome,yes,fairly_paid,adequate,3.0,4,no,no,,none,,0,15.621,243.117,293.196,262.407,300.0,300.0,"Image 1: Orange Pop
Image 2: Purful","Image 1: orange pop
Image 2: red
Image 3: eye
Image 4: blue","Image 1: ory
Image 2:orb
Image 3:olb
Image 4:oly
Image 5:pry
Image 6:prb
Image 7:plb
Image 8:ply","Image 1:prb
Image 2:obb
Image 3:oby
Image 4:pby
Image 5:pry
Image 6:pbb
Image 7:ory
Image 8:orb","Image 1: ybp
Image 2:brp
Image 3:ybo
Image 4:
Image 5:
Image 6:
Image 7:
Image 8:","Image 1: brob
Image 2: ybp
Image 3: bro
Image 4: ybp
Image 5: ybpw
Image 6: bro
Image 7:
Image 8:",purple hat,orange hat,orange pop,orange pop,orange pop,blue,prb,orb,plb,pry,oly,ory,olb,ply,prb,ory,orb,obb,pry,pry,pbb,oby,bbo,bro,yro,yrp,bbo,bbp,ybp,brp,ybp,ybp,bro,bro,brob,bro,ybpw,ybp,0.0,2.0,7.0,7.0,7.0,3.0,0
schema,bc6023ef-7cd9-44d5-97c6-aeb1bac46675,ES0E4B,01KGJSD1XDNBF16NK8NEES0E4B,1,US,America/New_York,False,False,4g,False,10.0,50.0,1670,898,1670,777,en-US,Windows desktop / Chrome,yes,fairly_paid,adequate,4.0,5,no,yes,After instructions page did not forward I refreshed and was able to continue. This was reported in bugs and to researcher prior to the refresh! Also my partner was delayed and was not on camera and I was.,Partner only was audio not video. Some communication barrier with language with my partner.,,0,145.937,244.543,294.629,262.912,300.0,300.0,"Image 1: Orange Pop
Image 2: Purful","Image 1: orange pop
Image 2: red
Image 3: eye
Image 4: blue","Image 1: ory
Image 2:orb
Image 3:olb
Image 4:oly
Image 5:pry
Image 6:prb
Image 7:plb
Image 8:ply","Image 1:prb
Image 2:obb
Image 3:oby
Image 4:pby
Image 5:pry
Image 6:pbb
Image 7:ory
Image 8:orb","Image 1: ybp
Image 2:brp
Image 3:ybo
Image 4:
Image 5:
Image 6:
Image 7:
Image 8:","Image 1: brob
Image 2: ybp
Image 3: bro
Image 4: ybp
Image 5: ybpw
Image 6: bro
Image 7:
Image 8:",purful,orange pop,red,eye,orange pop,blue,prb,orb,plb,pry,,ory,olb,ply,prb,ory,orb,obb,pby,pry,pbb,oby,ybo,bro,yro,yrp,bbo,bbp,ybp,brp,ybp,ybpw,bro,brob,brob,brp,ybp,ybpw,0.0,2.0,7.0,7.0,7.0,3.0,1
schema,12a46296-cdf7-47dc-91a3-6b54412967b9,ZD373X,01KH9DJ3EP6VHEJPP8REZD373X,0,,,,True,4g,False,10.0,100.0,1920,1032,1530,758,en-US,Windows desktop / Edge,yes,fairly_paid,adequate,4.0,5,no,no,,no,,0,35.246,42.198,54.524,26.186,13.16,132.015,"Image 1: Orange
Image 2: Purple","Image 1: orange black
Image 2: purple black
Image 3: orange red
Image 4: purple red","Image 1: orange black yellow
Image 2: orange black brown
Image 3: orange red brown
Image 4: orange red yellow
Image 5: purple black yellow
Image 6: purple black brown
Image 7: purple red brown
Image 8: purple red yellow","Image 1: purple red
Image 2:
Image 3:
Image 4:
Image 5:
Image 6:
Image 7:
Image 8:","Image 1:
Image 2:
Image 3:
Image 4:
Image 5:
Image 6:
Image 7:
Image 8:","Image 1:
Image 2:
Image 3:
Image 4:
Image 5:
Image 6:
Image 7:
Image 8:",purple,orange,purple black,orange red,orange black,purple red,purple black brown,orange black brown,purple red brown,purple black yellow,orange red yellow,orange black yellow,orange red brown,purple red yellow,purple red brown,orange red yellow,orange red brown,orange black brown,purple black yellow,purple red yellow,purple black brown,orange black yellow,orange black yellow,orange red brown,orange red yellow,purple red yellow,orange black brown,purple black brown,purple black yellow,purple red brown,purple black yellow,yellow black yellow,orange orange brown,orange brown brown,orange red brown,orange red brown,purple black yellow,purple black yellow,2.0,4.0,8.0,8.0,8.0,5.0,0
schema,85e01ac8-5851-4259-a0ed-f1362716755a,ZD373X,01KH9DJ3EP6VHEJPP8REZD373X,1,,,,True,4g,False,10.0,50.0,1680,1020,1680,962,en-US,macOS desktop / Chrome,yes,underpaid,too_much,5.0,5,no,no,,,,0,35.988,48.018,58.308,25.889,13.902,132.761,"Image 1: Orange
Image 2: Purple","Image 1: orange black
Image 2: purple black
Image 3: orange red
Image 4: purple red","Image 1: orange black yellow
Image 2: orange black brown
Image 3: orange red brown
Image 4: orange red yellow
Image 5: purple black yellow
Image 6: purple black brown
Image 7: purple red brown
Image 8: purple red yellow","Image 1: purple red
Image 2:
Image 3:
Image 4:
Image 5:
Image 6:
Image 7:
Image 8:","Image 1:
Image 2:
Image 3:
Image 4:
Image 5:
Image 6:
Image 7:
Image 8:","Image 1:
Image 2:
Image 3:
Image 4:
Image 5:
Image 6:
Image 7:
Image 8:",purple,orange,purple black,orange red,orange black,purple red,purple black brown,orange black brown,purple red brown,purple black yellow,orange red yellow,orange black yellow,orange red brown,purple red yellow,purple red brown,orange red yellow,orange red brown,orange black brown,purple black yellow,purple red yellow,purple black brown,orange black yellow,orange black yellow,orange red brown,orange red yellow,purple red yellow,orange black brown,purple black brown,purple black yellow,purple red brown,purple black yellow,yellow black yellow,orange orange brown,orange brown brown,orange red brown,orange black brown,purple black yellow,purple black yellow,2.0,4.0,8.0,8.0,8.0,5.0,0
schema,5cc75348-fd72-4e68-aeef-ca592ddc0944,6NJQAK,01KH9DFGEPME3J33KM546NJQAK,1,,,,True,4g,False,4.7,50.0,1512,949,1512,827,en-US,macOS desktop / Chrome,,,,,,,,,,,0,50.411,38.565,92.061,50.553,62.822,48.205,"Image 1: Orange Top
Image 2: Purple Top","Image 1: Orange Top
Image 2: Purple Top
Image 3: Orange Top Red Hands
Image 4: Purple Top Red Hands","Image 1: Orange Black Yellow 
Image 2: Orange Black Brown
Image 3: orange red brown
Image 4: orange red yellow
Image 5: purple black yellow
Image 6: purple black brown
Image 7: purple red brown
Image 8: purple red yellow","Image 1: Purple red brown
Image 2: orange black brown
Image 3: orange black yellow
Image 4: purple black yellow
Image 5: purple red yellow
Image 6: purple black brown
Image 7: orange red yellow
Image 8: orange red brown","Image 1: purple black yellow
Image 2: purple red brown
Image 3: orange black yellow
Image 4: purple red yellow
Image 5: orange red brown
Image 6: orange black brown
Image 7: purple black brown
Image 8: orange red yellow","Image 1: orange red brown
Image 2: purple black yellow
Image 3: orange red brown
Image 4: purple black yellow
Image 5: orange black yellow
Image 6: orange red brown
Image 7: purple black yellow
Image 8: orange red brown",purple top,orange top,purple top,orange top red hands,orange top,purple top red hands,purple black brown,orange black brown,purple red brown,purple black yellow,orange red yellow,orange black yellow,orange red brown,purple red yellow,purple red brown,orange red yellow,orange red brown,orange black brown,purple black yellow,purple red yellow,purple black brown,orange black yellow,orange black yellow,orange red brown,orange red yellow,purple red yellow,orange black brown,purple black orange,purple black yellow,purple,purple black yellow,purple black yellow,orange red brown,orange red brown,orange red brown,orange red brown,purple black yellow,purple black yellow,2.0,4.0,7.0,8.0,6.0,2.0,0
nonschema,cc04d783-a533-4c8a-88fc-96dbcd22266f,MARST6,01KH9DGCYB10YRF5EVA2MARST6,1,,,,True,4g,False,10.0,100.0,1680,1050,1680,962,en-GB,macOS desktop / Chrome,yes,fairly_paid,adequate,5.0,5,no,no,,,,0,40.037,43.014,89.57,188.017,150.103,170.469,"Image 1:owl
Image 2:polo","Image 1:owl
Image 2:polo
Image 3:frog
Image 4:bot","Image 1:owl
Image 2:scorpion
Image 3:dog
Image 4:bot
Image 5:polo
Image 6:fish
Image 7:girl
Image 8:frog","Image 1:bird
Image 2:lego
Image 3:duck
Image 4:tree
Image 5:bot
Image 6:dog
Image 7:bug
Image 8:fat","Image 1:rainbow
Image 2:lamb
Image 3:grey
Image 4:parrot
Image 5:wheel
Image 6:fish
Image 7:duck
Image 8:bot","Image 1:polo
Image 2:pink
Image 3:lego
Image 4:boy
Image 5:white
Image 6:spider
Image 7:purple
Image 8:brown",polo,owl,polo,bot,owl,frog,fish,scorpion,girl,polo,bot,owl,dog,frog,bird,bug,fat,lego,tree,bot,dog,duck,grey,wheel,bot,parrot,fish,duck,rainbow,lamb,purple,,lego,brown,polo,spider,white,boy,2.0,4.0,8.0,8.0,8.0,7.0,1
schema,774532ca-7086-4b29-bf5a-5da82b0e131d,6Y1ZWP,01KH9DQ5W3CYPWNCNFF06Y1ZWP,1,,,,True,4g,False,3.5,50.0,1536,816,1488,708,en-US,Windows desktop / Edge,yes,fairly_paid,too_much,5.0,5,no,no,,,,0,31.263,71.227,35.178,13.725,22.924,9.728,"Image 1: orange
Image 2: purple","Image 1: orangeb
Image 2: orangeb
Image 3: oranger
Image 4: orangep","Image 1:
Image 2:
Image 3:
Image 4:
Image 5:
Image 6:
Image 7:
Image 8:","Image 1:
Image 2:
Image 3:
Image 4:
Image 5:
Image 6:
Image 7:
Image 8:","Image 1:
Image 2:
Image 3:
Image 4:
Image 5:
Image 6:
Image 7:
Image 8:","Image 1:
Image 2:
Image 3:
Image 4:
Image 5:
Image 6:
Image 7:
Image 8:",purple,orange,purpleb,oranger,orangeb,purpler,purpleb,orangebb,purplerb,purpleby,orangery,orangeby,orangerb,purplery,purplerb,orangery,orangerb,orangebb,purple,purplery,purplebb,orangeby,orangeby,orangerb,orangery,purplery,orangebb,purplebb,purpleby,purplerb,purpleby,purpleby,orangerb,orangerb,orangerb,orangerb,purpleby,purpleby,2.0,3.0,8.0,7.0,8.0,2.0,0
nonschema,08292e0e-d292-455d-bb3f-ff8a1882ec62,MARST6,01KH9DGCYB10YRF5EVA2MARST6,0,,,,True,4g,False,10.0,50.0,1920,1040,1768,934,en-US,Windows desktop / Edge,yes,underpaid,adequate,5.0,5,no,no,,It is fun (but for the time should be paid more as this is far below minimum wage and people's time and work should be respected). It is a fun activity and exciting to even briefly meet others on Prolific. I wish there were more like this.,,0,41.456,42.384,90.903,188.455,150.468,172.264,"Image 1:owl
Image 2:polo","Image 1:owl
Image 2:polo
Image 3:frog
Image 4:bot","Image 1:owl
Image 2:scorpion
Image 3:dog
Image 4:bot
Image 5:polo
Image 6:fish
Image 7:girl
Image 8:frog","Image 1:bird
Image 2:lego
Image 3:duck
Image 4:tree
Image 5:bot
Image 6:dog
Image 7:bug
Image 8:fat","Image 1:rainbow
Image 2:lamb
Image 3:grey
Image 4:parrot
Image 5:wheel
Image 6:fish
Image 7:duck
Image 8:bot","Image 1:polo
Image 2:pink
Image 3:lego
Image 4:boy
Image 5:white
Image 6:spider
Image 7:purple
Image 8:brown",polo,owl,polo,bot,owl,frog,fish,scorpion,girl,polo,bot,owl,dog,frog,bird,bug,fat,lego,tree,bot,dog,duck,grey,wheel,bot,parrot,fish,duck,rainbow,lamb,purple,pink,lego,brown,polo,spider,white,boy,2.0,4.0,8.0,8.0,8.0,7.0,0
schema,5fcd10d3-d618-44a6-93d4-9cc9843612a1,6NJQAK,01KH9DFGEPME3J33KM546NJQAK,0,,,,True,4g,False,10.0,100.0,1920,1032,1920,945,en-US,Linux desktop / Chrome,maybe,fairly_paid,adequate,4.0,5,no,no,,,,0,51.058,39.193,93.683,52.164,63.388,48.904,"Image 1: Orange Top
Image 2: Purple Top","Image 1: Orange Top
Image 2: Purple Top
Image 3: Orange Top Red Hands
Image 4: Purple Top Red Hands","Image 1: Orange Black Yellow 
Image 2: Orange Black Brown
Image 3: orange red brown
Image 4: orange red yellow
Image 5: purple black yellow
Image 6: purple black brown
Image 7: purple red brown
Image 8: purple red yellow","Image 1: Purple red brown
Image 2: orange black brown
Image 3: orange black yellow
Image 4: purple black yellow
Image 5: purple red yellow
Image 6: purple black brown
Image 7: orange red yellow
Image 8: orange red brown","Image 1: purple black yellow
Image 2: purple red brown
Image 3: orange black yellow
Image 4: purple red yellow
Image 5: orange red brown
Image 6: orange black brown
Image 7: purple black brown
Image 8: orange red yellow","Image 1: orange red brown
Image 2: purple black yellow
Image 3: orange red brown
Image 4: purple black yellow
Image 5: orange black yellow
Image 6: orange red brown
Image 7: purple black yellow
Image 8: orange red brown",purple top,orange top,purple top,orange top red hands,orange top,purple top red hands,purple black brown,orange black brown,purple orange brown,purple black yellow,orange red yellow,orange black yellow,orange red brown,purple red yellow,purple red brown,orange red yellow,orange red brown,orange black brown,purple black yellow,purple red yellow,purple black brown,orange black yellow,orange black yellow,orange red brown,orange red yellow,purple red yellow,orange black brown,purple black brown,purple black yellow,yellow red brown,purple black yellow,purple black yellow,orange red purple,orange red brown,orange red brown,orange red brown,purple black yellow,purple black yellow,2.0,4.0,7.0,8.0,6.0,2.0,0
nonschema,1c280faa-0bb2-4fa5-8b31-21ecab39c361,YSC5HR,01KH9DMH7JVXQKDKVB92YSC5HR,1,,,,True,4g,False,2.8,100.0,1280,752,1280,631,en-US,Windows desktop / Chrome,yes,fairly_paid,too_much,5.0,5,no,no,,,,0,23.899,27.28,47.141,133.203,94.749,106.595,"Image 1: owl
Image 2: moon","Image 1:owl
Image 2: moon
Image 3: alien
Image 4: shoe","Image 1:owl
Image 2: scorpion
Image 3:sheep
Image 4:shoe
Image 5: moon
Image 6: mop
Image 7:girl
Image 8: alien","Image 1: turkey
Image 2: rabbit
Image 3:sloth
Image 4:frog
Image 5:grasshoper
Image 6:owl
Image 7:bug
Image 8: chicken","Image 1:tetris
Image 2:alien
Image 3:minion
Image 4:parrot
Image 5:wheel
Image 6:cube
Image 7:mailbox
Image 8:hersey's kiss","Image 1: bowl
Image 2:eraser
Image 3:firehose
Image 4:tower
Image 5:tap
Image 6:spider
Image 7:woman
Image 8:man",moon,owl,moon,shoe,owl,alien,mop,scorpion,sheep,moon,shoe,owl,sheep,alien,tukey,alien,chicken,sloth,frog,bug,sloth,sloth,alien,wheel,hersey's kiss,parrot,cube,mailbox,tetris,alien,woman,eraser,firehose,man,disk,spider,bug,tower,2.0,4.0,5.0,2.0,6.0,3.0,0
schema,67f74b3b-0975-475a-b830-d9d3578e2ef0,E22RRE,01KH9DKSEMQB93KD7Q3BE22RRE,0,,,,True,4g,False,5.2,0.0,1470,924,1470,831,en-US,macOS desktop / Chrome,yes,fairly_paid,adequate,4.0,5,no,no,,no,,0,31.606,46.314,66.986,73.052,97.781,135.936,"Image 1: orange
Image 2: purple","Image 1: orange black
Image 2: purple black
Image 3: orange red
Image 4: purple red","Image 1: orange black yellow
Image 2: orange black brown
Image 3: orange red brown
Image 4: orange red yellow
Image 5: purple black yellow
Image 6:purple black brown
Image 7:purple red brown
Image 8:purple red yellow","Image 1: purple red brown
Image 2: orange black brown
Image 3: orange black yellow
Image 4: purple black yellow
Image 5: purple red yellow
Image 6:purple black brown
Image 7:orange red yellow
Image 8:orange red brown","Image 1: rainbow
Image 2: purple red brown
Image 3: orange black yellow
Image 4: purple red yellow
Image 5: orange red brown
Image 6:orange black brown
Image 7:purple black brown
Image 8:orange red yellow","Image 1: blue
Image 2: small
Image 3: orange lego
Image 4: white tall
Image 5: white short
Image 6: small black
Image 7: burgundy
Image 8: long legs",purple,orange,purple black,orange red,orange black,purple red,purple black brown,orange black brown,purple red brown,"purple, black yellow",orange red yellow,orange black yellow,orange red brown,purple red yellow,purple red brown,orange red yellow,orange red brown,orange black brown,purple black yellow,purple red yellow,purple black brown,orange black yellow,orange black yellow,orange red brown,orange red yellow,purple red yellow,orange black brown,purple black,rainbow,purple red brown,burgundy,small,orange lego,long legs,blue,small black,small white,tall white,2.0,4.0,7.0,8.0,7.0,7.0,0
nonschema,556fa9d2-e9fd-4acc-9b44-8dd7f645088b,KPV70Z,01KH9DRJPPYQYKT6REYHKPV70Z,0,,,,True,4g,False,10.0,0.0,1536,976,1536,855,en-CA,Windows desktop / Chrome,yes,fairly_paid,adequate,5.0,5,no,no,,,,0,52.307,63.811,73.602,137.271,165.198,171.363,"Image 1:owl
Image 2:donut","Image 1:owl
Image 2:donut
Image 3:frog
Image 4:cartoon","Image 1:owl
Image 2:scorpion
Image 3:dog
Image 4:cartoon
Image 5:donut
Image 6:fish
Image 7:mushroom
Image 8:frog","Image 1:peacock
Image 2:bird
Image 3:octopus
Image 4:tree
Image 5:arnold
Image 6:lizard
Image 7:spider
Image 8:duck","Image 1:apple
Image 2:eyes
Image 3:trash can
Image 4:tucan
Image 5:wheel
Image 6:bug
Image 7:cheese
Image 8:bee","Image 1:robot
Image 2:catepillar
Image 3:matchstick
Image 4:worm
Image 5:dove
Image 6:beetle
Image 7:gumby
Image 8:branch",donut,owl,donut,cartoon,owl,frog,fish,scorpion,mushroom,donut,cartoon,owl,dog,frog,peacock,spider,duck,lizard,tree,arnold,lizard,octopus,trash can,wheel,bee,tucan,bug,cheese,apple,eyes,gumby,catepillar,matchstick,branch,robot,beetle,dove,worm,2.0,4.0,8.0,6.0,6.0,6.0,0
schema,e20440b1-f6e8-4c69-adba-f1d228ccc947,E22RRE,01KH9DKSEMQB93KD7Q3BE22RRE,1,,,,True,4g,False,2.85,50.0,2048,1112,2048,991,en-US,Windows desktop / Chrome,yes,fairly_paid,adequate,4.0,5,no,no,,N/A,,0,27.601,46.301,66.941,72.007,97.715,137.905,"Image 1: orange
Image 2: purple","Image 1: orange black
Image 2: purple black
Image 3: orange red
Image 4: purple red","Image 1: orange black yellow
Image 2: orange black brown
Image 3: orange red brown
Image 4: orange red yellow
Image 5: purple black yellow
Image 6:purple black brown
Image 7:purple red brown
Image 8:purple red yellow","Image 1: purple red brown
Image 2: orange black brown
Image 3: orange black yellow
Image 4: purple black yellow
Image 5: purple red yellow
Image 6:purple black brown
Image 7:orange red yellow
Image 8:orange red brown","Image 1: rainbow
Image 2: purple red brown
Image 3: orange black yellow
Image 4: purple red yellow
Image 5: orange red brown
Image 6:orange black brown
Image 7:purple black brown
Image 8:orange red yellow","Image 1: blue
Image 2: small
Image 3: orange lego
Image 4: white tall
Image 5: white short
Image 6: small black
Image 7: burgundy
Image 8: long legs",purple,orange,purple black,orange red,orange black,purple red,purple black brown,orange black brown,purple red brown,purple black yellow,orange red yellow,orange black yellow,orange red brown,purple red yellow,purple red brown,orange red yellow,orange red brown,orange black brown,purple black yellow,purple red yellow,purple black brown,orange black yellow,orange black yellow,orange red brown,orange red yellow,purple red yellow,orange black brown,purple black brown,rainbow,purple red brown,burgundy,small,orange lego,long legs,blue,small black,short white,tall white,2.0,4.0,7.0,8.0,7.0,7.0,0
nonschema,252f0481-65fc-45fb-aacc-3672aea41d55,MBQ84F,01KH9DF6NBJDQJDRQV6FMBQ84F,0,,,,True,4g,False,10.0,100.0,1366,768,1366,646,en-US,macOS desktop / Chrome,yes,N/A,adequate,4.0,5,no,no,,,,0,59.949,99.085,154.557,182.058,156.222,211.376,"Image 1: owl
Image 2: cookie","Image 1: bird
Image 2: oreo
Image 3: camera
Image 4: frog","Image 1:olly
Image 2:scorpion
Image 3: sheep
Image 4: soldier
Image 5: round
Image 6: fly 
Image 7: girl
Image 8: bug","Image 1: tree
Image 2:clown
Image 3: hen
Image 4:christmas 
Image 5: gismo
Image 6: dog
Image 7:mario
Image 8: turkey","Image 1: clown
Image 2: robot
Image 3: police
Image 4: parrot
Image 5: wheel
Image 6: square
Image 7: car
Image 8: elf","Image 1: hen
Image 2: caterpillar
Image 3: mailman
Image 4: owl
Image 5: robot
Image 6:mouse
Image 7: dolphin
Image 8: bird",cookie,owl,oreo,frog,bird,camera,fly,scorpion,girl,round,soldier,olly,sheep,bug,tree,mario,turkey,clown,christmas,gismo,dog,hen,police,wheel,elf,parrot,square,car,clown,robot,dolphin,caterpillar,mailman,bird,hen,mouse,robot,owl,2.0,4.0,7.0,4.0,7.0,7.0,0
schema,c6922220-a745-4e63-b166-0f6a87921aa7,6Y1ZWP,01KH9DQ5W3CYPWNCNFF06Y1ZWP,0,,,,True,4g,False,10.0,50.0,1223,658,1226,602,en-US,Windows desktop / Chrome,yes,fairly_paid,adequate,4.0,5,no,no,,,,0,36.265,84.203,36.201,13.674,24.999,10.727,"Image 1: orange
Image 2: purple","Image 1: orangeb
Image 2: orangeb
Image 3: oranger
Image 4: orangep","Image 1:
Image 2:
Image 3:
Image 4:
Image 5:
Image 6:
Image 7:
Image 8:","Image 1:
Image 2:
Image 3:
Image 4:
Image 5:
Image 6:
Image 7:
Image 8:","Image 1:
Image 2:
Image 3:
Image 4:
Image 5:
Image 6:
Image 7:
Image 8:","Image 1:
Image 2:
Image 3:
Image 4:
Image 5:
Image 6:
Image 7:
Image 8:",purple,orange,purpleb,oranger,orangep,purpler,purpleb,orangebb,purplerb,purpleby,orangery,orangeby,orangerb,purplery,purplerb,orangery,orangerb,orangebb,purpleby,purplery,purplebb,orangeby,orangeby,orangerb,orangery,purplery,orangebb,purplebb,purpleby,purplerb,purpleby,purpleby,orangerb,orangerb,orangerb,orangerb,purpleby,purpleby,2.0,3.0,8.0,7.0,8.0,2.0,0
nonschema,32e3bcfd-eed6-4e0d-897f-88673f34bdfb,MBQ84F,01KH9DF6NBJDQJDRQV6FMBQ84F,1,,,,True,4g,False,10.0,50.0,2240,1135,2240,1009,en-US,macOS desktop / Chrome,yes,fairly_paid,adequate,4.0,5,no,no,,no it all was very good,,0,61.745,96.9,153.334,180.863,153.839,212.161,"Image 1: owl
Image 2: cookie","Image 1: bird
Image 2: oreo
Image 3: camera
Image 4: frog","Image 1:olly
Image 2:scorpion
Image 3: sheep
Image 4: soldier
Image 5: round
Image 6: fly 
Image 7: girl
Image 8: bug","Image 1: tree
Image 2:clown
Image 3: hen
Image 4:christmas 
Image 5: gismo
Image 6: dog
Image 7:mario
Image 8: turkey","Image 1: clown
Image 2: robot
Image 3: police
Image 4: parrot
Image 5: wheel
Image 6: square
Image 7: car
Image 8: elf","Image 1: hen
Image 2: caterpillar
Image 3: mailman
Image 4: owl
Image 5: robot
Image 6:mouse
Image 7: dolphin
Image 8: bird",cookie,owl,oreo,frog,bird,camera,fly,scorpion,girl,,soldier,olly,sheep,bug,tree,mario,hen,clown,chri,gizmo,dog,turkey,police,wheel,elf,parrot,square,,clown,robot,dolphin,caterpillar,mailman,bird,hen,mouse,owl,owl,2.0,4.0,7.0,4.0,7.0,7.0,2
nonschema,b0c7cf0b-ae9c-440d-80b7-923ddfba583e,KPV70Z,01KH9DRJPPYQYKT6REYHKPV70Z,1,,,,True,4g,False,9.75,50.0,1706,911,1551,719,en-US,Linux desktop / Chrome,,,,,,,,,,,0,51.488,63.294,64.115,119.596,156.634,160.592,"Image 1:owl
Image 2:donut","Image 1:owl
Image 2:donut
Image 3:frog
Image 4:cartoon","Image 1:owl
Image 2:scorpion
Image 3:dog
Image 4:cartoon
Image 5:donut
Image 6:fish
Image 7:mushroom
Image 8:frog","Image 1:peacock
Image 2:bird
Image 3:octopus
Image 4:tree
Image 5:arnold
Image 6:lizard
Image 7:spider
Image 8:duck","Image 1:apple
Image 2:eyes
Image 3:trash can
Image 4:tucan
Image 5:wheel
Image 6:bug
Image 7:cheese
Image 8:bee","Image 1:robot
Image 2:catepillar
Image 3:matchstick
Image 4:worm
Image 5:dove
Image 6:beetle
Image 7:gumby
Image 8:branch",donut,owl,donut,cartoon,owl,frog,fish,scorpion,mushroom,donut,cartoon,owl,dog,frog,peacock,spider,duck,bird,tree,arnold,bird,octopus,trashcan,wheel,bee,toucan,bug,cheese,apple,eyes,gumby,caterpillar,matchstick,stick,robot,beetle,dove,worm,2.0,4.0,8.0,6.0,6.0,6.0,0
nonschema,90c92edf-d566-41c2-8f4d-bf6bd497aa9f,YSC5HR,01KH9DMH7JVXQKDKVB92YSC5HR,0,,,,True,,,,,1512,949,1512,859,en-GB,macOS desktop / Safari,,,,,,,,,,,0,27.584,31.969,47.841,138.895,106.489,139.269,"Image 1: owl
Image 2: moon","Image 1:owl
Image 2: moon
Image 3: alien
Image 4: shoe","Image 1:owl
Image 2: scorpion
Image 3:sheep
Image 4:shoe
Image 5: moon
Image 6: mop
Image 7:girl
Image 8: alien","Image 1: turkey
Image 2: rabbit
Image 3:sloth
Image 4:frog
Image 5:grasshoper
Image 6:owl
Image 7:bug
Image 8: chicken","Image 1:tetris
Image 2:alien
Image 3:minion
Image 4:parrot
Image 5:wheel
Image 6:cube
Image 7:mailbox
Image 8:hersey's kiss","Image 1: bowl
Image 2:eraser
Image 3:firehose
Image 4:tower
Image 5:tap
Image 6:spider
Image 7:woman
Image 8:man",moon,owl,moon,shoe,owl,alien,mop,scorpion,girl,moon,girl,owl,sheep,shoe,turkey,bug,sloth,rabbit,frog,bug,rabbit,chicken,minion,wheel,hersey's kiss,parrot,cube,mailbox,tetris,sloth,tower,eraser,firehose,?,bowl,spider,frog,?,2.0,4.0,5.0,2.0,6.0,3.0,0
schema,c02d9006-5256-4bfb-9fb3-06c6c9f98f63,QHTZ3N,01KH9DNMQPDGRWEFM6PBQHTZ3N,1,,,,True,4g,False,10.0,100.0,1067,574,1334,609,en-GB,Windows desktop / Chrome,yes,underpaid,adequate,4.0,3,no,no,,,,0,86.766,43.048,120.284,126.916,89.239,138.831,"Orange hair
Purple hair","orange
purple:
orange2:
purple2","orangeblackyellow
orangeblackbrown
orangeredbrown
orangeredyellow
purpleblackyellow
purpleblackbrown
purpleredbrown
purpleredyellow","purpleredspacebrown:
orangeblackbrown
orangeblackyellow
purpleblackyellow
purpleredyellow
purpleblackbrown
OrangeRedYellow
OrangeRedBrown:","purplemulti
purpleredbrown
orangegreyyellow
purplegreennose
anchor
Cube
purpleyellowmain
RedYellowOrange","Orangecircle
purpleyellowback
orangebody
purplewhiterectangle
white
black
pink
brown",purple,orange,purple,orange,orange,purple2,purpleblackbrown,orangeblackbrown,purpleredbrown,purpleblackyellow,orangeredyellow,orangeblackyellow,orangeredbrown,purpleredyellow,purpleredbrown,orangeredyellow,orangeredbrown,orangeblackbrown,purpleblackyellow,purpleredyellow,purpleblackbrown,orangeblackyellow,grey,anchor,orangeredyellow,purplegreennose,cube,purpleyellowmain,purplemulti,purple,,,orangebody,brown,orangecircle,black,white,purplewhite,2.0,2.0,5.0,7.0,4.0,4.0,2
nonschema,899c23ce-ee8c-473f-9e71-006eabb6dfe5,E8T5Z5,01KH9DN6HPNP57QYBBXCE8T5Z5,1,,,,True,4g,False,10.0,0.0,1536,816,1488,738,en-GB,Windows desktop / Edge,yes,fairly_paid,adequate,4.0,3,no,yes,sometimes the other person couldn't hear me,,,0,45.588,68.306,146.829,233.078,181.037,229.43,"Image 1: owl
Image 2: circle","Image 1: owl
Image 2: circle
Image 3: eyes
Image 4: square","Image 1: owl
Image 2: scorpion
Image 3: dog
Image 4: square
Image 5: circle
Image 6: shark
Image 7: lady
Image 8: eyes","Image 1: headdress
Image 2: rectangle
Image 3: four feet
Image 4: cactus
Image 5: spectacles
Image 6: clown
Image 7: orange quiff
Image 8: chicken","Image 1: colours
Image 2: red hands
Image 3: grey guy
Image 4: bird
Image 5: web
Image 6: cube
Image 7: yellow
Image 8: bee","Image 1: circle
Image 2: pink & yellow
Image 3: orange
Image 4: red belly button
Image 5: white
Image 6: black
Image 7: pink
Image 8: brown",circle,owl,circle,square,owl,eyes,shark,scorpion,lady,circle,square,owl,dog,eyes,headdress,orange quiff,chicken,rectangle,cactus,spectacles,clown,four feet,grey guy,web,bee,bird,cube,yellow,colours,red hands,pink,pink & yellow,orange,brown,circle,black,white,red belly button,2.0,4.0,8.0,7.0,8.0,8.0,0
schema,d1fc7245-233b-408d-aa14-d6336fe1b88c,QHTZ3N,01KH9DNMQPDGRWEFM6PBQHTZ3N,0,,,,True,4g,False,10.0,50.0,1280,752,1280,665,en-GB,Windows desktop / Chrome,no,fairly_paid,adequate,3.0,4,no,no,,,,0,114.721,47.13,123.368,133.826,129.25,149.114,"Orange hair
Purple hair","orange
purple:
orange2:
purple2","orangeblackyellow
orangeblackbrown
orangeredbrown
orangeredyellow
purpleblackyellow
purpleblackbrown
purpleredbrown
purpleredyellow","purpleredspacebrown:
orangeblackbrown
orangeblackyellow
purpleblackyellow
purpleredyellow
purpleblackbrown
OrangeRedYellow
OrangeRedBrown:","purplemulti
purpleredbrown
orangegreyyellow
purplegreennose
anchor
Cube
purpleyellowmain
RedYellowOrange","Orangecircle
purpleyellowback
orangebody
purplewhiterectangle
white
black
pink
brown",purple,orange,purple,orange 2,orange,purple 2,orangeblackbrown,orangeblackbrown,purpleorangebrown,purpleblackyellow,orangeredyellow,orangeblackyellow,orangeredbrown,purple,purpleredspacebrown,orangeredyellow,orangeredbrown,orangeblackbrown,purpleblackyellow,purpleredyellow,purpleblackbrown,orangeblackyellow,orangegreyyellow,anchor,orangeredyellow,purplegreennose,orangecube,purpleyellow,purplemulti,purpleredbrown,red,purpleyellowback,orangebody,brown,circlebody,black,white,purplewhitebody,2.0,2.0,5.0,7.0,4.0,4.0,0
nonschema,6597a96d-40a8-402d-8e24-302f55dec068,E8T5Z5,01KH9DN6HPNP57QYBBXCE8T5Z5,0,,,,True,,,,,1627,1025,1188,937,en-CA,macOS desktop / Safari,yes,fairly_paid,adequate,5.0,5,no,no,,This was a fantastically fun study! I'd love to participate in a similar one again in the future. Thank you very much for this opportunity!,,0,43.809,68.569,148.092,236.513,185.454,227.677,"Image 1: owl
Image 2: circle","Image 1: owl
Image 2: circle
Image 3: eyes
Image 4: square","Image 1: owl
Image 2: scorpion
Image 3: dog
Image 4: square
Image 5: circle
Image 6: shark
Image 7: lady
Image 8: eyes","Image 1: headdress
Image 2: rectangle
Image 3: four feet
Image 4: cactus
Image 5: spectacles
Image 6: clown
Image 7: orange quiff
Image 8: chicken","Image 1: colours
Image 2: red hands
Image 3: grey guy
Image 4: bird
Image 5: web
Image 6: cube
Image 7: yellow
Image 8: bee","Image 1: circle
Image 2: pink & yellow
Image 3: orange
Image 4: red belly button
Image 5: white
Image 6: black
Image 7: pink
Image 8: brown",circle,owl,circle,square,owl,eyes,shark,scorpion,lady,circle,square,owl,dog,eyes,headdress,orange quiff,four feet,rectangle,cactus,spectacles,clown,four feet,grey guy,web,bee,bird,cube,yellow,colours,red hands,pink,pink & yellow,orange,brown,circle,black,white,red belly button,2.0,4.0,8.0,7.0,8.0,8.0,0
nonschema,8cc80499-51f9-4444-b549-4320fbbfd562,V85HRK,01KH9DFTWW952YEMC9P6V85HRK,1,,,,True,4g,False,10.0,50.0,2560,1440,2199,1096,en-GB,Windows desktop / Chrome,yes,underpaid,adequate,5.0,4,no,no,,Nothing comes to mind.,,0,58.155,71.878,163.678,300.0,271.611,194.812,"Image 1: Alex
Image 2: Brian","Image 1: Alex
Image 2: Brian
Image 3: Chris
Image 4: Dick","Image 1: alex
Image 2: brian
Image 3: chris
Image 4: dick
Image 5: erik
Image 6: fran
Image 7: gordon
Image 8: helen","Image 1: alex
Image 2: brian
Image 3: chris
Image 4: dick
Image 5: eric
Image 6: fran
Image 7: gordon
Image 8: helen","Image 1: Fat
Image 2: Bridge
Image 3:  Robot
Image 4: Pinocio
Image 5: Wheel
Image 6: Box
Image 7: POS
Image 8: whistle","Image 1: wheel
Image 2: filo
Image 3: pez
Image 4: tall
Image 5: robot
Image 6: crab
Image 7: gum
Image 8: legs",alex,alex,brian,dick,alex,chris,helen,brian,helen,eric,dick,alex,fr,helen,alex,gordon,helen,brian,dick,eric,fran,gordon,robot,wheel,whistle,pinocio,box,pos,fat,bridge,gum,filo,pez,legs,wheel,crab,robot,tall,1.0,4.0,4.0,5.0,8.0,8.0,0
nonschema,4908c328-04e3-4da1-aa6b-9893bbafbafb,57ZQA5,01KH9E4056VM7DXEZ35G57ZQA5,0,,,,True,4g,False,10.0,50.0,1440,900,1440,778,en-GB,macOS desktop / Chrome,yes,fairly_paid,adequate,5.0,5,no,no,,,,0,45.03,45.576,90.119,125.094,118.718,120.93,"Image 1: Owl
Image 2: Lifesaver","Image 1: Owl
Image 2: Lifesaver
Image 3: Wally
Image 4: Droid","Image 1: Owl
Image 2: Scorpion
Image 3: Elephant
Image 4: Droid
Image 5: Lifesaver
Image 6: Woody
Image 7: Sofia
Image 8: Wally","Image 1: Flower
Image 2: Paper
Image 3: Sink
Image 4: Plant
Image 5: Bench
Image 6: Minion
Image 7: Root
Image 8: Burger","Image 1: rainbow
Image 2: tea
Image 3: chair
Image 4: pole
Image 5: steering wheel
Image 6: cube
Image 7: holder
Image 8: hotdog","Image 1: seat
Image 2: worm
Image 3: butter
Image 4: pencil
Image 5: toilet paper
Image 6: shoe
Image 7: aubergine
Image 8: stick",lifesaver,owl,lifesaver,droid,owl,wally,woody,scorpion,sofia,lifesaver,droid,owl,elephant,,flower,root,burger,sink,plant,bench,minion,sink,chair,steering wheel,hotdog,pole,cube,holder,rainbow,tea,aubergine,worm,butter,stick,seat,shoe,toilet paper,pencil,2.0,4.0,7.0,5.0,8.0,8.0,1
schema,981ab338-9083-424d-b074-1d5a88cbd8c9,9NVFJX,01KH9E1376QP3A6MAERK9NVFJX,1,,,,True,4g,False,2.6,100.0,1536,912,1536,791,en-US,Windows desktop / Chrome,yes,underpaid,adequate,3.0,3,no,no,,,,0,69.451,101.902,125.793,93.407,159.406,224.243,"Image 1: Orange Lego 
Image 2: Purple Lego","Image 1: Black hand orange hair lego
Image 2: Black hand purple hair lego
Image 3: Red hand orange hair lego
Image 4: Red hand purple hair lego","Image 1:Orange Black Yellow
Image 2:Orange Black Brown
Image 3:Orange Red Brown
Image 4:Orange Red Yellow
Image 5:Purple Black Yellow
Image 6:Purple Black Brown
Image 7:Purple Red Brown
Image 8:Purple Red Yellow","Image 1:Purple Red Brown
Image 2:Orange Black Brown
Image 3:Orange Black Yellow
Image 4:Purple Black Yellow
Image 5:Purple Red Yellow
Image 6:Purple Black Brown
Image 7:Orange Red Yellow
Image 8:Orange Red Brown","Image 1:purple red
Image 2:purple white
Image 3:orange grey
Image 4:purple green
Image 5:Orange Green
Image 6:Orange White
Image 7:Purple Yellow
Image 8:Orange red","Image 1:Medium Blue
Image 2:Small Yellow
Image 3:Tall Orange
Image 4:Tall White
Image 5:Medium White
Image 6:Small Black
Image 7:Tall Pink
Image 8:Tall Brown",purple lego,orange lego,black hands purple hair lego,red hand orange hair lego,black hand orange hair lego,red hands purple hair lego,purple black brown,orange black brown,purple red brown,purple black yellow,orange red yellow,orange black yellow,orange red brown,purple red yellow,purple red brown,orange red yellow,orange red brown,orange black brown,purple black yellow,purple red yellow,purple black brown,orange black yellow,orange grey,orange green,orange red,purple green,orange white,purple yellow,purple yellow,purple yellow,tall pink,small yellow,tall orange,tall brown,medium blue,small black,medium white,tall white,2.0,1.0,8.0,7.0,6.0,7.0,0
schema,7f17e908-5387-4558-a225-b659ccbd77ac,9NVFJX,01KH9E1376QP3A6MAERK9NVFJX,0,,,,True,4g,False,10.0,50.0,1280,680,1280,593,en-US,Windows desktop / Chrome,yes,fairly_paid,adequate,5.0,5,no,no,,,,0,68.762,101.181,125.137,92.67,159.847,221.525,"Image 1: Orange Lego 
Image 2: Purple Lego","Image 1: Black hand orange hair lego
Image 2: Black hand purple hair lego
Image 3: Red hand orange hair lego
Image 4: Red hand purple hair lego","Image 1:Orange Black Yellow
Image 2:Orange Black Brown
Image 3:Orange Red Brown
Image 4:Orange Red Yellow
Image 5:Purple Black Yellow
Image 6:Purple Black Brown
Image 7:Purple Red Brown
Image 8:Purple Red Yellow","Image 1:Purple Red Brown
Image 2:Orange Black Brown
Image 3:Orange Black Yellow
Image 4:Purple Black Yellow
Image 5:Purple Red Yellow
Image 6:Purple Black Brown
Image 7:Orange Red Yellow
Image 8:Orange Red Brown","Image 1:purple red
Image 2:purple white
Image 3:orange grey
Image 4:purple green
Image 5:Orange Green
Image 6:Orange White
Image 7:Purple Yellow
Image 8:Orange red","Image 1:Medium Blue
Image 2:Small Yellow
Image 3:Tall Orange
Image 4:Tall White
Image 5:Medium White
Image 6:Small Black
Image 7:Tall Pink
Image 8:Tall Brown",purple lego,orange lego,black hand purple hair lego,red hands orange hair lego,black hand orange hair lego,red hand purple hair lego,purple black brown,orange black brown,purple red brown,purple black yellow,orange red yellow,orange black yellow,orange red brown,purple red yellow,purple,orange red yellow,orange red brown,orange black brown,purple black yellow,purple red yellow,purple black brown,orange black yellow,orange grey,orange green,orange red,purple green,orange white,purple yellow,purple red,purple orange,tall pink,small yellow,tall yellow,tall brown,medium blue,small black,medium white,tall white,2.0,1.0,8.0,7.0,6.0,7.0,0
schema,91f11c5f-5f21-4680-b395-4e664a63b391,SFQ0P4,01KH9E99MXY9B3S5HTN9SFQ0P4,1,,,,True,4g,False,7.15,50.0,1920,1032,1920,945,en-CA,Linux desktop / Chrome,yes,fairly_paid,adequate,5.0,5,no,no,,,,0,27.872,43.737,79.852,63.159,226.047,173.109,"Image 1:orange
Image 2:purple","Image 1:orange right
Image 2:purple right
Image 3:orange left
Image 4:purple left","Image 1:orange black yellow
Image 2:orange black brown
Image 3:orange red brown
Image 4:orange red yellow
Image 5:purple black yellow
Image 6:purple black brown
Image 7:purple red brown
Image 8:purple red yellow","Image 1:purple red brown
Image 2:orange black brown
Image 3:orange black yellow
Image 4:purple black yellow
Image 5:purple red yellow
Image 6:purple black brown
Image 7:orange red yellow
Image 8:orange red brown","Image 1:multi
Image 2:four
Image 3:three
Image 4:five
Image 5:octagon
Image 6:cube
Image 7:yellow
Image 8:red","Image 1:multi
Image 2:purple small
Image 3:yellow
Image 4:white big
Image 5:white small
Image 6:black
Image 7:purple big
Image 8:brown",purple,orange,purple right,orange left,orange,purple left,purple black brown,orange black brown,purple red brown,purple black yellow,orange red yellow,orange black yellow,orange red brown,purple red yellow,purple red brown,orange red yellow,orange red brown,orange black brown,purple black yellow,purple red yellow,purple black brown,orange black yellow,four,octagon,red,five,cube,yellow,multi,four,purple big,purple small,yellow,brown,multi,black,white small,white big,2.0,3.0,8.0,8.0,5.0,8.0,0
nonschema,b3ff2c52-fd79-4d91-bb1d-a79c67158061,V85HRK,01KH9DFTWW952YEMC9P6V85HRK,0,,,,True,4g,False,7.85,100.0,1920,1080,1920,991,en-GB,Windows desktop / Chrome,yes,underpaid,adequate,4.0,5,no,no,,"great study, good luck with your results.  ",,0,59.54,70.977,162.002,300.0,274.679,195.871,"Image 1: Alex
Image 2: Brian","Image 1: Alex
Image 2: Brian
Image 3: Chris
Image 4: Dick","Image 1: alex
Image 2: brian
Image 3: chris
Image 4: dick
Image 5: erik
Image 6: fran
Image 7: gordon
Image 8: helen","Image 1: alex
Image 2: brian
Image 3: chris
Image 4: dick
Image 5: eric
Image 6: fran
Image 7: gordon
Image 8: helen","Image 1: Fat
Image 2: Bridge
Image 3:  Robot
Image 4: Pinocio
Image 5: Wheel
Image 6: Box
Image 7: POS
Image 8: whistle","Image 1: wheel
Image 2: filo
Image 3: pez
Image 4: tall
Image 5: robot
Image 6: crab
Image 7: gum
Image 8: legs",brian,alex,brian,dick,alex,chris,gordon,brian,gordon,erik,dick,alex,fran,helen,alex,chris,helen,dick,dick,eric,fran,chris,robot,wheel,whistle,pinocio,box,pos,fat,bridge,gum,filo,pez,legs,wheel,crab,robot,tall,1.0,4.0,4.0,5.0,8.0,8.0,0
schema,35fb5e60-7660-4ab9-a8ef-89a86eac9ba4,SFQ0P4,01KH9E99MXY9B3S5HTN9SFQ0P4,0,,,,True,4g,False,1.65,100.0,1366,738,1366,617,en-GB,Windows desktop / Chrome,yes,fairly_paid,adequate,4.0,5,no,no,,It was a good experience.,,0,29.76,38.804,78.911,63.272,221.993,174.153,"Image 1:orange
Image 2:purple","Image 1:orange right
Image 2:purple right
Image 3:orange left
Image 4:purple left","Image 1:orange black yellow
Image 2:orange black brown
Image 3:orange red brown
Image 4:orange red yellow
Image 5:purple black yellow
Image 6:purple black brown
Image 7:purple red brown
Image 8:purple red yellow","Image 1:purple red brown
Image 2:orange black brown
Image 3:orange black yellow
Image 4:purple black yellow
Image 5:purple red yellow
Image 6:purple black brown
Image 7:orange red yellow
Image 8:orange red brown","Image 1:multi
Image 2:four
Image 3:three
Image 4:five
Image 5:octagon
Image 6:cube
Image 7:yellow
Image 8:red","Image 1:multi
Image 2:purple small
Image 3:yellow
Image 4:white big
Image 5:white small
Image 6:black
Image 7:purple big
Image 8:brown",purple,orange,purple right,orange left,orange right,purple left,purple black brown,orange black brown,purple red brown,purple black yellow,orange red yellow,orange black yellow,orange red brown,purple red yellow,purple red brown,orange red yellow,orange red brown,orange black brown,purple black yellow,purple red yellow,purple black brown,orange black yellow,three,octogon,red,four,cube,yellow,multi,four,purple big,purple small,yellow,brown,multi,black,white small,white big,2.0,3.0,8.0,8.0,5.0,8.0,0
nonschema,bf3781c4-57eb-40f2-b5e1-2970dc6c51fe,57ZQA5,01KH9E4056VM7DXEZ35G57ZQA5,1,,,,True,4g,False,10.0,50.0,1368,864,1368,777,fr-CA,Windows desktop / Chrome,yes,underpaid,adequate,4.0,4,no,no,,,,0,46.921,48.524,94.056,127.987,121.58,121.808,"Image 1: Owl
Image 2: Lifesaver","Image 1: Owl
Image 2: Lifesaver
Image 3: Wally
Image 4: Droid","Image 1: Owl
Image 2: Scorpion
Image 3: Elephant
Image 4: Droid
Image 5: Lifesaver
Image 6: Woody
Image 7: Sofia
Image 8: Wally","Image 1: Flower
Image 2: Paper
Image 3: Sink
Image 4: Plant
Image 5: Bench
Image 6: Minion
Image 7: Root
Image 8: Burger","Image 1: rainbow
Image 2: tea
Image 3: chair
Image 4: pole
Image 5: steering wheel
Image 6: cube
Image 7: holder
Image 8: hotdog","Image 1: seat
Image 2: worm
Image 3: butter
Image 4: pencil
Image 5: toilet paper
Image 6: shoe
Image 7: aubergine
Image 8: stick",lifesaver,owl,lifesaver,droid,owl,wally,woody,scorpion,sofia,lifesaver,droid,owl,elephant,wally,flower,root,burger,paper,plant,sink,minion,bench,chair,steering wheel,hotdog,pole,cube,holder,rainbow,tea,aubergine,worm,butter,stick,seat,shoe,toilet paper,pencil,2.0,4.0,7.0,5.0,8.0,8.0,0
nonschema,1c31a0f1-0f09-45f9-95c9-89b0653f2636,0NJX16,01KH9DP47XYN6CH25ZAS0NJX16,1,,,,True,4g,False,9.8,100.0,1680,949,1643,823,en-US,macOS desktop / Chrome,yes,fairly_paid,too_little,4.0,3,no,yes,other person did noit show up for round 3 or 4 which meant i goty every one wroing,why would i be penalized bonus wise because he did not show up for rounds 3 and 4,,0,91.637,132.118,292.057,174.003,300.0,210.833,"Image 1:kada
Image 2:kuda","Image 1:ele
Image 2:elo
Image 3:eli
Image 4:ede","Image 1:aa
Image 2:bb
Image 3:cc
Image 4:dd
Image 5:ee
Image 6:ff
Image 7:gg
Image 8:hh","Image 1:ch
Image 2:cg
Image 3:cc
Image 4:cd
Image 5:ca
Image 6:ce
Image 7:cb
Image 8:cf","Image 1:df
Image 2:db
Image 3:dg
Image 4:dh
Image 5:dd
Image 6:da
Image 7:de
Image 8:dc","Image 1:ed
Image 2:ea
Image 3:ef
Image 4:eh
Image 5:ec
Image 6:eb
Image 7:eg
Image 8:ef",kuda,kada,elo,ede,eli,eli,gg,cc,hh,ee,cc,aa,gg,hh,ch,c b,cd,ce,cc,ca,,ca,df,dc,db,dh,da,dd,df,da,eh,ea,ef,ed,ec,ea,ef,eg,2.0,3.0,2.0,0.0,0.0,0.0,1
nonschema,c64ac876-5379-4077-b9a0-19302e18b15d,QQKA1C,01KH9F6SJVPWNGT8PFERQQKA1C,1,,,,True,4g,False,10.0,100.0,1920,1032,1920,945,en-CA,Windows desktop / Chrome,yes,underpaid,too_much,5.0,5,no,no,,,,0,50.809,81.207,97.983,118.947,168.513,116.089,"Image 1: owl
Image 2: waffle","Image 1: owl
Image 2:waffle
Image 3:goggles
Image 4:car","Image 1:owl
Image 2:scorp
Image 3:orangatan
Image 4:car
Image 5:waffle
Image 6:mower
Image 7:helm
Image 8:goggles","Image 1:totem
Image 2:fridge
Image 3:butter
Image 4:weed
Image 5:seesaw
Image 6:clown
Image 7:bot
Image 8:burger","Image 1:rainbow
Image 2:split
Image 3:darlec
Image 4:chicken
Image 5:wheel
Image 6:rubix
Image 7:taco
Image 8:radical","Image 1:toilet
Image 2:file
Image 3:bar
Image 4:domino
Image 5:fosset
Image 6:pebble
Image 7:jerky
Image 8:stilts",waffle,owl,waffle,car,owl,googles,mower,scorp,helm,waffle,car,owl,monkey,goggles,totem,robot,burger,fridge,weed,seesaw,clown,butter,darlec,wheel,radical,chicken,rubix,taco,rainbow,split,jerky,file,bar,stilts,toilet,pebble,fosset,domino,2.0,3.0,7.0,7.0,8.0,7.0,0
schema,59e783d7-1212-49b5-99d0-6e191c3fd72e,TY9XBR,01KH9DV4HMM8DBXZ1WHDTY9XBR,1,,,,True,4g,False,5.95,50.0,1600,860,1600,739,en-US,Windows desktop / Chrome,yes,fairly_paid,adequate,5.0,5,no,yes,One of the rounds of images did not appear clear,I enjoyed the experience,,0,176.005,151.243,265.412,294.016,294.584,300.0,"Orangina
Purplicious","Image 1: Black Orangina
Image 2: Black Purplicious
Image 3: Red Orangina
Image 4: Red Purplicious","Image 1: Black Orangina Y
Image 2: Black Orangina B
Image 3: Red Orangina B
Image 4: Red Orangina Y
Image 5: Black Purplicious Y
Image 6: Black Purplicious B
Image 7: Red Purplcious B
Image 8: Red Purplicous Y","Image 1:
Image 2:
Image 3:
Image 4: Black Purplicious Y 
Image 5:
Image 6: black orangina b
Image 7: Spider
Image 8: Red orangina b","Image 1: Rainbow
Image 2: Short Purplicious
Image 3: Tall Orangina
Image 4: Buggy
Image 5: Circle
Image 6: Square
Image 7: Cheeseburger
Image 8: Santa Claus","Image 1: Waiter
Image 2: Post-it
Image 3: Orange Juice
Image 4: Robot Purplicious
Image 5: Waffle
Image 6: Furbaby
Image 7: Purple
Image 8: Businessman",purplicious,orangina,black purplicious,red orangina,black orangina,red purplicious,black purplious b,black orangina b,,black purplicious y,red orangina y,black orangina y,red orangina b,red purplicious y,red purplicious b,red orangina y,red orangina b,black orangina b,black purplicious y,red purplicious y,black purplicious b,black orangina y,tall orangina,circle,santa clause,buggy,shorty,chesseburger,rainbow,shorty,purple,post-it,orange juice,robot businessman,waiter,furbaby,waffle,tall purplicious,2.0,4.0,6.0,8.0,4.0,6.0,1
schema,909ba100-7496-480a-8289-d45f082bd0fa,TY9XBR,01KH9DV4HMM8DBXZ1WHDTY9XBR,0,,,,True,4g,False,10.0,100.0,1536,864,1536,776,en-US,Windows desktop / Chrome,yes,underpaid,adequate,4.0,3,no,yes,my partners photos were messed up,nope,,0,177.117,152.392,266.558,294.839,294.443,300.0,"Orangina
Purplicious","Image 1: Black Orangina
Image 2: Black Purplicious
Image 3: Red Orangina
Image 4: Red Purplicious","Image 1: Black Orangina Y
Image 2: Black Orangina B
Image 3: Red Orangina B
Image 4: Red Orangina Y
Image 5: Black Purplicious Y
Image 6: Black Purplicious B
Image 7: Red Purplcious B
Image 8: Red Purplicous Y","Image 1:
Image 2:
Image 3:
Image 4: Black Purplicious Y 
Image 5:
Image 6: black orangina b
Image 7: Spider
Image 8: Red orangina b","Image 1: Rainbow
Image 2: Short Purplicious
Image 3: Tall Orangina
Image 4: Buggy
Image 5: Circle
Image 6: Square
Image 7: Cheeseburger
Image 8: Santa Claus","Image 1: Waiter
Image 2: Post-it
Image 3: Orange Juice
Image 4: Robot Purplicious
Image 5: Waffle
Image 6: Furbaby
Image 7: Purple
Image 8: Businessman",purplicious,orangina,black purplicious,red orangina,black orangina,red purplicious,black purplicious b,black orangina b,red purplicious b,black purplicious y,red orangina y,black orangina y,red orangina b,red purplicious y,red purplicious b,red orangina y,red orangina b,black orangina b,black purplicious y,red purplicious y,black purplicious b,black orangina y,tall orangina,circle,santa claus,buggy,square,cheeseburger,rainbow,short purplicious,purple,post-it,orange juice,businessman,waiter,furbaby,waffle,robot purplicious,2.0,4.0,6.0,8.0,4.0,6.0,0
nonschema,7b029bec-7436-4a92-bcf4-b2a67b642bee,QQKA1C,01KH9F6SJVPWNGT8PFERQQKA1C,0,,,,True,4g,False,10.0,50.0,1366,720,1366,633,en-US,Windows desktop / Chrome,yes,underpaid,adequate,5.0,5,no,no,,,,0,53.148,81.776,97.551,113.517,159.1,110.415,"Image 1: owl
Image 2: waffle","Image 1: owl
Image 2:waffle
Image 3:goggles
Image 4:car","Image 1:owl
Image 2:scorp
Image 3:orangatan
Image 4:car
Image 5:waffle
Image 6:mower
Image 7:helm
Image 8:goggles","Image 1:totem
Image 2:fridge
Image 3:butter
Image 4:weed
Image 5:seesaw
Image 6:clown
Image 7:bot
Image 8:burger","Image 1:rainbow
Image 2:split
Image 3:darlec
Image 4:chicken
Image 5:wheel
Image 6:rubix
Image 7:taco
Image 8:radical","Image 1:toilet
Image 2:file
Image 3:bar
Image 4:domino
Image 5:fosset
Image 6:pebble
Image 7:jerky
Image 8:stilts",waffle,owl,waffle,car,owl,goggles,mower,scorp,helm,waffle,car,owl,orangatan,goggles,totem,bot,burger,fridge,weed,seesaw,clown,butter,darlec,wheel,radical,chicken,rubix,taco,rainbow,split,jerky,file,bar,stilts,toilet,pebble,fosset,bar,2.0,3.0,7.0,7.0,8.0,7.0,0
nonschema,16a2c53d-759c-4b4f-aed7-0c36f07ec5ae,GYV382,01KH9GGGDGP94CQE5X1NGYV382,0,,,,True,4g,False,2.75,100.0,1366,720,1366,599,en-US,Windows desktop / Chrome,yes,fairly_paid,adequate,5.0,5,no,no,,was fun thanks,,0,72.143,47.562,53.245,128.609,79.847,104.191,"Image 1:owl
Image 2:cookie","Image 1:
Image 2:
Image 3:
Image 4:","Image 1:
Image 2:
Image 3:
Image 4:
Image 5:
Image 6:
Image 7:
Image 8:","Image 1:
Image 2:
Image 3:
Image 4:
Image 5:
Image 6:
Image 7:
Image 8:","Image 1:
Image 2:
Image 3:
Image 4:
Image 5:
Image 6:
Image 7:
Image 8:","Image 1:
Image 2:
Image 3:
Image 4:
Image 5:
Image 6:
Image 7:
Image 8:",cookie,owl,cookie,kid,owl,glasses,shark,scorpion,girl,cookie,kid,owl,dog,glasses,flower,kid,girl,snowman,tree,glasses,owl,octapuss,owl,cookie,kid,bird,dice,duck,flower,glasses,purple,dice,orange,brown,cookie,baby,kid,owl,1.0,4.0,8.0,5.0,8.0,8.0,0
nonschema,79706ade-fcd5-4fad-91bf-d00ad09f08f7,GYV382,01KH9GGGDGP94CQE5X1NGYV382,1,,,,True,4g,False,10.0,50.0,1366,720,1366,599,en-US,Linux desktop / Chrome,yes,underpaid,adequate,5.0,5,no,no,,,,0,72.339,47.703,52.415,127.737,81.02,103.33,"Image 1:owl
Image 2:cookie","Image 1:
Image 2:
Image 3:
Image 4:","Image 1:
Image 2:
Image 3:
Image 4:
Image 5:
Image 6:
Image 7:
Image 8:","Image 1:
Image 2:
Image 3:
Image 4:
Image 5:
Image 6:
Image 7:
Image 8:","Image 1:
Image 2:
Image 3:
Image 4:
Image 5:
Image 6:
Image 7:
Image 8:","Image 1:
Image 2:
Image 3:
Image 4:
Image 5:
Image 6:
Image 7:
Image 8:",cookie,one,cookie,kid,owl,glasses,shark,scorpion,girl,cookie,kid,owl,dog,glasses,flowers,g,girl,snowman,tree,glasses,owl,octopous,owl,cookie,kid,bird,dice,duck,flower,glasses,purple,dice,orange,brown,cookie,baby,kid,owl,1.0,4.0,8.0,5.0,8.0,8.0,0
nonschema,6990a8ed-3bee-4e58-9395-072f0989fdef,0NJX16,01KH9DP47XYN6CH25ZAS0NJX16,0,,,,True,4g,False,1.3,100.0,1536,912,1528,834,en-US,Windows desktop / Edge,,,,,,,,,,,0,107.533,134.927,290.336,300.0,300.0,300.0,"Image 1:kada
Image 2:kuda","Image 1:ele
Image 2:elo
Image 3:eli
Image 4:ede","Image 1:aa
Image 2:bb
Image 3:cc
Image 4:dd
Image 5:ee
Image 6:ff
Image 7:gg
Image 8:hh","Image 1:ch
Image 2:cg
Image 3:cc
Image 4:cd
Image 5:ca
Image 6:ce
Image 7:cb
Image 8:cf","Image 1:df
Image 2:db
Image 3:dg
Image 4:dh
Image 5:dd
Image 6:da
Image 7:de
Image 8:dc","Image 1:ed
Image 2:ea
Image 3:ef
Image 4:eh
Image 5:ec
Image 6:eb
Image 7:eg
Image 8:ef",kuda,kada,elo,ede,ele,eli,ff,bb,dd,ee,dd,aa,cc,gg,,,,,,,,,,,,,,,,,,,,,,,,,2.0,3.0,2.0,0.0,0.0,0.0,24
schema,fe197950-5953-4330-ad46-57839cd78366,0HQTBM,01KHYJDQPV0FTH6Y1W4X0HQTBM,0,,,,True,4g,False,10.0,100.0,1536,816,1528,738,en-US,Windows desktop / Edge,yes,underpaid,adequate,4.0,4,no,no,,NA,,0,36.976,26.502,140.242,61.393,77.667,109.366,"Image 1:red hat
Image 2:blue hat","Image 1:red right
Image 2:blue right
Image 3:red left
Image 4:blue left","Image 1:orange black yellow
Image 2:orange black brown
Image 3:orange red brown
Image 4:orange red yellow
Image 5:blue black yellow
Image 6:blue black brown
Image 7:blue red brown
Image 8:blue red yellow","Image 1:blue red brown
Image 2:orange black brown
Image 3:orange black yellow
Image 4:blue black yellow
Image 5:blue red yellow
Image 6:blue black brown
Image 7:orange red yellow
Image 8:orange red brown","Image 1:blue black yellow
Image 2:blue red brown
Image 3:orange black yellow
Image 4:blue red yellow
Image 5:orange red brown
Image 6:orange black brown
Image 7:blue black brown
Image 8:orange red yellow","Image 1:orange red brown tall
Image 2:blue black yellow short
Image 3:orange red brown tall
Image 4:blue black yellow tall 
Image 5:blue black yellow short
Image 6:orange red brown short
Image 7:blue black yellow tall
Image 8:orange red brown tall",blue hat,red hat,blue right,red left,red right,blue right,blue black brown,orange black brown,blue red brown,blue black yellow,orange red yellow,orange black yellow,orange red brown,blue red yellow,blue red brown,orange red yellow,orange red brown,orange black brown,blue black yellow,blue red yellow,red black brown,orange black yellow,orange black yellow,orange red brown,orange red yellow,blue red yellow,orange black brown,blue black brown,blue black yellow,blue red brown,blue black yellow tall,blue black yellow short,orange red brown tall,orange red brown tall,orange red brown short,orange red brown short,blue black yellow tall,blue black yellow tall,2.0,3.0,8.0,6.0,8.0,4.0,0
schema,4f26251b-fa71-43d7-9f3a-e6b05472883a,0HQTBM,01KHYJDQPV0FTH6Y1W4X0HQTBM,1,,,,True,4g,False,10.0,50.0,1440,818,1440,729,en-US,macOS desktop / Chrome,yes,fairly_paid,adequate,5.0,5,no,yes,I had one answer counted as incorrect and my text deleted,,,0,37.978,26.527,140.233,61.416,79.729,106.427,"Image 1:red hat
Image 2:blue hat","Image 1:red right
Image 2:blue right
Image 3:red left
Image 4:blue left","Image 1:orange black yellow
Image 2:orange black brown
Image 3:orange red brown
Image 4:orange red yellow
Image 5:blue black yellow
Image 6:blue black brown
Image 7:blue red brown
Image 8:blue red yellow","Image 1:blue red brown
Image 2:orange black brown
Image 3:orange black yellow
Image 4:blue black yellow
Image 5:blue red yellow
Image 6:blue black brown
Image 7:orange red yellow
Image 8:orange red brown","Image 1:blue black yellow
Image 2:blue red brown
Image 3:orange black yellow
Image 4:blue red yellow
Image 5:orange red brown
Image 6:orange black brown
Image 7:blue black brown
Image 8:orange red yellow","Image 1:orange red brown tall
Image 2:blue black yellow short
Image 3:orange red brown tall
Image 4:blue black yellow tall 
Image 5:blue black yellow short
Image 6:orange red brown short
Image 7:blue black yellow tall
Image 8:orange red brown tall",blue hat,red hat,blue right,red left,red right,blue left,blue black brown,orange black brown,blue red brown,blue black yellow,orange red yellow,orange black yellow,orange red brown,blue red yellow,blue red brown,orange red yellow,orange red brown,orange,blue black yellow,blue red yellow,blue black brown,orange black yellow,orange black yellow,orange red brown,orange red yellow,blue red yellow,orange black brown,blue black brown,blue black yellow,blue red brown,blue black yellow tall,blue black yellow short,orange red brown tall,orange red brown tall,orange red brown short,orange red brown short,blue black yellow short,blue black yellow tall,2.0,3.0,8.0,6.0,8.0,4.0,0
schema,59f36823-7983-4274-b63f-ef3ae50386fa,82WGW1,01KHYJTJRE7K346W15RZ82WGW1,0,,,,True,,,,,1440,783,1440,693,en-CA,macOS desktop / Safari,yes,underpaid,adequate,5.0,5,no,no,,,,0,48.083,34.871,79.439,68.936,73.324,264.694,"Image 1: Orange Hat
Image 2: Purple Hat","Image 1: Right Orange Hat
Image 2: Right Purple Hat
Image 3: Left Orange Hat
Image 4: Left Purple Hat","Image 1: orange black yellow
Image 2: orange black brown
Image 3: orange red brown
Image 4: orange red yellow
Image 5: purple black yellow
Image 6: purple black brown
Image 7: purple red brown
Image 8: purple red yellow","Image 1: purple red brown
Image 2: orange black brown
Image 3: orange black yellow
Image 4: purple black yellow
Image 5: purple red yellow
Image 6: purple black brown
Image 7: orange red yellow
Image 8: orange red brown","Image 1: purple black yellow
Image 2: purple red brown 
Image 3: orange black yellow
Image 4: purple red yellow
Image 5: orange red brown
Image 6: orange black brown 
Image 7: purple black brown
Image 8: orange red yellow","Image 1: orange red brown gray
Image 2: purple black yellow yellow
Image 3: orange red brown orange
Image 4: purple black yellow gray
Image 5: purple black yellow white
Image 6: orange red brown black
Image 7: purple black yellow red
Image 8: orange red brown brown",purple hat,orange hat,right purple hat,left orange hat,right orange hat,left purple hat,purple black brown,orange black brown,purple red brown,purple black yellow,orange red yellow,orange black yellow,orange red brown,purple red yellow,purple red brown,orange red yellow,orange red brown,orange black brown,purple black yellow,purple red yellow,purple black brown,orange black yellow,orange black yellow,orange red brown,orange red yellow,purple red yellow,orange black brown,purple black brown,purple black yellow,purple red brown,purple black yellow red,purple black yellow yellow,orange red brown orange,orange red brown brown,orange red brown gray,orange red brown black,purple black yellow white,purple black yellow gray,2.0,4.0,8.0,8.0,8.0,8.0,0
schema,76e9491a-7a9d-4b5e-8e16-e229d26d9117,82WGW1,01KHYJTJRE7K346W15RZ82WGW1,1,,,,True,4g,False,2.15,200.0,1920,1032,1920,911,en-GB,Windows desktop / Chrome,,,,,,,,,,,0,46.147,34.941,80.437,68.945,73.291,282.718,"Image 1: Orange Hat
Image 2: Purple Hat","Image 1: Right Orange Hat
Image 2: Right Purple Hat
Image 3: Left Orange Hat
Image 4: Left Purple Hat","Image 1: orange black yellow
Image 2: orange black brown
Image 3: orange red brown
Image 4: orange red yellow
Image 5: purple black yellow
Image 6: purple black brown
Image 7: purple red brown
Image 8: purple red yellow","Image 1: purple red brown
Image 2: orange black brown
Image 3: orange black yellow
Image 4: purple black yellow
Image 5: purple red yellow
Image 6: purple black brown
Image 7: orange red yellow
Image 8: orange red brown","Image 1: purple black yellow
Image 2: purple red brown 
Image 3: orange black yellow
Image 4: purple red yellow
Image 5: orange red brown
Image 6: orange black brown 
Image 7: purple black brown
Image 8: orange red yellow","Image 1: orange red brown gray
Image 2: purple black yellow yellow
Image 3: orange red brown orange
Image 4: purple black yellow gray
Image 5: purple black yellow white
Image 6: orange red brown black
Image 7: purple black yellow red
Image 8: orange red brown brown",purple hat,orange hat,right purple hat,left orange hat,right orange hat,left purple hat,purple black brown,orange black brown,purple red brown,purple black yellow,orange red yellow,orange black yellow,orange red brown,purple red yellow,purple red brown,orange red yellow,orange red brown,orange black brown,purple black yellow,purple red yellow,purple black brown,orange black yellow,orange black yellow,orange red brown,orange red yellow,purple red yellow,orange black brown,purple black brown,purple black yellow,purple red brown,purple black yellow red,purple black yellow yellow,orange red brown orange,orange red brown brown,orange red brown gray,orange red brown black,purple black yellow white,purple black yellow gray,2.0,4.0,8.0,8.0,8.0,8.0,0
schema,ccb5a5c0-764b-4459-9cec-7af30d3a531f,PP2GEH,01KHYJHMXW6T3DM1EWCYPP2GEH,0,,,,True,4g,False,10.0,0.0,1920,1032,1920,945,en-GB,Windows desktop / Chrome,,,,,,,,,,,0,78.329,69.121,244.424,105.129,53.099,291.675,"Orange 
Purple","Image 2:
Image 3:
Image 4:","Image 1:
Image 2:
Image 3:
Image 4:
Image 5:
Image 6:
Image 7:
Image 8:","Image 1:
Image 2:
Image 3:
Image 4:
Image 5:
Image 6:
Image 7:
Image 8:","Image 1:
Image 2:
Image 3:
Image 4:
Image 5:
Image 6:
Image 7:
Image 8:","Image 1:
Image 2:
Image 3:
Image 4:
Image 5:
Image 6:
Image 7:
Image 8:",purple,orange,rpurple,lorange,rorange,lpurple,rpurpleb,rorangeb,lpurpleb,rpurpley,lorangey,rorangey,lorangeb,lpurpley,lpurpleb,lorangey,lorangeb,rorangeb,rpurpley,lpurpley,rpurpleb,rorangey,rorangey,lorangeb,lorangey,lpurpley,rorangeb,rpurpleb,rpurpley,lpurpleb,rpurpleyi,rpurpleyi,lorangebo,lorangebo,lorangebo,lorangebo,rpurpleyi,rpurpleyi,2.0,4.0,8.0,8.0,8.0,2.0,0
nonschema,f0451c0e-051b-4e02-9c96-7468fbb7bf08,MD8EBA,01KHYJETXAA34GRFZG37MD8EBA,1,,,,True,4g,False,10.0,50.0,1920,1032,1920,945,en-US,Windows desktop / Chrome,,,,,,,,,,,0,146.03,94.035,77.976,297.327,270.972,194.014,"Image 1:owl
Image 2: pizza","Image 1:owl
Image 2:pizza
Image 3:stepping
Image 4:standing","Image 1:owl
Image 2:scorpion
Image 3:dog
Image 4:standing
Image 5:pizza
Image 6:fish
Image 7:helmet
Image 8:stepping","Image 1:peacock
Image 2:block
Image 3:feet
Image 4:plant
Image 5:eyebrows
Image 6:tongue
Image 7:table
Image 8:turtle","Image 1:rainbow
Image 2:crane
Image 3:soldier
Image 4:parrot
Image 5:wheel
Image 6:nest
Image 7:cheese
Image 8:flame","Image 1:bib
Image 2:caterpillar
Image 3:orange
Image 4:tower
Image 5:ghost
Image 6:bug
Image 7:body
Image 8:legs",pizza,owl,pizza,standing,owl,stepping,fish,scorpion,helmet,pizza,standing,owl,dog,stepping,peacock,table,turtle,block,plant,eyebrows,tongue,feet,soldier,wheel,flame,parrot,nest,cheese,rainbow,crane,body,caterpillar,orange,legs,bib,bug,ghost,tower,2.0,4.0,8.0,8.0,8.0,8.0,0
nonschema,dcee507e-0bad-4639-b329-45f1f3544d94,MD8EBA,01KHYJETXAA34GRFZG37MD8EBA,0,,,,True,4g,False,1.4,150.0,1300,682,1300,596,en-CA,Linux desktop / Chrome,yes,fairly_paid,adequate,4.0,5,no,no,,thank you for the opportunity ,,0,147.23,93.23,78.128,300.0,276.153,194.121,"Image 1:owl
Image 2: pizza","Image 1:owl
Image 2:pizza
Image 3:stepping
Image 4:standing","Image 1:owl
Image 2:scorpion
Image 3:dog
Image 4:standing
Image 5:pizza
Image 6:fish
Image 7:helmet
Image 8:stepping","Image 1:peacock
Image 2:block
Image 3:feet
Image 4:plant
Image 5:eyebrows
Image 6:tongue
Image 7:table
Image 8:turtle","Image 1:rainbow
Image 2:crane
Image 3:soldier
Image 4:parrot
Image 5:wheel
Image 6:nest
Image 7:cheese
Image 8:flame","Image 1:bib
Image 2:caterpillar
Image 3:orange
Image 4:tower
Image 5:ghost
Image 6:bug
Image 7:body
Image 8:legs",pizza,owl,pizza,standing,owl,stepping,fish,scorpion,helmet,pizza,standing,owl,dog,stepping,peacock,table,turtle,block,plant,eyebrows,tongue,feet,soldier,wheel,flame,parrot,nest,cheese,rainbow,crane,body,caterpillar,orange,legs,bib,bug,ghost,tower,2.0,4.0,8.0,8.0,8.0,8.0,0
schema,7fa21263-b051-4770-88a3-a387d7c89119,PP2GEH,01KHYJHMXW6T3DM1EWCYPP2GEH,1,,,,True,4g,False,8.5,50.0,1366,728,1366,607,en-US,Windows desktop / Chrome,yes,fairly_paid,adequate,4.0,5,no,no,,Great study!,,0,76.213,70.104,244.393,105.112,54.048,291.712,"Orange 
Purple","Image 2:
Image 3:
Image 4:","Image 1:
Image 2:
Image 3:
Image 4:
Image 5:
Image 6:
Image 7:
Image 8:","Image 1:
Image 2:
Image 3:
Image 4:
Image 5:
Image 6:
Image 7:
Image 8:","Image 1:
Image 2:
Image 3:
Image 4:
Image 5:
Image 6:
Image 7:
Image 8:","Image 1:
Image 2:
Image 3:
Image 4:
Image 5:
Image 6:
Image 7:
Image 8:",purple,orange,rpurple,lorange,rorange,lpurple,rpurpleb,rorangeb,lpurpleb,rpurpley,lorangey,rorangey,lorangeb,lpurpley,lpurpleb,lorangey,lorangeb,rorangeb,rpurpley,lpurpley,rpurpleb,rorangey,rorangey,lorangeb,lorangey,lpurpley,rorangeb,rpurpleb,rpurpley,lpurpleb,lpurpleyi,rpurpleyi,lorangebo,lorangebo,lorangebo,lorangebo,rpurpleyi,rpurpleyi,2.0,4.0,8.0,8.0,8.0,2.0,0
schema,4efdf354-3446-40e1-b2e2-b328166cf947,3MTPC9,01KHYK8X8QGDWFHGSGRQ3MTPC9,0,,,,True,4g,False,10.0,50.0,1536,816,1536,730,en-GB,Windows desktop / Chrome,yes,fairly_paid,adequate,4.0,5,no,no,,,,0,43.855,70.913,132.341,62.165,64.596,227.217,"Image 1: red
Image 2: purple","Image 1: red black
Image 2: purple black
Image 3: red red
Image 4: purple red","Image 1:rby
Image 2:rbb
Image 3:rrb
Image 4:rry
Image 5:pby
Image 6:pbb
Image 7:prb
Image 8:pry","Image 1:prb
Image 2:rbb
Image 3:rby
Image 4:pby
Image 5:pry
Image 6:pbb
Image 7:rry
Image 8:rrb","Image 1:pby
Image 2:prb
Image 3:rby
Image 4:pry
Image 5:rrb
Image 6:rbb
Image 7:pbb
Image 8:rry","Image 1: ryb
Image 2: pyy
Image 3: ryb
Image 4:pgy
Image 5: pwy
Image 6: rbb
Image 7: ppy
Image 8: rrb",purple,red,purple black,red red,orange black,purple red,pbb,rbb,prb,pby,rry,rby,rrb,pry,prb,rry,rrb,rbb,pby,pry,pbb,rby,rby,rrb,rry,pry,rbb,pbb,pby,prb,ppy,pyy,ryb,rrb,ryb,rbb,pwy,pgy,2.0,3.0,8.0,8.0,8.0,7.0,0
schema,3fa4bded-88a2-4b24-b08b-76f9efd06cbe,3MTPC9,01KHYK8X8QGDWFHGSGRQ3MTPC9,1,,,,True,4g,False,1.65,50.0,1366,728,1366,641,zh-CN,Windows desktop / Chrome,,fairly_paid,adequate,4.0,5,no,no,,,,0,43.519,71.517,132.953,62.673,64.208,226.709,"Image 1: red
Image 2: purple","Image 1: red black
Image 2: purple black
Image 3: red red
Image 4: purple red","Image 1:rby
Image 2:rbb
Image 3:rrb
Image 4:rry
Image 5:pby
Image 6:pbb
Image 7:prb
Image 8:pry","Image 1:prb
Image 2:rbb
Image 3:rby
Image 4:pby
Image 5:pry
Image 6:pbb
Image 7:rry
Image 8:rrb","Image 1:pby
Image 2:prb
Image 3:rby
Image 4:pry
Image 5:rrb
Image 6:rbb
Image 7:pbb
Image 8:rry","Image 1: ryb
Image 2: pyy
Image 3: ryb
Image 4:pgy
Image 5: pwy
Image 6: rbb
Image 7: ppy
Image 8: rrb",purple,red,purple black,red red,red black,purple red,pbb,rbb,prb,pby,rry,rby,rrb,pry,prb,rry,rrb,rbb,pby,pry,pbb,rby,rby,rrb,rry,pry,rbb,pbb,pby,prb,ppy,pyy,ryb,rrb,ryb,rbb,pwy,pgy,2.0,3.0,8.0,8.0,8.0,7.0,0
nonschema,742d65d0-5ae0-41d3-93df-982ce7adb33e,14RBNC,01KHYJZFWEGZTW9KG50W14RBNC,1,,,,True,4g,False,10.0,150.0,1280,752,1280,631,en-CA,Windows desktop / Chrome,,,,,,,,,,,0,95.275,128.173,141.991,192.847,235.399,190.833,"Image 1: owl 
Image 2: cookie","Image 1: batman
Image 2:waffle
Image 3:et
Image 4:train","Image 1:owl
Image 2:scorpion
Image 3:dog
Image 4:train
Image 5:cookie
Image 6:crab
Image 7:telephone
Image 8:et","Image 1:rainbow
Image 2:paper
Image 3:waiter
Image 4:tree
Image 5:seesaw
Image 6:clown
Image 7:telescope
Image 8:oven","Image 1:rainbow
Image 2:waiter
Image 3:trashcan
Image 4:parrot
Image 5:rotor
Image 6:crab
Image 7:spongebob
Image 8:lobster","Image 1:grill
Image 2:bee
Image 3:cheese
Image 4:milk man 
Image 5:baby
Image 6:sausage 
Image 7:gum
Image 8:chocolate",cookie,owl,waffle,train,batman,et,crab,scorpion,telephone,cookie,train,owl,dog,et,rainbow,telescope,oven,paper,tree,seesaw,clown,waiter,trash can,rodder,lobster,parrot,crab,spongebob,rainbow,waiter,gum,bee,cheese,chocolate,grill,sausage,baby,milkman,2.0,4.0,8.0,8.0,6.0,7.0,0
nonschema,78ec7007-407f-485c-af4f-ff4e7adcd31e,14RBNC,01KHYJZFWEGZTW9KG50W14RBNC,0,,,,True,4g,False,1.75,100.0,1280,752,1280,665,en-US,Windows desktop / Chrome,yes,fairly_paid,adequate,4.0,3,no,no,,no,,0,94.766,128.718,141.509,192.327,236.068,191.411,"Image 1: owl 
Image 2: cookie","Image 1: batman
Image 2:waffle
Image 3:et
Image 4:train","Image 1:owl
Image 2:scorpion
Image 3:dog
Image 4:train
Image 5:cookie
Image 6:crab
Image 7:telephone
Image 8:et","Image 1:rainbow
Image 2:paper
Image 3:waiter
Image 4:tree
Image 5:seesaw
Image 6:clown
Image 7:telescope
Image 8:oven","Image 1:rainbow
Image 2:waiter
Image 3:trashcan
Image 4:parrot
Image 5:rotor
Image 6:crab
Image 7:spongebob
Image 8:lobster","Image 1:grill
Image 2:bee
Image 3:cheese
Image 4:milk man 
Image 5:baby
Image 6:sausage 
Image 7:gum
Image 8:chocolate",cookie,owl,waffle,train,batman,et,crab,scorpion,telephone,cookie,train,owl,dog,et,rainbow,telescope,oven,paper,tree,seesaw,clown,waiter,trashcan,rotor,lobster,parrot,crab,spongebob,rainbow,waiter,gum,bee,cheese,chocolate,grill,sausage,baby,milk man,2.0,4.0,8.0,8.0,6.0,7.0,0
nonschema,8944690e-f35e-4c9c-8ba3-1328d5c84f9a,W8KCV6,01KHYJMFD4PV1TNVJYRMW8KCV6,0,,,,True,4g,False,10.0,50.0,1410,892,1410,771,en-GB,Linux desktop / Chrome,yes,underpaid,adequate,4.0,4,no,no,,,,0,133.468,247.197,292.501,275.367,230.837,269.514,"Image 1: owly
Image 2: patty","Image 1: owly
Image 2: patty
Image 3: doggy
Image 4: boy","Image 1:owly
Image 2:scorpion
Image 3:donkey
Image 4:boy
Image 5:patty
Image 6:hammer
Image 7:wig
Image 8:doggy","Image 1:flower
Image 2:brick
Image 3: cake
Image 4: broccoli
Image 5:car
Image 6:tongue
Image 7:squid
Image 8:taxi","Image 1:brick
Image 2:nothing
Image 3:robot
Image 4:parrot
Image 5:wheel
Image 6:dice
Image 7:taxi
Image 8:red","Image 1: patty
Image 2:doggy
Image 3:taxi
Image 4:robot
Image 5:silver
Image 6:black
Image 7:tongue
Image 8:poo",patty,owly,patty,boy,owly,doggy,hammer,scorpion,wig,patty,boy,owly,dog,boy,flower,squid,taxi,brick,broccoli,car,tongue,cake,robot,wheel,red,parrot,dice,taxi,brick,nothing,tongue,doggy,taxi,poo,patty,black,silver,doggy,2.0,3.0,5.0,7.0,6.0,7.0,0
nonschema,b1ff23e8-9895-4b10-9b78-e1ce9b3c6925,W8KCV6,01KHYJMFD4PV1TNVJYRMW8KCV6,1,,,,True,3g,False,1.35,550.0,1440,869,1440,813,en-US,macOS desktop / Chrome,,,,,,,,,,,0,134.558,250.333,294.459,275.209,230.697,270.066,"Image 1: owly
Image 2: patty","Image 1: owly
Image 2: patty
Image 3: doggy
Image 4: boy","Image 1:owly
Image 2:scorpion
Image 3:donkey
Image 4:boy
Image 5:patty
Image 6:hammer
Image 7:wig
Image 8:doggy","Image 1:flower
Image 2:brick
Image 3: cake
Image 4: broccoli
Image 5:car
Image 6:tongue
Image 7:squid
Image 8:taxi","Image 1:brick
Image 2:nothing
Image 3:robot
Image 4:parrot
Image 5:wheel
Image 6:dice
Image 7:taxi
Image 8:red","Image 1: patty
Image 2:doggy
Image 3:taxi
Image 4:robot
Image 5:silver
Image 6:black
Image 7:tongue
Image 8:poo",patty,owly,patty,boy,doggy,doggy,,scorpion,wig,patty,boy,owly,donkey,doggy,,squid,taxi,brick,broccoli,car,tongue,cake,robot,wheel,red,,,taxi,brick,nothing,tongue,doggy,taxi,poo,patty,black,silver,robot,2.0,3.0,5.0,7.0,6.0,7.0,4
schema,a502ccfc-bd8f-4e09-b570-47165482f8d1,C16QEP,01KHYDCPGZ2E9HKHDGZNC16QEP,0,,,,True,4g,False,4.05,100.0,1440,777,1440,690,vi-VN,macOS desktop / Chrome,,,,,,,,,,,0,61.051,45.24,100.846,64.072,88.371,173.499,"Image 1:Orange
Image 2:Purple","Image 1: orange right
Image 2: purple right
Image 3: orange left
Image 4: purple left","Image 1: orange black yellow
Image 2: orange black brown
Image 3:orange red brown
Image 4: orange red yellow
Image 5: purple black yellow
Image 6: purple black brown
Image 7: purple red brown
Image 8: purple red yellow","Image 1:purple red brown
Image 2:orange black brown
Image 3: orange black yellow
Image 4: purple black yellow
Image 5: purple red yellow
Image 6: purple black brown
Image 7: orange red yellow
Image 8: orange red brown","Image 1:purple black yellow
Image 2:purple red brown
Image 3:orange black yellow
Image 4:purple red yellow
Image 5: orange red brown
Image 6: orange black brown
Image 7: purple black brown
Image 8: orange red yellow","Image 1: blue brown
Image 2: yellow yellow
Image 3: yellow brown
Image 4: grey yellow
Image 5: white yellow
Image 6: black brown
Image 7: pink yellow
Image 8: brown brown",purple,orange,purple right,orange left,orange right,purple left,purple black brown,orange black brown,purple red brown,purple black yellow,orange red yellow,orange black yellow,orange red brown,purple red yellow,purple red brown,orange red yellow,orange red brown,orange black brown,purple black yellow,purple red yellow,purple black brown,orange black yellow,orange black yellow,orange red brown,orange red yellow,purple red yellow,orange black brown,purple black brown,purple black yellow,purple red brown,pink yellow,yellow yellow,yellow brown,brown brown,blue brown,black brown,white yellow,grey yellow,2.0,4.0,8.0,7.0,8.0,7.0,0
nonschema,ec6febcc-9b03-4b9e-b3e0-2eb0c91197e4,R2C7TK,01KHYDFCK6M3FVQV6DK0R2C7TK,0,,,,True,,,,,1920,1080,1707,938,en-GB,Windows desktop / Chrome,yes,fairly_paid,adequate,5.0,5,no,no,,,,0,29.724,29.504,42.0,104.272,121.117,107.957,"Image 1: Owl
Image 2: Cookie","Image 1: Owl
Image 2: Cookies
Image 3: Binoculars
Image 4: Robot","Image 1: Owl
Image 2: Scorpion
Image 3: Dog
Image 4: Robot
Image 5: Cookie
Image 6: Fish
Image 7: Edna
Image 8: Binoculars","Image 1: Aztec
Image 2: Paper
Image 3: Cheese
Image 4: Plant
Image 5: Eyebrows
Image 6: Goat
Image 7: Spider
Image 8: Burger","Image 1: Quilt
Image 2: Crab
Image 3: Robot
Image 4: Bird
Image 5: Wheel
Image 6: Snowman
Image 7: Postbox
Image 8: Thing","Image 1: Toilet
Image 2: Ice Cream
Image 3: Chip
Image 4: Tall Snowman
Image 5:  Short Snowman
Image 6: Crab
Image 7: French
Image 8: Legs",cookie,owl,cookie,robot,owl,binoculars,fish,scorpion,edna,cookie,robot,owl,dog,binoculars,aztec,spider,burger,paper,plant,eyebrows,goat,cheese,robot,wheel,thing,bird,snowman,postbox,quilt,crab,french,ice cream,chip,legs,toilet,crab,short snowman,tall snowman,2.0,4.0,8.0,8.0,8.0,7.0,0
schema,c9708758-e1ee-43fe-ac0f-a68e8c2840a8,C16QEP,01KHYDCPGZ2E9HKHDGZNC16QEP,1,,,,True,4g,False,10.0,100.0,1536,816,1528,698,en-US,Windows desktop / Edge,yes,fairly_paid,too_much,5.0,5,no,no,,,,0,60.496,46.706,101.218,63.431,88.767,174.541,"Image 1:Orange
Image 2:Purple","Image 1: orange right
Image 2: purple right
Image 3: orange left
Image 4: purple left","Image 1: orange black yellow
Image 2: orange black brown
Image 3:orange red brown
Image 4: orange red yellow
Image 5: purple black yellow
Image 6: purple black brown
Image 7: purple red brown
Image 8: purple red yellow","Image 1:purple red brown
Image 2:orange black brown
Image 3: orange black yellow
Image 4: purple black yellow
Image 5: purple red yellow
Image 6: purple black brown
Image 7: orange red yellow
Image 8: orange red brown","Image 1:purple black yellow
Image 2:purple red brown
Image 3:orange black yellow
Image 4:purple red yellow
Image 5: orange red brown
Image 6: orange black brown
Image 7: purple black brown
Image 8: orange red yellow","Image 1: blue brown
Image 2: yellow yellow
Image 3: yellow brown
Image 4: grey yellow
Image 5: white yellow
Image 6: black brown
Image 7: pink yellow
Image 8: brown brown",purple,orange,purple right,orange left,orange right,purple left,purple black brown,orange black brown,purple red brown,purple black yellow,orange red yellow,orange black yellow,orange red brown,purple red yellow,purple red brown,orange red right,orange red brown,orange black brown,purple black yellow,purple red yellow,purple black brown,orange black yellow,orange black yellow,orange red brown,orange red yellow,purple red yellow,orange black brown,purple black brown,purple black yellow,purple red brown,pink yellow,yellow yellow,yellow brown,brown brown,blue brown,black brown,purple yellow,grey yellow,2.0,4.0,8.0,7.0,8.0,7.0,0
nonschema,d4719655-fd84-4b51-9542-8f0ce1099173,R2C7TK,01KHYDFCK6M3FVQV6DK0R2C7TK,1,,,,True,4g,False,10.0,50.0,1920,1032,1920,945,en-GB,Windows desktop / Chrome,,,,,,,,,,,0,34.803,31.495,43.944,114.236,122.077,117.909,"Image 1: Owl
Image 2: Cookie","Image 1: Owl
Image 2: Cookies
Image 3: Binoculars
Image 4: Robot","Image 1: Owl
Image 2: Scorpion
Image 3: Dog
Image 4: Robot
Image 5: Cookie
Image 6: Fish
Image 7: Edna
Image 8: Binoculars","Image 1: Aztec
Image 2: Paper
Image 3: Cheese
Image 4: Plant
Image 5: Eyebrows
Image 6: Goat
Image 7: Spider
Image 8: Burger","Image 1: Quilt
Image 2: Crab
Image 3: Robot
Image 4: Bird
Image 5: Wheel
Image 6: Snowman
Image 7: Postbox
Image 8: Thing","Image 1: Toilet
Image 2: Ice Cream
Image 3: Chip
Image 4: Tall Snowman
Image 5:  Short Snowman
Image 6: Crab
Image 7: French
Image 8: Legs",cookie,owl,cookie,robot,owl,binoculars,fish,scorpion,edna,cookie,robot,owl,dog,binoculars,aztec,spider,burger,paper,plant,eyebrows,goat,cheese,robot,wheel,thing,bird,snowman,postbox,quilt,crab,french,icecream,chip,legs,toilet,crab,short snowman,tall snowman,2.0,4.0,8.0,8.0,8.0,7.0,0
nonschema,034ef656-87f1-43f2-9054-9761833fab35,SJME17,01KHYDHRXQ7GFXX5YHV9SJME17,0,,,,True,4g,False,10.0,50.0,1280,752,1280,665,en-US,Windows desktop / Chrome,yes,underpaid,adequate,4.0,5,no,no,,nothing,,0,41.734,64.618,114.384,244.098,158.6,120.81,"Image 1:owl 
Image 2: donut","Image 1:owl
Image 2:donut
Image 3: big
Image 4:small","Image 1:owl
Image 2:scorpion
Image 3:monkey
Image 4:small
Image 5:donut
Image 6:fly
Image 7:hair
Image 8:big","Image 1:leaf
Image 2:white
Image 3:yellow
Image 4:green
Image 5:eyes
Image 6:waiter
Image 7:brown
Image 8:oven","Image 1:rainbow
Image 2:purple
Image 3:grey
Image 4:green
Image 5:donut
Image 6:white
Image 7:yellow
Image 8:red","Image 1:blue
Image 2:pink
Image 3:yellow
Image 4:long
Image 5:short
Image 6:black
Image 7:purple
Image 8:brown",donut,owl,donut,small,owl,big,fly,scorpion,hair,donut,small,owl,monkey,big,leaf,brown,oven,white,green,eyes,waiter,yellow,grey,donut,red,green,white,yellow,rainbow,purple,purple,pink,yellow,brown,blue,black,short,long,2.0,4.0,8.0,8.0,8.0,8.0,0
nonschema,edb1aeb0-2cd9-40a3-8da6-138b3dd70be9,SJME17,01KHYDHRXQ7GFXX5YHV9SJME17,1,,,,True,4g,False,10.0,50.0,1470,862,1470,775,en-GB,macOS desktop / Chrome,maybe,fairly_paid,adequate,5.0,4,no,no,,,,0,45.005,65.848,113.575,243.349,144.849,112.022,"Image 1:owl 
Image 2: donut","Image 1:owl
Image 2:donut
Image 3: big
Image 4:small","Image 1:owl
Image 2:scorpion
Image 3:monkey
Image 4:small
Image 5:donut
Image 6:fly
Image 7:hair
Image 8:big","Image 1:leaf
Image 2:white
Image 3:yellow
Image 4:green
Image 5:eyes
Image 6:waiter
Image 7:brown
Image 8:oven","Image 1:rainbow
Image 2:purple
Image 3:grey
Image 4:green
Image 5:donut
Image 6:white
Image 7:yellow
Image 8:red","Image 1:blue
Image 2:pink
Image 3:yellow
Image 4:long
Image 5:short
Image 6:black
Image 7:purple
Image 8:brown",donut,owl,donut,small,owl,big,fly,scorpion,hair,donut,small,owl,monkey,big,leaf,brown,oven,white,green,eyes,waiter,yellow,grey,donut,red,green,white,yellow,rainbow,purple,purple,pink,yellow,brown,blue,black,short,long,2.0,4.0,8.0,8.0,8.0,8.0,0
nonschema,f1861d48-9e17-4265-8965-0d4af313d852,KHQ8YT,01KHYDJWDF400QJFJ1DBKHQ8YT,1,,,,True,4g,False,9.65,50.0,1536,864,1920,970,en,Windows desktop / Chrome,yes,fairly_paid,adequate,5.0,5,no,no,,,,0,37.84,64.852,56.47,227.911,148.766,136.915,"Image 1:cat
Image 2: donut","Image 1: cat
Image 2: donut
Image 3: bug
Image 4: snap","Image 1: cat
Image 2: scorpion
Image 3: dog
Image 4: snap
Image 5: donut
Image 6: grasshopper
Image 7: girl
Image 8: bug","Image 1: mardigras
Image 2: paper
Image 3: type
Image 4: tree
Image 5: radiator
Image 6: puppy
Image 7: spider
Image 8: phone","Image 1: rubix
Image 2: girl
Image 3: gray
Image 4: bird
Image 5: wheel
Image 6: robot
Image 7: mail
Image 8: burglar","Image 1: turkey
Image 2: worm
Image 3: banana
Image 4: domino
Image 5: r2d2
Image 6: crab
Image 7: board
Image 8: chocolate",donut,cat,donut,snap,cat,bug,grasshopper,scorpion,girl,donut,snap,cat,dog,bug,mardigras,spider,phone,paper,tree,radiator,puppy,type,gray,wheel,burglar,bird,robot,mail,rubix,girl,board,worm,banana,chocolate,donut,crab,r2d2,domino,2.0,4.0,8.0,8.0,8.0,7.0,0
schema,0ec9869e-42a6-4f92-833d-7c90e28eec5e,7XZ4VH,01KHYDHPFEQ92AYBZ0KV7XZ4VH,0,,,,True,,,,,2560,1392,2560,1307,en-US,Windows desktop / Firefox,,,,,,,,,,,0,35.573,51.004,91.684,149.93,116.095,300.0,"Image 1:orange robot orange robot
Image 2:purple robot purple robot","Image 1:orange black
Image 2:purple black
Image 3: orange red
Image 4: purple red","Image 1:orange black yellow
Image 2:orange black brown
Image 3:orange red brown
Image 4:orange red yellow
Image 5: purple black yellow
Image 6: purple black brown
Image 7: purple red brown
Image 8: purple red yellow","Image 1:prb
Image 2:obb
Image 3:oby
Image 4:pby
Image 5: pry
Image 6: pbb
Image 7:ory
Image 8: orb","Image 1:pby 
Image 2:prb
Image 3:oby
Image 4:pry
Image 5: orb
Image 6: obb
Image 7: pbb
Image 8: ory","Image 1:orbc 
Image 2: pbysmall
Image 3:orbr 
Image 4:pbybig
Image 5: pbymed
Image 6:orbsmall rect
Image 7: pbyred
Image 8:orbbig",purple robot,orange robot,purple black,orange red,orange black,purple red,purple black brown,orange black brown,purple red brown,purple black yellow,orange red yellow,orange black yellow,orange red brown,purple red yellow,prb,ory,orb,obb,pby,pry,pbb,oby,oby,orb,ory,pry,obb,pbb,pby,prb,pbyred,pbysmall,orbr,orbsmall,orbc,orbr,pbymedium,pbytall,2.0,4.0,7.0,8.0,7.0,2.0,0
nonschema,3501f6cc-e91f-4189-aa5d-f747c42243dd,KHQ8YT,01KHYDJWDF400QJFJ1DBKHQ8YT,0,,,,True,4g,False,5.4,50.0,1366,720,1366,599,en-US,Linux desktop / Chrome,yes,fairly_paid,adequate,5.0,5,no,no,,"That was something new and unique, and fun! Thanks!",,0,36.095,64.122,55.711,227.116,148.038,135.206,"Image 1:cat
Image 2: donut","Image 1: cat
Image 2: donut
Image 3: bug
Image 4: snap","Image 1: cat
Image 2: scorpion
Image 3: dog
Image 4: snap
Image 5: donut
Image 6: grasshopper
Image 7: girl
Image 8: bug","Image 1: mardigras
Image 2: paper
Image 3: type
Image 4: tree
Image 5: radiator
Image 6: puppy
Image 7: spider
Image 8: phone","Image 1: rubix
Image 2: girl
Image 3: gray
Image 4: bird
Image 5: wheel
Image 6: robot
Image 7: mail
Image 8: burglar","Image 1: turkey
Image 2: worm
Image 3: banana
Image 4: domino
Image 5: r2d2
Image 6: crab
Image 7: board
Image 8: chocolate",donut,cat,donut,snap,cat,bug,grasshopper,scorpion,girl,donut,snap,cat,dog,bug,mardigras,spider,phone,paper,tree,radiator,puppy,type,gray,wheel,burglar,bird,robot,mail,rubix,girl,board,worm,banana,chocolate,turkey,crab,r2d2,domino,2.0,4.0,8.0,8.0,8.0,7.0,0
schema,a8bafa6d-9c4f-4106-9c04-9c25295036e1,7XZ4VH,01KHYDHPFEQ92AYBZ0KV7XZ4VH,1,,,,True,4g,False,1.05,200.0,1536,816,1920,912,en-US,Windows desktop / Chrome,,,,,,,,,,,0,49.772,51.168,90.92,150.196,115.355,300.0,"Image 1:orange robot orange robot
Image 2:purple robot purple robot","Image 1:orange black
Image 2:purple black
Image 3: orange red
Image 4: purple red","Image 1:orange black yellow
Image 2:orange black brown
Image 3:orange red brown
Image 4:orange red yellow
Image 5: purple black yellow
Image 6: purple black brown
Image 7: purple red brown
Image 8: purple red yellow","Image 1:prb
Image 2:obb
Image 3:oby
Image 4:pby
Image 5: pry
Image 6: pbb
Image 7:ory
Image 8: orb","Image 1:pby 
Image 2:prb
Image 3:oby
Image 4:pry
Image 5: orb
Image 6: obb
Image 7: pbb
Image 8: ory","Image 1:orbc 
Image 2: pbysmall
Image 3:orbr 
Image 4:pbybig
Image 5: pbymed
Image 6:orbsmall rect
Image 7: pbyred
Image 8:orbbig",purple robot,orange robot,purple black,orange red,orange black,purple red,purple black brown,orange black brown,purple red brown,purple black yellow,orange red yellow,orange blac,orange red brown,purple red yellow,prb,ory,orb,obb,pby,pry,pbb,oby,oby,orb,ory,p,obb,pbb,pby,prb,pbytall,pbysmall,orbrect,orb,orbb,orbsmall,pby,pbytall,2.0,4.0,7.0,8.0,7.0,2.0,0
schema,b75a11df-c9fa-40e0-88c8-1497cfc5191f,YTYFXS,01KHYDTSCQ2PT70EJ79TYTYFXS,0,,,,True,4g,False,10.0,50.0,1536,816,1536,695,en-US,Windows desktop / Chrome,yes,fairly_paid,adequate,4.0,4,no,no,,,,0,51.299,66.695,86.707,74.845,104.777,225.539,"Image 1: red 
Image 2:purple","Image 1: red
Image 2: purple
Image 3: redred
Image 4: purplered","Image 1:rby
Image 2:rbb
Image 3:rrb
Image 4:rry
Image 5:pby
Image 6:pbb
Image 7:prb
Image 8:pry","Image 1: prb
Image 2: rbb
Image 3: rby
Image 4: pby
Image 5: pry
Image 6: pbb
Image 7: rry
Image 8: rrb","Image 1:multi
Image 2:prb
Image 3:rby
Image 4:pry
Image 5:rrb
Image 6:rbb
Image 7:pbb
Image 8:rry","Image 1:trb
Image 2:yby
Image 3:yrb
Image 4:bby
Image 5:wby
Image 6:brb
Image 7:fby
Image 8:brown",purple,red,purple,redred,red,purplered,pbb,rbb,prb,pby,rry,rby,rrb,pry,prb,rry,rrb,rbb,pby,pry,pbb,rby,rby,rrb,rry,pry,rbb,pbb,multi,prb,fby,yby,yrb,brown,trb,brb,wby,bby,2.0,4.0,8.0,8.0,8.0,8.0,0
nonschema,ec25b7c8-f8c0-48f2-b7ec-b0f820d2e3a7,GQR2MR,01KHYDDARBH74Z04X8CNGQR2MR,0,,,,True,4g,False,10.0,100.0,1920,999,1920,878,en-US,Windows desktop / Chrome,,,,,,,,,,,0,67.931,67.695,105.427,234.934,149.394,177.709,"Image 1: Standing owl
Image 2: lego face","Image 1:standing owl
Image 2:lego face
Image 3:frog
Image 4:crooked hat","Image 1:standing owl
Image 2:scorpian
Image 3:moose
Image 4: crooked hat
Image 5:lego face
Image 6: fly
Image 7:hair
Image 8:frog","Image 1:peacock
Image 2:alfalfa
Image 3:yellow feet
Image 4: greenhopper
Image 5:orange ears
Image 6:gray ears
Image 7:crooked hat
Image 8:yellow duck","Image 1:apple
Image 2:tree
Image 3:sunglasses 
Image 4: Parrot
Image 5:green face
Image 6:square lego
Image 7:yellow hamburger
Image 8:crroked hat","Image 1: blue robot
Image 2:backpack
Image 3: cheese robot
Image 4:big mouth
Image 5:robot
Image 6:little green man
Image 7:red body
Image 8: crooked hat",lego face,standing owl,lego face,crooked hat,standing owl,frog,fly,scorpian,hair,lego face,crooked hat,standing owl,moose,frog,peacock,crooked hat,yellow duck,alfalfa,greenhopper,orange ears,gray ears,yellow feet,sunglasses,green face,crooked hat,parrot,square lego,yellow hamburger,apple,tree,red body,backpack,cheese robot,robot,blue robot,little green man,robot,big mouth,2.0,4.0,7.0,4.0,8.0,6.0,0
nonschema,33d7b7d6-e37c-4428-a33b-80aebe72daae,GQR2MR,01KHYDDARBH74Z04X8CNGQR2MR,1,,,,True,4g,False,10.0,100.0,1280,752,1280,665,en-US,Windows desktop / Chrome,yes,fairly_paid,adequate,3.0,4,no,no,,None,,0,69.308,67.094,110.888,248.389,153.884,181.191,"Image 1: Standing owl
Image 2: lego face","Image 1:standing owl
Image 2:lego face
Image 3:frog
Image 4:crooked hat","Image 1:standing owl
Image 2:scorpian
Image 3:moose
Image 4: crooked hat
Image 5:lego face
Image 6: fly
Image 7:hair
Image 8:frog","Image 1:peacock
Image 2:alfalfa
Image 3:yellow feet
Image 4: greenhopper
Image 5:orange ears
Image 6:gray ears
Image 7:crooked hat
Image 8:yellow duck","Image 1:apple
Image 2:tree
Image 3:sunglasses 
Image 4: Parrot
Image 5:green face
Image 6:square lego
Image 7:yellow hamburger
Image 8:crroked hat","Image 1: blue robot
Image 2:backpack
Image 3: cheese robot
Image 4:big mouth
Image 5:robot
Image 6:little green man
Image 7:red body
Image 8: crooked hat",lego face,standing owl,lego face,crooked hat,standing owl,frog,fly,scorpian,hair,lego face,frog,standing owl,moose,frog,peacock,alfalfa,yellow duck,alfalfa,grasshopper,orange ears,gre,yellow feat,sunglasses,green face,crooked hat,parrot,square lego,yellow hamburger,apple,tree,red body,backpack,cheese robot,crooked hat,blue robot,little green man,robot,bog mouth,2.0,4.0,7.0,4.0,8.0,6.0,0
schema,750f4c3d-ec1b-42a0-9c25-084521fbfa2f,YTYFXS,01KHYDTSCQ2PT70EJ79TYTYFXS,1,,,,True,4g,False,10.0,100.0,1680,1025,1680,938,en-US,macOS desktop / Chrome,yes,fairly_paid,adequate,5.0,5,no,no,,The only time I played a similar version to this game was when my partners left so I could even finish the study so this still was like my first time.,,0,66.131,68.543,86.498,75.656,104.516,224.339,"Image 1: red 
Image 2:purple","Image 1: red
Image 2: purple
Image 3: redred
Image 4: purplered","Image 1:rby
Image 2:rbb
Image 3:rrb
Image 4:rry
Image 5:pby
Image 6:pbb
Image 7:prb
Image 8:pry","Image 1: prb
Image 2: rbb
Image 3: rby
Image 4: pby
Image 5: pry
Image 6: pbb
Image 7: rry
Image 8: rrb","Image 1:multi
Image 2:prb
Image 3:rby
Image 4:pry
Image 5:rrb
Image 6:rbb
Image 7:pbb
Image 8:rry","Image 1:trb
Image 2:yby
Image 3:yrb
Image 4:bby
Image 5:wby
Image 6:brb
Image 7:fby
Image 8:brown",purple,red,purple,redred,red,purplered,pbb,rbb,prb,pby,rry,rby,rrb,pry,prb,rry,rrb,rbb,pby,pry,pbb,rby,rby,rrb,rry,pry,rbb,pbb,multi,prb,fby,yby,yrb,brown,trb,brb,wby,bby,2.0,4.0,8.0,8.0,8.0,8.0,0
schema,5e1031a3-4b26-4039-8e65-47b5e5cd6633,PYZZRG,01KHYDG22YQFE2D3B4KVPYZZRG,0,,,,True,4g,False,10.0,50.0,1920,1055,1920,934,en-GB,macOS desktop / Chrome,yes,fairly_paid,adequate,5.0,5,no,no,,,,0,87.687,109.349,149.507,155.044,80.856,300.0,"Image 1: Orange Lego
Image 2: Purple Lego","Image 1: Right facing orange hat
Image 2: Right facing purple hat
Image 3: Left facing orange hat
Image 4: Left facing purple hat","Image 1: Right facing orange hat yellow feet
Image 2: Right facing orange hat brown feet
Image 3: Left facing orange hat brown feet
Image 4: Left facing orange hat yellow feet
Image 5: Right facing purple hat yellow feet
Image 6: Right facing purple hat brown feet
Image 7: Left facing purple hat brown feet
Image 8: Left facing purple hat yellow feet","Image 1: Right facing orange hat yellow feet
Image 2: Right facing orange hat brown feet
Image 3: Left facing orange hat brown feet
Image 4: Left facing orange hat yellow feet
Image 5: Right facing purple hat yellow feet
Image 6: Right facing purple hat brown feet

Image 1: Left facing purple hat brown feet
Image 8: Left facing purple hat yellow feet","Image 1:
Image 2:
Image 3:
Image 4:
Image 5:
Image 6: right facing orange hat brown feet
Image 7:
Image 8:","Image 1: left facing orange hat 4 brown feet
Image 2: right facing purple hat long yellow feet 
Image 3: left facing orange hat 2 brown feet
Image 4: right facing purple hat tall body
Image 5: right facing purple hat flat yellow feet
Image 6: left facing orange hat flat wide body
Image 7: right facing purple hat lean yellow feet
Image 8: left facing orange hat long brown feet",purple lego,orange lego,right facing purple hat,left facing orange hat,right facing orange hat,left facing purple hat,right facing purple hat brown feet,right facing orange hat brown feet,left facing purple hat brown feet,right facing purple hat yellow feet,left facing orange hat yellow feet,right facing orange hat yellow feet,left facing orange hat brown feet,left facing purple hat yellow feet,left facing purple hat brown feet,left facing orange hat yellow feet,left facing orange hat brown feet,right facing orange hat brown feet,right facing purple hat yellow feet,left facing purple hat yellow feet,right facing purple hat brown feet,right facing orange hat yellow feet,right facing orange hat yellow feet,left facing orange hat brown feet,left facing orange hat yellow feet,left facing purple hat yellow feet,right facing orange hat brown feet,right facing purple hat brown feet,right facing purple hat yellow feet,left facing purple hat brown feet,right facing purple hat lean yellow feet,right facing purple hat long yellow feet,left facing orange hat 2 brown feet,left facing orange hat long brown legs,left facing orange hat 4 brown feet,left facing orange hat flat wide body,right facing purple hat yellow feet,right facing purple hat tall body,2.0,4.0,8.0,8.0,8.0,3.0,0
schema,0a54943c-3dc2-421c-a9db-aca3a9bc9bb8,1PHMY2,01KHYDJMRN02AKR0817J1PHMY2,0,,,,True,4g,False,10.0,100.0,1280,680,1280,559,en-US,Windows desktop / Chrome,yes,fairly_paid,adequate,5.0,5,no,no,,study is interesting and the game is good to play.,,0,62.383,56.186,103.07,107.991,122.015,238.936,"Image 1: Orange
Image 2: Purple","Image 1: Orange 
Image 2: Purple
Image 3: Orange Left
Image 4: Purple Left","Image 1:orange right yellow
Image 2:orange right brown
Image 3:orange left brown
Image 4:orange left yellow
Image 5:purple right yellow
Image 6:purple right brown
Image 7:purple left brown
Image 8:purple left yellow","Image 1:purple left brown
Image 2:orange right brown
Image 3:orange right yellow
Image 4:purple right yellow
Image 5:purple left yellow
Image 6:purple right brown
Image 7:orange left yellow
Image 8:orange left brown","Image 1:purple right yellow
Image 2:purple left brown
Image 3:orange right yellow
Image 4:purple left yellow
Image 5:orange left brown
Image 6:orange right brown
Image 7:purple right brown
Image 8:orange left yellow","Image 1:orange left brown
Image 2:purple right yellow
Image 3:orange left brown long
Image 4:purple left brown long
Image 5:purple right yellow
Image 6:orange left brown
Image 7:purple right yellow long 
Image 8:orange left brown long",purple,orange,purple,orange left,orange,purple left,purple right brown,orange right brown,purple left brown,purple right yellow,orange left yellow,orange right yellow,orange left brown,purple left yellow,purple left brown,orange left yellow,orange left brown,orange right brown,purple right yellow,purple left yellow,purple right brown,orange right yellow,orange right yellow,orange left brown,orange left yellow,purple left yellow,orange right brown,purple right brown,purple right yellow,purple left brown,purple right yellow long,purple right yellow,orange left brown long,orange left brown long,orange left brown,orange left brown,purple right yellow,purple right yellow long,2.0,4.0,8.0,8.0,8.0,4.0,0
schema,3359c317-1997-44c0-8165-2aa85cea081d,1PHMY2,01KHYDJMRN02AKR0817J1PHMY2,1,,,,True,,,,,1680,1010,1680,925,en-CA,Windows desktop / Firefox,yes,fairly_paid,adequate,4.0,5,no,no,,,,0,39.72,52.491,101.372,108.005,121.972,237.22,"Image 1: Orange
Image 2: Purple","Image 1: Orange 
Image 2: Purple
Image 3: Orange Left
Image 4: Purple Left","Image 1:orange right yellow
Image 2:orange right brown
Image 3:orange left brown
Image 4:orange left yellow
Image 5:purple right yellow
Image 6:purple right brown
Image 7:purple left brown
Image 8:purple left yellow","Image 1:purple left brown
Image 2:orange right brown
Image 3:orange right yellow
Image 4:purple right yellow
Image 5:purple left yellow
Image 6:purple right brown
Image 7:orange left yellow
Image 8:orange left brown","Image 1:purple right yellow
Image 2:purple left brown
Image 3:orange right yellow
Image 4:purple left yellow
Image 5:orange left brown
Image 6:orange right brown
Image 7:purple right brown
Image 8:orange left yellow","Image 1:orange left brown
Image 2:purple right yellow
Image 3:orange left brown long
Image 4:purple left brown long
Image 5:purple right yellow
Image 6:orange left brown
Image 7:purple right yellow long 
Image 8:orange left brown long",purple,orange,purple,orange left,orange,purple left,purple right brown,orange right brown,purple left brown,purple right yellow,orange left yellow,orange right yellow,orange left brown,purple left yellow,purple left brown,orange left yellow,orange left brown,orange right brown,purple right yellow,purple left yellow,purple right brown,orange right yellow,orange right yellow,orange left brown,orange left yellow,purple left yellow,orange right brown,purple right brown,purple right yellow,purple left brown,purple right yellow long,purple right yellow short,orange left brown long,orange left brown long,orange left brown,orange left brown,purple right yellow,purple right yellow long,2.0,4.0,8.0,8.0,8.0,4.0,0
schema,ea4f3437-8b30-4004-91f4-912dec7dfd3c,PYZZRG,01KHYDG22YQFE2D3B4KVPYZZRG,1,,,,True,4g,False,10.0,50.0,1440,875,1394,772,en-US,macOS desktop / Chrome,,,,,,,,,,,0,87.402,110.012,150.171,154.688,80.504,300.0,"Image 1: Orange Lego
Image 2: Purple Lego","Image 1: Right facing orange hat
Image 2: Right facing purple hat
Image 3: Left facing orange hat
Image 4: Left facing purple hat","Image 1: Right facing orange hat yellow feet
Image 2: Right facing orange hat brown feet
Image 3: Left facing orange hat brown feet
Image 4: Left facing orange hat yellow feet
Image 5: Right facing purple hat yellow feet
Image 6: Right facing purple hat brown feet
Image 7: Left facing purple hat brown feet
Image 8: Left facing purple hat yellow feet","Image 1: Right facing orange hat yellow feet
Image 2: Right facing orange hat brown feet
Image 3: Left facing orange hat brown feet
Image 4: Left facing orange hat yellow feet
Image 5: Right facing purple hat yellow feet
Image 6: Right facing purple hat brown feet

Image 1: Left facing purple hat brown feet
Image 8: Left facing purple hat yellow feet","Image 1:
Image 2:
Image 3:
Image 4:
Image 5:
Image 6: right facing orange hat brown feet
Image 7:
Image 8:","Image 1: left facing orange hat 4 brown feet
Image 2: right facing purple hat long yellow feet 
Image 3: left facing orange hat 2 brown feet
Image 4: right facing purple hat tall body
Image 5: right facing purple hat flat yellow feet
Image 6: left facing orange hat flat wide body
Image 7: right facing purple hat lean yellow feet
Image 8: left facing orange hat long brown feet",purple lego,orange lego,right facing purple hat,left facing orange hat,right facing orange hat,left facing purple hat,right facing purple hat brown feet,right facing orange hat brown feet,left facing purple hat brown feet,right facing purple hat yellow feet,left facing orange hat yellow feet,right facing orange hat yellow feet,left facing orange hat brown feet,left facing purple hat yellow feet,left facing purple hat brown feet,left facing orange hat yellow feet,left facing orange hat brown feet,right facing orange hat brown feet,right facing purple hat yellow feet,left facing purple hat yellow feet,right facing purple hat brown feet,right facing orange hat yellow feet,right facing orange hat yellow feet,left facing orange hat brown feet,left facing orange hat yellow feet,left facing purple hat yellow feet,right facing orange hat brown feet,right facing purple hat brown feet,right facing purple hat yellow feet,left facing purple hat brown feet,right facing purple hat slim yellow feet,right facing purple hat long yellow feet,left facing orange hat 2 brown feet,left facing orange hat long brown feet,left facing orange hat 4 brown feet,left facing orange hat wide brown feet,right facing purple hat flat yellow feet,right facing purple hat tall yellow feet,2.0,4.0,8.0,8.0,8.0,3.0,0
schema,2b686b67-d670-459c-b346-5332860c0cb4,K1JA24,01KHYDSW6BFEXXBY7YN1K1JA24,1,,,,True,4g,False,10.0,0.0,1920,1032,1920,945,en-US,Windows desktop / Chrome,yes,fairly_paid,adequate,4.0,5,no,no,,,,0,55.986,124.113,100.055,170.791,96.356,257.844,"Image 1: Orange
Image 2:  Grey","Image 1: orange B
Image 2: grey B
Image 3: orange R
Image 4: grey R","Image 1: o b y
Image 2: o b b
Image 3: o r b
Image 4: o r y
Image 5: g b y
Image 6: g b b
Image 7: g r b
Image 8: g r y","Image 1: gl r b
Image 2: or b b
Image 3: or b y
Image 4: gr b y
Image 5: gl r y
Image 6: gr b b
Image 7: ol r y
Image 8: ol r b","Image 1: br b y
Image 2: gl r b
Image 3: or b y
Image 4: gl r y
Image 5: ol r b
Image 6: or b b
Image 7: gr b b
Image 8: ol r y","Image 1: ol r b
Image 2: gr b y s
Image 3: ol r b
Image 4: gr b y
Image 5: gr b y s
Image 6: ol r b s
Image 7: gr b y r
Image 8: ol r b l",grey,orange,grey b,orange r,orange b,grey r,g b b,o b b,g r b,g b y,o r y,o b y,o r b,g r y,gl r b,ol r y,ol r b,or b b,gr b y,gl r y,gr b b,or b y,or b y,ol r b,ol r y,gl r y,or b b,gr b b,gr b y,gl r b,gr b y r,gr b y s,ol r b,ol r b l,ol r b,ol r b s,gr b y s,gl b y,2.0,4.0,8.0,8.0,8.0,5.0,0
nonschema,06709cab-dd9b-4dd2-8768-9eab8acdfbe9,A5SQN4,01KHYDQR4VCC7Q1M714QA5SQN4,1,,,,True,,,,,1536,864,1536,751,en-CA,Windows desktop / Firefox,,,,,,,,,,,0,83.244,37.421,242.971,135.167,161.656,166.26,"Image 1:owl
Image 2:toy","Image 1:owl
Image 2:toy
Image 3:eyes
Image 4:policeman","Image 1:owl
Image 2:crab
Image 3:pregnant
Image 4:policeman
Image 5:toy
Image 6:parrot
Image 7:helmet
Image 8:eyes","Image 1:floral
Image 2:scared
Image 3:fat
Image 4:cactus
Image 5:swing
Image 6:dog
Image 7:robot
Image 8:duck","Image 1:rubic
Image 2:child
Image 3:knight
Image 4:woodpecker
Image 5:wheel
Image 6:lighthouse
Image 7:security
Image 8:tnt","Image 1:chicken
Image 2:file
Image 3:worried
Image 4:policeman
Image 5:shampoo
Image 6:cockroach
Image 7:skinny
Image 8:student",toy,owl,toy,policeman,owl,eyes,parrot,crab,helmet,toy,policeman,owl,pregnant,eyes,floral,robot,duck,scared,cactus,swing,dog,fat,security,wheel,tnt,woodpecker,lighthouse,security,rubic,child,skinny,file,worried,student,chicken,cockroach,shampoo,policeman,2.0,4.0,4.0,7.0,7.0,6.0,0
nonschema,4f00b103-c01d-44a8-b095-dfc18d837ef8,A5SQN4,01KHYDQR4VCC7Q1M714QA5SQN4,0,,,,True,4g,False,10.0,100.0,1536,816,1536,730,en-US,Linux desktop / Chrome,yes,fairly_paid,adequate,4.0,4,no,no,,Thank you.,,0,78.509,37.636,246.322,135.489,163.896,168.582,"Image 1:owl
Image 2:toy","Image 1:owl
Image 2:toy
Image 3:eyes
Image 4:policeman","Image 1:owl
Image 2:crab
Image 3:pregnant
Image 4:policeman
Image 5:toy
Image 6:parrot
Image 7:helmet
Image 8:eyes","Image 1:floral
Image 2:scared
Image 3:fat
Image 4:cactus
Image 5:swing
Image 6:dog
Image 7:robot
Image 8:duck","Image 1:rubic
Image 2:child
Image 3:knight
Image 4:woodpecker
Image 5:wheel
Image 6:lighthouse
Image 7:security
Image 8:tnt","Image 1:chicken
Image 2:file
Image 3:worried
Image 4:policeman
Image 5:shampoo
Image 6:cockroach
Image 7:skinny
Image 8:student",toy,owl,toy,policeman,owl,eyes,helmet,crab,helmet,,,owl,pregenat,eyes,floral,robot,duck,scared,cactus,swing,dog,cake,knight,wheel,tnt,woodpecker,lighthouse,security,rubic,child,skinny,,worried,cockroach,chicken,cockroach,shampoo,policeman,2.0,4.0,4.0,7.0,7.0,6.0,3
schema,96d2a495-6906-46aa-bc4b-f1499346326c,K1JA24,01KHYDSW6BFEXXBY7YN1K1JA24,0,,,,True,4g,False,10.0,50.0,1280,672,1280,551,en-GB,Windows desktop / Chrome,,,,,,,,,,,0,53.53,125.521,100.642,170.377,96.018,256.427,"Image 1: Orange
Image 2:  Grey","Image 1: orange B
Image 2: grey B
Image 3: orange R
Image 4: grey R","Image 1: o b y
Image 2: o b b
Image 3: o r b
Image 4: o r y
Image 5: g b y
Image 6: g b b
Image 7: g r b
Image 8: g r y","Image 1: gl r b
Image 2: or b b
Image 3: or b y
Image 4: gr b y
Image 5: gl r y
Image 6: gr b b
Image 7: ol r y
Image 8: ol r b","Image 1: br b y
Image 2: gl r b
Image 3: or b y
Image 4: gl r y
Image 5: ol r b
Image 6: or b b
Image 7: gr b b
Image 8: ol r y","Image 1: ol r b
Image 2: gr b y s
Image 3: ol r b
Image 4: gr b y
Image 5: gr b y s
Image 6: ol r b s
Image 7: gr b y r
Image 8: ol r b l",grey,orange,grey b,orange r,orange b,grey r,g b b,o b b,g r b,g b y,o r y,o b y,o r b,g r y,gl r b,ol r y,ol r b,or b b,gr b y,gl r y,gr b b,or b y,or b y,ol r b,ol r y,gl r y,or b b,gr b b,gr b y,gl r b,gr b y r,gr b y s,ol r b,ol r b l,ol r b s,ol r b s,gr b y,gr b y,2.0,4.0,8.0,8.0,8.0,5.0,0
schema,100e99d4-87d7-4de5-864b-be69df40444d,QVB21B,01KHYE43NP7DPK66NRYNQVB21B,0,,,,True,4g,False,10.0,50.0,1536,816,1536,730,en-US,Windows desktop / Chrome,yes,fairly_paid,adequate,4.0,5,no,no,,,,0,79.527,72.848,186.815,191.992,170.195,300.0,"Image 1:orange
Image 2:purple","Image 1: right orange
Image 2: right purple
Image 3: left orange
Image 4: left purple","Image 1: roy
Image 2: rob
Image 3: lob
Image 4: loy
Image 5: rpy
Image 6: rpb
Image 7: lpb
Image 8: lpy","Image 1: lprb
Image 2: robb
Image 3: roby
Image 4: rpby
Image 5: lpry
Image 6: rpbb
Image 7: lory
Image 8: lorb","Image 1: rpby
Image 2: lprb
Image 3: roby
Image 4: lpry
Image 5: lorb
Image 6: robb
Image 7: rpbb
Image 8: lory","Image 1: lobrwb
Image 2: rpyby
Image 3: loyrb
Image 4: rpwbry
Image 5: rpwby
Image 6: lobrb
Image 7: rppby
Image 8: lobrb",purple,orange,right purple,left orange,right orange,left purple,rpb,rob,lpb,rpy,loy,roy,lob,lpy,lprb,lory,lorb,robb,rpby,lpry,rpbb,roby,roby,lorb,lory,lpry,robb,rpbb,rpby,lprb,rppby,rpyby,loyrb,lobrb,lobrwb,lobrb,rpwby,rpwbry,2.0,4.0,8.0,8.0,8.0,7.0,0
nonschema,72398c57-94ef-4788-bc6b-db4ab98fe79a,QE3M01,01KHYEDY74AZ7ZKRJRVEQE3M01,0,,,,True,4g,False,10.0,50.0,1470,924,1470,797,en-US,macOS desktop / Chrome,yes,fairly_paid,adequate,4.0,5,no,no,,,,0,53.859,57.103,102.06,190.034,179.649,248.895,"Image 1: owl
Image 2: donut","Image 1: owl
Image 2: donut
Image 3: shell
Image 4: elvis","Image 1: owl
Image 2: scorpion
Image 3: dog
Image 4:elvis
Image 5:donut
Image 6: tadpole
Image 7: minion
Image 8:shell","Image 1: bouquet
Image 2:brick
Image 3:toes
Image 4: tree
Image 5: eyebrows
Image 6: tongue
Image 7: legs
Image 8: macaroni","Image 1: ella
Image 2: pig
Image 3: microscope
Image 4: bird
Image 5: wheel
Image 6: icecube
Image 7: chomp
Image 8: pepper","Image 1: pancake
Image 2: notes
Image 3: cheese
Image 4: professor
Image 5: student
Image 6: cockroach
Image 7: jerky
Image 8: wood",donut,owl,donut,elvis,owl,shell,tadpole,scorpion,minion,donut,elvis,owl,dog,shell,bouquet,legs,macaroni,brick,tree,eyebrows,tongue,toes,mi,wheel,pepper,bird,icecube,chomp,ella,pig,jerky,notes,cheese,wood,pancake,cockroach,student,professor,2.0,4.0,8.0,8.0,7.0,8.0,0
schema,77274be1-f251-4135-ab30-69c2fa7cdebe,Q15A59,01KHYDR5A4JEP55SC312Q15A59,0,,,,True,4g,False,8.85,50.0,1680,975,1664,872,es,macOS desktop / Chrome,yes,fairly_paid,adequate,4.0,5,no,no,,thanks,,0,119.056,57.189,243.794,174.075,112.448,300.0,"Image 1:eyes out  
Image 2:eyes in","Image 1:eyes out 
Image 2:eyes in 
Image 3:eyes left 
Image 4:eyes down","Image 1:eyes out 
Image 2:eyes right 
Image 3:red hands 
Image 4:eyes left 
Image 5:eyes in 
Image 6:purple hat 
Image 7:brown shoes 
Image 8:eyes down","Image 1:PRB 
Image 2:OBB
Image 3:
Image 4:
Image 5:
Image 6:
Image 7:
Image 8:","Image 1:pby 
Image 2:prb
Image 3:oby
Image 4:pry
Image 5:orb
Image 6:obb
Image 7:pbb
Image 8:ory","Image 1:orbc 
Image 2:pbys
Image 3:orbr
Image 4:pbyr
Image 5:pbyt
Image 6:orbs
Image 7:pby
Image 8:",eyes in,eyes out,eyes in,eyes left,eyes in,eyes down,purple hat,eyes right,brown shoes,eyes in,eyes left,eyes out,red hands,eyes down,prb,ory,orb,obb,pby,pry,pbb,oby,oby,orb,ory,pry,obb,pbb,pby,prb,pbyp,pbys,orbr,orb,orbc,orbb,pbyt,pbyr,1.0,3.0,6.0,8.0,8.0,5.0,0
schema,9aea173a-5fc1-476f-8413-d82d560bc1c0,Q15A59,01KHYDR5A4JEP55SC312Q15A59,1,,,,True,4g,False,10.0,50.0,1920,1032,1920,911,en-CA,Windows desktop / Chrome,yes,fairly_paid,adequate,5.0,5,no,no,,,,0,83.436,54.559,241.944,187.446,110.662,300.0,"Image 1:eyes out  
Image 2:eyes in","Image 1:eyes out 
Image 2:eyes in 
Image 3:eyes left 
Image 4:eyes down","Image 1:eyes out 
Image 2:eyes right 
Image 3:red hands 
Image 4:eyes left 
Image 5:eyes in 
Image 6:purple hat 
Image 7:brown shoes 
Image 8:eyes down","Image 1:PRB 
Image 2:OBB
Image 3:
Image 4:
Image 5:
Image 6:
Image 7:
Image 8:","Image 1:pby 
Image 2:prb
Image 3:oby
Image 4:pry
Image 5:orb
Image 6:obb
Image 7:pbb
Image 8:ory","Image 1:orbc 
Image 2:pbys
Image 3:orbr
Image 4:pbyr
Image 5:pbyt
Image 6:orbs
Image 7:pby
Image 8:",eys in,eyes out,eyes in,eyes left,eyes out,eyes down,purple hat,brown shoes,red hands,eyes in,eyes left,eyes out,red hands,eyes down,prb,ory,orb,obb,pby,pry,pbb,oby,oby,orb,ory,pry,obb,pbb,pby,prb,pbyt,pbys,orbr,orbt,orbc,orbs,pbyt,pbyr,1.0,3.0,6.0,8.0,8.0,5.0,0
nonschema,defbf648-a1a3-455a-b4cc-1d11418bc86f,QE3M01,01KHYEDY74AZ7ZKRJRVEQE3M01,1,,,,True,4g,False,10.0,50.0,1536,864,1536,695,en-GB,Linux desktop / Chrome,yes,fairly_paid,too_much,5.0,5,no,no,,,,0,54.996,57.327,103.246,191.253,179.822,250.098,"Image 1: owl
Image 2: donut","Image 1: owl
Image 2: donut
Image 3: shell
Image 4: elvis","Image 1: owl
Image 2: scorpion
Image 3: dog
Image 4:elvis
Image 5:donut
Image 6: tadpole
Image 7: minion
Image 8:shell","Image 1: bouquet
Image 2:brick
Image 3:toes
Image 4: tree
Image 5: eyebrows
Image 6: tongue
Image 7: legs
Image 8: macaroni","Image 1: ella
Image 2: pig
Image 3: microscope
Image 4: bird
Image 5: wheel
Image 6: icecube
Image 7: chomp
Image 8: pepper","Image 1: pancake
Image 2: notes
Image 3: cheese
Image 4: professor
Image 5: student
Image 6: cockroach
Image 7: jerky
Image 8: wood",donut,owl,donut,elvis,owl,shell,tadpole,scorpion,minion,donut,elvis,owl,dog,shell,bouquet,legs,macaroni,brick,tree,eyebrows,tongue,toes,microscope,wheel,pepper,bird,icecube,chomp,ella,pig,jerky,notes,cheese,wood,pancake,cockroach,student,professor,2.0,4.0,8.0,8.0,7.0,8.0,0
schema,5958ff2f-1438-4231-a3b3-248b55516b10,QVB21B,01KHYE43NP7DPK66NRYNQVB21B,1,,,,True,4g,False,10.0,100.0,1920,1032,1920,945,en-US,Linux desktop / Chrome,yes,fairly_paid,adequate,5.0,5,no,no,,so thankful for a great partner to work with ,,0,75.513,73.854,186.841,191.991,171.107,300.0,"Image 1:orange
Image 2:purple","Image 1: right orange
Image 2: right purple
Image 3: left orange
Image 4: left purple","Image 1: roy
Image 2: rob
Image 3: lob
Image 4: loy
Image 5: rpy
Image 6: rpb
Image 7: lpb
Image 8: lpy","Image 1: lprb
Image 2: robb
Image 3: roby
Image 4: rpby
Image 5: lpry
Image 6: rpbb
Image 7: lory
Image 8: lorb","Image 1: rpby
Image 2: lprb
Image 3: roby
Image 4: lpry
Image 5: lorb
Image 6: robb
Image 7: rpbb
Image 8: lory","Image 1: lobrwb
Image 2: rpyby
Image 3: loyrb
Image 4: rpwbry
Image 5: rpwby
Image 6: lobrb
Image 7: rppby
Image 8: lobrb",purple,orange,right purple,left orange,right orange,left purple,rpb,rob,lpb,rpy,loy,roy,lob,lpy,lprb,lory,lorb,robb,rpby,lpry,rpbb,roby,roby,lorb,lory,lpry,robb,rpbb,rpby,lprb,rppby,rpyby,loyrb,lobrb,lobrwb,lobrb,rpwby,rpwbry,2.0,4.0,8.0,8.0,8.0,7.0,0
nonschema,eeeb7b40-c5a5-4bb3-8227-3e11a6c6272b,KX2FC8,01KHYDSYZB3V0E9NYFZWKX2FC8,0,,,,True,4g,False,10.0,50.0,1512,950,1512,823,en-US,macOS desktop / Chrome,,,,,,,,,,,1,289.533,100.047,300.0,127.928,276.104,183.961,"1. owl
2. circle","Image 1: owl
Image 2: circle
Image 3: frog
Image 4: shoes","Image 1: owl
Image 2: scorpion
Image 3: dog
Image 4: shoes
Image 5: circle
Image 6: fish
Image 7: girl
Image 8: frog","Image 1: peacock
Image 2: refrigerator
Image 3: cake
Image 4: plant
Image 5: glasses
Image 6: monster
Image 7: fire
Image 8: duck","Image 1: rainbow
Image 2: pig
Image 3: chair
Image 4: bird
Image 5: wheel
Image 6: white guy
Image 7: yellow guy
Image 8: red guy","Image 1: circle
Image 2: caterpillar
Image 3: yellow guy
Image 4: wall clock
Image 5: white guy
Image 6: crab
Image 7: purple guy
Image 8: tall guy",circle,owl,circle,shoes,owl,frog,fish,scorpion,girl,circle,shoes,owl,dog,frog,peacock,glasses,duck,refridgerator,plant,glasses,monster,cake,chair,wheel,red guy,bird,white guy,yellow guy,rainbow,pig,purple guy,caterpillar,yellow guy,tall guy,circle,crab,white guy,wall clock,2.0,4.0,4.0,0.0,3.0,7.0,0
nonschema,b61ecea8-075e-4286-bf9f-95e094e6f908,9TJB6Q,01KHYDVT5EZ3R0ZKC76R9TJB6Q,1,,,,True,4g,False,1.2,100.0,1536,816,1536,730,en-US,Windows desktop / Chrome,maybe,fairly_paid,adequate,3.0,2,yes,yes,video call going in and out,,bad video call,0,150.385,119.431,180.157,300.0,300.0,300.0,"Image 1:owl
Image 2:Man hole cover","Image 1:owl
Image 2:manhole cover
Image 3:r2d2
Image 4:bug","Image 1:owl
Image 2:scorpion
Image 3:dog
Image 4:bug
Image 5:manhole cover
Image 6:sword
Image 7:girl
Image 8:r2d2","Image 1:leaves
Image 2:robot
Image 3:foot
Image 4:bush
eyes
Image 6:monster
Image 7:
Image 8:","Image 1:colors
Image 2:eyes
Image 3:robot
Image 4:
Image 5:
Image 6:
Image 7:
Image 8:","Image 1:toilet
Image 2:bug
Image 3:gold
Image 4:pipe
Image 5:soap
Image 6:pot
Image 7:red
Image 8:thing",man hole cover,owl,manhole cover,bug,owl,r2d2,sword,scorpion,girl,manhole cover,bug,owl,dog,r2d2,leaves,,,robot,bush,,monster,foot,,,,,,,,,,,,,,,,,1.0,4.0,7.0,4.0,0.0,0.0,19
nonschema,2095007e-b074-45a3-ba7f-c5bfca7d4417,9TJB6Q,01KHYDVT5EZ3R0ZKC76R9TJB6Q,0,,,,True,4g,False,10.0,50.0,1280,672,1272,588,en-GB,Windows desktop / Edge,,,,,,,,,,,0,149.628,120.743,179.491,300.0,300.0,174.198,"Image 1:owl
Image 2:Man hole cover","Image 1:owl
Image 2:manhole cover
Image 3:r2d2
Image 4:bug","Image 1:owl
Image 2:scorpion
Image 3:dog
Image 4:bug
Image 5:manhole cover
Image 6:sword
Image 7:girl
Image 8:r2d2","Image 1:leaves
Image 2:robot
Image 3:foot
Image 4:bush
eyes
Image 6:monster
Image 7:
Image 8:","Image 1:colors
Image 2:eyes
Image 3:robot
Image 4:
Image 5:
Image 6:
Image 7:
Image 8:","Image 1:toilet
Image 2:bug
Image 3:gold
Image 4:pipe
Image 5:soap
Image 6:pot
Image 7:red
Image 8:thing",manhole cover,owl,manhole cover,bug,owl,r2d2,sward,scorpion,girl,manhole cover,bug,owl,dog,r2d2,leaves,monster,?,eyes,bush,eyes,monster,foot,,,eyes,nose,cube,,rainbow,leg,red,bug,gold,pipe,toilet,pot,soap,thing,1.0,4.0,7.0,4.0,0.0,0.0,3
nonschema,4e341e28-00b8-4bb4-9cd0-337d39ae687d,KX2FC8,01KHYDSYZB3V0E9NYFZWKX2FC8,1,,,,True,4g,False,3.9,150.0,1366,728,1366,641,en-US,Windows desktop / Chrome,yes,fairly_paid,too_little,5.0,1,no,yes,"It kept taking me out,at the beginning,my partner had that issue,her audio wasnt working . Then it kept logging me out and by the time i am back into the game,it moves to another session","Its an interesting game,just need to be modified to be more accessible and steady for both partners to play successfully",,0,300.0,134.914,300.0,300.0,300.0,181.164,"1. owl
2. circle","Image 1: owl
Image 2: circle
Image 3: frog
Image 4: shoes","Image 1: owl
Image 2: scorpion
Image 3: dog
Image 4: shoes
Image 5: circle
Image 6: fish
Image 7: girl
Image 8: frog","Image 1: peacock
Image 2: refrigerator
Image 3: cake
Image 4: plant
Image 5: glasses
Image 6: monster
Image 7: fire
Image 8: duck","Image 1: rainbow
Image 2: pig
Image 3: chair
Image 4: bird
Image 5: wheel
Image 6: white guy
Image 7: yellow guy
Image 8: red guy","Image 1: circle
Image 2: caterpillar
Image 3: yellow guy
Image 4: wall clock
Image 5: white guy
Image 6: crab
Image 7: purple guy
Image 8: tall guy",circle,owl,circle,shoes,owl,frog,fish,scorpion,girl,circle,,,,,,,,man,,,,,,,red guy,,,,rainbow,pig,purple guy,caterpillar,yellow guy,tall guy,circle,bug,white guy,wall clock,2.0,4.0,4.0,0.0,3.0,7.0,16
nonschema,c7edc7c7-ba40-4ea6-a4d1-088c09a3576b,3NZWFJ,01KH6PXCQXZQHZ7FC9E43NZWFJ,1,US,America/New_York,False,False,,,,,1920,1080,1869,1055,en-GB,macOS desktop / Chrome,yes,fairly_paid,adequate,5.0,5,no,no,,,,0,33.756,31.702,71.608,110.058,67.165,74.667,"Image 1: Bird
Image 2: Biscuit","Image 1: bird
Image 2: biscuit
Image 3: binoculars
Image 4: gascan","Image 1: bird
Image 2: scorpion
Image 3: pig
Image 4: gascan
Image 5: biscuit
Image 6: mower
Image 7: mushroom
Image 8: binoculars","Image 1: peacock
Image 2: tofu
Image 3: foot
Image 4: tree
Image 5: binoculars
Image 6: can
Image 7: switch
Image 8: yellow","Image 1: rainbow
Image 2: binoculars
Image 3: grey
Image 4: bird
Image 5: wheel
Image 6: white
Image 7: yellow
Image 8: red","Image 1: blue
Image 2: gum
Image 3: yellow
Image 4: white
Image 5: cream
Image 6: black
Image 7: purple
Image 8: brown",biscuit,bird,biscuit,gascan,bird,binoculars,mower,scorpion,mushroom,biscuit,gascan,bird,pig,binoculars,peacock,switch,yellow,can,tree,binoculars,can,foot,grey,wheel,red,bird,white,yellow,rainbow,binoculars,purple,gum,yellow,brown,blue,black,cream,white,2.0,4.0,8.0,7.0,8.0,8.0,0
nonschema,c3d67230-e545-4064-848d-21795294e346,3NZWFJ,01KH6PXCQXZQHZ7FC9E43NZWFJ,0,GB,Europe/London,False,False,4g,False,10.0,150.0,2048,1105,2048,983,en-GB,Windows desktop / Chrome,yes,fairly_paid,adequate,5.0,5,no,,,,,0,34.187,31.096,71.012,110.455,67.555,74.092,"Image 1: Bird
Image 2: Biscuit","Image 1: bird
Image 2: biscuit
Image 3: binoculars
Image 4: gascan","Image 1: bird
Image 2: scorpion
Image 3: pig
Image 4: gascan
Image 5: biscuit
Image 6: mower
Image 7: mushroom
Image 8: binoculars","Image 1: peacock
Image 2: tofu
Image 3: foot
Image 4: tree
Image 5: binoculars
Image 6: can
Image 7: switch
Image 8: yellow","Image 1: rainbow
Image 2: binoculars
Image 3: grey
Image 4: bird
Image 5: wheel
Image 6: white
Image 7: yellow
Image 8: red","Image 1: blue
Image 2: gum
Image 3: yellow
Image 4: white
Image 5: cream
Image 6: black
Image 7: purple
Image 8: brown",biscuit,bird,biscuit,gascan,bird,binoculars,mower,scorpion,mushroom,biscuit,gascan,bird,pig,binoculars,peacock,switch,yellow,tofu,tree,binoculars,can,foot,grey,wheel,red,bird,white,yellow,rainbow,binoculars,purple,gum,yellow,brown,blue,black,cream,white,2.0,4.0,8.0,7.0,8.0,8.0,0
nonschema,6c74f0c7-da11-400b-bf19-ce7f590906e7,Z6FG46,01KH6Q348P48M64M9D8KZ6FG46,1,GB,Europe/London,False,False,4g,False,10.0,0.0,1280,672,1280,551,en-GB,Windows desktop / Chrome,yes,fairly_paid,adequate,4.0,5,,no,,Good partner!,,0,43.878,52.094,94.506,200.845,201.162,174.99,"Image 1: furby
Image 2: donut","Image 1: furby
Image 2: donut
Image 3: pig
Image 4: robot","Image 1: furby
Image 2: scorpion
Image 3: dog
Image 4: robot
Image 5: donut
Image 6: shark
Image 7: girl
Image 8: pig","Image 1: peacock
Image 2: bird
Image 3: four
Image 4: fern
Image 5: eyebrow
Image 6: waiter
Image 7: octopus
Image 8: duck","Image 1: rainbow
Image 2: pole
Image 3: robot
Image 4: beak
Image 5: wheel
Image 6: cube
Image 7: yellow
Image 8: red","Image 1: ring
Image 2: post
Image 3: cheese
Image 4: penguin
Image 5: white
Image 6: spider
Image 7: purple
Image 8: brown",donut,furby,donut,robot,furby,pig,shark,scorpion,girl,donut,robot,furby,dog,pig,peacock,octopus,duck,bird,fern,eyebrow,waiter,four,robot,wheel,red,beak,cube,yellow,rainbow,pole,purple,post,cheese,brown,ring,spider,white,penguin,2.0,4.0,8.0,8.0,8.0,8.0,0
nonschema,7b92edd4-9907-4aba-9bfc-6ae8b4d6474c,NFEW6M,01KH6Q0QMDTTYKXC22BFNFEW6M,1,US,America/Los_Angeles,False,False,,,,,1536,824,1536,711,en-US,Windows desktop / Firefox,yes,fairly_paid,adequate,5.0,5,no,no,,no,,0,44.167,63.907,59.124,165.152,138.812,136.929,"owl
    
    
    
waffle","Image 1:owl
Image 2:waffle
Image 3:bug
Image 4:bob","Image 1:owl
Image 2:scorpion
Image 3:balloon
Image 4:bob
Image 5:waffle
Image 6:fish
Image 7:lego
Image 8:bug","Image 1:peacock
Image 2:slug
Image 3:quad
Image 4:green
Image 5:alien
Image 6:pink
Image 7:google
Image 8:chicken","Image 1: multi
Image 2:google
Image 3:robot
Image 4:bird
Image 5:disc
Image 6:tiny
Image 7:yellow
Image 8:half","Image 1:chicken
Image 2:ant
Image 3:yellow
Image 4:robot
Image 5:feet
Image 6:short
Image 7:pink
Image 8:legs",waffle,owl,waffle,bob,owl,bug,fish,scorpion,lego,waffle,bob,owl,balloon,bug,peacock,google,chicken,slug,green,alien,pink,quad,robot,disc,half,bird,cube,yellow,multi,google,pink,feet,yellow,legs,blue,short,feet,robot,2.0,4.0,8.0,7.0,7.0,6.0,0
schema,1fddd949-922c-4edc-b9f6-4fd921d7c245,31GC47,01KH6Q040SA4NT7H9JFW31GC47,1,GB,Europe/London,False,True,4g,False,1.0,150.0,1707,1019,1699,935,zh-CN,Windows desktop / Edge,maybe,fairly_paid,adequate,3.0,3,no,no,,,,0,66.23,57.44,101.351,97.904,108.272,300.0,"Image 1: Orange
Image 2: Purple","Image 1: orange-black
Image 2: purple-black
Image 3: orange-red
Image 4: purple-red","Image 1: orange-black-yellow
Image 2: orange-black-brown
Image 3: orange-red-brown
Image 4: orange-red-yellow
Image 5: purple-black-yellow
Image 6: purple-black-brown
Image 7: purple-red-brown
Image 8: purple-red-yellow","Image 1: purple-red-brown
Image 2: orange-black-brown
Image 3: orange-black-yellow
Image 4:  purple-black-yellow
Image 5: purple-red-yellow
Image 6: purple-black-brown
Image 7: orange-red-yellow
Image 8: orange-red-brown","Image 1: purple-black-yellow
Image 2: purple-red-brown
Image 3: orange-black-yellow
Image 4: purple-red-yellow
Image 5: orange-red-brown
Image 6: orange-black-brown
Image 7: purple-black-brown
Image 8: orange-red-yellow","Image 1: orange-red-brown-blue
Image 2: purple-black-yellow-pink
Image 3: orange-red-brown-yellow
Image 4: purple-black-yellow-red
Image 5: purple-black-yellow-white
Image 6: orange-red-brown-black
Image 7: purple-black-yellow-purple
Image 8: orange-red-brown-brown",purple,orange,purple-black,orange-red,orange-black,purple-red,purple-black-brown,orange-black-brown,purple-red-brown,purple-black-yellow,orange-red-yellow,orange-black-yellow,orange-red-brown,purple-red-yellow,purple-red-brown,orange-red-yellow,orange-red-brown,orange-black-brown,purple-black-yellow,purple-red-yellow,purple-black-brown,orange-black-yellow,orange-black-yellow,orange-red-brown,orange-red-yellow,purple-red-yellow,orange-black-brown,purple-black-brown,purple-black-yellow,purple-red-brown,purple-black-yellow-purple,purple-black-yellow-pink,orange-red-brown-yellow,orange-red-brown-brown,orange-red-brown-blue,orange-red-brown-black,orange-black-yellow-white,purple-black-yellow-red,2.0,4.0,8.0,8.0,8.0,6.0,0
schema,648306eb-7457-4605-9769-5e1b8de8cf68,31GC47,01KH6Q040SA4NT7H9JFW31GC47,0,GB,Europe/London,False,False,4g,False,10.0,50.0,1920,1032,1920,945,en-GB,Windows desktop / Chrome,yes,fairly_paid,adequate,4.0,5,no,no,,Really enjoyed taking part. Thank you!,,0,67.122,57.339,103.229,97.811,108.168,300.0,"Image 1: Orange
Image 2: Purple","Image 1: orange-black
Image 2: purple-black
Image 3: orange-red
Image 4: purple-red","Image 1: orange-black-yellow
Image 2: orange-black-brown
Image 3: orange-red-brown
Image 4: orange-red-yellow
Image 5: purple-black-yellow
Image 6: purple-black-brown
Image 7: purple-red-brown
Image 8: purple-red-yellow","Image 1: purple-red-brown
Image 2: orange-black-brown
Image 3: orange-black-yellow
Image 4:  purple-black-yellow
Image 5: purple-red-yellow
Image 6: purple-black-brown
Image 7: orange-red-yellow
Image 8: orange-red-brown","Image 1: purple-black-yellow
Image 2: purple-red-brown
Image 3: orange-black-yellow
Image 4: purple-red-yellow
Image 5: orange-red-brown
Image 6: orange-black-brown
Image 7: purple-black-brown
Image 8: orange-red-yellow","Image 1: orange-red-brown-blue
Image 2: purple-black-yellow-pink
Image 3: orange-red-brown-yellow
Image 4: purple-black-yellow-red
Image 5: purple-black-yellow-white
Image 6: orange-red-brown-black
Image 7: purple-black-yellow-purple
Image 8: orange-red-brown-brown",purple,orange,purple-black,orange-red,orange-black,purple-red,purple-black-brown,orange-black-brown,purple-red-brown,purple-black-yellow,orange-red-yellow,orange-black-yellow,orange-red-brown,purple-red-yellow,purple-red-brown,orange-red-yellow,orange-red-brown,orange-black-brown,purple-black-yellow,purple-red-yellow,purple-black-brown,orange-black-yellow,orange-black-yellow,orange-red-brown,orange-red-yellow,purple-red-yellow,orange-black-brown,purple-black-brown,purple-black-yellow,purple-red-brown,purple-black-yellow-purple,purple-black-yellow-pink,orange-red-brown-yellow,orange-red-brown-brown,orange-red-brown-blue,purple-red-brown-black,purple-black-yellow-white,purple-black-yellow-red,2.0,4.0,8.0,8.0,8.0,6.0,0
nonschema,87a25933-50f4-4a51-be56-3347d783e3ae,NFEW6M,01KH6Q0QMDTTYKXC22BFNFEW6M,0,GB,Europe/London,False,False,4g,False,7.0,200.0,1920,1040,1920,953,en-GB,Windows desktop / Chrome,yes,fairly_paid,adequate,4.0,5,no,no,,no,,0,63.87,65.47,103.882,175.923,158.548,149.718,"owl
    
    
    
waffle","Image 1:owl
Image 2:waffle
Image 3:bug
Image 4:bob","Image 1:owl
Image 2:scorpion
Image 3:balloon
Image 4:bob
Image 5:waffle
Image 6:fish
Image 7:lego
Image 8:bug","Image 1:peacock
Image 2:slug
Image 3:quad
Image 4:green
Image 5:alien
Image 6:pink
Image 7:google
Image 8:chicken","Image 1: multi
Image 2:google
Image 3:robot
Image 4:bird
Image 5:disc
Image 6:tiny
Image 7:yellow
Image 8:half","Image 1:chicken
Image 2:ant
Image 3:yellow
Image 4:robot
Image 5:feet
Image 6:short
Image 7:pink
Image 8:legs",waffle,owl,waffle,bob,owl,bug,fish,scorpion,lego,waffle,bob,owl,balloon,bug,peacock,google,chicken,slug,green,alien,pink,,robot,disc,half,bird,tiny,yellow,multi,google,pink,short,yellow,legs,chicken,short,feet,robot,2.0,4.0,8.0,7.0,7.0,6.0,1
nonschema,a3288d19-4c4a-41cd-a1d6-f2d5b468a2ea,868SK9,01KH6Q4G0H4S76YNF9EX868SK9,1,US,America/Chicago,False,False,4g,False,10.0,0.0,1710,995,1710,908,en-US,macOS desktop / Chrome,yes,fairly_paid,adequate,5.0,5,no,no,,,,0,115.863,136.309,123.781,187.601,217.375,152.201,"1:Owl
Image 2:moon man","Image 1:owl
Image 2:moon man
Image 3: frog
Image 4:comb over","Image 1: owl
Image 2: sting
Image 3: dog
Image 4: comb over
Image 5: moon man
Image 6:fish
Image 7: pigtails
Image 8: frog","Image 1: flower
Image 2: man
Image 3:four feet
Image 4:plant
Image 5: alive
Image 6: puppy
Image 7: spider
Image 8: van man","Image 1: colorful
Image 2: boy
Image 3:robot
Image 4:bird
Image 5:wheel
Image 6: can
Image 7:mouth
Image 8: comb over","Image 1: woman
Image 2:girl
Image 3:yellow
Image 4:white
Image 5: small
Image 6: squat
Image 7:purple
Image 8:legs",moon man,owl,moon man,comb over,owl,frog,fish,sting,pigtails,moon man,comb over,owl,dog,frog,flower,spider,van man,man,plant,alive,puppy,four feet,robot,wheel,comb over,bird,can,mouth,colorful,boy,purple,girl,yellow,legs,woman,squat,small,white,2.0,4.0,8.0,7.0,8.0,7.0,0
nonschema,9db45dc3-45c1-47b0-bb9d-11db81be39d9,Z6FG46,01KH6Q348P48M64M9D8KZ6FG46,0,CA,America/Toronto,False,False,4g,False,10.0,50.0,1536,816,1536,730,en-US,Windows desktop / Chrome,yes,underpaid,adequate,4.0,5,no,no,,thank you !,,0,44.018,51.245,95.685,199.973,201.615,174.908,"Image 1: furby
Image 2: donut","Image 1: furby
Image 2: donut
Image 3: pig
Image 4: robot","Image 1: furby
Image 2: scorpion
Image 3: dog
Image 4: robot
Image 5: donut
Image 6: shark
Image 7: girl
Image 8: pig","Image 1: peacock
Image 2: bird
Image 3: four
Image 4: fern
Image 5: eyebrow
Image 6: waiter
Image 7: octopus
Image 8: duck","Image 1: rainbow
Image 2: pole
Image 3: robot
Image 4: beak
Image 5: wheel
Image 6: cube
Image 7: yellow
Image 8: red","Image 1: ring
Image 2: post
Image 3: cheese
Image 4: penguin
Image 5: white
Image 6: spider
Image 7: purple
Image 8: brown",donut,furby,donut,robot,furby,pig,shark,scorpion,girl,donut,robot,furby,dog,pig,peacock,octopus,duck,bird,fern,eyebrow,waiter,four,robot,wheel,red,beak,cube,yellow,rainbow,pole,purple,post,cheese,brown,ring,spider,white,penguin,2.0,4.0,8.0,8.0,8.0,8.0,0
schema,0d9cb3ba-3f45-4b0e-ad3d-9ab0d373d60d,TBM35H,01KH6PZAK1FAYGYVGV66TBM35H,1,GB,Europe/London,False,False,4g,False,10.0,0.0,1710,1072,1710,951,en-US,macOS desktop / Chrome,yes,fairly_paid,adequate,5.0,5,no,no,,it was one of the best studies i have ever joind. thank you! ,,0,43.496,63.124,214.91,76.448,40.888,145.989,"Image 1: red 
Image 2: gray","reImage 2:
Image 3:
Image 4:","Image 1:
Image 2:
Image 3:
Image 4:
Image 5:
Image 6:
Image 7:
Image 8:","Image 1:
Image 2:
Image 3:
Image 4:
Image 5:
Image 6:
Image 7:
Image 8:","Image 1:
Image 2:
Image 3:
Image 4:
Image 5:
Image 6:
Image 7:
Image 8:","Image 1:
Image 2:
Image 3:
Image 4:
Image 5:
Image 6:
Image 7:
Image 8:",gray hair,red hair,gray right,red left,red right,gery left,grey right black brown,red right black brown,grey left red brown,grey right black yallow,red left red yellow,red right black yellow,red left red brown,grey left red yellow,grey left red brown,red right red yellow,red left red brown,red right black brown,grey right black yellow,grey left red yellow,grey right black brown,red right black yellow,red right black yellow,red left red brown,red left red yellow,grey left red yellow,red right black brown,grey right black brown,grey right black,grey left red brown,grey right red yellow,grey right yellow yellow,red left yellow brown,red left brown brown,red left blue brown,red left black brown,grey right white yellow,grey right white red yellow,1.0,2.0,7.0,6.0,7.0,7.0,0
schema,3a04b5be-766d-4377-bce2-a20620e3dfbf,3TBNWP,01KH6Q15WK4EEH2ZZD713TBNWP,0,GB,Europe/London,False,False,4g,False,3.0,100.0,1536,816,1536,695,en-GB,Windows desktop / Chrome,yes,fairly_paid,adequate,4.0,5,no,no,,"thank you, it was fun",,0,70.123,117.146,300.0,97.943,248.468,100.698,"Image 1:robot  with orange hat
Image 2:robot with purple hat","Image 1:robot orange hat right
Image 2:robot purple hat right
Image 3:robot orange hat left
Image 4:robot purple hat left","Image 1:orange hat right yellow black
Image 2:orange hat right black hands brown boots
Image 3:orange hat left red hands  brown boots
Image 4:orange hat left red hands yellow boots
Image 5:purple hat right yellow black boots
Image 6:purple hat right brown black boots
Image 7:purple hat left red hands brown boots
Image 8:purple hat red left hands yellow boots","Image 1:purple red brown
Image 2:orange black brown
Image 3:orange black yellow
Image 4:purple black yellow
Image 5:purple red yellow
Image 6:purple black brown
Image 7:orange red yellow
Image 8:orange red brown","Image 1:multi
Image 2:purple red brown
Image 3:orange black yellow
Image 4:purple red yellow
Image 5:orange red brown
Image 6:orange black brown
Image 7:purple black brown
Image 8:orange red yellow","Image 1:orange red brown
Image 2:purple black yellow
Image 3:orange red brown
Image 4:purple black yellow 
Image 5:purple black yellow
Image 6:orange red brown
Image 7:purple black yellow
Image 8:orange red brown",robot with purple hat,robot with orange hat,robot purple hat right,robot orange hat left,robot orange hat right,robot purple hat right,"purple hat, right black hands brown boots",orange hat right black hands brown boots,purple hat left red hands brown boots,purple hat right black hands yellow boots,orange hat left red hands yellow boots,orange hat right black hands yellow boots,orange hat left red hands brown boots,purple hat left red hands yellow boots,purple red brown,orange red yellow,orange red brown,orange black brown,purple black yellow,purple red yellow,purple black brown,orange black yellow,orange black yellow,orange red brown,orange red yellow,purple red yellow,orange black brown,purple black brown,multi,purple red brown,purple black yellow,purple black yellow,orange red brown,orange red brown,orange red brown,orange red brown,purple black yellow,purple black yellow,2.0,2.0,7.0,8.0,8.0,2.0,0
schema,86389228-309c-4705-a49a-591b7624dee5,TBM35H,01KH6PZAK1FAYGYVGV66TBM35H,0,GB,Europe/London,False,False,4g,False,7.0,50.0,1536,816,1536,695,en-US,Windows desktop / Chrome,yes,underpaid,adequate,5.0,4,no,no,,,,0,36.004,79.636,214.488,75.601,40.309,145.39,"Image 1: red 
Image 2: gray","reImage 2:
Image 3:
Image 4:","Image 1:
Image 2:
Image 3:
Image 4:
Image 5:
Image 6:
Image 7:
Image 8:","Image 1:
Image 2:
Image 3:
Image 4:
Image 5:
Image 6:
Image 7:
Image 8:","Image 1:
Image 2:
Image 3:
Image 4:
Image 5:
Image 6:
Image 7:
Image 8:","Image 1:
Image 2:
Image 3:
Image 4:
Image 5:
Image 6:
Image 7:
Image 8:",gray,red hair,grey right,red left,red right,gray left,grey right black brown,red right black brown,grey left red brown,grey right black yellow,red left red yellow,red right black yellow,red left red brown,grey left red yellow,grey left red brown,red left red yellow,red right red brown,red right black brown,grey right black yellow,grey left red yellow,grey right black brown,red right black yellow,red right black yellow,red left red brown,red left red yellow,grey left red yellow,red right black brown,grey right black brown,grey right black yellow,grey left red brown,grey right pink yellow,grey right yellow yellow,red left yellow brown,red left brown brown,red left blue brown,red left black brown,grey right white yellow,grey right white red yellow,1.0,2.0,7.0,6.0,7.0,7.0,0
schema,3ac04d29-1352-4f0d-b2a3-e82de32439b6,3TBNWP,01KH6Q15WK4EEH2ZZD713TBNWP,1,CA,America/Toronto,False,False,4g,False,10.0,50.0,2560,1392,2327,1155,en-US,Windows desktop / Chrome,yes,fairly_paid,adequate,4.0,4,no,no,,,,0,70.243,116.262,300.0,97.053,249.546,99.797,"Image 1:robot  with orange hat
Image 2:robot with purple hat","Image 1:robot orange hat right
Image 2:robot purple hat right
Image 3:robot orange hat left
Image 4:robot purple hat left","Image 1:orange hat right yellow black
Image 2:orange hat right black hands brown boots
Image 3:orange hat left red hands  brown boots
Image 4:orange hat left red hands yellow boots
Image 5:purple hat right yellow black boots
Image 6:purple hat right brown black boots
Image 7:purple hat left red hands brown boots
Image 8:purple hat red left hands yellow boots","Image 1:purple red brown
Image 2:orange black brown
Image 3:orange black yellow
Image 4:purple black yellow
Image 5:purple red yellow
Image 6:purple black brown
Image 7:orange red yellow
Image 8:orange red brown","Image 1:multi
Image 2:purple red brown
Image 3:orange black yellow
Image 4:purple red yellow
Image 5:orange red brown
Image 6:orange black brown
Image 7:purple black brown
Image 8:orange red yellow","Image 1:orange red brown
Image 2:purple black yellow
Image 3:orange red brown
Image 4:purple black yellow 
Image 5:purple black yellow
Image 6:orange red brown
Image 7:purple black yellow
Image 8:orange red brown",robot with purple hat,robot with orange hat,robot orange hat right,robot orange hat left,robot orange hat right,robot purple hat left,purple hat righ black hands brown boots,orange hat right black hands brown boots,purple hat left red hands brown boots,purple hat right black hands yellow boots,orange hat left red hands yellow boots,orange hat right black hands yellow boots,orange hat left red hands brown boots,purple hat left red hands yellow boots,purple red brown,orange red yellow,orange red brown,orange black brown,purple black yellow,purple red yellow,purple black brown,orange black yellow,orange black yellow,orange red brown,orange red yellow,purple red yellow,orange black brown,purple black brown,multi,purple red brown,purple black yellow,purple black yellow,orange red brown,orange red brown,orange red brown,orange red brown,purple black yellow,purple black yellow,2.0,2.0,7.0,8.0,8.0,2.0,0
schema,54912a51-daab-4d76-bcda-baa68636c238,VF2XR4,01KH6QQ54D8BXY06RRPXVF2XR4,0,GB,Europe/London,False,False,4g,False,7.3,50.0,1920,1080,1920,991,en-US,Windows desktop / Chrome,yes,fairly_paid,adequate,5.0,5,no,no,,none,,0,52.788,34.594,106.622,132.727,99.814,247.919,"Image 1: Orange hat
Image 2: Purple hat","Image 1:orange hat right
Image 2:purple hat right
Image 3: orange hat left
Image 4: purple hat left","Image 1: orange hat right black yellow
Image 2:orange hat right black brown
Image 3:orange hat left red brown
Image 4:orange hat left red yellow
Image 5: pruple hat right black yellow
Image 6: purple hat right black brown
Image 7: purple hat left red brown 
Image 8: purple hat left red yellow","Image 1: purple hat left red brown
Image 2: orange hat right black brown
Image 3: orange hat right black yellow
Image 4:purple hat right black yellow
Image 5: purple hat left red yellow
Image 6: purple hat right black brown
Image 7: orange hat left red yellow
Image 8: orange hat left red brown","Image 1: purple hat right black yellow
Image 2:purple hat left red brown
Image 3:orange hat right black yellow
Image 4:purple hat left red yellow
Image 5: orange hat left red brown
Image 6: orange hat right black brown
Image 7: purple hat right black brown
Image 8: orange hat left red yellow","Image 1: orange toilet 
Image 2: purple short
Image 3: orange lego 
Image 4: purple tall 
Image 5: purple medium
Image 6: orange short
Image 7: purple pink
Image 8: orange long legs",purple hat,orange hat,purple hat right,orange hat left,orange hat right,purple hat left,purple hat right black brown,orange hat right black brown,purple hat left red brown,purple hat right black yellow,orange hat left red yellow,orange hat right black yellow,orange hat left red brown,purple hat left red yellow,purple hat left red brown,orange hat left red yellow,orange hat left red brown,orange hat right black brown,purple hat right black yellow,purple hat left red yellow,purple hat right black brown,orange hat right black yellow,orange hat right black yellow,orange hat left red brown,orange hat left red yellow,purple hat left red yellow,orange hat right black brown,purple hat right black brown,purple hat right black yellow,purple hat left red brown,purple pink,purple short,orange lego,orange long legs,orange toilet,orange short,purple medium,purple tall,2.0,4.0,7.0,8.0,8.0,8.0,0
schema,205e06d5-26db-4204-8bc6-5d79983260ad,VF2XR4,01KH6QQ54D8BXY06RRPXVF2XR4,1,US,America/New_York,False,False,4g,False,8.75,50.0,1536,816,1536,730,en-US,Windows desktop / Chrome,yes,underpaid,adequate,5.0,5,no,no,,,,0,51.719,33.497,106.491,132.931,98.673,248.798,"Image 1: Orange hat
Image 2: Purple hat","Image 1:orange hat right
Image 2:purple hat right
Image 3: orange hat left
Image 4: purple hat left","Image 1: orange hat right black yellow
Image 2:orange hat right black brown
Image 3:orange hat left red brown
Image 4:orange hat left red yellow
Image 5: pruple hat right black yellow
Image 6: purple hat right black brown
Image 7: purple hat left red brown 
Image 8: purple hat left red yellow","Image 1: purple hat left red brown
Image 2: orange hat right black brown
Image 3: orange hat right black yellow
Image 4:purple hat right black yellow
Image 5: purple hat left red yellow
Image 6: purple hat right black brown
Image 7: orange hat left red yellow
Image 8: orange hat left red brown","Image 1: purple hat right black yellow
Image 2:purple hat left red brown
Image 3:orange hat right black yellow
Image 4:purple hat left red yellow
Image 5: orange hat left red brown
Image 6: orange hat right black brown
Image 7: purple hat right black brown
Image 8: orange hat left red yellow","Image 1: orange toilet 
Image 2: purple short
Image 3: orange lego 
Image 4: purple tall 
Image 5: purple medium
Image 6: orange short
Image 7: purple pink
Image 8: orange long legs",purple hat,orange hat,purple hat right,orange hat left,orange hat right,purple hat left,purple hat right black brown,orange hat right black brown,purple hat left red brown,purple hat right black yellow,orange hat left red yellow,orange hat right black yellow,orange hat left red brown,purple hair left red yellow,purple hat left red brown,orange hat left red yellow,orange hat left red brown,orange hat right black brown,purple hat right black yellow,purple hat left red yellow,purple hat right black brown,orange hat right black yellow,orange hat right black yellow,orange hat left red brown,orange hat left red yellow,purple hat left red yellow,orange hat right black brown,purple hat right black brown,purple hat right black yellow,purple hat left red brown,purple pink,purple short,orange lego,orange long legs,orange toilet,orange short,purple medium,purple tall,2.0,4.0,7.0,8.0,8.0,8.0,0
nonschema,5e23445d-4ef5-4996-a5cd-c938805a40d9,868SK9,01KH6Q4G0H4S76YNF9EX868SK9,0,GB,Europe/London,False,False,4g,False,10.0,50.0,1456,864,1456,758,en-US,Windows desktop / Edge,yes,fairly_paid,adequate,4.0,5,no,no,,No I don't think so,,0,114.923,136.387,124.53,187.216,217.036,151.273,"1:Owl
Image 2:moon man","Image 1:owl
Image 2:moon man
Image 3: frog
Image 4:comb over","Image 1: owl
Image 2: sting
Image 3: dog
Image 4: comb over
Image 5: moon man
Image 6:fish
Image 7: pigtails
Image 8: frog","Image 1: flower
Image 2: man
Image 3:four feet
Image 4:plant
Image 5: alive
Image 6: puppy
Image 7: spider
Image 8: van man","Image 1: colorful
Image 2: boy
Image 3:robot
Image 4:bird
Image 5:wheel
Image 6: can
Image 7:mouth
Image 8: comb over","Image 1: woman
Image 2:girl
Image 3:yellow
Image 4:white
Image 5: small
Image 6: squat
Image 7:purple
Image 8:legs",moon man,owl,moon man,comb over,owl,frog,fish,sting,pigtails,moon man,comb over,owl,dog,frog,flower,spider,van man,man,four feet,alive,puppy,four feet,robot,wheel,comb over,bird,can,mouth,colorful,boy,purple,girl,yellow,leggs,woman,squat,small,white,2.0,4.0,8.0,7.0,8.0,7.0,0
nonschema,f29a603d-9254-45f5-9d38-fafcd19dfaae,3XTW7A,01KH6QD1M2AP5TJYJ41G3XTW7A,0,US,America/Chicago,False,False,4g,False,0.7,100.0,1470,851,1470,761,en-US,macOS desktop / Chrome,yes,underpaid,adequate,5.0,4,no,no,,It stinks to be punished when you partner doesn't participate.,,2,67.471,95.141,62.046,129.721,300.0,90.264,"Image 1: owl
Image 2: donut","Image 1: owl
Image 2: donut
Image 3: robot
Image 4: bird","Image 1: owl
Image 2: scorpion
Image 3: dog
Image 4: bird
Image 5: donut
Image 6: fish
Image 7: girl
Image 8: robot","Image 1: peacock
Image 2: wall
Image 3: toes
Image 4: tree 
Image 5: funny
Image 6: present
Image 7: monkey
Image 8: banana","Image 1: colors
Image 2: pig
Image 3: gray
Image 4: parrot
Image 5: wheel
Image 6: dice
Image 7: cheese
Image 8: fire","Image 1: tube
Image 2: bug
Image 3: block
Image 4: guy
Image 5: pig
Image 6: coal
Image 7: stripe
Image 8: tall",donut,owl,donut,bird,owl,robot,fish,scorpion,girl,donut,bird,owl,dog,robot,peacock,monkey,banana,wall,tree,funny,present,toes,gray,wheel,fire,parrot,dice,cheese,colors,pig,stripe,bug,block,tall,tube,coal,pig,guy,2.0,4.0,8.0,4.0,0.0,0.0,0
schema,ada3f668-e05b-4225-beb9-73c3a7883f62,CA1VF5,01KH6Q58RR8EYEFJE46ACA1VF5,0,GB,Europe/London,False,False,4g,False,10.0,50.0,2560,1392,1587,883,en-US,Windows desktop / Chrome,yes,fairly_paid,adequate,4.0,5,no,no,,,,0,86.1,132.551,239.502,236.555,168.565,169.82,"Image 1: orange hat
Image 2: purple hat","Image 1: orange hat
Image 2: purple hat
Image 3: orange red hands
Image 4: purple red hands","Image 1:orange hat
Image 2:Rudi
Image 3:Ruby
Image 4:orange red hands
Image 5:purple hat
Image 6:Mini
Image 7:Maxi
Image 8:purple red hands","Image 1:hinge body
Image 2:Small head
Image 3:old
Image 4:owl
Image 5:long legs
Image 6:round belly
Image 7:shorty
Image 8:tube legs","Image 1:rainbow
Image 2:shorty
Image 3:robot
Image 4:nose
Image 5:wheel
Image 6:cube
Image 7:big mouth
Image 8:red","Image 1:cycle
Image 2:post it
Image 3:Lego
Image 4:transformer
Image 5:train
Image 6:crab
Image 7:egg plant
Image 8:poo",purple hat,orange hat,purple hat,orange red hands,orange hat,purple red hands,mini,rudi,maxi,ruby,orange red hands,orange hat,ruby,purple red hands,hinge body,shorty,tube legs,small head,owl,long legs,round belly,old,robot,wheel,red,nose,cube,big mouth,rainbow,shorty,egg plant,post it,lego,poo,cycle,crab,train,transformer,2.0,4.0,2.0,4.0,8.0,7.0,0
schema,9d33fd03-6ff3-42fe-a38d-a892b9954a75,CA1VF5,01KH6Q58RR8EYEFJE46ACA1VF5,1,GB,Europe/London,False,False,4g,False,9.75,50.0,1280,672,1280,585,en-GB,Windows desktop / Chrome,yes,fairly_paid,adequate,5.0,5,no,no,,none,,0,85.54,130.096,242.0,236.041,169.808,171.053,"Image 1: orange hat
Image 2: purple hat","Image 1: orange hat
Image 2: purple hat
Image 3: orange red hands
Image 4: purple red hands","Image 1:orange hat
Image 2:Rudi
Image 3:Ruby
Image 4:orange red hands
Image 5:purple hat
Image 6:Mini
Image 7:Maxi
Image 8:purple red hands","Image 1:hinge body
Image 2:Small head
Image 3:old
Image 4:owl
Image 5:long legs
Image 6:round belly
Image 7:shorty
Image 8:tube legs","Image 1:rainbow
Image 2:shorty
Image 3:robot
Image 4:nose
Image 5:wheel
Image 6:cube
Image 7:big mouth
Image 8:red","Image 1:cycle
Image 2:post it
Image 3:Lego
Image 4:transformer
Image 5:train
Image 6:crab
Image 7:egg plant
Image 8:poo",purple hat,orange hat,purple hat,orange red hands,orange hat,purple red hands,mini,ruddy,maxi,purple hat,rubby,rudi,rubi,maxi,hinge body,shorty,tube leg,small head,long legs,owl,small head,old,robot,wheel,red,nose,cube,big mouth,rainbow,shorty,egg plant,post,lego,poo,cycle,crab,train,transformer,2.0,4.0,2.0,4.0,8.0,7.0,0
schema,d60a4658-874e-46bd-9acb-c377934d9491,30BS7N,01KH6QXN3EGYHX6G276M30BS7N,0,CA,America/Toronto,False,False,4g,False,10.0,150.0,1280,752,1272,674,en-US,Windows desktop / Edge,yes,underpaid,adequate,5.0,5,no,no,,,,0,29.729,104.454,131.947,164.662,83.149,300.0,"Image 1: orange
Image 2: purple","Image 1: orange right
Image 2: purple right
Image 3: orange left
Image 4: purple left","Image 1: orange right black yellow
Image 2: orange right black brown
Image 3: orange left red brown
Image 4: orange left red yellow
Image 5: purple right black yellow
Image 6: purple right black brown
Image 7: purple left red brown
Image 8: purple left red yellow","Image 1: purple left red brown
Image 2: orange right black brown
Image 3: orange right black yellow
Image 4: purple right black yellow
Image 5: purple left red yellow
Image 6: purple right black brown
Image 7: orange left red yellow
Image 8: orange left red brown","Image 1: purple right black yellow
Image 2: purple left red brown
Image 3: orange right black yellow
Image 4: purple left red yellow
Image 5: orange left red brown
Image 6: orange right black brown
Image 7: purple right black brown
Image 8: orange left red yellow","Image 1: Orange left circle
Image 2: purple right square
Image 3: orange left square
Image 4: purple right square
Image 5: purple right square white
Image 6: orange right square
Image 7:purple right square magenta 
Image 8:orange left square brown",purple,orange,purple right,orange left,orange right,purple left,purple right black brown,orange right black brown,purple left red brown,purple right black yellow,orange left red yellow,orange right black yellow,orange left red brown,purple left red yellow,purple left red brown,orange left red yellow,orange left red brown,orange right black brown,purple right black yellow,purple left red yellow,purple right black brown,orange right black yellow,orange right black yellow,orange left red brown,orange left red yellow,purple left red yellow,orange right black brown,purple right black brown,purple right black yellow,purple left red brown,purple right square magenta,purple right square,orange left square,orange left square brown,orange left circle,orange left square,purple right square white,purple right square,2.0,4.0,8.0,8.0,8.0,4.0,0
schema,130cc062-b69f-4dfa-9302-7f837356da32,30BS7N,01KH6QXN3EGYHX6G276M30BS7N,1,CA,America/Toronto,False,False,4g,False,10.0,0.0,1920,1080,1920,957,en-US,Windows desktop / Chrome,yes,fairly_paid,adequate,5.0,5,no,no,,,,0,29.958,105.696,132.259,164.95,83.376,300.0,"Image 1: orange
Image 2: purple","Image 1: orange right
Image 2: purple right
Image 3: orange left
Image 4: purple left","Image 1: orange right black yellow
Image 2: orange right black brown
Image 3: orange left red brown
Image 4: orange left red yellow
Image 5: purple right black yellow
Image 6: purple right black brown
Image 7: purple left red brown
Image 8: purple left red yellow","Image 1: purple left red brown
Image 2: orange right black brown
Image 3: orange right black yellow
Image 4: purple right black yellow
Image 5: purple left red yellow
Image 6: purple right black brown
Image 7: orange left red yellow
Image 8: orange left red brown","Image 1: purple right black yellow
Image 2: purple left red brown
Image 3: orange right black yellow
Image 4: purple left red yellow
Image 5: orange left red brown
Image 6: orange right black brown
Image 7: purple right black brown
Image 8: orange left red yellow","Image 1: Orange left circle
Image 2: purple right square
Image 3: orange left square
Image 4: purple right square
Image 5: purple right square white
Image 6: orange right square
Image 7:purple right square magenta 
Image 8:orange left square brown",purple,orange,purple right,orange left,orange right,purple left,purple right black brown,orange right black brown,purple left red brown,purple right black yellow,orange left red yellow,orange right black yellow,orange left red brown,purple left red yellow,purple left red brown,orange left red yellow,orange left red brown,orange right black brown,purple right black yellow,purple left red yellow,purple right black brown,orange right black yellow,orange right black yellow,orange left red brown,orange left red yellow,purple left red yellow,orange right black brown,purple right black brown,purple right black yellow,purple left red brown,purple left square magenta,purple right square,orange left square,orange left square brown,orange left square,orange left square,purple right square white,purple right square,2.0,4.0,8.0,8.0,8.0,4.0,0
nonschema,67035696-2785-42ec-8c7d-80ffe8ab23a0,HCMSNR,01KH6QJEQE5NKC81W8CJHCMSNR,0,US,America/Indiana/Indianapolis,False,True,4g,False,4.45,100.0,1920,1032,1920,945,en-US,Windows desktop / Chrome,yes,fairly_paid,too_much,4.0,3,no,no,,,,1,23.523,86.445,59.597,73.792,53.662,53.132,"Image 1:owl
Image 2:cookie","Image 1:owl 
Image 2:COOKIE
Image 3: TURTLE
Image 4:FROG","Image 1:owl
	Image 2:scorpion
	Image 3:elephant
Image 4:frog
	Image 5:cookie
Image 6:skunk
Image 7:person
Image 8:turtle","Image 1:flower
Image 2:block
Image 3:bartender
Image 4:tree
Image 5:eyebrow
Image 6:present
	Image 7:robot
Image 8:Man","Image 1:artist
Image 2:eyebrow
Image 3:robot
Image 4:bird
Image 5:lid
Image 6:square
Image 7:box
Image 8:child","Image 1:pizza
	Image 2:file
Image 3:fry
Image 4:robot
Image 5:hair
Image 6:spider
Image 7:candy
Image 8:tLegs",cookie,owl,cookie,frog,owl,turtle,skunk,scorpion,person,cookie,frog,owl,elephant,turtle,flower,eyebrow,man,block,tree,eyebrow,present,cups,robot,lid,child,bird,square,box,artist,eyebrows,candy,file,hair,hair,pizza,spider,hair,robot,0.0,4.0,7.0,6.0,7.0,6.0,0
schema,49c18a2b-9127-45cb-b490-2a7ba9d9bfa1,VT5G2M,01KH6Q9PT4X9RRC4K9CDVT5G2M,0,GB,Europe/London,False,False,4g,False,10.0,0.0,2560,1392,2560,1305,en-GB,Windows desktop / Chrome,yes,fairly_paid,adequate,5.0,5,no,no,,,,0,52.896,87.758,137.908,269.875,211.076,242.419,"Image 1: orange
Image 2: purple","Image 1: orange with black hands
Image 2:purple with black hands
Image 3: orange with red hands
Image 4: purple with red hands","Image 1: orange with black hands, yellow feet
Image 2:orange with black hands, brown feet
Image 3:orange with red hands, brown feet
Image 4:orange with red hands, yellow feet
Image 5:purple with black hands, yellow feet
Image 6: purple with black hands, brown feet
Image 7:purple with red hands, brown feet
Image 8:purple with red hands, yellow feet","Image 1: purple hair, red arms, brown feet
Image 2:orange hair, black arms, brown feet
Image 3:orange hair, black arms, brown feet
Image 4:purple hair, black arms, yellow feet
Image 5:purple hair, red arms, yelllow feet
Image 6: purple feet, black arms, brown feet
Image 7:orange hair, red arms, yellow feet
Image 8:orange hair, red arms, brown feet","Image 1:purple hair, colorful body
Image 2:purple hair, red arms, brown feet
Image 3: orange hair, chair, yellow feet
Image 4:purple hair, lime body, yellow feet
Image 5:orange hair, red arms, brown feet
Image 6: orange hair, black arms, brown feet
Image 7:purple hair, black arms, brown feet
Image 8:orange hair, red arms, yellow feet","Image 1:orange hair, red arms, brown feet
Image 2:purple hair, black arms, yellow feet
Image 3:orange hair, red arms, brown feet, yellow body
Image 4:purple hair, black arms, red and yellow feet
Image 5:purple hair, black arms, yellow feet, white body
Image 6:orange hair, red arms, brown feet, black body
Image 7:purple hair, black arms, yellow feet, pink body
Image 8:orange hair, red arms, brown legs and feet",purple,orange,purple with black hands,orange with red hands,orange with black hands,purple with red hands,"purple with black hands, brown feet","orange with black hands, brown feet","purple with red hands, brown fee","purple with black hands, yellow feet","orange with red hands,
 yellow feet","orange with black hands, yellow feet","orange with red hands, brown feet","purple with red hands, yellow feet","purple hair, red arms, brown feet","orange hair, red arms, yellow feet","orange hair, red arms, brown feet","orange hair, black arms, brown feet","purple hair, black arms, yellow feet","purple hair, red arms, yellow feet","purple hair, black arms,  brown feet","orange hair, black arms, yellow feet","orange hair, chair, yellow feet","orange hair, red arms, brown feet","orange hair, red arms, yellow feet","purple hair, red arms, yellow feet","orange hair, black arms, brown feet","purple hair, black arms, brown feet","colored body, black arms, yellow feet","purple hair, red arms, brown feet","purple hair, black arms, yellow feet, pink body","purple hair, black arms, yellow feet","orange hair, red arms, brown feet, yellow body","orange hair, red a, brown legs and feet","orange hair, red arms, brown feet","orange hair, red arms, brown feet, black body","purple hair, black arms, yellow feet","purple hair, black arms, red and yellow feet",2.0,4.0,6.0,7.0,6.0,4.0,0
schema,75019074-f987-47ca-b73e-0e1b9a36b2a4,VT5G2M,01KH6Q9PT4X9RRC4K9CDVT5G2M,1,GB,Europe/London,False,False,4g,False,10.0,50.0,3440,1440,3432,1322,en-US,Windows desktop / Edge,yes,fairly_paid,adequate,5.0,5,no,no,,,,0,52.353,91.192,139.369,271.335,214.516,250.883,"Image 1: orange
Image 2: purple","Image 1: orange with black hands
Image 2:purple with black hands
Image 3: orange with red hands
Image 4: purple with red hands","Image 1: orange with black hands, yellow feet
Image 2:orange with black hands, brown feet
Image 3:orange with red hands, brown feet
Image 4:orange with red hands, yellow feet
Image 5:purple with black hands, yellow feet
Image 6: purple with black hands, brown feet
Image 7:purple with red hands, brown feet
Image 8:purple with red hands, yellow feet","Image 1: purple hair, red arms, brown feet
Image 2:orange hair, black arms, brown feet
Image 3:orange hair, black arms, brown feet
Image 4:purple hair, black arms, yellow feet
Image 5:purple hair, red arms, yelllow feet
Image 6: purple feet, black arms, brown feet
Image 7:orange hair, red arms, yellow feet
Image 8:orange hair, red arms, brown feet","Image 1:purple hair, colorful body
Image 2:purple hair, red arms, brown feet
Image 3: orange hair, chair, yellow feet
Image 4:purple hair, lime body, yellow feet
Image 5:orange hair, red arms, brown feet
Image 6: orange hair, black arms, brown feet
Image 7:purple hair, black arms, brown feet
Image 8:orange hair, red arms, yellow feet","Image 1:orange hair, red arms, brown feet
Image 2:purple hair, black arms, yellow feet
Image 3:orange hair, red arms, brown feet, yellow body
Image 4:purple hair, black arms, red and yellow feet
Image 5:purple hair, black arms, yellow feet, white body
Image 6:orange hair, red arms, brown feet, black body
Image 7:purple hair, black arms, yellow feet, pink body
Image 8:orange hair, red arms, brown legs and feet",purple,orange,purple with black hands,orange with red hands,orange with black hands,purple with red hands,"purple with black hands, brown feet","orange with black hands, brown feet","purple with red hands, brown feet","purple with black hands, yellow feet","orange with red hands, yellow feet","orange with black hands, yellow feet","orange with red hands, brown feet","purple with red hands, yellow feet","purple hair, red arms, brown feet","orange hair, red arms, yellow feet","orange hair, red arms, brown feet","orange hair, black arms, brown feet","purple hair, black arms, yellow feet","purple hair, red arms, yellow feet","purple hair, black arms, brown feet","orange hair, black arms, yellow feet","orange hair, chair, yellow feet","orange hair, red arms, brown feet","orange hair, red arms, yellow feet","purple hair, lime body, yellow feet","orange hair, black arms, brown feet","purple hair, black arms, brown feet","purple hair, colorful body","purple hair, red arms, brown feet","purple hair, black arms, yellow feet, pink body","purple hair, black arms, yellow feet","orange hair, red arms, brown feet, yellow body","orange hair, red arms, brown feet, brown body","orange hair, red arm, brown feet","orange hair, red arms, brown feet","purple hair, black arms, yellow feet, white body","purple hair, black arms, red and yellow feet",2.0,4.0,6.0,7.0,6.0,4.0,0
nonschema,eac300d1-6997-4903-84ff-9a37e057513e,HCMSNR,01KH6QJEQE5NKC81W8CJHCMSNR,1,GB,Europe/London,False,False,4g,False,4.75,100.0,1366,687,1366,600,en-GB,Windows desktop / Chrome,yes,fairly_paid,adequate,5.0,5,no,no,,,,0,300.0,88.726,83.702,109.782,125.142,145.321,"Image 1:owl
Image 2:cookie","Image 1:owl 
Image 2:COOKIE
Image 3: TURTLE
Image 4:FROG","Image 1:owl
	Image 2:scorpion
	Image 3:elephant
Image 4:frog
	Image 5:cookie
Image 6:skunk
Image 7:person
Image 8:turtle","Image 1:flower
Image 2:block
Image 3:bartender
Image 4:tree
Image 5:eyebrow
Image 6:present
	Image 7:robot
Image 8:Man","Image 1:artist
Image 2:eyebrow
Image 3:robot
Image 4:bird
Image 5:lid
Image 6:square
Image 7:box
Image 8:child","Image 1:pizza
	Image 2:file
Image 3:fry
Image 4:robot
Image 5:hair
Image 6:spider
Image 7:candy
Image 8:tLegs",,,cookie,frog,owl,turtle,skunk,scorpion,person,cookie,frog,owl,elephant,t,flower,ro,man,block,tree,eyebrow,present,barteneder,robot,lid,child,bird,square,box,artist,eye brow,candy,file,fry,tlegs,pizza,spider,hair,robot,0.0,4.0,7.0,6.0,7.0,6.0,2
nonschema,a54b7d05-fece-4bdf-a1ea-e91b689d3f68,3XTW7A,01KH6QD1M2AP5TJYJ41G3XTW7A,1,CA,America/Toronto,False,True,4g,False,2.1,50.0,1280,680,1280,559,en-US,Windows desktop / Chrome,,,,,,,,,,,0,251.625,98.299,74.2,185.859,300.0,300.0,"Image 1: owl
Image 2: donut","Image 1: owl
Image 2: donut
Image 3: robot
Image 4: bird","Image 1: owl
Image 2: scorpion
Image 3: dog
Image 4: bird
Image 5: donut
Image 6: fish
Image 7: girl
Image 8: robot","Image 1: peacock
Image 2: wall
Image 3: toes
Image 4: tree 
Image 5: funny
Image 6: present
Image 7: monkey
Image 8: banana","Image 1: colors
Image 2: pig
Image 3: gray
Image 4: parrot
Image 5: wheel
Image 6: dice
Image 7: cheese
Image 8: fire","Image 1: tube
Image 2: bug
Image 3: block
Image 4: guy
Image 5: pig
Image 6: coal
Image 7: stripe
Image 8: tall",donut,owl,donut,bird,owl,robot,fish,scorpion,girl,donut,bird,owl,dog,robot,peacock,funny,bananas,wall,;tree,funny,,toes,,,,,,banana,,,,,,,,,,,2.0,4.0,8.0,4.0,0.0,0.0,16
schema,34e25190-7e8a-444f-bd5c-bcc3b712bde8,RHNS8Z,01KGQFACXVPMTHEGVDR0RHNS8Z,1,GB,Europe/London,False,False,,,,,1499,891,1499,891,en-GB,macOS desktop / Safari,yes,N/A,adequate,3.0,3,no,no,,n/a,,0,25.232,49.934,62.985,83.211,75.229,89.238,"Image 1: Orange
Image 2: Purple","Image 1: orange right
Image 2: purple right
Image 3:orange left
Image 4: purple left","Image 1:orange right
Image 2:orange brown right
Image 3:orange brown left
Image 4:orange left
Image 5:purple right
Image 6:purple brown right
Image 7:purple brown left
Image 8:purple left","Image 1: purple brown left
Image 2: orange tall right
Image 3:orange right
Image 4:purple right
Image 5:purple left
Image 6:purple tall right
Image 7:orange short left
Image 8:orange brown left","Image 1: multi
Image 2:short
Image 3:grey
Image 4:parrot
Image 5:green
Image 6:square
Image 7:yellow
Image 8:bob","Image 1: blue
Image 2:pink
Image 3:yellow
Image 4:white
Image 5:bob
Image 6:black
Image 7:magenta
Image 8:brown",purple,orange,purple right,orange left,orange right,purple left,purple brown right,orange brown right,purple brown left,purple right,orange left,orange right,orange brown left,purple left,purple brown left,orange short left,orange brown left,orange tall right,purple right,purple short left,purple brown right,orange right,grey,green,short,parrot,square,yellow,multi,short,magenta,pink,yellow,brown,blue,black,bob,white,2.0,4.0,8.0,6.0,7.0,8.0,0
schema,52cef16d-19ce-4628-9a54-edc79c3d5e24,RHNS8Z,01KGQFACXVPMTHEGVDR0RHNS8Z,0,US,America/Los_Angeles,False,False,4g,False,10.0,100.0,1536,816,1920,869,en-US,Windows desktop / Chrome,yes,fairly_paid,too_much,5.0,5,no,yes,"Even though my mic was working, the other player couldn't hear me.","Despite him not being able to hear me after the first round, we communicated well through gestures and facial expressions.",,0,26.924,48.995,64.059,85.009,75.59,89.629,"Image 1: Orange
Image 2: Purple","Image 1: orange right
Image 2: purple right
Image 3:orange left
Image 4: purple left","Image 1:orange right
Image 2:orange brown right
Image 3:orange brown left
Image 4:orange left
Image 5:purple right
Image 6:purple brown right
Image 7:purple brown left
Image 8:purple left","Image 1: purple brown left
Image 2: orange tall right
Image 3:orange right
Image 4:purple right
Image 5:purple left
Image 6:purple tall right
Image 7:orange short left
Image 8:orange brown left","Image 1: multi
Image 2:short
Image 3:grey
Image 4:parrot
Image 5:green
Image 6:square
Image 7:yellow
Image 8:bob","Image 1: blue
Image 2:pink
Image 3:yellow
Image 4:white
Image 5:bob
Image 6:black
Image 7:magenta
Image 8:brown",purple,orange,purple right,orange left,orange right,purple left,purple brown right,orange brown right,purple brown left,purple right,orange left,orange right,orange brown left,purple left,purple brown left,orange short left,orange brown left,orange tall right,purple right,purple left,purple tall right,orange right,grey,green,short,parrot,square,yellow,multi,bob,magenta,pink,yellow,brown,blue,black,bob,white,2.0,4.0,8.0,6.0,7.0,8.0,0
nonschema,e57bb354-fea7-4efd-8b8d-2870e98ecdb5,987DM5,01KGQFRAFRPS2J1HZJ4G987DM5,0,CA,America/Toronto,False,False,4g,False,10.0,50.0,1280,672,1280,551,en-US,Windows desktop / Chrome,yes,fairly_paid,adequate,4.0,5,no,yes,"The first trial was a little glitchy. Also in the page just before this one, I had issues typing in what year i was born and had to play around with it before I could continue ",,,0,41.528,38.989,57.586,102.371,139.079,131.244,"Image 1: owl
Image 2: pizza","Image 1: owl
Image 2: pizza
Image 3: binoculars
Image 4: robot","Image 1: owl
Image 2: scorpion
Image 3: dog
Image 4: robot
Image 5: pizza
Image 6: fish
Image 7: helmet
Image 8: binoculars","Image 1: peacock
Image 2: paper
Image 3: piano
Image 4: tree
Image 5: binoculars
Image 6: mailbox
Image 7: legs
Image 8: duck","Image 1: colours
Image 2: skinny
Image 3: robot
Image 4: bird
Image 5: ship
Image 6: fish
Image 7: mouth
Image 8: anger","Image 1: circle
Image 2: snail
Image 3: cheese
Image 4: awkward
Image 5: boat
Image 6: crab
Image 7: fruit
Image 8: tall",owl,owl,pizza,robot,owl,binocular,fish,scorpion,helmet,pizza,robot,owl,dog,binoculars,peacock,legs,duck,paper,tree,binoculars,mailbox,piano,robot,ship,anger,bird,fish,mouth,colours,skinny,fruit,snail,cheese,tall,circle,crab,boat,awkward,1.0,3.0,8.0,7.0,8.0,8.0,0
nonschema,103e66ac-209a-4182-89ea-ce64bcf7ee0b,987DM5,01KGQFRAFRPS2J1HZJ4G987DM5,1,CA,America/Toronto,False,False,4g,False,10.0,50.0,1440,900,1440,812,en-US,macOS desktop / Chrome,yes,fairly_paid,adequate,4.0,4,no,yes,"when submitting a response in round 2 or 3, it erased half of my word",N/A,,0,41.12,37.543,57.117,102.897,138.569,130.806,"Image 1: owl
Image 2: pizza","Image 1: owl
Image 2: pizza
Image 3: binoculars
Image 4: robot","Image 1: owl
Image 2: scorpion
Image 3: dog
Image 4: robot
Image 5: pizza
Image 6: fish
Image 7: helmet
Image 8: binoculars","Image 1: peacock
Image 2: paper
Image 3: piano
Image 4: tree
Image 5: binoculars
Image 6: mailbox
Image 7: legs
Image 8: duck","Image 1: colours
Image 2: skinny
Image 3: robot
Image 4: bird
Image 5: ship
Image 6: fish
Image 7: mouth
Image 8: anger","Image 1: circle
Image 2: snail
Image 3: cheese
Image 4: awkward
Image 5: boat
Image 6: crab
Image 7: fruit
Image 8: tall",pizza,owl,pizza,robot,owl,binoculars,fish,scorpion,helmet,pizza,robot,owl,dog,binoculars,peacock,legs,duck,paper,tree,bin,mailbox,piano,robot,ship,anger,bird,fish,mouth,colours,skinny,fruit,snail,cheese,tall,circle,crab,boat,awkward,1.0,3.0,8.0,7.0,8.0,8.0,0
schema,dcd77f4a-8a88-4614-997e-7d0125aca302,GQK8HG,01KGQG2FZVDM6QWWQASVGQK8HG,0,GB,Europe/London,False,False,4g,False,10.0,50.0,1470,924,1470,831,en-GB,macOS desktop / Chrome,yes,N/A,adequate,5.0,5,no,no,,,,0,72.944,196.894,227.995,96.761,119.837,300.0,"orange head
purple head","image 1: orange black head
image 2: purple black head
Image 3: orange red head
Image 4: purple red head","Image 1: oby
Image 2: obbr
Image 3: orbr
Image 4:ory
Image 5:pby
Image 6:pbbr
Image 7:prbr
Image 8:pry","Image 1: prbr
Image 2: obbr
Image 3: oby
Image 4: pby
Image 5:pry
Image 6:pbbr
Image 7:ory
Image 8: orbr","Image 1: pby
Image 2: prbr
Image 3:oby
Image 4: pry
Image 5:orbr
Image 6:obbr
Image 7:pbbr
Image 8: ory","Image 1: orbrbluecircle
Image 2:pbypinksquare
Image 3:orbrrectangle
Image 4:pbyrectagle
Image 5:pbyt
Image 6:orbrblackrectangle
Image 7:pbypurplerectangle
Image 8:orbrbrownrectangle",purple head,orange head,purple black head,orange red head,orange black head,purple red head,pbbr,obbr,prbr,pby,ory,oby,orbr,pry,prbr,ory,orbr,rbbr,pby,pry,pbbr,oby,oby,orbr,ory,pry,obbr,pbbr,pby,prbr,pbypinkrectangle,pbypinksquare,orbrrectangle,orbrrectangle,orbrbluecircle,orbrblackrectangle,pbyt,pbywhiterectangle,2.0,4.0,8.0,7.0,8.0,1.0,0
nonschema,4fb5a436-b8b8-4f29-95bd-bd502e706079,HQ8J1N,01KGQGEARKX6WT5CDFV7HQ8J1N,0,GB,Europe/London,False,False,4g,False,10.0,50.0,1440,900,1440,778,en-GB,macOS desktop / Chrome,yes,fairly_paid,adequate,5.0,5,no,no,,all good ,,0,65.239,59.1,102.908,290.212,186.14,165.725,"Image 1: owl
Image 2: doughnut","Image 1: owl
Image 2: doughut
Image 3: frog
Image 4: square","Image 1: owl
Image 2: scorpian
Image 3: cow
Image 4: square
Image 5: doughnut 
Image 6: crab
Image 7: hair
Image 8: frog","Image 1: flower
Image 2: penguin 
Image 3: crab
Image 4: tree
Image 5: dog
Image 6: meerkat
Image 7: lemur 
Image 8: alien","Image 1: cake
Image 2: human
Image 3: robot
Image 4: bird
Image 5: spider
Image 6: square 
Image 7: big bird
Image 8: bee","Image 1: swim
Image 2: dog
Image 3: yellow
Image 4: woman
Image 5: white
Image 6: spider
Image 7: ski
Image 8: man",doughnut,owl,doughnut,square,owl,frog,crab,scorpion,hair,doughnut,square,owl,cow,frog,flower,lemur,alien,penguin,tree,dog,meerkat,crab,robot,spider,bee,bird,square,big bird,cake,human,ski,dog,yellow,man,swim,spider,white,woman,2.0,4.0,7.0,8.0,7.0,8.0,0
nonschema,0176089f-1290-4015-b3f2-94cb7e76615a,HQ8J1N,01KGQGEARKX6WT5CDFV7HQ8J1N,1,GB,Europe/London,False,False,4g,False,5.5,50.0,1366,728,1366,641,en-GB,Windows desktop / Chrome,yes,fairly_paid,adequate,5.0,4,no,no,,no all good thanks,,0,66.155,60.035,103.742,288.01,185.905,165.596,"Image 1: owl
Image 2: doughnut","Image 1: owl
Image 2: doughut
Image 3: frog
Image 4: square","Image 1: owl
Image 2: scorpian
Image 3: cow
Image 4: square
Image 5: doughnut 
Image 6: crab
Image 7: hair
Image 8: frog","Image 1: flower
Image 2: penguin 
Image 3: crab
Image 4: tree
Image 5: dog
Image 6: meerkat
Image 7: lemur 
Image 8: alien","Image 1: cake
Image 2: human
Image 3: robot
Image 4: bird
Image 5: spider
Image 6: square 
Image 7: big bird
Image 8: bee","Image 1: swim
Image 2: dog
Image 3: yellow
Image 4: woman
Image 5: white
Image 6: spider
Image 7: ski
Image 8: man",doughnut,owl,doughnut,square,owl,frog,crab,scorpian,hair,doughnut,square,owl,cow,frog,flower,lemur,alien,penguin,tree,dog,meerkat,crab,robot,spider,bee,bird,square,bigbird,cake,human,ski,dog,yellow,man,swim,spider,white,woman,2.0,4.0,7.0,8.0,7.0,8.0,0
schema,37382f22-34c3-4a37-83ad-5ccc4bb4ee5b,GQK8HG,01KGQG2FZVDM6QWWQASVGQK8HG,1,GB,Europe/London,False,False,4g,False,10.0,0.0,1600,852,1600,765,en-US,Windows desktop / Chrome,maybe,underpaid,adequate,4.0,3,no,yes,The game crashed when submitting in the final round,,,0,73.981,197.953,228.018,96.833,119.893,300.0,"orange head
purple head","image 1: orange black head
image 2: purple black head
Image 3: orange red head
Image 4: purple red head","Image 1: oby
Image 2: obbr
Image 3: orbr
Image 4:ory
Image 5:pby
Image 6:pbbr
Image 7:prbr
Image 8:pry","Image 1: prbr
Image 2: obbr
Image 3: oby
Image 4: pby
Image 5:pry
Image 6:pbbr
Image 7:ory
Image 8: orbr","Image 1: pby
Image 2: prbr
Image 3:oby
Image 4: pry
Image 5:orbr
Image 6:obbr
Image 7:pbbr
Image 8: ory","Image 1: orbrbluecircle
Image 2:pbypinksquare
Image 3:orbrrectangle
Image 4:pbyrectagle
Image 5:pbyt
Image 6:orbrblackrectangle
Image 7:pbypurplerectangle
Image 8:orbrbrownrectangle",purple head,orange head,purple black head,orange red head,orange black head,purple red head,pbbr,obbr,prbr,pby,ory,oby,orbr,pry,prbr,ory,orbr,obbr,pby,pry,pbbr,oby,oby,orbr,ory,pry,obbr,pbbr,pby,prbr,pbypurplerectangle,pbypinksquare,orbryellowrectangle,orbrbrownrectangle,orbrbl uecircle,,,,2.0,4.0,8.0,7.0,8.0,1.0,3
schema,a718f6ee-da4f-4619-8fca-3665278ca266,KHZJM5,01KGQGN6TTN51JP3GY67KHZJM5,1,US,America/New_York,False,False,4g,False,10.0,100.0,1600,900,1600,811,en-US,Windows desktop / Chrome,yes,fairly_paid,adequate,5.0,5,no,no,,,,0,139.154,89.865,99.26,126.431,123.283,300.0,"Image 1: orange
Image 2: purple","Image 1: orange black
Image 2: purple black
Image 3: orange red
Image 4: purple red","Image 1: orange black yellow
Image 2: orange black brown
Image 3: orange red brown
Image 4: orange red yellow
Image 5: purple black yellow
Image 6: purple black brown
Image 7: purple red brown
Image 8: purple red yellow","Image 1: purple red brown
Image 2: orange black brown
Image 3: orange black yellow
Image 4: purple black yellow
Image 5: purple red yellow
Image 6: purple black brown
Image 7: orange red yellow
Image 8: orange red brown","Image 1: purple black yellow
Image 2: purple red brown
Image 3: orange black yellow
Image 4: purple red yellow
Image 5: orange red brown
Image 6: orange black brown
Image 7: purple black brown
Image 8: orange red yellow","Image 1: orange red brown blue
Image 2: purple black yellow yellow
Image 3: orange red brown yellow
Image 4: purple black yellow brown
Image 5: purple black yellow white
Image 6: orange red brown black
Image 7: purple black yellow pink
Image 8: orange red brown brown",purple,orange,purple black,orange red,orange black,purple red,purple black brown,orange black brown,purple red brown,purple black yellow,orange red yellow,orange black yellow,orange red brown,purple red yellow,purple red brown,orange red yellow,orange red brown,orange black brown,purple black yellow,purple red yellow,purple black brown,orange black yellow,orange black yellow,orange red brown,orange red yellow,purple red yellow,orange black brown,purple black brown,purple black yellow,purple red brown,purple black yellow pink,purple black yellow yellow,orange red brown yellow,orange red brown brown,orange red brown blue,orange red brown black,purple black yellow white,purple black yellow brown,2.0,4.0,8.0,8.0,8.0,8.0,0
schema,28351493-9b62-4d0d-bf75-8c4a9b1c1e8b,KHZJM5,01KGQGN6TTN51JP3GY67KHZJM5,0,GB,Europe/London,False,False,4g,False,10.0,0.0,1920,1032,1920,911,en-GB,Windows desktop / Chrome,yes,underpaid,adequate,4.0,4,no,no,,Great study.,,0,140.2,85.766,99.857,124.24,118.887,300.0,"Image 1: orange
Image 2: purple","Image 1: orange black
Image 2: purple black
Image 3: orange red
Image 4: purple red","Image 1: orange black yellow
Image 2: orange black brown
Image 3: orange red brown
Image 4: orange red yellow
Image 5: purple black yellow
Image 6: purple black brown
Image 7: purple red brown
Image 8: purple red yellow","Image 1: purple red brown
Image 2: orange black brown
Image 3: orange black yellow
Image 4: purple black yellow
Image 5: purple red yellow
Image 6: purple black brown
Image 7: orange red yellow
Image 8: orange red brown","Image 1: purple black yellow
Image 2: purple red brown
Image 3: orange black yellow
Image 4: purple red yellow
Image 5: orange red brown
Image 6: orange black brown
Image 7: purple black brown
Image 8: orange red yellow","Image 1: orange red brown blue
Image 2: purple black yellow yellow
Image 3: orange red brown yellow
Image 4: purple black yellow brown
Image 5: purple black yellow white
Image 6: orange red brown black
Image 7: purple black yellow pink
Image 8: orange red brown brown",purple,orange,purple black,orange red,orange black,purple red,purple black brown,orange black brown,purple red brown,purple black yellow,orange red yellow,orange black yellow,orange red brown,purple red yellow,purple red brown,orange red yellow,orange red brown,orange black brown,purple black yellow,purple red yellow,purple black brown,orange black yellow,orange black yellow,orange red brown,orange red yellow,purple red yellow,orange black brown,purple black brown,purple black yellow,purple red brown,purple black yellow pink,purple black yellow yellow,orange red brown yellow,orange red brown brown,orange red brown blue,orange red brown black,purple black yellow white,purple black yellow brown,2.0,4.0,8.0,8.0,8.0,8.0,0
schema,6954370a-0257-4b4d-9054-d604c6a3087c,7123Y2,01KGQGW6EGP6KMXYTFX47123Y2,0,US,America/New_York,False,False,4g,False,10.0,50.0,1366,720,1358,636,en-US,Windows desktop / Edge,yes,fairly_paid,adequate,5.0,5,no,no,,no,,0,66.134,146.661,106.633,97.714,129.837,300.0,"Image 1:Orange
Image 2:Purple","Image 1:ol
Image 2:pl
Image 3:or
Image 4:pr","Image 1:oly
Image 2:olb
Image 3:orb
Image 4:ory
Image 5:ply
Image 6:plb
Image 7:prb
Image 8:pry","Image 1:prb
Image 2:olb
Image 3:oly
Image 4:ply
Image 5:pry
Image 6:plb
Image 7:ory
Image 8:orb","Image 1:ply
Image 2:prb
Image 3:oly
Image 4:pry
Image 5:orb
Image 6:olb
Image 7:plb
Image 8:ory","Image 1:orb
Image 2:ply0
Image 3:
Image 4:
Image 5:
Image 6:
Image 7:
Image 8:",purple,orange,pl,or,ol,pr,plb,olb,prb,ply,ory,oly,orb,pry,prb,ory,orb,olb,ply,pry,plb,oly,oly,orb,ory,pry,olb,plb,ply,prb,ply0,ply2,orb6,orb0,orb7,orb,ply2,ply4,2.0,4.0,8.0,8.0,8.0,1.0,0
schema,067ab462-7f48-4eb4-ab4f-8beea15f4dc6,7123Y2,01KGQGW6EGP6KMXYTFX47123Y2,1,GB,Europe/London,False,False,4g,False,10.0,50.0,1536,816,1536,730,en-GB,Windows desktop / Chrome,yes,fairly_paid,adequate,5.0,5,no,no,,,,0,67.702,148.265,105.204,97.322,129.41,300.0,"Image 1:Orange
Image 2:Purple","Image 1:ol
Image 2:pl
Image 3:or
Image 4:pr","Image 1:oly
Image 2:olb
Image 3:orb
Image 4:ory
Image 5:ply
Image 6:plb
Image 7:prb
Image 8:pry","Image 1:prb
Image 2:olb
Image 3:oly
Image 4:ply
Image 5:pry
Image 6:plb
Image 7:ory
Image 8:orb","Image 1:ply
Image 2:prb
Image 3:oly
Image 4:pry
Image 5:orb
Image 6:olb
Image 7:plb
Image 8:ory","Image 1:orb
Image 2:ply0
Image 3:
Image 4:
Image 5:
Image 6:
Image 7:
Image 8:",purple,orange,pl,or,ol,pr,plb,olb,prb,ply,ory,oly,orb,pry,prb,ory,orb,olb,ply,pry,plb,oly,oly,orb,ory,pry,olb,plb,ply,prb,plyp,ply0,orb,orb,orb,orb4,ply2,ply1,2.0,4.0,8.0,8.0,8.0,1.0,0
schema,4f5525fc-177e-4f86-8a5f-9df21c77b277,WMJTSY,01KGJEXCTE9VYR3WM8GAWMJTSY,0,US,America/New_York,False,False,4g,False,10.0,150.0,360,780,980,1767,en-US,Linux desktop / Chrome,yes,fairly_paid,adequate,5.0,5,no,no,,None ,,0,73.729,61.376,145.848,42.495,48.407,11.373,"Image 1:orange 
Image 2:purple","Image 1: orange right
Image 2: purple right
Image 3: orange left
Image 4: purple left","Image 1:orange right yellow
Image 2:orange right brown
Image 3: orange right brown
Image 4:orange left yellow
Image 5:purple right yellow
Image 6: purple roght brown
Image 7: purple left brown
Image 8: purple left yellow","Image 1:
Image 2:
Image 3:
Image 4:
Image 5:
Image 6:
Image 7:
Image 8:","Image 1:
Image 2:
Image 3:
Image 4:
Image 5:
Image 6:
Image 7:
Image 8:","Image 1:
Image 2:
Image 3:
Image 4:
Image 5:
Image 6:
Image 7:
Image 8:",purple,orange,purple right,orange left,orange right,purple left,purple right brown,orange right brown,purple left,purple right yellow,orange left yellow,orange right yellow,orange left brown,purple left yellow,1,seven,eight,three,sorry i messed up! lol,five,five,five,one,two,three,four,five,six,seven,eight,one,two,three,four,five,six,seven,eight,2.0,3.0,7.0,0.0,8.0,8.0,0
schema,396d9fb9-1e07-421f-9f60-1a10b77a70c5,WMJTSY,01KGJEXCTE9VYR3WM8GAWMJTSY,1,US,America/Chicago,False,False,4g,False,10.0,50.0,1536,816,1528,738,en-US,Windows desktop / Edge,yes,fairly_paid,too_much,4.0,5,no,no,,,,0,72.807,69.916,140.621,29.307,48.22,11.339,"Image 1:orange 
Image 2:purple","Image 1: orange right
Image 2: purple right
Image 3: orange left
Image 4: purple left","Image 1:orange right yellow
Image 2:orange right brown
Image 3: orange right brown
Image 4:orange left yellow
Image 5:purple right yellow
Image 6: purple roght brown
Image 7: purple left brown
Image 8: purple left yellow","Image 1:
Image 2:
Image 3:
Image 4:
Image 5:
Image 6:
Image 7:
Image 8:","Image 1:
Image 2:
Image 3:
Image 4:
Image 5:
Image 6:
Image 7:
Image 8:","Image 1:
Image 2:
Image 3:
Image 4:
Image 5:
Image 6:
Image 7:
Image 8:",purple,orange,purple right,orange left,orange right,purple right,purple right brown,orange right brown,purple left brown,purple right yellow,orange left yellow,orange right yellow,orange left brown,purple left yellow,one,two,three,four,five,six,seven,eight,one,two,three,four,five,six,seven,eight,one,two,three,four,five,six,seven,eight,2.0,3.0,7.0,0.0,8.0,8.0,0
schema,e81e1ab2-ce65-45a2-b500-0827dac3be5d,GSRN5T,01KGJF601E30EFN6H1NZGSRN5T,1,CA,America/Toronto,False,True,4g,False,3.2,100.0,1536,816,1920,912,en-CA,Windows desktop / Chrome,yes,fairly_paid,adequate,5.0,4,no,no,,,,0,62.329,113.822,208.077,94.93,108.524,300.0,"Image 1:orange man 

Image 2:purple man","Image 1: orange man
Image 2:purple man
Image 3:rorange man
Image 4:rpurple man","Image 1:oby
Image 2:obb
Image 3:orb
Image 4:ory
Image 5:pby
Image 6:pbb
Image 7:prb
Image 8:pry","Image 1:prb
Image 2:obb
Image 3:oby
Image 4:pby
Image 5:pry
Image 6:pbb
Image 7:ory
Image 8:orb","Image 1:pby
Image 2:prb
Image 3:oby
Image 4:pry
Image 5:orb
Image 6:obb
Image 7:pbb
Image 8:ory","Image 1:obrb
Image 2:pyby
Image 3:oyrb
Image 4:pwby
Image 5:pwbys
Image 6:obrb
Image 7:prby
Image 8:obrbb",purple man,orange man,purple man,rorange man,orange man,rpurple man,pbb,obb,prb,pby,ory,oby,orb,pry,prb,ory,orb,obb,pby,pry,pbb,oby,oby,orb,ory,pry,obb,pbb,pby,prb,prby,pyby,oyrb,obrbb,obrb,obrb,pwbys,pwby,2.0,4.0,8.0,8.0,8.0,6.0,0
schema,dd86c16b-ad4b-47c9-9636-573c518b9d44,GSRN5T,01KGJF601E30EFN6H1NZGSRN5T,0,GB,Europe/London,False,False,4g,False,4.05,50.0,1920,1032,1920,945,en-GB,Windows desktop / Chrome,yes,fairly_paid,adequate,5.0,5,no,no,,,,0,57.705,113.148,207.399,93.24,104.747,300.0,"Image 1:orange man 

Image 2:purple man","Image 1: orange man
Image 2:purple man
Image 3:rorange man
Image 4:rpurple man","Image 1:oby
Image 2:obb
Image 3:orb
Image 4:ory
Image 5:pby
Image 6:pbb
Image 7:prb
Image 8:pry","Image 1:prb
Image 2:obb
Image 3:oby
Image 4:pby
Image 5:pry
Image 6:pbb
Image 7:ory
Image 8:orb","Image 1:pby
Image 2:prb
Image 3:oby
Image 4:pry
Image 5:orb
Image 6:obb
Image 7:pbb
Image 8:ory","Image 1:obrb
Image 2:pyby
Image 3:oyrb
Image 4:pwby
Image 5:pwbys
Image 6:obrb
Image 7:prby
Image 8:obrbb",purple man,orange man,purple man,rorange man,orange man,rpurple man,pbb,obb,prb,pby,ory,oby,orb,pry,prb,ory,orb,obb,pby,pry,pbb,oby,oby,orb,ory,pry,obb,pbb,pby,prb,prby,pyby,oyrb,obrbt,obrb,obrbs,pwbys,pwby,2.0,4.0,8.0,8.0,8.0,6.0,0
nonschema,ad2c24ae-26ed-4b79-bcf2-ed9253ac3bbc,407XTD,01KGJFD6Y682XFVFY7GE407XTD,1,CA,America/Vancouver,False,False,4g,False,10.0,50.0,3440,1392,1718,1270,en-US,Windows desktop / Chrome,yes,underpaid,too_much,5.0,4,no,no,,none,,0,41.175,62.396,86.06,158.668,159.675,143.527,"Image 1: owl 
Image 2: pancake","Image 1:owl
Image 2:pancake
Image 3:binoculars
Image 4:robot","Image 1:owl
Image 2:scorpion
Image 3:dog
Image 4:robot
Image 5:pancake
Image 6:shark
Image 7:girl
Image 8:binoculars","Image 1:peacock
Image 2:tablet
Image 3:foot
Image 4:tree
Image 5:robot
Image 6:platypus
Image 7:monkey
Image 8:oven","Image 1:apple
Image 2:robot
Image 3:clippy
Image 4:witch
Image 5:wheel
Image 6:cube
Image 7:toaster
Image 8:tomato","Image 1:phone
Image 2:note
Image 3:cheese
Image 4:oreo
Image 5:robot
Image 6:licorice
Image 7:taffy
Image 8:rolo",pancake,pancake,pancake,robot,owl,binoculars,shark,scorpion,girl,pancake,robot,owl,dog,binoculars,peacock,monkey,oven,tablet,tree,robot,platypus,foot,clippy,wheel,tomato,witch,cube,toaster,apple,robot,taffy,note,cheese,rolo,phone,licorice,robot,oreo,0.0,4.0,8.0,8.0,8.0,8.0,0
nonschema,568eca8c-2f09-4566-ac07-fc606d96c6bd,DA5DS8,01KGJEZCN9PQJ9AA8FH8DA5DS8,0,GB,Europe/London,False,False,4g,False,10.0,50.0,2240,1235,2236,1147,en-GB,macOS desktop / Chrome,yes,fairly_paid,adequate,4.0,3,no,no,,well my partner mention her mic wasnt working,,0,123.728,93.699,260.421,300.0,271.036,288.775,"Image 1: owl
Image 2: donut


My mic is kinda bad so I'll mute it

Was thinking image one could be owl and image 2 could be named donut, just bc of the shape of these images

ok i agree it reminds me a lot because of shape!!

ok
lets move on","Image 1: owl
Image 2: donut
Image 3: frog
Image 4: bot
    
    same for the first. 2 right?
    yeah
    3 looks like a frog or crab
    i think frog will be easy to remember
    yh
    the last one not sure??
    mb bot?
    it looks like a bot
    ok
    we are done duscussing right?
    yeah, let's move on","Image 1:  owl
Image 2: scorpion
Image 3: baboon
Image 4: bot
Image 5: donut
Image 6: fish
Image 7: mushroom
Image 8: frog
    
    2 looks like a snail but tail is up 
    i think it's a scorpion?
    maybe
    ok let's go w that then
    yh
    3 looks like elephant but the trunk diff or baboon yh??
    it looks like a gorilla or baboon bc of the rounded piece
    yh let's call it baboon
    6 can be fish
    ok
    7 looks like that one cleaning bot from wall e
    idk that's just me
    shall we call it bot?? 
    4 is already called bot. 
    oh yh i forgot 
    it looks like it has a mushroom head. mushroom should be ok 
    shall we calli t mushroom?
    yes
    ok
    let me try to remember it 
    ok
lmk if we're ok to move on
yes","Image 1: peacock
Image 2: tablet
Image 3:
Image 4: plant
Image 5: gizmo
Image 6: telephone
Image 7: gadget
Image 8: burger
    its much harder now...
    oh no they're colorful
    
    number 8 can be burger
    help i was think peacock
    yeah i agree w peacock for image 1
    cool lets go with that
    number 4 can be plant
    yep i agree only cause its green
    number 2 could be tablet, idk bc it's rectangular and grey
  alright
    7 looks like a iron to me 
    true, it's also easy to remember
    6 looks like a telephone
    yeah 6 can be telephone
    5 and 7 can be gizmo and gadget, they're twinning
    ok ill remember them as twins! since colour is similar
    what is 3 supposed to be
    i think calling it stand is ok 
    i thought it was cashier but ok","Image 1: apple
Image 2:  scale
Image 3: chair
Image 4: pickle
Image 5: wheel
Image 6: tofu
Image 7: happy meal
Image 8: red
    
    omg what the hell lol
    1 looks like apple with rainbows
    ok so apple
    yh
    
    number 6 is tofu, it's shaped like a cube
    ok 
    7 looks like a. happy meal or mcdonalds
    tbh all of them do
    image 4 can be pickle, it's thin and green
    ok thats easy to remember
    5 can be wheel, it has a round piece at the center
    yep 
    3 looks like a chair 
    chair is ok
    7 can be happy meal then, idk what else to call it
    call it happy meal its fine
    ok
    we can just call 8 red
    fairs
    2 looks like a scale, we can call it scale
    yeah esp with hands
    ok sounds good","Image 1: toilet
Image 2: cake
Image 3: cheese
Image 4: remote
Image 5: sink
Image 6: spider
Image 7: bottle
Image 8: chicken
    
    ok number 1 is toilet
    i'm sorry i see nothing else
    ok thats funny 
    2 looks like cake without eyes
    cake is fine
    3 can be cheese
    cause its yellow?
    yes
    okk
    bruh none of these other critters look real
    6 can be spider
    yeahh ookk 
    4 looks like remote
    it looks like a domino too, i see the two brown dots on it
    truee 
    remote is fine tho, i would go w that
    same 
    5 looks like a sink the top part purple 
    yeah let's call it sink
    we can call 7 bottle, it looks like a perfume bottle
    so perfume or bottle?
    bottle
    
    idk abt number 8, mb chicken
    yeah lets go with it cause of colour
    ok",donut,owl,donut,bot,owl,frog,fish,scorpion,mushroom,donut,bot,owl,baboon,frog,peacock,gadget,burger,t,plant,gizmo,telephone,stand,chair,wheel,red,pickle,tofu,happy meal,apple,scale,bottle,cake,cheese,chicken,toilet,spider,sink,remote,2.0,4.0,8.0,6.0,8.0,8.0,0
nonschema,5463ec60-639b-45c7-a8ec-5cdac655250f,407XTD,01KGJFD6Y682XFVFY7GE407XTD,0,GB,Europe/London,False,False,4g,False,7.65,50.0,1920,1032,1920,911,en-US,Windows desktop / Chrome,yes,fairly_paid,adequate,4.0,5,no,no,,,,0,56.009,64.227,86.899,163.5,164.452,144.395,"Image 1: owl 
Image 2: pancake","Image 1:owl
Image 2:pancake
Image 3:binoculars
Image 4:robot","Image 1:owl
Image 2:scorpion
Image 3:dog
Image 4:robot
Image 5:pancake
Image 6:shark
Image 7:girl
Image 8:binoculars","Image 1:peacock
Image 2:tablet
Image 3:foot
Image 4:tree
Image 5:robot
Image 6:platypus
Image 7:monkey
Image 8:oven","Image 1:apple
Image 2:robot
Image 3:clippy
Image 4:witch
Image 5:wheel
Image 6:cube
Image 7:toaster
Image 8:tomato","Image 1:phone
Image 2:note
Image 3:cheese
Image 4:oreo
Image 5:robot
Image 6:licorice
Image 7:taffy
Image 8:rolo",owl,owl,pancake,robot,owl,binoculars,shark,scorpion,girl,pancake,robot,owl,dog,binoculars,peacock,monkey,oven,tablet,tree,robot,platypus,foot,clippy,wheel,tomato,witch,cube,toaster,apple,robot,taffy,note,cheese,rolo,phone,licorice,robot,oreo,0.0,4.0,8.0,8.0,8.0,8.0,0
nonschema,027e15fb-3d78-42d6-8759-afc8fea1b2d6,DA5DS8,01KGJEZCN9PQJ9AA8FH8DA5DS8,1,CA,America/Toronto,False,False,4g,False,10.0,50.0,1536,824,1536,703,en-US,Windows desktop / Chrome,yes,fairly_paid,adequate,4.0,5,no,no,,N/A,,0,122.545,95.344,260.241,300.0,273.886,288.591,"Image 1: owl
Image 2: donut


My mic is kinda bad so I'll mute it

Was thinking image one could be owl and image 2 could be named donut, just bc of the shape of these images

ok i agree it reminds me a lot because of shape!!

ok
lets move on","Image 1: owl
Image 2: donut
Image 3: frog
Image 4: bot
    
    same for the first. 2 right?
    yeah
    3 looks like a frog or crab
    i think frog will be easy to remember
    yh
    the last one not sure??
    mb bot?
    it looks like a bot
    ok
    we are done duscussing right?
    yeah, let's move on","Image 1:  owl
Image 2: scorpion
Image 3: baboon
Image 4: bot
Image 5: donut
Image 6: fish
Image 7: mushroom
Image 8: frog
    
    2 looks like a snail but tail is up 
    i think it's a scorpion?
    maybe
    ok let's go w that then
    yh
    3 looks like elephant but the trunk diff or baboon yh??
    it looks like a gorilla or baboon bc of the rounded piece
    yh let's call it baboon
    6 can be fish
    ok
    7 looks like that one cleaning bot from wall e
    idk that's just me
    shall we call it bot?? 
    4 is already called bot. 
    oh yh i forgot 
    it looks like it has a mushroom head. mushroom should be ok 
    shall we calli t mushroom?
    yes
    ok
    let me try to remember it 
    ok
lmk if we're ok to move on
yes","Image 1: peacock
Image 2: tablet
Image 3:
Image 4: plant
Image 5: gizmo
Image 6: telephone
Image 7: gadget
Image 8: burger
    its much harder now...
    oh no they're colorful
    
    number 8 can be burger
    help i was think peacock
    yeah i agree w peacock for image 1
    cool lets go with that
    number 4 can be plant
    yep i agree only cause its green
    number 2 could be tablet, idk bc it's rectangular and grey
  alright
    7 looks like a iron to me 
    true, it's also easy to remember
    6 looks like a telephone
    yeah 6 can be telephone
    5 and 7 can be gizmo and gadget, they're twinning
    ok ill remember them as twins! since colour is similar
    what is 3 supposed to be
    i think calling it stand is ok 
    i thought it was cashier but ok","Image 1: apple
Image 2:  scale
Image 3: chair
Image 4: pickle
Image 5: wheel
Image 6: tofu
Image 7: happy meal
Image 8: red
    
    omg what the hell lol
    1 looks like apple with rainbows
    ok so apple
    yh
    
    number 6 is tofu, it's shaped like a cube
    ok 
    7 looks like a. happy meal or mcdonalds
    tbh all of them do
    image 4 can be pickle, it's thin and green
    ok thats easy to remember
    5 can be wheel, it has a round piece at the center
    yep 
    3 looks like a chair 
    chair is ok
    7 can be happy meal then, idk what else to call it
    call it happy meal its fine
    ok
    we can just call 8 red
    fairs
    2 looks like a scale, we can call it scale
    yeah esp with hands
    ok sounds good","Image 1: toilet
Image 2: cake
Image 3: cheese
Image 4: remote
Image 5: sink
Image 6: spider
Image 7: bottle
Image 8: chicken
    
    ok number 1 is toilet
    i'm sorry i see nothing else
    ok thats funny 
    2 looks like cake without eyes
    cake is fine
    3 can be cheese
    cause its yellow?
    yes
    okk
    bruh none of these other critters look real
    6 can be spider
    yeahh ookk 
    4 looks like remote
    it looks like a domino too, i see the two brown dots on it
    truee 
    remote is fine tho, i would go w that
    same 
    5 looks like a sink the top part purple 
    yeah let's call it sink
    we can call 7 bottle, it looks like a perfume bottle
    so perfume or bottle?
    bottle
    
    idk abt number 8, mb chicken
    yeah lets go with it cause of colour
    ok",donut,owl,donut,bot,owl,frog,fish,scorpion,mushroom,donut,bot,owl,baboon,frog,peacock,gadget,burger,tablet,tree,gizmo,telephone,stand,chair,wheel,red,pickle,tofu,happy meal,apple,scale,bottle,cake,cheese,chicken,toilet,spider,sink,remote,2.0,4.0,8.0,6.0,8.0,8.0,0
nonschema,58aca2f3-3c7d-445c-9ba9-f2429211f506,R54G96,01KGJGE7RRR2K0J5EJDXR54G96,0,US,America/New_York,False,False,4g,False,10.0,50.0,1920,1080,1920,959,en-US,Linux desktop / Chrome,yes,fairly_paid,adequate,5.0,4,no,no,,,,0,37.939,29.107,67.764,120.059,123.096,78.874,"Image 1: rectangle
Image 2: circle","Image 1: rectangle
Image 2: circle
	Image 3: small
Image 4: square","Image 1: rectangle
Image 2: scorpion
Image 3: fat
Image 4: square
Image 5: circle
Image 6:  shark
Image 7: hair
Image 8: small","Image 1: headdress
Image 2: white
Image 3: feet
Image 4: green
Image 5: eyebrows
Image 6: bib
Image 7: quad
Image 8: hole","Image 1: blocks
Image 2:   small
Image 3: soldier
Image 4: wizard
Image 5: octagon
Image 6: cube
Image 7: mouth
Image 8: mushroom","Image 1: blue
Image 2: small
Image 3: yellow
Image 4: tall
Image 5: white
Image 6: black
Image 7: pink
Image 8: legs",circle,rectangle,circle,square,rectangle,small,shark,scorpion,hair,circle,square,rectangle,fat,small,headdress,quad,hole,white,green,eyebrows,bib,feet,soldier,octagon,mushroom,wizard,cube,mouth,blocks,small,pink,small,yellow,legs,blue,black,white,tall,2.0,4.0,8.0,8.0,8.0,8.0,0
nonschema,5bf9c810-548e-4376-8d90-78d47cf28481,R54G96,01KGJGE7RRR2K0J5EJDXR54G96,1,GB,Europe/London,False,False,4g,False,6.8,50.0,3840,2160,3840,2073,en-GB,Windows desktop / Chrome,yes,fairly_paid,too_much,5.0,4,no,no,,no,,0,34.555,28.756,67.409,113.702,117.683,72.426,"Image 1: rectangle
Image 2: circle","Image 1: rectangle
Image 2: circle
	Image 3: small
Image 4: square","Image 1: rectangle
Image 2: scorpion
Image 3: fat
Image 4: square
Image 5: circle
Image 6:  shark
Image 7: hair
Image 8: small","Image 1: headdress
Image 2: white
Image 3: feet
Image 4: green
Image 5: eyebrows
Image 6: bib
Image 7: quad
Image 8: hole","Image 1: blocks
Image 2:   small
Image 3: soldier
Image 4: wizard
Image 5: octagon
Image 6: cube
Image 7: mouth
Image 8: mushroom","Image 1: blue
Image 2: small
Image 3: yellow
Image 4: tall
Image 5: white
Image 6: black
Image 7: pink
Image 8: legs",circle,rectangle,circle,square,rectangle,small,shark,scorpion,hair,circle,square,rectangle,fat,small,headdress,quad,hole,white,green,eyebrows,bib,feet,soldier,octagon,mushroom,wizard,cube,mouth,blocks,small,pink,small,yellow,legs,blue,black,white,tall,2.0,4.0,8.0,8.0,8.0,8.0,0
